customer_id,segment,orders,net_revenue
1,Retail,16,502775.0
2,Retail,7,174148.0
3,Hospitality,17,331389.0
4,Wholesale,12,323631.0
5,Retail,16,329298.0
6,Hospitality,4,47674.0
7,Wholesale,13,353088.0
8,Hospitality,4,46208.0
9,Hospitality,4,61972.0
10,Retail,2,55650.0
11,Wholesale,10,412680.0
12,Hospitality,12,296876.0
13,Retail,4,66399.0
14,Wholesale,11,299010.0
15,Hospitality,10,167776.0
17,Hospitality,3,54366.0
18,Retail,8,198278.0
19,Wholesale,7,248728.0
20,Hospitality,2,44850.0
21,Retail,4,127978.0
22,Retail,2,34250.0
23,Hospitality,3,92928.0
24,Wholesale,2,65522.0
25,Retail,3,68350.0
26,Retail,5,132571.0
27,Retail,16,351339.0
28,Hospitality,4,96730.0
30,Hospitality,17,362170.0
31,Hospitality,5,120995.0
32,Retail,12,195505.0
33,Retail,5,97671.0
34,Retail,7,212585.0
35,Retail,16,357411.0
36,Hospitality,8,160445.0
37,Hospitality,5,153585.0
38,Retail,2,29750.0
39,Retail,14,377689.0
40,Hospitality,2,72405.0
41,Retail,9,138646.0
42,Retail,3,117215.0
43,Retail,5,162075.0
44,Hospitality,8,199992.0
45,Hospitality,3,35282.0
46,Retail,6,104188.0
47,Retail,6,154778.0
48,Wholesale,16,533369.0
49,Wholesale,2,33383.0
50,Hospitality,3,85842.0
51,Wholesale,23,625627.0
52,Retail,12,229435.0
53,Retail,2,27438.0
54,Retail,18,460010.0
55,Wholesale,15,533959.0
56,Retail,5,96479.0
57,Hospitality,4,91379.0
58,Retail,8,181246.0
59,Retail,1,18600.0
62,Retail,6,106050.0
63,Hospitality,21,421939.0
65,Retail,15,329975.0
66,Hospitality,9,216696.0
67,Hospitality,10,308010.0
68,Retail,4,126058.0
69,Hospitality,17,321364.0
71,Retail,17,523744.0
72,Retail,20,381831.0
73,Retail,16,308294.0
74,Retail,2,50850.0
75,Hospitality,5,123812.0
76,Hospitality,17,339472.0
77,Hospitality,7,128010.0
78,Retail,10,242421.0
79,Retail,9,218915.0
80,Hospitality,7,100712.0
81,Hospitality,1,29150.0
82,Hospitality,18,391880.0
83,Retail,7,155401.0
86,Wholesale,15,412224.0
87,Wholesale,3,108228.0
88,Retail,6,154521.0
89,Retail,6,142800.0
90,Retail,16,430809.0
91,Wholesale,25,774966.0
92,Retail,5,92270.0
93,Retail,19,454409.0
94,Hospitality,15,341141.0
95,Retail,10,187850.0
96,Hospitality,10,216635.0
97,Retail,15,365631.0
98,Retail,7,132194.0
99,Retail,5,143819.0
100,Retail,10,164412.0
101,Wholesale,24,906662.0
102,Hospitality,14,304900.0
103,Retail,4,80650.0
104,Retail,4,115855.0
105,Hospitality,4,85770.0
106,Hospitality,7,145765.0
107,Retail,4,100512.0
108,Retail,11,247956.0
109,Retail,17,323512.0
110,Wholesale,8,148610.0
111,Hospitality,19,520265.0
112,Hospitality,18,301608.0
113,Hospitality,3,48578.0
114,Retail,11,207888.0
115,Retail,9,225135.0
116,Retail,3,152100.0
117,Retail,8,202350.0
118,Retail,8,222258.0
119,Retail,9,224785.0
120,Wholesale,8,266824.0
121,Wholesale,22,604088.0
122,Hospitality,1,11020.0
123,Retail,9,220675.0
124,Retail,11,212191.0
125,Hospitality,3,85431.0
126,Retail,10,141112.0
128,Hospitality,5,190426.0
129,Hospitality,3,80270.0
130,Retail,9,195535.0
131,Retail,19,485409.0
132,Retail,8,183542.0
134,Retail,5,134100.0
135,Retail,6,209176.0
136,Retail,9,253800.0
139,Retail,8,206746.0
140,Hospitality,4,94458.0
141,Retail,8,137955.0
142,Retail,7,187356.0
143,Retail,8,170318.0
144,Hospitality,17,494875.0
145,Hospitality,9,173340.0
146,Retail,1,26250.0
147,Retail,8,242652.0
148,Hospitality,1,9060.0
149,Retail,7,137870.0
150,Hospitality,21,343106.0
151,Hospitality,18,371704.0
152,Hospitality,6,127670.0
153,Retail,18,308726.0
155,Retail,10,233468.0
156,Retail,17,399800.0
157,Retail,15,261071.0
158,Wholesale,16,396116.0
159,Retail,5,72302.0
160,Retail,6,79050.0
161,Hospitality,2,71788.0
163,Wholesale,20,753845.0
164,Retail,9,208940.0
165,Retail,6,137115.0
166,Retail,17,336401.0
167,Retail,9,329708.0
168,Hospitality,3,104861.0
169,Retail,7,154240.0
170,Retail,1,31150.0
171,Retail,9,105594.0
172,Retail,8,180062.0
173,Wholesale,2,81070.0
175,Wholesale,21,636677.0
176,Hospitality,5,78505.0
177,Hospitality,7,181379.0
178,Retail,10,317620.0
180,Hospitality,6,106329.0
181,Retail,11,255190.0
182,Retail,14,362878.0
183,Retail,18,452970.0
184,Hospitality,6,141218.0
185,Hospitality,10,227524.0
186,Hospitality,9,149134.0
187,Hospitality,9,196455.0
188,Hospitality,7,187266.0
189,Hospitality,19,391172.0
190,Retail,17,424402.0
191,Hospitality,4,66330.0
192,Hospitality,20,413295.0
193,Retail,17,399498.0
194,Retail,20,429100.0
195,Hospitality,9,148891.0
196,Hospitality,2,81575.0
197,Retail,5,140950.0
198,Hospitality,16,350140.0
199,Wholesale,17,419337.0
201,Retail,7,146679.0
202,Hospitality,19,477591.0
204,Wholesale,9,246528.0
205,Retail,8,117920.0
206,Hospitality,20,411499.0
207,Retail,6,82275.0
208,Hospitality,2,52818.0
209,Retail,6,102520.0
210,Wholesale,16,549166.0
211,Wholesale,20,603914.0
212,Retail,14,358320.0
214,Retail,15,352285.0
215,Retail,14,305168.0
216,Retail,18,439194.0
217,Retail,6,148898.0
218,Retail,5,134630.0
219,Retail,8,163372.0
220,Hospitality,4,115545.0
221,Wholesale,16,540422.0
222,Wholesale,23,773534.0
223,Hospitality,16,295925.0
224,Hospitality,16,387415.0
225,Wholesale,2,136094.0
226,Hospitality,2,65425.0
227,Retail,3,87475.0
228,Retail,8,203876.0
229,Hospitality,10,221000.0
230,Retail,8,161529.0
231,Retail,16,435368.0
232,Hospitality,8,213998.0
233,Retail,6,88749.0
234,Retail,9,165405.0
235,Retail,6,107138.0
236,Retail,7,200651.0
237,Retail,19,373950.0
238,Retail,17,398654.0
239,Retail,3,98300.0
240,Retail,17,381748.0
242,Hospitality,14,406536.0
243,Retail,7,196538.0
244,Hospitality,20,411378.0
245,Retail,11,265386.0
246,Hospitality,9,150040.0
247,Hospitality,5,115170.0
248,Retail,20,391039.0
249,Retail,3,55535.0
253,Hospitality,10,193522.0
254,Retail,9,122016.0
255,Hospitality,10,253269.0
256,Retail,16,549094.0
258,Retail,7,178948.0
259,Retail,16,551102.0
260,Retail,12,245791.0
261,Retail,14,243382.0
262,Hospitality,7,156475.0
263,Retail,8,205442.0
264,Retail,5,114800.0
267,Retail,4,87985.0
269,Retail,14,328931.0
270,Retail,11,237142.0
271,Retail,8,228906.0
272,Retail,4,53438.0
273,Hospitality,10,172399.0
274,Retail,7,191965.0
275,Wholesale,22,783641.0
276,Hospitality,6,108979.0
277,Wholesale,23,668746.0
278,Hospitality,11,247408.0
279,Retail,6,98738.0
280,Hospitality,6,171345.0
281,Retail,20,542008.0
282,Hospitality,20,399992.0
283,Wholesale,21,586926.0
284,Retail,19,488698.0
285,Wholesale,10,284187.0
286,Retail,2,15925.0
287,Wholesale,15,370619.0
288,Hospitality,7,123176.0
289,Retail,8,212556.0
290,Wholesale,20,614308.0
291,Retail,8,176259.0
292,Retail,17,343035.0
293,Hospitality,6,143868.0
294,Wholesale,17,404102.0
295,Retail,15,372022.0
296,Retail,6,44995.0
298,Hospitality,19,340098.0
299,Wholesale,22,778781.0
300,Retail,8,204908.0
301,Wholesale,10,249258.0
302,Retail,10,263605.0
303,Retail,7,149845.0
304,Retail,9,141874.0
305,Retail,7,113161.0
306,Hospitality,17,350192.0
307,Hospitality,16,324272.0
308,Hospitality,18,285009.0
309,Hospitality,2,45150.0
310,Retail,22,599800.0
311,Hospitality,15,366760.0
313,Retail,17,375715.0
314,Wholesale,8,257712.0
315,Retail,5,100150.0
316,Retail,8,177485.0
317,Retail,16,303552.0
319,Hospitality,16,522439.0
320,Retail,16,303362.0
321,Retail,6,104421.0
322,Retail,6,121742.0
323,Hospitality,4,123025.0
324,Retail,9,206155.0
325,Hospitality,14,361766.0
326,Wholesale,21,649672.0
327,Retail,6,140440.0
328,Wholesale,26,737776.0
329,Retail,6,110320.0
330,Retail,2,77750.0
331,Hospitality,7,139275.0
332,Retail,16,291545.0
333,Retail,5,119588.0
334,Retail,8,222979.0
335,Retail,19,528492.0
337,Retail,4,61665.0
338,Hospitality,9,205330.0
339,Hospitality,14,259196.0
340,Hospitality,11,229215.0
342,Retail,11,175405.0
343,Retail,15,276549.0
345,Retail,14,270746.0
346,Hospitality,17,428515.0
347,Hospitality,17,391160.0
349,Retail,8,192788.0
351,Retail,4,104865.0
352,Retail,5,138830.0
353,Retail,16,308990.0
354,Hospitality,8,153218.0
355,Wholesale,3,48472.0
356,Hospitality,8,184114.0
357,Hospitality,1,19375.0
358,Hospitality,6,123088.0
359,Retail,1,12310.0
360,Retail,5,63956.0
361,Hospitality,9,251669.0
362,Wholesale,9,285372.0
363,Wholesale,23,693934.0
364,Wholesale,18,609562.0
365,Hospitality,4,115522.0
366,Hospitality,16,326664.0
367,Hospitality,13,328760.0
368,Hospitality,5,112126.0
370,Retail,8,125992.0
371,Wholesale,21,579906.0
372,Retail,5,135310.0
373,Retail,19,316910.0
374,Hospitality,2,37098.0
375,Retail,4,79050.0
377,Retail,15,353058.0
378,Retail,10,327478.0
379,Retail,15,381310.0
380,Wholesale,8,269477.0
381,Hospitality,14,301321.0
382,Retail,19,442470.0
383,Retail,16,464352.0
384,Retail,17,449832.0
386,Hospitality,4,74558.0
387,Hospitality,17,353161.0
388,Retail,4,105752.0
389,Retail,5,128635.0
390,Wholesale,5,124416.0
392,Retail,15,318122.0
394,Retail,9,192452.0
395,Retail,9,163735.0
396,Wholesale,1,31096.0
397,Retail,18,362322.0
398,Retail,2,64375.0
399,Retail,5,111860.0
400,Wholesale,18,525198.0
401,Retail,1,56250.0
402,Hospitality,10,218422.0
403,Retail,8,194350.0
404,Hospitality,7,85902.0
405,Retail,9,241035.0
406,Hospitality,9,218299.0
407,Hospitality,3,51084.0
408,Hospitality,2,32110.0
409,Hospitality,9,138485.0
410,Retail,1,30550.0
411,Retail,17,448084.0
412,Retail,17,418888.0
413,Hospitality,17,377699.0
414,Retail,4,120488.0
415,Hospitality,19,417499.0
416,Wholesale,18,601192.0
417,Hospitality,9,166420.0
418,Hospitality,9,242728.0
419,Hospitality,18,398131.0
420,Wholesale,22,659386.0
421,Hospitality,12,203279.0
422,Hospitality,17,493844.0
423,Retail,4,128400.0
424,Hospitality,3,98882.0
425,Wholesale,19,584584.0
426,Retail,8,168230.0
427,Retail,16,410390.0
428,Hospitality,7,209400.0
429,Hospitality,15,424781.0
430,Hospitality,2,30665.0
431,Hospitality,8,205958.0
432,Hospitality,7,136318.0
433,Retail,8,178910.0
434,Hospitality,20,496312.0
436,Hospitality,6,197851.0
437,Retail,8,207601.0
438,Hospitality,4,58335.0
439,Retail,6,86025.0
440,Wholesale,17,730887.0
441,Retail,5,117442.0
442,Wholesale,3,140900.0
445,Hospitality,6,157226.0
446,Wholesale,21,527982.0
447,Wholesale,19,557658.0
448,Retail,10,236308.0
449,Hospitality,4,96225.0
450,Retail,5,102132.0
451,Retail,18,439942.0
452,Retail,2,37305.0
453,Retail,4,62390.0
454,Hospitality,8,193202.0
455,Hospitality,3,58565.0
456,Retail,16,357216.0
457,Hospitality,2,68600.0
458,Retail,8,160825.0
459,Hospitality,9,223398.0
460,Hospitality,9,192132.0
461,Retail,6,135560.0
462,Retail,19,513108.0
463,Retail,5,132990.0
464,Hospitality,6,103270.0
465,Retail,4,185522.0
466,Retail,2,34715.0
467,Retail,9,175742.0
468,Retail,5,70402.0
469,Retail,15,412916.0
470,Wholesale,9,261352.0
471,Retail,17,322956.0
472,Hospitality,3,37768.0
475,Wholesale,5,280860.0
476,Hospitality,16,305770.0
477,Wholesale,11,372581.0
478,Retail,9,300112.0
479,Retail,20,418448.0
480,Hospitality,19,487340.0
481,Retail,16,383615.0
482,Hospitality,15,372672.0
484,Retail,4,108789.0
485,Wholesale,22,605896.0
486,Retail,10,202192.0
487,Retail,3,76500.0
489,Retail,4,116990.0
490,Hospitality,6,171212.0
491,Hospitality,5,106754.0
492,Retail,4,30928.0
493,Wholesale,21,661478.0
494,Hospitality,8,155998.0
495,Hospitality,7,171212.0
496,Retail,3,94140.0
497,Hospitality,18,434442.0
498,Retail,5,88838.0
499,Retail,15,246158.0
500,Hospitality,3,71938.0
501,Hospitality,18,361236.0
502,Retail,1,37500.0
503,Retail,3,98962.0
504,Wholesale,22,564179.0
505,Hospitality,6,98892.0
506,Hospitality,6,90138.0
507,Retail,7,144678.0
508,Wholesale,17,577148.0
509,Wholesale,10,259064.0
510,Retail,6,116010.0
511,Retail,10,223874.0
512,Retail,13,373974.0
513,Wholesale,20,652166.0
514,Retail,18,416628.0
517,Retail,5,106835.0
518,Retail,9,220078.0
519,Wholesale,23,830480.0
520,Retail,17,383695.0
521,Hospitality,8,218120.0
523,Retail,16,297768.0
524,Retail,1,17670.0
525,Retail,10,144555.0
526,Hospitality,3,125875.0
527,Hospitality,4,60794.0
528,Retail,10,140191.0
529,Retail,5,81195.0
530,Hospitality,9,212370.0
531,Retail,8,245972.0
532,Hospitality,10,310610.0
534,Retail,5,142950.0
535,Retail,5,161038.0
537,Hospitality,16,424594.0
538,Hospitality,7,157189.0
539,Retail,7,157934.0
540,Hospitality,6,134438.0
541,Retail,4,67538.0
542,Retail,8,133155.0
543,Retail,2,19525.0
544,Retail,4,65734.0
545,Retail,9,258540.0
546,Hospitality,15,327635.0
547,Retail,16,389798.0
548,Retail,3,98635.0
550,Retail,14,304805.0
552,Hospitality,16,359025.0
553,Retail,5,130122.0
554,Wholesale,17,541187.0
555,Retail,6,129548.0
556,Wholesale,17,492238.0
559,Retail,6,133118.0
560,Retail,8,286486.0
561,Retail,16,446612.0
562,Hospitality,4,161480.0
564,Retail,5,162712.0
565,Retail,8,167668.0
566,Retail,16,422879.0
567,Retail,5,83550.0
568,Retail,11,154971.0
569,Retail,5,58300.0
570,Retail,2,43625.0
571,Retail,8,189525.0
572,Retail,6,106531.0
573,Retail,6,136008.0
575,Retail,3,100118.0
576,Retail,17,435424.0
577,Retail,8,159022.0
578,Retail,6,126970.0
579,Retail,17,363786.0
580,Retail,6,115065.0
581,Retail,8,164438.0
582,Hospitality,17,488841.0
583,Hospitality,6,190535.0
584,Hospitality,9,216799.0
585,Wholesale,17,680296.0
587,Retail,8,186475.0
588,Hospitality,15,302569.0
589,Wholesale,17,765210.0
590,Retail,8,167882.0
591,Hospitality,6,189781.0
592,Wholesale,14,500570.0
593,Hospitality,5,84570.0
594,Retail,9,152668.0
595,Hospitality,16,396931.0
596,Hospitality,5,100420.0
597,Hospitality,8,136076.0
598,Retail,18,484084.0
599,Hospitality,7,123078.0
601,Hospitality,14,304455.0
602,Hospitality,2,36908.0
603,Retail,5,127075.0
604,Retail,14,254495.0
605,Hospitality,18,354251.0
606,Hospitality,3,102512.0
607,Retail,14,378425.0
608,Retail,20,620094.0
609,Retail,10,261435.0
610,Hospitality,17,359792.0
611,Wholesale,18,577752.0
612,Retail,2,7425.0
613,Hospitality,10,263668.0
615,Retail,18,362478.0
616,Hospitality,6,165500.0
617,Hospitality,3,120464.0
618,Wholesale,19,638618.0
619,Retail,15,382055.0
620,Hospitality,6,87608.0
621,Hospitality,4,83578.0
622,Retail,10,242152.0
623,Wholesale,14,360237.0
624,Wholesale,23,695234.0
625,Hospitality,9,202005.0
626,Retail,18,401276.0
627,Hospitality,5,131995.0
628,Hospitality,3,41969.0
629,Hospitality,6,147638.0
630,Wholesale,23,660028.0
632,Retail,7,233828.0
633,Retail,9,217644.0
634,Wholesale,22,506218.0
635,Wholesale,13,395263.0
636,Retail,7,167575.0
637,Retail,4,101845.0
638,Retail,15,343990.0
639,Wholesale,3,53756.0
640,Retail,7,111169.0
641,Hospitality,4,116778.0
642,Retail,17,396808.0
643,Wholesale,4,166815.0
644,Retail,9,181718.0
645,Retail,18,381768.0
646,Hospitality,18,420015.0
647,Retail,6,169645.0
648,Hospitality,10,122108.0
649,Retail,13,245515.0
650,Wholesale,17,440424.0
651,Retail,17,331680.0
652,Wholesale,16,469278.0
653,Retail,5,107768.0
654,Hospitality,9,229589.0
656,Retail,5,83708.0
658,Retail,9,210702.0
659,Wholesale,19,577194.0
660,Retail,3,58775.0
662,Retail,7,194366.0
663,Retail,8,188098.0
664,Hospitality,7,161548.0
665,Retail,3,108310.0
666,Retail,10,155091.0
668,Hospitality,7,103628.0
669,Retail,16,375614.0
670,Retail,2,83138.0
671,Wholesale,9,229359.0
672,Retail,1,14590.0
673,Retail,7,173406.0
674,Retail,13,277919.0
675,Retail,5,166180.0
676,Retail,14,430872.0
677,Wholesale,5,83981.0
678,Retail,18,551759.0
679,Hospitality,19,311919.0
680,Retail,19,416999.0
681,Retail,20,450200.0
682,Retail,10,228704.0
683,Retail,3,96850.0
684,Retail,8,189610.0
685,Wholesale,4,118610.0
686,Retail,14,390851.0
687,Retail,6,208032.0
688,Retail,9,171245.0
689,Retail,7,159246.0
690,Retail,18,489431.0
691,Hospitality,9,273770.0
692,Retail,19,410622.0
693,Hospitality,1,38302.0
695,Retail,2,30600.0
696,Retail,5,193758.0
697,Hospitality,5,139915.0
698,Retail,14,430609.0
699,Hospitality,8,159616.0
700,Wholesale,23,743926.0
701,Retail,13,273418.0
702,Wholesale,16,507252.0
703,Hospitality,8,184949.0
704,Hospitality,9,196082.0
705,Retail,18,477600.0
707,Retail,4,131668.0
708,Retail,16,315122.0
709,Hospitality,16,359029.0
710,Hospitality,16,478198.0
711,Retail,9,125292.0
712,Wholesale,25,663922.0
713,Retail,16,444424.0
714,Wholesale,19,694248.0
715,Retail,9,187576.0
717,Retail,4,57316.0
718,Retail,7,199302.0
719,Hospitality,15,321518.0
720,Hospitality,16,332625.0
721,Retail,16,436446.0
722,Hospitality,18,356320.0
723,Wholesale,23,818510.0
724,Retail,8,97054.0
725,Retail,7,177458.0
727,Retail,9,172258.0
729,Retail,17,494952.0
731,Hospitality,3,34925.0
732,Retail,16,429134.0
733,Retail,3,123475.0
734,Retail,5,169100.0
735,Wholesale,3,119642.0
737,Retail,14,362115.0
739,Retail,7,169841.0
740,Retail,15,359346.0
741,Retail,8,129578.0
742,Hospitality,3,128475.0
743,Retail,4,82016.0
744,Retail,10,280198.0
746,Retail,2,88175.0
747,Retail,11,215792.0
748,Hospitality,6,120200.0
749,Retail,2,54475.0
750,Hospitality,6,119591.0
751,Wholesale,16,505888.0
753,Wholesale,20,548152.0
754,Retail,2,41105.0
755,Retail,7,189179.0
756,Hospitality,14,270465.0
757,Hospitality,18,386585.0
758,Retail,3,116850.0
759,Retail,4,60110.0
760,Hospitality,3,84370.0
761,Hospitality,4,70982.0
762,Retail,11,244526.0
763,Retail,18,507100.0
765,Retail,5,91745.0
766,Retail,9,287048.0
767,Retail,3,50100.0
768,Retail,20,455111.0
769,Hospitality,3,85945.0
770,Retail,6,92745.0
771,Retail,3,51725.0
772,Retail,15,267645.0
773,Wholesale,15,487218.0
774,Hospitality,16,416239.0
775,Retail,4,136900.0
776,Wholesale,19,669184.0
777,Hospitality,9,140490.0
778,Retail,3,59508.0
779,Hospitality,1,6325.0
780,Hospitality,8,193361.0
781,Retail,18,408539.0
782,Wholesale,18,641066.0
783,Hospitality,4,86692.0
784,Wholesale,15,440418.0
785,Retail,8,229372.0
786,Retail,4,76288.0
787,Retail,14,327851.0
788,Hospitality,8,192885.0
789,Hospitality,3,86600.0
790,Retail,16,413451.0
791,Retail,8,173966.0
792,Retail,4,80435.0
793,Retail,2,23412.0
794,Retail,1,18600.0
795,Hospitality,11,260931.0
796,Retail,20,436170.0
797,Retail,4,64900.0
798,Retail,5,101084.0
799,Hospitality,8,200088.0
800,Wholesale,24,667354.0
801,Retail,14,332555.0
802,Hospitality,4,157415.0
803,Wholesale,20,570552.0
804,Hospitality,18,501430.0
805,Retail,7,140190.0
806,Retail,13,341909.0
807,Retail,6,99422.0
808,Hospitality,7,172448.0
809,Retail,5,112556.0
810,Retail,13,279369.0
811,Hospitality,19,429754.0
812,Hospitality,3,88541.0
813,Hospitality,16,307548.0
814,Hospitality,7,170668.0
816,Retail,19,444952.0
817,Wholesale,11,454240.0
818,Hospitality,6,76555.0
819,Hospitality,4,43844.0
820,Retail,17,522640.0
821,Retail,17,271141.0
822,Hospitality,7,140840.0
823,Wholesale,17,490749.0
824,Wholesale,19,557939.0
825,Retail,4,88050.0
827,Retail,6,114995.0
828,Retail,4,69900.0
829,Hospitality,18,451904.0
830,Retail,7,158535.0
831,Retail,7,142850.0
832,Retail,4,59806.0
833,Wholesale,18,627786.0
834,Hospitality,17,330231.0
835,Retail,21,666551.0
836,Wholesale,20,584654.0
837,Retail,7,86582.0
838,Wholesale,17,570869.0
839,Hospitality,3,36280.0
840,Retail,3,156895.0
841,Retail,4,121338.0
842,Hospitality,8,274121.0
843,Retail,9,108761.0
844,Wholesale,8,189679.0
845,Retail,5,116025.0
848,Hospitality,3,49609.0
849,Retail,7,168905.0
850,Retail,14,286028.0
851,Wholesale,14,412382.0
852,Retail,3,66750.0
853,Hospitality,17,356599.0
854,Retail,4,119312.0
855,Retail,13,292450.0
856,Retail,8,163360.0
857,Retail,16,321301.0
858,Hospitality,5,73366.0
859,Hospitality,4,63172.0
860,Retail,6,76778.0
861,Wholesale,6,87673.0
862,Wholesale,21,796500.0
864,Retail,3,74499.0
865,Retail,3,85225.0
866,Retail,7,129435.0
867,Hospitality,8,102992.0
868,Wholesale,17,444939.0
869,Hospitality,8,161716.0
870,Retail,6,133135.0
871,Retail,1,25800.0
872,Wholesale,17,513717.0
873,Retail,7,103078.0
874,Retail,5,110060.0
875,Wholesale,20,672376.0
877,Retail,1,70100.0
878,Hospitality,4,46585.0
879,Retail,9,240169.0
880,Retail,7,208869.0
881,Retail,2,52561.0
882,Retail,4,84238.0
884,Retail,10,213600.0
885,Retail,8,247191.0
886,Retail,15,395252.0
887,Retail,8,150439.0
888,Hospitality,6,116472.0
889,Wholesale,20,621536.0
890,Hospitality,7,86316.0
891,Retail,7,202948.0
892,Retail,18,461616.0
893,Retail,3,70050.0
894,Retail,8,137310.0
895,Retail,2,60340.0
896,Hospitality,8,185390.0
898,Hospitality,15,287359.0
899,Hospitality,5,123259.0
900,Retail,16,301008.0
901,Retail,14,418605.0
902,Retail,13,245655.0
903,Hospitality,3,102472.0
904,Hospitality,15,246844.0
905,Wholesale,19,495928.0
906,Retail,10,217535.0
907,Wholesale,6,175504.0
908,Hospitality,3,73355.0
909,Retail,16,437206.0
910,Retail,1,35550.0
911,Retail,16,390178.0
912,Hospitality,4,68422.0
913,Retail,5,114245.0
914,Retail,4,102302.0
915,Retail,5,81788.0
916,Hospitality,15,261094.0
917,Hospitality,5,150140.0
918,Retail,4,76542.0
919,Hospitality,17,355745.0
921,Hospitality,10,205942.0
923,Hospitality,17,301359.0
924,Wholesale,20,726177.0
925,Retail,14,297424.0
926,Hospitality,6,44850.0
928,Retail,3,113574.0
929,Retail,5,109168.0
930,Hospitality,18,355894.0
931,Retail,3,84608.0
932,Hospitality,15,341715.0
933,Retail,14,239251.0
934,Retail,4,42670.0
935,Hospitality,19,405494.0
936,Retail,15,352392.0
938,Hospitality,8,113184.0
939,Hospitality,11,243481.0
940,Retail,3,95100.0
941,Hospitality,7,180489.0
942,Wholesale,4,159666.0
943,Retail,5,94180.0
944,Retail,18,424841.0
945,Hospitality,7,139675.0
946,Hospitality,11,252222.0
947,Hospitality,8,180292.0
948,Retail,11,311141.0
949,Wholesale,21,574317.0
950,Wholesale,3,49831.0
951,Hospitality,9,209081.0
952,Retail,7,58805.0
953,Hospitality,7,147430.0
954,Hospitality,3,46772.0
955,Wholesale,16,422350.0
956,Retail,9,234172.0
957,Hospitality,16,378628.0
958,Retail,14,261228.0
959,Hospitality,7,125924.0
960,Retail,4,72325.0
961,Hospitality,9,222985.0
963,Wholesale,6,161600.0
965,Wholesale,20,695054.0
966,Wholesale,20,697158.0
967,Retail,7,188050.0
968,Retail,17,398809.0
969,Retail,2,35450.0
971,Hospitality,9,166040.0
972,Hospitality,3,61798.0
973,Retail,7,164245.0
974,Retail,6,99078.0
975,Hospitality,17,534285.0
976,Hospitality,8,118866.0
977,Wholesale,19,618816.0
978,Retail,9,172686.0
981,Retail,16,449760.0
982,Retail,5,76548.0
983,Retail,9,220655.0
984,Hospitality,10,245745.0
985,Hospitality,3,56815.0
986,Retail,19,540459.0
987,Hospitality,3,29381.0
989,Retail,6,103169.0
990,Hospitality,3,99190.0
991,Retail,5,39119.0
992,Wholesale,24,634288.0
993,Retail,9,276151.0
994,Retail,20,432562.0
995,Retail,9,182002.0
996,Hospitality,15,347402.0
997,Retail,5,74190.0
998,Retail,7,156000.0
999,Hospitality,9,179054.0
1000,Retail,2,48462.0
1001,Retail,8,119468.0
1003,Wholesale,24,524937.0
1004,Retail,3,42868.0
1005,Retail,9,248600.0
1006,Hospitality,7,184178.0
1007,Hospitality,6,158465.0
1008,Retail,5,76492.0
1009,Hospitality,5,88175.0
1010,Retail,5,126626.0
1011,Retail,9,196754.0
1012,Hospitality,4,167638.0
1013,Retail,21,406480.0
1014,Retail,4,65338.0
1016,Retail,1,21125.0
1017,Wholesale,20,509676.0
1018,Wholesale,20,747149.0
1021,Hospitality,9,207511.0
1022,Retail,6,111645.0
1023,Retail,18,392751.0
1024,Retail,17,481102.0
1025,Wholesale,17,540865.0
1026,Hospitality,14,298750.0
1027,Hospitality,15,347780.0
1028,Wholesale,20,705893.0
1029,Retail,9,256825.0
1030,Hospitality,4,91365.0
1031,Retail,8,159805.0
1032,Hospitality,9,175365.0
1033,Wholesale,8,244194.0
1034,Wholesale,23,750496.0
1035,Retail,8,89978.0
1037,Retail,10,260680.0
1038,Retail,8,147370.0
1039,Hospitality,7,140932.0
1041,Retail,9,186342.0
1042,Hospitality,8,156318.0
1043,Retail,6,106628.0
1044,Retail,7,126638.0
1045,Retail,9,281330.0
1046,Retail,11,256215.0
1047,Hospitality,8,146712.0
1048,Retail,2,64995.0
1050,Retail,7,153072.0
1051,Retail,7,116808.0
1053,Hospitality,14,408778.0
1054,Retail,6,155628.0
1055,Hospitality,8,181145.0
1056,Retail,8,154388.0
1059,Hospitality,10,219449.0
1060,Retail,1,55250.0
1061,Retail,10,192688.0
1062,Wholesale,23,618001.0
1063,Wholesale,21,718240.0
1064,Retail,15,320626.0
1066,Retail,18,380336.0
1067,Retail,3,35742.0
1068,Hospitality,11,226451.0
1069,Retail,9,243360.0
1070,Hospitality,18,405991.0
1071,Hospitality,17,361120.0
1072,Hospitality,2,52375.0
1073,Hospitality,18,486065.0
1074,Retail,18,389338.0
1075,Hospitality,8,216084.0
1076,Retail,3,124290.0
1077,Retail,5,99235.0
1078,Retail,9,161575.0
1079,Retail,7,145885.0
1080,Retail,5,176630.0
1081,Hospitality,18,296029.0
1082,Hospitality,15,327801.0
1083,Retail,17,450806.0
1084,Wholesale,12,412134.0
1085,Wholesale,9,237356.0
1086,Hospitality,8,202689.0
1087,Retail,4,42365.0
1088,Hospitality,16,311549.0
1089,Wholesale,18,494678.0
1090,Hospitality,17,381575.0
1091,Retail,15,235164.0
1092,Retail,13,317978.0
1093,Retail,5,122518.0
1094,Wholesale,17,422469.0
1095,Retail,7,97900.0
1096,Retail,8,143985.0
1097,Retail,16,353199.0
1098,Hospitality,6,105268.0
1099,Retail,3,69065.0
1100,Retail,19,374978.0
1102,Retail,15,271265.0
1103,Retail,8,223098.0
1105,Retail,14,362839.0
1106,Retail,18,554810.0
1107,Retail,3,135584.0
1109,Wholesale,22,469963.0
1110,Retail,8,160402.0
1111,Retail,9,222105.0
1112,Retail,9,85275.0
1113,Retail,17,383102.0
1114,Hospitality,14,267975.0
1115,Retail,7,176540.0
1116,Wholesale,9,363001.0
1117,Retail,18,445902.0
1118,Retail,17,506368.0
1119,Wholesale,23,721425.0
1120,Hospitality,6,186785.0
1121,Hospitality,4,65570.0
1122,Retail,5,177378.0
1123,Hospitality,16,265344.0
1124,Wholesale,7,195834.0
1125,Retail,14,298332.0
1126,Retail,3,65125.0
1128,Retail,8,96169.0
1130,Wholesale,15,582310.0
1131,Wholesale,7,166387.0
1132,Wholesale,18,498280.0
1133,Wholesale,9,226132.0
1135,Wholesale,23,514109.0
1136,Retail,5,121215.0
1137,Wholesale,18,637510.0
1138,Retail,8,199675.0
1139,Wholesale,25,743022.0
1140,Retail,8,205574.0
1142,Wholesale,6,188046.0
1143,Retail,18,469029.0
1144,Retail,9,217268.0
1145,Retail,21,493975.0
1146,Hospitality,11,230966.0
1147,Hospitality,3,58948.0
1148,Retail,1,39200.0
1149,Retail,7,148090.0
1150,Hospitality,18,388621.0
1151,Retail,5,90939.0
1152,Retail,7,235142.0
1153,Hospitality,5,97532.0
1154,Wholesale,5,220946.0
1155,Hospitality,3,51935.0
1156,Retail,1,36200.0
1157,Wholesale,15,565716.0
1158,Retail,8,211002.0
1159,Wholesale,18,649816.0
1160,Retail,17,393992.0
1161,Retail,8,106665.0
1162,Retail,17,363144.0
1163,Wholesale,5,118764.0
1165,Hospitality,8,181175.0
1166,Retail,1,6325.0
1168,Hospitality,9,125088.0
1169,Retail,14,312292.0
1170,Retail,8,207818.0
1171,Hospitality,4,90962.0
1172,Retail,16,422360.0
1173,Hospitality,6,131192.0
1174,Hospitality,4,116815.0
1175,Retail,17,369440.0
1176,Hospitality,19,453621.0
1177,Retail,18,421885.0
1178,Retail,18,329306.0
1179,Wholesale,17,506368.0
1180,Retail,20,474732.0
1181,Retail,16,253796.0
1182,Wholesale,15,495102.0
1183,Retail,5,128961.0
1184,Retail,4,151474.0
1185,Retail,17,324592.0
1186,Hospitality,8,222722.0
1187,Wholesale,6,187217.0
1188,Retail,8,199000.0
1189,Wholesale,16,620543.0
1190,Retail,9,132454.0
1191,Retail,7,121009.0
1192,Wholesale,17,699016.0
1193,Retail,18,422464.0
1194,Hospitality,4,69411.0
1195,Hospitality,8,157210.0
1196,Retail,2,50128.0
1197,Retail,7,126759.0
1198,Retail,9,146082.0
1199,Wholesale,4,63726.0
1200,Wholesale,14,449898.0
1201,Wholesale,19,583378.0
1202,Retail,8,142105.0
1203,Wholesale,21,628740.0
1204,Retail,3,126550.0
1205,Hospitality,5,126409.0
1206,Retail,15,335881.0
1207,Retail,7,195875.0
1208,Retail,5,64935.0
1209,Retail,14,319444.0
1210,Hospitality,6,99662.0
1212,Wholesale,20,647290.0
1214,Retail,17,412238.0
1215,Retail,3,31525.0
1216,Wholesale,14,459009.0
1217,Wholesale,17,498792.0
1219,Retail,14,271855.0
1220,Retail,4,132192.0
1221,Retail,17,386959.0
1222,Hospitality,10,206306.0
1223,Retail,11,239934.0
1225,Retail,16,390141.0
1227,Wholesale,21,662266.0
1228,Retail,9,187570.0
1229,Retail,9,313309.0
1230,Hospitality,5,124170.0
1231,Retail,18,415180.0
1232,Retail,2,54778.0
1233,Hospitality,7,163370.0
1234,Retail,3,52941.0
1235,Retail,7,145200.0
1239,Hospitality,9,124002.0
1240,Retail,6,53001.0
1241,Retail,15,246304.0
1242,Wholesale,5,196406.0
1243,Retail,7,106960.0
1244,Retail,16,399745.0
1245,Retail,5,188730.0
1246,Hospitality,17,374819.0
1247,Hospitality,3,34532.0
1248,Retail,4,45142.0
1249,Wholesale,22,780572.0
1250,Retail,3,75975.0
1251,Retail,13,336976.0
1252,Retail,6,140055.0
1253,Retail,15,431481.0
1254,Retail,2,34575.0
1256,Hospitality,6,141575.0
1257,Wholesale,16,367255.0
1258,Hospitality,19,408075.0
1259,Hospitality,17,304295.0
1260,Hospitality,15,356805.0
1261,Hospitality,10,175836.0
1262,Hospitality,4,83338.0
1263,Retail,16,417929.0
1264,Hospitality,4,96078.0
1265,Retail,15,325818.0
1266,Retail,10,248775.0
1267,Retail,5,89428.0
1268,Retail,8,106308.0
1269,Hospitality,2,38390.0
1270,Wholesale,10,358346.0
1271,Retail,8,183118.0
1272,Retail,14,322925.0
1273,Retail,6,144592.0
1274,Retail,4,132449.0
1275,Retail,6,233920.0
1276,Hospitality,2,42705.0
1277,Hospitality,3,44960.0
1278,Wholesale,13,314158.0
1279,Retail,18,355241.0
1280,Retail,2,46125.0
1281,Retail,9,179078.0
1282,Retail,15,398855.0
1283,Retail,6,113008.0
1285,Wholesale,17,507436.0
1286,Hospitality,8,161330.0
1288,Retail,8,100698.0
1290,Retail,5,160105.0
1291,Retail,9,125325.0
1292,Wholesale,17,596504.0
1294,Hospitality,9,212104.0
1295,Retail,18,444872.0
1296,Hospitality,8,168182.0
1298,Retail,15,336458.0
1299,Hospitality,6,143921.0
1300,Retail,9,200746.0
1301,Hospitality,5,117364.0
1302,Hospitality,8,122464.0
1303,Retail,17,371111.0
1304,Wholesale,22,569354.0
1306,Retail,8,248638.0
1308,Wholesale,18,561950.0
1309,Retail,18,490144.0
1312,Wholesale,16,518996.0
1313,Retail,7,187666.0
1314,Wholesale,20,586706.0
1315,Retail,17,370685.0
1316,Retail,7,182615.0
1317,Retail,21,564520.0
1318,Wholesale,22,597808.0
1319,Retail,6,212558.0
1320,Retail,5,148380.0
1322,Retail,7,165182.0
1323,Hospitality,3,79234.0
1324,Retail,10,258968.0
1325,Wholesale,16,534738.0
1326,Retail,11,217405.0
1327,Retail,6,98445.0
1328,Retail,20,498940.0
1329,Retail,8,236218.0
1330,Retail,8,154972.0
1332,Retail,16,321719.0
1333,Retail,4,56940.0
1334,Wholesale,16,423200.0
1335,Retail,5,87338.0
1336,Retail,14,350330.0
1337,Retail,20,520015.0
1338,Retail,7,163345.0
1339,Hospitality,3,83685.0
1340,Retail,7,134940.0
1341,Retail,17,382822.0
1342,Retail,11,202704.0
1343,Hospitality,3,71768.0
1344,Retail,3,34785.0
1345,Wholesale,21,723980.0
1347,Retail,6,187120.0
1348,Retail,7,180326.0
1349,Retail,17,418649.0
1350,Wholesale,9,251686.0
1352,Retail,14,319245.0
1353,Retail,10,197290.0
1355,Retail,8,121710.0
1356,Hospitality,4,49072.0
1357,Hospitality,4,123574.0
1358,Wholesale,18,652847.0
1359,Retail,6,217078.0
1360,Wholesale,17,530825.0
1361,Retail,16,402630.0
1362,Retail,7,143612.0
1363,Hospitality,1,10212.0
1364,Wholesale,7,179361.0
1365,Hospitality,3,49002.0
1366,Retail,4,112094.0
1367,Retail,9,200299.0
1368,Hospitality,20,339841.0
1369,Retail,9,159445.0
1370,Hospitality,19,394454.0
1371,Retail,2,96785.0
1372,Retail,13,266690.0
1373,Retail,3,66050.0
1374,Retail,19,376572.0
1375,Wholesale,12,305202.0
1376,Hospitality,9,221294.0
1377,Hospitality,4,114850.0
1378,Hospitality,19,354628.0
1379,Wholesale,18,641204.0
1380,Retail,17,464860.0
1381,Retail,5,88831.0
1382,Retail,4,207165.0
1383,Retail,21,426935.0
1385,Retail,7,159742.0
1386,Wholesale,21,641396.0
1387,Hospitality,13,349595.0
1388,Retail,4,169475.0
1389,Wholesale,21,619355.0
1390,Hospitality,17,247082.0
1393,Retail,4,106592.0
1394,Hospitality,2,53550.0
1395,Hospitality,13,285722.0
1396,Retail,7,139411.0
1397,Hospitality,7,166596.0
1398,Hospitality,3,95150.0
1399,Retail,7,146045.0
1400,Wholesale,18,603650.0
1401,Retail,5,97300.0
1402,Wholesale,16,566240.0
1403,Hospitality,5,89290.0
1404,Retail,5,143455.0
1405,Retail,15,329265.0
1406,Retail,7,119671.0
1407,Retail,8,173652.0
1408,Retail,8,195005.0
1409,Retail,9,189251.0
1410,Retail,19,401976.0
1411,Hospitality,8,167109.0
1412,Hospitality,7,186706.0
1413,Hospitality,18,477966.0
1415,Hospitality,18,369586.0
1416,Retail,6,159505.0
1417,Retail,5,94508.0
1418,Retail,16,360668.0
1419,Retail,12,247012.0
1420,Retail,2,65938.0
1421,Hospitality,6,130996.0
1422,Hospitality,17,428350.0
1423,Wholesale,27,1073806.0
1424,Hospitality,10,205488.0
1425,Retail,2,29775.0
1426,Hospitality,9,208621.0
1427,Retail,4,64400.0
1428,Retail,16,390322.0
1429,Retail,7,155906.0
1430,Retail,2,20132.0
1431,Retail,18,329142.0
1432,Retail,1,18545.0
1433,Retail,17,431018.0
1434,Retail,11,196632.0
1435,Retail,20,400952.0
1436,Hospitality,21,503280.0
1437,Retail,16,348019.0
1440,Retail,9,245492.0
1441,Retail,13,315645.0
1443,Retail,10,181852.0
1444,Hospitality,16,437954.0
1445,Hospitality,9,136580.0
1446,Retail,6,77005.0
1447,Retail,8,127858.0
1448,Retail,8,164962.0
1450,Retail,4,143480.0
1451,Retail,17,388640.0
1452,Hospitality,17,343272.0
1453,Hospitality,17,404512.0
1454,Retail,6,179702.0
1455,Retail,6,79515.0
1456,Hospitality,17,345672.0
1457,Hospitality,9,190398.0
1459,Retail,3,67932.0
1460,Retail,5,105318.0
1461,Retail,8,178259.0
1462,Retail,5,236312.0
1463,Hospitality,2,102050.0
1464,Retail,4,106620.0
1465,Retail,4,112600.0
1466,Retail,18,414382.0
1467,Hospitality,10,206135.0
1469,Hospitality,17,324916.0
1470,Retail,3,167668.0
1471,Hospitality,19,380096.0
1472,Hospitality,5,132056.0
1473,Hospitality,7,142478.0
1474,Retail,7,182008.0
1475,Wholesale,19,510824.0
1476,Hospitality,17,427664.0
1477,Retail,12,221590.0
1478,Retail,17,353999.0
1479,Hospitality,10,222162.0
1480,Retail,2,40750.0
1481,Retail,7,237532.0
1482,Hospitality,4,103831.0
1483,Retail,19,437460.0
1484,Retail,5,174875.0
1485,Hospitality,17,365766.0
1486,Hospitality,4,100976.0
1487,Hospitality,12,242886.0
1488,Hospitality,8,176942.0
1489,Hospitality,6,195122.0
1490,Retail,5,117889.0
1491,Wholesale,15,417904.0
1492,Retail,5,116302.0
1493,Retail,1,20425.0
1494,Retail,8,135148.0
1495,Wholesale,18,622641.0
1496,Hospitality,13,214446.0
1498,Wholesale,22,878714.0
1499,Wholesale,19,752134.0
1500,Hospitality,18,412915.0
1501,Hospitality,15,296415.0
1502,Wholesale,21,651422.0
1503,Wholesale,18,648916.0
1504,Hospitality,7,125980.0
1505,Retail,4,151098.0
1506,Hospitality,4,86878.0
1507,Wholesale,20,644326.0
1511,Wholesale,8,252379.0
1512,Retail,4,64825.0
1513,Retail,8,308492.0
1514,Retail,3,73702.0
1515,Hospitality,2,45230.0
1516,Retail,7,122652.0
1517,Wholesale,7,199138.0
1518,Retail,9,176001.0
1519,Hospitality,15,291704.0
1520,Retail,5,117038.0
1521,Hospitality,10,276305.0
1522,Wholesale,19,651441.0
1524,Hospitality,4,115592.0
1525,Hospitality,16,300114.0
1526,Hospitality,7,156460.0
1527,Hospitality,7,123275.0
1528,Hospitality,18,360402.0
1529,Hospitality,7,142402.0
1530,Hospitality,5,107581.0
1531,Retail,3,48020.0
1532,Hospitality,19,296924.0
1534,Wholesale,20,677606.0
1535,Retail,3,73925.0
1536,Wholesale,15,642735.0
1537,Hospitality,8,146709.0
1538,Retail,8,169472.0
1539,Hospitality,5,173256.0
1540,Hospitality,2,67090.0
1541,Wholesale,7,335332.0
1542,Hospitality,6,106356.0
1543,Hospitality,19,371528.0
1544,Wholesale,21,443924.0
1545,Retail,5,125942.0
1546,Retail,10,178882.0
1547,Retail,7,214870.0
1548,Retail,17,415065.0
1549,Retail,7,262775.0
1550,Wholesale,24,867386.0
1551,Retail,10,263500.0
1553,Wholesale,10,363084.0
1554,Hospitality,2,47440.0
1555,Wholesale,19,634439.0
1556,Hospitality,17,374202.0
1557,Wholesale,19,687620.0
1558,Hospitality,16,405985.0
1559,Retail,5,96282.0
1560,Retail,6,127502.0
1562,Wholesale,16,766670.0
1563,Retail,5,78772.0
1564,Hospitality,10,267815.0
1566,Hospitality,15,308058.0
1567,Hospitality,8,166608.0
1568,Retail,7,172615.0
1569,Wholesale,19,550478.0
1570,Retail,17,364550.0
1571,Hospitality,17,319650.0
1572,Retail,15,210479.0
1573,Retail,13,254138.0
1574,Retail,2,88139.0
1575,Retail,3,131725.0
1576,Hospitality,17,286255.0
1577,Wholesale,15,406952.0
1578,Hospitality,5,71910.0
1579,Hospitality,15,459665.0
1580,Wholesale,7,233600.0
1581,Hospitality,6,60222.0
1582,Hospitality,8,168420.0
1583,Wholesale,7,153416.0
1584,Retail,10,236430.0
1585,Retail,7,167665.0
1586,Retail,17,417594.0
1587,Wholesale,16,463691.0
1588,Hospitality,17,391564.0
1589,Retail,18,277474.0
1590,Hospitality,3,30786.0
1591,Retail,17,453098.0
1592,Hospitality,5,125219.0
1593,Hospitality,18,426438.0
1594,Hospitality,15,278912.0
1595,Retail,7,179228.0
1597,Hospitality,19,434289.0
1598,Retail,4,133726.0
1599,Retail,14,239081.0
1600,Retail,5,137719.0
1601,Wholesale,20,604382.0
1602,Hospitality,18,376730.0
1603,Hospitality,7,180032.0
1604,Retail,13,254902.0
1605,Retail,2,85545.0
1606,Hospitality,6,155068.0
1607,Hospitality,2,10925.0
1608,Hospitality,18,334061.0
1609,Hospitality,4,109535.0
1610,Retail,8,208892.0
1611,Hospitality,16,321165.0
1612,Hospitality,8,181058.0
1613,Hospitality,17,345290.0
1614,Retail,20,368512.0
1615,Wholesale,17,437217.0
1617,Hospitality,7,160730.0
1618,Retail,17,387221.0
1619,Hospitality,5,148675.0
1620,Retail,7,135190.0
1621,Retail,18,461935.0
1622,Hospitality,20,397156.0
1623,Wholesale,19,528727.0
1624,Retail,5,138125.0
1625,Hospitality,2,41875.0
1626,Retail,5,132002.0
1627,Wholesale,22,677478.0
1628,Retail,10,254978.0
1629,Retail,5,97705.0
1630,Hospitality,17,375826.0
1631,Retail,3,40231.0
1632,Retail,4,73225.0
1633,Hospitality,6,131142.0
1634,Retail,9,179085.0
1635,Retail,7,215056.0
1636,Retail,8,150651.0
1637,Hospitality,15,338204.0
1638,Retail,6,126722.0
1639,Hospitality,5,120795.0
1640,Hospitality,2,73945.0
1641,Retail,7,156855.0
1642,Hospitality,14,319248.0
1643,Wholesale,16,383246.0
1644,Retail,17,400478.0
1645,Wholesale,16,520504.0
1646,Wholesale,5,202487.0
1647,Retail,16,321135.0
1648,Wholesale,22,641414.0
1649,Retail,10,235979.0
1650,Hospitality,4,64050.0
1651,Retail,3,87372.0
1652,Wholesale,23,807004.0
1653,Retail,9,230628.0
1654,Retail,3,88275.0
1655,Wholesale,19,568360.0
1656,Retail,4,92100.0
1657,Retail,11,219422.0
1658,Hospitality,2,65124.0
1659,Retail,16,331420.0
1660,Retail,4,99740.0
1661,Retail,17,417346.0
1662,Retail,15,263538.0
1663,Wholesale,7,197858.0
1664,Hospitality,18,422026.0
1665,Hospitality,5,161782.0
1666,Wholesale,1,25788.0
1668,Retail,19,409685.0
1669,Hospitality,4,82075.0
1670,Retail,4,68394.0
1671,Retail,18,428676.0
1672,Wholesale,9,320441.0
1673,Retail,9,215031.0
1674,Retail,14,361600.0
1675,Hospitality,15,354134.0
1676,Hospitality,12,355738.0
1677,Retail,20,446365.0
1680,Hospitality,20,376546.0
1682,Hospitality,8,155505.0
1683,Retail,3,94255.0
1684,Hospitality,7,126608.0
1687,Hospitality,7,99130.0
1688,Retail,14,272012.0
1689,Retail,10,207675.0
1690,Retail,4,150700.0
1691,Hospitality,15,437831.0
1692,Hospitality,5,181010.0
1693,Wholesale,21,604996.0
1694,Retail,6,85000.0
1695,Wholesale,3,198925.0
1696,Retail,17,420759.0
1697,Retail,20,384739.0
1698,Retail,3,92055.0
1699,Hospitality,7,124050.0
1700,Hospitality,1,29385.0
1701,Retail,17,492918.0
1702,Hospitality,15,356641.0
1703,Retail,10,178151.0
1704,Hospitality,8,91201.0
1705,Wholesale,21,549404.0
1706,Retail,14,387838.0
1707,Hospitality,18,462484.0
1708,Retail,5,158565.0
1709,Wholesale,18,657376.0
1710,Retail,6,134522.0
1711,Retail,10,219135.0
1712,Retail,7,125988.0
1713,Retail,4,71888.0
1714,Retail,4,89265.0
1715,Wholesale,23,589648.0
1716,Retail,8,195931.0
1717,Retail,4,59085.0
1719,Hospitality,17,444626.0
1720,Hospitality,8,115950.0
1721,Retail,6,221218.0
1723,Hospitality,4,110342.0
1724,Wholesale,18,373284.0
1725,Retail,4,208450.0
1726,Retail,18,389348.0
1727,Retail,8,138278.0
1728,Hospitality,10,171150.0
1729,Retail,11,237940.0
1730,Retail,5,72472.0
1731,Hospitality,15,433880.0
1732,Hospitality,6,151849.0
1733,Retail,7,174642.0
1734,Retail,10,249755.0
1735,Retail,6,231512.0
1736,Retail,8,222985.0
1737,Retail,4,95270.0
1738,Retail,15,353964.0
1739,Retail,8,236998.0
1740,Retail,10,209116.0
1741,Hospitality,18,367536.0
1742,Hospitality,6,213798.0
1743,Retail,11,221944.0
1744,Wholesale,18,489570.0
1745,Hospitality,7,128492.0
1746,Hospitality,8,157520.0
1747,Hospitality,3,84860.0
1749,Retail,2,41068.0
1751,Retail,10,238188.0
1752,Hospitality,14,260718.0
1753,Wholesale,18,486130.0
1754,Retail,13,289788.0
1755,Retail,5,142640.0
1756,Hospitality,10,169472.0
1757,Retail,15,304935.0
1758,Retail,6,125718.0
1759,Retail,16,444718.0
1760,Retail,5,80235.0
1761,Retail,6,87405.0
1762,Retail,8,178670.0
1764,Retail,3,109465.0
1765,Retail,3,64575.0
1766,Retail,5,109138.0
1767,Hospitality,20,477966.0
1768,Retail,15,348470.0
1769,Hospitality,10,152288.0
1771,Hospitality,5,151859.0
1772,Hospitality,9,175975.0
1773,Hospitality,3,74535.0
1774,Retail,2,47500.0
1775,Hospitality,10,173302.0
1776,Retail,6,127950.0
1777,Wholesale,24,854928.0
1778,Retail,8,317242.0
1779,Hospitality,4,46582.0
1781,Retail,17,409798.0
1782,Wholesale,18,665976.0
1783,Retail,20,495570.0
1784,Hospitality,1,47150.0
1785,Retail,12,406965.0
1786,Wholesale,22,830404.0
1787,Wholesale,21,623568.0
1788,Wholesale,19,635902.0
1789,Hospitality,7,163988.0
1791,Wholesale,20,441630.0
1792,Hospitality,7,154315.0
1793,Retail,18,395440.0
1794,Retail,9,162880.0
1795,Hospitality,5,162555.0
1796,Wholesale,22,847395.0
1797,Hospitality,4,132315.0
1799,Retail,8,176762.0
1800,Wholesale,17,485972.0
1802,Hospitality,7,152450.0
1803,Retail,9,237020.0
1804,Retail,18,438935.0
1806,Wholesale,6,226406.0
1807,Retail,9,244240.0
1808,Retail,9,189560.0
1809,Retail,4,206945.0
1810,Retail,3,42860.0
1812,Hospitality,4,67232.0
1813,Retail,17,294295.0
1814,Retail,16,434658.0
1815,Wholesale,19,498466.0
1816,Retail,9,251078.0
1817,Hospitality,9,237480.0
1818,Hospitality,3,40180.0
1819,Hospitality,15,365270.0
1820,Retail,9,178958.0
1821,Retail,7,210338.0
1822,Retail,5,70389.0
1823,Retail,3,64722.0
1824,Wholesale,8,152888.0
1826,Retail,8,218042.0
1828,Retail,11,324979.0
1829,Retail,17,404004.0
1830,Retail,6,124969.0
1831,Retail,5,111272.0
1832,Retail,17,410538.0
1833,Hospitality,5,122022.0
1835,Retail,8,195725.0
1836,Retail,7,174568.0
1837,Retail,4,89030.0
1838,Retail,4,110145.0
1839,Retail,9,228152.0
1841,Retail,19,475210.0
1842,Hospitality,2,39780.0
1843,Hospitality,5,107726.0
1844,Retail,8,187228.0
1845,Retail,16,415246.0
1846,Retail,2,88724.0
1847,Retail,9,193985.0
1848,Retail,1,10830.0
1849,Retail,2,33610.0
1850,Retail,12,247922.0
1851,Hospitality,3,58720.0
1852,Retail,18,471532.0
1853,Hospitality,11,146246.0
1854,Retail,1,22720.0
1855,Hospitality,4,157525.0
1856,Retail,7,148985.0
1857,Retail,14,269728.0
1858,Hospitality,9,144011.0
1859,Retail,5,94172.0
1860,Retail,7,196972.0
1861,Hospitality,5,161400.0
1863,Retail,9,183179.0
1866,Retail,9,309095.0
1868,Retail,1,21375.0
1869,Hospitality,6,87755.0
1870,Hospitality,21,453720.0
1871,Hospitality,6,113874.0
1872,Retail,7,95466.0
1873,Retail,8,212155.0
1874,Hospitality,18,338009.0
1875,Retail,7,127114.0
1876,Retail,7,175775.0
1877,Wholesale,4,91228.0
1878,Hospitality,5,85472.0
1879,Retail,4,103640.0
1880,Retail,14,223160.0
1881,Retail,3,137282.0
1882,Hospitality,14,438001.0
1883,Wholesale,16,423224.0
1884,Retail,10,243190.0
1885,Retail,16,408115.0
1886,Retail,16,318132.0
1887,Hospitality,4,128850.0
1888,Retail,4,80200.0
1890,Hospitality,17,264000.0
1891,Retail,3,40422.0
1892,Retail,6,99428.0
1893,Retail,10,273050.0
1894,Hospitality,8,102401.0
1895,Retail,9,174376.0
1896,Wholesale,6,108396.0
1897,Hospitality,6,99448.0
1898,Retail,18,606021.0
1899,Hospitality,10,153190.0
1900,Wholesale,14,344427.0
1901,Hospitality,7,241300.0
1902,Retail,13,288462.0
1903,Retail,6,144885.0
1904,Retail,16,307340.0
1906,Wholesale,17,446256.0
1907,Hospitality,19,318751.0
1908,Retail,10,271981.0
1909,Retail,9,223758.0
1910,Retail,8,156498.0
1911,Wholesale,18,478208.0
1912,Retail,8,143646.0
1913,Wholesale,9,381010.0
1914,Retail,8,241614.0
1915,Retail,6,134134.0
1917,Hospitality,4,103345.0
1918,Retail,9,229750.0
1919,Wholesale,19,696236.0
1920,Retail,5,124240.0
1921,Retail,2,46850.0
1922,Retail,7,158340.0
1923,Retail,11,230936.0
1925,Retail,8,188968.0
1926,Retail,7,104235.0
1927,Wholesale,19,580337.0
1928,Retail,17,487802.0
1929,Wholesale,6,105728.0
1930,Hospitality,11,201208.0
1931,Retail,3,38800.0
1932,Wholesale,27,920777.0
1933,Retail,20,452294.0
1935,Wholesale,17,339378.0
1937,Retail,5,88852.0
1938,Wholesale,16,539702.0
1939,Retail,6,119585.0
1940,Retail,5,147780.0
1941,Retail,7,184230.0
1942,Hospitality,4,111390.0
1943,Retail,17,470812.0
1944,Retail,19,444670.0
1945,Retail,18,352711.0
1947,Hospitality,10,205422.0
1948,Retail,3,68800.0
1949,Retail,18,438102.0
1950,Hospitality,8,221670.0
1951,Retail,5,145102.0
1953,Retail,14,327995.0
1954,Retail,3,79520.0
1955,Hospitality,5,108525.0
1956,Retail,6,172932.0
1957,Hospitality,19,366830.0
1958,Retail,8,188510.0
1959,Retail,6,94235.0
1960,Wholesale,21,629632.0
1961,Retail,16,429599.0
1962,Wholesale,7,195312.0
1963,Hospitality,9,119984.0
1964,Retail,7,231356.0
1965,Retail,8,176076.0
1966,Hospitality,5,95025.0
1967,Retail,2,23940.0
1969,Hospitality,4,102988.0
1970,Hospitality,2,21925.0
1971,Retail,16,356655.0
1972,Hospitality,4,131745.0
1973,Hospitality,19,418691.0
1974,Retail,1,20350.0
1975,Retail,17,392284.0
1976,Retail,6,111435.0
1977,Retail,6,133528.0
1978,Retail,16,415675.0
1979,Hospitality,5,173355.0
1980,Retail,6,146042.0
1981,Hospitality,2,65044.0
1982,Wholesale,17,640236.0
1983,Retail,10,284242.0
1984,Hospitality,15,354984.0
1985,Retail,4,87632.0
1987,Retail,7,120572.0
1988,Retail,8,183262.0
1989,Retail,7,144660.0
1990,Retail,3,78475.0
1991,Retail,8,183305.0
1992,Retail,17,463094.0
1993,Retail,5,96665.0
1994,Retail,5,134788.0
1995,Retail,5,123655.0
1996,Retail,7,189038.0
1997,Retail,6,144670.0
1998,Retail,9,287238.0
1999,Hospitality,18,399609.0
2000,Retail,3,74356.0
2001,Retail,16,364164.0
2002,Hospitality,5,123608.0
2003,Retail,8,261398.0
2004,Hospitality,14,261322.0
2005,Hospitality,3,136998.0
2006,Hospitality,2,25900.0
2007,Retail,4,46770.0
2009,Hospitality,7,190039.0
2010,Retail,3,71200.0
2011,Hospitality,14,400892.0
2013,Hospitality,3,64572.0
2014,Retail,11,404602.0
2016,Hospitality,6,94898.0
2017,Hospitality,2,21420.0
2018,Wholesale,25,699362.0
2019,Retail,19,468225.0
2020,Retail,18,344135.0
2021,Retail,8,180495.0
2022,Retail,10,212530.0
2023,Retail,3,75195.0
2024,Hospitality,10,209100.0
2025,Retail,7,121545.0
2026,Retail,8,219592.0
2027,Retail,15,395720.0
2028,Wholesale,21,519651.0
2029,Retail,5,72112.0
2030,Retail,7,174370.0
2031,Hospitality,5,183534.0
2032,Wholesale,1,45495.0
2033,Retail,18,388365.0
2034,Retail,15,367794.0
2035,Retail,8,162930.0
2036,Retail,8,202052.0
2037,Retail,8,160038.0
2038,Retail,9,204910.0
2039,Retail,3,113400.0
2040,Hospitality,6,131980.0
2041,Retail,6,165550.0
2042,Retail,10,150095.0
2044,Retail,13,286609.0
2045,Hospitality,19,377319.0
2046,Retail,4,155388.0
2047,Retail,10,296602.0
2048,Retail,19,339302.0
2049,Hospitality,16,288119.0
2050,Wholesale,17,593362.0
2051,Retail,4,79900.0
2052,Retail,3,62500.0
2053,Hospitality,8,189148.0
2054,Retail,9,185090.0
2055,Retail,8,224548.0
2056,Retail,11,258185.0
2057,Hospitality,17,412882.0
2060,Retail,8,221850.0
2061,Retail,14,354609.0
2062,Wholesale,14,309376.0
2063,Retail,7,162299.0
2064,Wholesale,3,94349.0
2065,Hospitality,9,209810.0
2066,Hospitality,6,100109.0
2067,Hospitality,10,234826.0
2068,Hospitality,5,146462.0
2069,Hospitality,6,141250.0
2070,Hospitality,5,111200.0
2071,Retail,3,147450.0
2072,Retail,5,149908.0
2073,Hospitality,19,398629.0
2074,Retail,6,167030.0
2075,Hospitality,16,294379.0
2076,Retail,3,56418.0
2077,Retail,17,426725.0
2078,Hospitality,4,122010.0
2079,Hospitality,1,26755.0
2081,Retail,2,53095.0
2082,Wholesale,20,699372.0
2083,Retail,8,230265.0
2084,Hospitality,8,190794.0
2085,Wholesale,9,383248.0
2086,Wholesale,23,806467.0
2087,Hospitality,5,85965.0
2089,Hospitality,15,229609.0
2090,Wholesale,18,686751.0
2091,Hospitality,5,181735.0
2092,Wholesale,17,560444.0
2093,Retail,3,80750.0
2094,Retail,3,77800.0
2095,Hospitality,5,130964.0
2096,Retail,6,206315.0
2097,Retail,6,111592.0
2098,Hospitality,19,372178.0
2099,Hospitality,8,125311.0
2100,Retail,10,224095.0
2101,Retail,5,90940.0
2103,Retail,7,106790.0
2104,Hospitality,10,256442.0
2105,Wholesale,19,585508.0
2106,Hospitality,18,473216.0
2107,Retail,9,92800.0
2108,Retail,2,97050.0
2109,Hospitality,9,161290.0
2110,Wholesale,11,375914.0
2111,Retail,7,86645.0
2112,Retail,6,78852.0
2113,Hospitality,4,109652.0
2114,Retail,6,149110.0
2115,Hospitality,3,113662.0
2116,Retail,8,132125.0
2118,Retail,18,414355.0
2120,Hospitality,3,72125.0
2122,Retail,7,171952.0
2123,Hospitality,6,106814.0
2124,Retail,17,327344.0
2125,Retail,3,46725.0
2126,Retail,4,107070.0
2127,Wholesale,15,539483.0
2128,Retail,6,121680.0
2129,Retail,11,201630.0
2130,Hospitality,16,315561.0
2131,Retail,5,64872.0
2132,Retail,7,152908.0
2133,Retail,5,148788.0
2134,Retail,2,85135.0
2135,Retail,9,146945.0
2136,Hospitality,10,252241.0
2137,Hospitality,5,127989.0
2138,Wholesale,16,572206.0
2139,Hospitality,3,119014.0
2140,Hospitality,14,336242.0
2141,Wholesale,8,309192.0
2142,Retail,3,66170.0
2143,Retail,17,451670.0
2144,Retail,7,100190.0
2145,Retail,6,92978.0
2146,Hospitality,4,105950.0
2147,Retail,3,56545.0
2148,Wholesale,24,655150.0
2149,Retail,5,137380.0
2150,Retail,9,185231.0
2151,Retail,16,407540.0
2152,Retail,19,446205.0
2153,Retail,1,23550.0
2155,Hospitality,6,109100.0
2156,Retail,13,333869.0
2157,Hospitality,9,220178.0
2158,Wholesale,20,753475.0
2159,Retail,15,342682.0
2160,Retail,3,77940.0
2161,Hospitality,20,474176.0
2162,Wholesale,20,640895.0
2163,Retail,7,207710.0
2164,Wholesale,6,213224.0
2165,Hospitality,17,366144.0
2166,Wholesale,19,508586.0
2167,Retail,6,110365.0
2168,Retail,2,47000.0
2169,Retail,5,166520.0
2170,Retail,6,268820.0
2171,Retail,3,64766.0
2172,Retail,13,297214.0
2174,Wholesale,16,277144.0
2175,Retail,5,83275.0
2177,Retail,17,387728.0
2178,Hospitality,21,448820.0
2179,Wholesale,21,558660.0
2180,Retail,6,137576.0
2181,Retail,17,451508.0
2182,Retail,9,238942.0
2183,Retail,17,429186.0
2184,Retail,8,184602.0
2185,Hospitality,19,519434.0
2186,Retail,8,139720.0
2187,Retail,10,255756.0
2188,Hospitality,15,197464.0
2189,Hospitality,2,48315.0
2190,Retail,19,396809.0
2191,Retail,1,11400.0
2192,Retail,20,384251.0
2193,Hospitality,15,247059.0
2195,Hospitality,4,156185.0
2196,Wholesale,16,439129.0
2197,Hospitality,2,59550.0
2198,Retail,17,355285.0
2199,Retail,18,491645.0
2200,Hospitality,16,342566.0
2201,Retail,4,103745.0
2202,Retail,14,401665.0
2203,Retail,5,119602.0
2204,Wholesale,3,58697.0
2205,Retail,17,426471.0
2206,Hospitality,3,70022.0
2207,Retail,9,219165.0
2208,Hospitality,8,146948.0
2209,Retail,8,267470.0
2210,Hospitality,5,123160.0
2212,Retail,7,205610.0
2214,Retail,17,503026.0
2215,Retail,3,62220.0
2216,Retail,17,373655.0
2217,Hospitality,5,108374.0
2218,Retail,19,422121.0
2219,Retail,8,221340.0
2220,Retail,4,80240.0
2221,Retail,5,65638.0
2222,Retail,3,153400.0
2223,Wholesale,7,320698.0
2224,Retail,16,378155.0
2225,Hospitality,8,189450.0
2226,Hospitality,7,145960.0
2227,Hospitality,7,134242.0
2228,Hospitality,3,63212.0
2229,Wholesale,21,549185.0
2230,Retail,4,125161.0
2231,Retail,9,166038.0
2232,Retail,15,366212.0
2233,Retail,5,109372.0
2234,Retail,4,78795.0
2235,Hospitality,19,389675.0
2236,Retail,7,155842.0
2237,Wholesale,18,543623.0
2238,Hospitality,7,153948.0
2239,Retail,16,318120.0
2240,Retail,6,138602.0
2241,Retail,7,199594.0
2242,Wholesale,20,687407.0
2243,Retail,9,167568.0
2244,Retail,8,258630.0
2245,Hospitality,5,194039.0
2246,Hospitality,10,140695.0
2247,Retail,9,182542.0
2248,Retail,6,103490.0
2249,Hospitality,9,213850.0
2251,Retail,9,233224.0
2252,Retail,14,318080.0
2253,Retail,15,312408.0
2254,Retail,3,52448.0
2255,Retail,9,268838.0
2256,Retail,11,266720.0
2257,Retail,6,157830.0
2258,Retail,8,187219.0
2260,Wholesale,18,512166.0
2261,Hospitality,7,175865.0
2262,Retail,8,226270.0
2263,Wholesale,20,635923.0
2264,Retail,1,30775.0
2265,Retail,8,137630.0
2267,Retail,6,78490.0
2268,Retail,9,225598.0
2269,Retail,16,417604.0
2270,Retail,5,46950.0
2271,Hospitality,6,148181.0
2273,Hospitality,15,451370.0
2274,Wholesale,8,246216.0
2275,Hospitality,5,126925.0
2276,Hospitality,10,283559.0
2277,Hospitality,5,141458.0
2278,Wholesale,18,490394.0
2279,Retail,14,282381.0
2280,Retail,8,170490.0
2281,Retail,7,147808.0
2282,Hospitality,17,321641.0
2283,Retail,17,515750.0
2284,Hospitality,4,55590.0
2285,Retail,8,248952.0
2287,Hospitality,10,194934.0
2288,Retail,15,464059.0
2289,Retail,4,50490.0
2290,Retail,5,199402.0
2291,Retail,14,253060.0
2292,Retail,9,309468.0
2294,Hospitality,4,64312.0
2295,Retail,8,138380.0
2296,Retail,10,225875.0
2297,Retail,11,329529.0
2298,Retail,13,242446.0
2299,Hospitality,8,146088.0
2300,Hospitality,3,58674.0
2301,Hospitality,4,93600.0
2302,Hospitality,5,77596.0
2303,Wholesale,19,721212.0
2304,Retail,6,172495.0
2305,Retail,10,185672.0
2306,Retail,6,144490.0
2307,Hospitality,15,317874.0
2308,Retail,5,140039.0
2309,Hospitality,14,333416.0
2310,Retail,10,243839.0
2311,Hospitality,5,139158.0
2312,Retail,4,139029.0
2313,Retail,17,337946.0
2314,Wholesale,18,722124.0
2315,Hospitality,7,101312.0
2316,Hospitality,2,31682.0
2317,Retail,11,179734.0
2319,Retail,16,314434.0
2321,Retail,14,224854.0
2322,Wholesale,17,550800.0
2324,Hospitality,8,153785.0
2325,Hospitality,20,462054.0
2327,Retail,2,29180.0
2328,Hospitality,6,86284.0
2329,Retail,6,78325.0
2331,Hospitality,8,246530.0
2332,Retail,9,211144.0
2333,Retail,10,196934.0
2334,Wholesale,17,612016.0
2336,Retail,6,128600.0
2337,Wholesale,2,68250.0
2339,Wholesale,18,613194.0
2340,Hospitality,4,168022.0
2341,Retail,3,90925.0
2342,Retail,10,241879.0
2343,Retail,9,286042.0
2344,Hospitality,14,287969.0
2345,Retail,7,185820.0
2346,Wholesale,2,64312.0
2347,Retail,16,442246.0
2348,Retail,17,551902.0
2349,Retail,7,195690.0
2350,Retail,9,207906.0
2351,Retail,6,192389.0
2352,Hospitality,18,440270.0
2353,Retail,5,78550.0
2354,Retail,18,426986.0
2355,Retail,6,129330.0
2356,Hospitality,1,24700.0
2357,Retail,4,93470.0
2358,Hospitality,14,292434.0
2359,Hospitality,3,114822.0
2360,Hospitality,8,141664.0
2361,Retail,7,178858.0
2362,Retail,2,28170.0
2363,Wholesale,11,333778.0
2364,Hospitality,15,312675.0
2365,Hospitality,18,452962.0
2366,Wholesale,17,393394.0
2367,Retail,6,194281.0
2369,Retail,3,49482.0
2370,Wholesale,8,331933.0
2372,Retail,3,46108.0
2373,Wholesale,23,611614.0
2374,Retail,17,371618.0
2375,Retail,3,70460.0
2376,Hospitality,4,36181.0
2377,Wholesale,19,609930.0
2378,Hospitality,9,205999.0
2379,Hospitality,3,33428.0
2381,Retail,7,135544.0
2382,Hospitality,9,250048.0
2383,Wholesale,3,128232.0
2384,Retail,14,317090.0
2385,Retail,8,108432.0
2386,Retail,16,384748.0
2387,Wholesale,24,888218.0
2388,Hospitality,9,208368.0
2389,Retail,2,87800.0
2390,Retail,7,171406.0
2391,Hospitality,14,310728.0
2392,Hospitality,3,42588.0
2393,Retail,9,184475.0
2394,Retail,20,563272.0
2395,Retail,19,478658.0
2397,Wholesale,17,526401.0
2398,Retail,8,190229.0
2399,Retail,7,153650.0
2400,Retail,6,148008.0
2401,Retail,13,346511.0
2402,Retail,2,27850.0
2403,Retail,9,169946.0
2404,Retail,19,451799.0
2405,Wholesale,19,428422.0
2406,Wholesale,22,632455.0
2407,Retail,6,192658.0
2408,Wholesale,15,418454.0
2409,Retail,8,214755.0
2410,Retail,6,86732.0
2411,Retail,7,194982.0
2413,Retail,6,100962.0
2414,Hospitality,4,66156.0
2415,Retail,16,450294.0
2416,Retail,18,487982.0
2417,Wholesale,17,454447.0
2418,Hospitality,2,58025.0
2419,Retail,16,384032.0
2420,Retail,7,161050.0
2421,Hospitality,3,88028.0
2422,Wholesale,24,711121.0
2423,Retail,7,122411.0
2425,Wholesale,7,385864.0
2426,Retail,6,220002.0
2427,Retail,7,209302.0
2428,Hospitality,4,122711.0
2429,Hospitality,6,182338.0
2430,Retail,17,495015.0
2431,Retail,8,176478.0
2432,Hospitality,4,112142.0
2433,Wholesale,20,590798.0
2434,Retail,2,50310.0
2435,Retail,7,151586.0
2437,Retail,9,223414.0
2438,Retail,12,417036.0
2439,Wholesale,17,496429.0
2440,Hospitality,4,60258.0
2442,Retail,7,250648.0
2443,Retail,1,3800.0
2444,Retail,8,181818.0
2445,Wholesale,6,235200.0
2446,Wholesale,10,325263.0
2447,Retail,5,88358.0
2448,Hospitality,5,176438.0
2449,Hospitality,15,305880.0
2450,Retail,8,260350.0
2451,Retail,4,103798.0
2452,Wholesale,20,593001.0
2453,Hospitality,16,391015.0
2456,Retail,4,93435.0
2459,Wholesale,3,144174.0
2460,Hospitality,7,225130.0
2461,Hospitality,3,22515.0
2463,Retail,5,97860.0
2464,Hospitality,16,346480.0
2465,Retail,5,183258.0
2466,Retail,6,142460.0
2467,Retail,16,323525.0
2468,Hospitality,4,124220.0
2469,Retail,16,399208.0
2470,Wholesale,20,632228.0
2471,Wholesale,21,634312.0
2473,Retail,10,305750.0
2474,Wholesale,21,646074.0
2475,Retail,17,357705.0
2476,Retail,4,88050.0
2477,Hospitality,2,62400.0
2478,Hospitality,10,179908.0
2479,Hospitality,2,48532.0
2480,Retail,15,264042.0
2481,Retail,10,261602.0
2482,Retail,2,31375.0
2483,Hospitality,11,167519.0
2484,Hospitality,12,281585.0
2485,Hospitality,8,187798.0
2486,Retail,18,458446.0
2487,Hospitality,16,338136.0
2488,Retail,6,217638.0
2489,Hospitality,6,127112.0
2490,Retail,9,216175.0
2491,Retail,10,226548.0
2492,Wholesale,22,557984.0
2493,Wholesale,16,438998.0
2494,Retail,7,102825.0
2495,Hospitality,7,164071.0
2497,Retail,7,210648.0
2498,Wholesale,16,524162.0
2499,Retail,17,428776.0
2500,Retail,17,479010.0
2501,Wholesale,7,239070.0
2502,Retail,10,201902.0
2503,Retail,3,55154.0
2504,Retail,8,201585.0
2506,Wholesale,22,641124.0
2507,Hospitality,21,465672.0
2508,Retail,12,294639.0
2509,Retail,10,243218.0
2510,Retail,9,151020.0
2511,Wholesale,20,572546.0
2512,Hospitality,17,333595.0
2513,Retail,18,428130.0
2514,Hospitality,7,129608.0
2515,Retail,3,58170.0
2516,Retail,8,165710.0
2517,Hospitality,20,485599.0
2518,Retail,4,115778.0
2519,Wholesale,4,131415.0
2520,Wholesale,7,228936.0
2521,Retail,14,369868.0
2522,Retail,4,109248.0
2523,Hospitality,19,465026.0
2524,Retail,11,291472.0
2525,Retail,4,72850.0
2526,Retail,9,177239.0
2527,Retail,9,142555.0
2528,Wholesale,15,474174.0
2529,Retail,2,74090.0
2530,Retail,18,546820.0
2531,Hospitality,3,124705.0
2532,Retail,11,265068.0
2533,Retail,4,109400.0
2535,Retail,8,137284.0
2536,Hospitality,15,340638.0
2537,Hospitality,2,32350.0
2538,Hospitality,19,406635.0
2539,Retail,16,437494.0
2540,Hospitality,3,48942.0
2541,Hospitality,18,434880.0
2542,Hospitality,7,165848.0
2543,Retail,15,316722.0
2545,Hospitality,21,483942.0
2546,Hospitality,6,90735.0
2547,Wholesale,5,113680.0
2548,Wholesale,19,710407.0
2549,Retail,2,74488.0
2550,Retail,7,128254.0
2551,Retail,6,102288.0
2552,Hospitality,19,396319.0
2553,Retail,7,149759.0
2554,Retail,10,242808.0
2555,Retail,20,478835.0
2556,Wholesale,16,427902.0
2557,Wholesale,12,336585.0
2558,Hospitality,9,141759.0
2559,Wholesale,20,724770.0
2560,Wholesale,16,521552.0
2561,Retail,7,226128.0
2562,Retail,15,309039.0
2563,Retail,8,187238.0
2564,Retail,9,187602.0
2565,Hospitality,3,31321.0
2566,Wholesale,3,73684.0
2567,Retail,9,249152.0
2568,Hospitality,3,72742.0
2569,Wholesale,1,18649.0
2570,Retail,4,167220.0
2571,Retail,13,353472.0
2572,Retail,1,10830.0
2573,Retail,24,538439.0
2575,Retail,4,184150.0
2576,Hospitality,15,349124.0
2577,Wholesale,18,563995.0
2579,Hospitality,18,457965.0
2580,Hospitality,3,39900.0
2581,Retail,4,97110.0
2583,Retail,16,290282.0
2584,Retail,6,61992.0
2585,Wholesale,20,492597.0
2586,Hospitality,7,86238.0
2587,Retail,1,5890.0
2588,Retail,9,255290.0
2589,Hospitality,14,261765.0
2590,Retail,5,104735.0
2591,Retail,6,169155.0
2592,Retail,16,381568.0
2593,Wholesale,10,352611.0
2594,Retail,6,151341.0
2595,Hospitality,9,171912.0
2596,Hospitality,7,216292.0
2597,Hospitality,5,86575.0
2598,Retail,2,55450.0
2599,Retail,6,153765.0
2600,Retail,4,141055.0
2601,Hospitality,1,34625.0
2602,Hospitality,4,106175.0
2603,Retail,6,186222.0
2604,Retail,9,189350.0
2605,Wholesale,23,737022.0
2606,Hospitality,18,427599.0
2607,Retail,7,80462.0
2608,Retail,15,270748.0
2609,Retail,17,333096.0
2610,Hospitality,17,480958.0
2611,Retail,7,149422.0
2612,Hospitality,14,342429.0
2613,Retail,18,427310.0
2614,Hospitality,3,61225.0
2615,Hospitality,8,195950.0
2616,Retail,7,179308.0
2617,Retail,4,120551.0
2618,Retail,4,128368.0
2619,Hospitality,16,260044.0
2620,Hospitality,15,214796.0
2621,Retail,9,219778.0
2622,Hospitality,5,64789.0
2623,Wholesale,18,710053.0
2624,Retail,9,226840.0
2625,Retail,11,215052.0
2626,Hospitality,4,67582.0
2627,Hospitality,5,167449.0
2628,Retail,5,109242.0
2629,Hospitality,17,350422.0
2630,Hospitality,5,75346.0
2631,Retail,7,157660.0
2632,Retail,19,624296.0
2633,Retail,7,117641.0
2634,Wholesale,8,310668.0
2635,Retail,10,255940.0
2636,Hospitality,19,472512.0
2637,Retail,9,188749.0
2638,Hospitality,16,469682.0
2639,Wholesale,20,638748.0
2640,Retail,15,307196.0
2641,Retail,21,572402.0
2642,Hospitality,3,30600.0
2643,Retail,19,435672.0
2644,Retail,14,274346.0
2645,Retail,3,122904.0
2646,Hospitality,9,175852.0
2647,Hospitality,5,79111.0
2648,Retail,6,114885.0
2649,Retail,5,174415.0
2651,Wholesale,19,366697.0
2652,Retail,8,226196.0
2653,Wholesale,6,159248.0
2654,Retail,10,181985.0
2655,Wholesale,17,651112.0
2656,Wholesale,8,222772.0
2657,Hospitality,4,65544.0
2658,Retail,18,398475.0
2659,Hospitality,17,339622.0
2660,Hospitality,15,257136.0
2661,Retail,7,163815.0
2662,Wholesale,9,369030.0
2664,Hospitality,2,75810.0
2665,Retail,6,143975.0
2666,Retail,10,270110.0
2667,Retail,16,472295.0
2668,Hospitality,4,82116.0
2669,Retail,8,267602.0
2670,Hospitality,7,176175.0
2671,Retail,19,477795.0
2672,Retail,16,397231.0
2673,Retail,18,371951.0
2674,Hospitality,5,150504.0
2675,Wholesale,12,266488.0
2676,Hospitality,8,166980.0
2677,Retail,8,206230.0
2678,Retail,3,115692.0
2679,Wholesale,18,630855.0
2680,Retail,18,453345.0
2681,Wholesale,8,177784.0
2683,Hospitality,4,58820.0
2684,Retail,4,25732.0
2685,Hospitality,5,121268.0
2686,Retail,10,242738.0
2687,Retail,16,406498.0
2688,Retail,16,401521.0
2690,Hospitality,16,352251.0
2691,Retail,4,104974.0
2692,Wholesale,18,660177.0
2693,Retail,3,82515.0
2694,Retail,8,139835.0
2695,Hospitality,8,284145.0
2696,Retail,8,182120.0
2697,Retail,4,69475.0
2698,Hospitality,6,127094.0
2699,Wholesale,7,243720.0
2701,Retail,15,329380.0
2702,Retail,7,162326.0
2703,Hospitality,1,25128.0
2704,Retail,11,189782.0
2705,Wholesale,18,514792.0
2706,Retail,15,277235.0
2707,Wholesale,22,657068.0
2708,Wholesale,20,681246.0
2709,Retail,5,112100.0
2710,Hospitality,9,251198.0
2711,Hospitality,4,73032.0
2712,Wholesale,19,681820.0
2713,Retail,6,172000.0
2715,Hospitality,5,48115.0
2717,Hospitality,18,391472.0
2718,Hospitality,9,178439.0
2719,Retail,4,100550.0
2720,Hospitality,8,157455.0
2721,Retail,17,283820.0
2722,Hospitality,4,66744.0
2723,Retail,18,517692.0
2724,Retail,19,520635.0
2725,Wholesale,5,148046.0
2727,Retail,17,434092.0
2728,Retail,9,199128.0
2729,Retail,15,345458.0
2730,Hospitality,2,81728.0
2731,Hospitality,5,117416.0
2732,Hospitality,4,67928.0
2733,Retail,16,423622.0
2734,Retail,2,73674.0
2735,Wholesale,21,725661.0
2736,Retail,15,349455.0
2737,Wholesale,16,601258.0
2738,Hospitality,17,330901.0
2739,Wholesale,10,286075.0
2741,Hospitality,5,105910.0
2742,Wholesale,10,291199.0
2743,Retail,3,63084.0
2744,Retail,16,299798.0
2745,Retail,5,113336.0
2747,Hospitality,7,143830.0
2748,Hospitality,5,141660.0
2749,Retail,4,142711.0
2750,Hospitality,7,207832.0
2751,Retail,8,155322.0
2752,Wholesale,6,232824.0
2754,Wholesale,13,408092.0
2755,Retail,8,185316.0
2756,Retail,18,407966.0
2757,Retail,4,75125.0
2758,Hospitality,15,334109.0
2759,Retail,9,143520.0
2761,Retail,7,84275.0
2762,Retail,9,209941.0
2763,Wholesale,12,261168.0
2764,Retail,8,188904.0
2765,Retail,18,421502.0
2766,Retail,7,152138.0
2767,Hospitality,9,202162.0
2768,Hospitality,9,201696.0
2769,Retail,7,132011.0
2770,Wholesale,3,131298.0
2771,Hospitality,4,77450.0
2772,Hospitality,8,96610.0
2773,Retail,19,471156.0
2774,Hospitality,4,118730.0
2775,Retail,7,49300.0
2776,Hospitality,5,122635.0
2777,Retail,19,416190.0
2779,Wholesale,17,514564.0
2780,Retail,3,91839.0
2781,Retail,3,41075.0
2782,Wholesale,22,799632.0
2783,Retail,2,33950.0
2784,Wholesale,3,83292.0
2785,Wholesale,19,589816.0
2786,Retail,2,44850.0
2789,Retail,8,160930.0
2790,Hospitality,7,326124.0
2792,Retail,6,89964.0
2793,Hospitality,10,232390.0
2794,Retail,6,75175.0
2795,Retail,3,108426.0
2796,Hospitality,6,154558.0
2797,Wholesale,9,283483.0
2798,Wholesale,14,520790.0
2799,Hospitality,2,31175.0
2800,Retail,4,148648.0
2801,Retail,3,140000.0
2802,Retail,2,46600.0
2803,Wholesale,19,588655.0
2804,Retail,5,179530.0
2805,Retail,7,96050.0
2806,Hospitality,3,120035.0
2807,Retail,5,108728.0
2808,Retail,19,375225.0
2809,Retail,15,279810.0
2810,Retail,8,140148.0
2811,Retail,16,381535.0
2812,Retail,3,25832.0
2813,Retail,10,237500.0
2814,Hospitality,8,183038.0
2815,Retail,6,161500.0
2816,Hospitality,15,388925.0
2817,Wholesale,19,769816.0
2818,Wholesale,20,717619.0
2819,Wholesale,15,471258.0
2820,Retail,3,63460.0
2822,Hospitality,17,410878.0
2823,Hospitality,17,334780.0
2824,Hospitality,8,195452.0
2825,Retail,5,125095.0
2826,Retail,2,45900.0
2827,Retail,9,117050.0
2828,Hospitality,6,121948.0
2829,Retail,15,429260.0
2831,Retail,6,207860.0
2832,Retail,8,199290.0
2833,Retail,9,201914.0
2834,Retail,3,116025.0
2835,Wholesale,21,799414.0
2836,Wholesale,4,199529.0
2837,Retail,7,210631.0
2838,Retail,8,182052.0
2839,Retail,18,425075.0
2840,Hospitality,18,355246.0
2841,Retail,9,223322.0
2842,Retail,19,395715.0
2843,Retail,6,123832.0
2844,Retail,7,208675.0
2845,Hospitality,13,265811.0
2846,Retail,5,70584.0
2847,Retail,3,38151.0
2848,Retail,6,152490.0
2849,Retail,8,137661.0
2851,Retail,5,87675.0
2852,Retail,5,103214.0
2853,Hospitality,19,417731.0
2854,Retail,6,132180.0
2855,Retail,17,429799.0
2856,Retail,19,386234.0
2858,Wholesale,17,447644.0
2859,Hospitality,4,107885.0
2860,Hospitality,14,319265.0
2862,Hospitality,8,254275.0
2863,Retail,6,151766.0
2865,Wholesale,10,378720.0
2866,Retail,7,145428.0
2868,Retail,2,16100.0
2869,Retail,8,161180.0
2870,Hospitality,4,68075.0
2871,Hospitality,15,379929.0
2872,Retail,6,118138.0
2874,Retail,11,177948.0
2875,Retail,8,200422.0
2876,Retail,4,101405.0
2877,Retail,2,25262.0
2878,Hospitality,8,117784.0
2879,Retail,7,153220.0
2880,Retail,10,232390.0
2881,Retail,7,205250.0
2882,Hospitality,4,115718.0
2883,Wholesale,20,687904.0
2884,Retail,4,105575.0
2885,Retail,7,97578.0
2888,Hospitality,5,84554.0
2890,Retail,2,36650.0
2891,Hospitality,8,185622.0
2893,Hospitality,10,176151.0
2894,Retail,12,214642.0
2895,Retail,3,71105.0
2896,Retail,13,388602.0
2897,Hospitality,17,343835.0
2898,Hospitality,5,98355.0
2900,Retail,7,178580.0
2901,Retail,8,156735.0
2902,Retail,2,48765.0
2903,Retail,9,200581.0
2904,Retail,4,113848.0
2905,Retail,8,239975.0
2906,Retail,7,126234.0
2907,Retail,4,45725.0
2908,Retail,20,436409.0
2909,Retail,10,151364.0
2910,Hospitality,9,214162.0
2911,Retail,6,98625.0
2912,Wholesale,14,499595.0
2913,Hospitality,8,183912.0
2914,Retail,20,335938.0
2915,Retail,10,233032.0
2917,Retail,15,250928.0
2918,Retail,15,417800.0
2919,Retail,14,346422.0
2920,Wholesale,5,160645.0
2921,Retail,11,369415.0
2922,Hospitality,5,165775.0
2923,Hospitality,17,464686.0
2924,Retail,3,112525.0
2925,Retail,6,99592.0
2926,Wholesale,5,129034.0
2927,Hospitality,15,275072.0
2928,Retail,9,196851.0
2930,Retail,9,268002.0
2931,Hospitality,7,112325.0
2932,Retail,7,157630.0
2933,Hospitality,17,473495.0
2934,Retail,4,40080.0
2935,Retail,2,28274.0
2937,Retail,5,117638.0
2938,Retail,7,165380.0
2939,Retail,9,182768.0
2940,Retail,17,373872.0
2941,Hospitality,9,155342.0
2942,Hospitality,6,161692.0
2943,Retail,4,159695.0
2944,Hospitality,15,356176.0
2945,Hospitality,17,384009.0
2946,Retail,2,42525.0
2947,Retail,20,487848.0
2948,Retail,5,128900.0
2949,Hospitality,2,101865.0
2950,Wholesale,15,487560.0
2951,Retail,16,396252.0
2952,Retail,16,406538.0
2953,Retail,6,75525.0
2954,Hospitality,10,213600.0
2955,Retail,19,453362.0
2956,Hospitality,17,351610.0
2957,Retail,4,110000.0
2958,Retail,20,559672.0
2959,Retail,3,89060.0
2960,Wholesale,10,306548.0
2961,Retail,3,65775.0
2962,Wholesale,22,790833.0
2963,Retail,20,497529.0
2964,Retail,15,361110.0
2965,Hospitality,10,244872.0
2966,Retail,16,348834.0
2967,Retail,21,438774.0
2968,Hospitality,13,194875.0
2970,Hospitality,4,94678.0
2971,Hospitality,16,266758.0
2972,Retail,5,68594.0
2974,Hospitality,6,153318.0
2975,Retail,17,371995.0
2976,Wholesale,20,638931.0
2977,Retail,7,174648.0
2978,Hospitality,5,83445.0
2979,Retail,5,185922.0
2980,Hospitality,7,188988.0
2982,Hospitality,17,369706.0
2983,Wholesale,8,222519.0
2984,Retail,14,326282.0
2985,Retail,13,389208.0
2986,Hospitality,3,61850.0
2987,Retail,9,172178.0
2988,Retail,5,152775.0
2989,Wholesale,16,539635.0
2990,Retail,21,464805.0
2991,Retail,2,82450.0
2992,Retail,5,134545.0
2993,Retail,5,166602.0
2994,Retail,14,316092.0
2995,Hospitality,4,42182.0
2996,Retail,4,190231.0
2997,Retail,4,120238.0
2998,Wholesale,7,333968.0
2999,Retail,17,493091.0
3000,Retail,3,65870.0
3001,Retail,20,343661.0
3002,Wholesale,7,284830.0
3003,Retail,5,142588.0
3004,Retail,18,599128.0
3005,Retail,1,32850.0
3006,Hospitality,5,96002.0
3007,Retail,12,207852.0
3008,Hospitality,2,55852.0
3010,Hospitality,14,337210.0
3011,Retail,6,172275.0
3012,Hospitality,14,421475.0
3013,Retail,15,336294.0
3014,Retail,7,107422.0
3017,Retail,4,132830.0
3018,Wholesale,4,208620.0
3019,Hospitality,8,167619.0
3020,Wholesale,15,558523.0
3021,Retail,8,104320.0
3022,Retail,6,165245.0
3023,Wholesale,18,588264.0
3024,Retail,10,169950.0
3025,Retail,7,98920.0
3026,Wholesale,16,578916.0
3027,Retail,16,289479.0
3028,Hospitality,13,275812.0
3029,Hospitality,8,159120.0
3030,Retail,17,422178.0
3031,Retail,10,228225.0
3033,Wholesale,11,259308.0
3034,Wholesale,12,210466.0
3035,Wholesale,15,455343.0
3036,Retail,16,470980.0
3037,Retail,5,82738.0
3038,Retail,8,263988.0
3039,Hospitality,4,65809.0
3040,Retail,9,179599.0
3041,Hospitality,4,93870.0
3042,Hospitality,17,533504.0
3044,Retail,22,508524.0
3045,Wholesale,24,633848.0
3046,Retail,5,70748.0
3047,Retail,8,220610.0
3048,Hospitality,7,165432.0
3049,Retail,7,180649.0
3050,Retail,9,146660.0
3051,Wholesale,5,94472.0
3052,Hospitality,19,392422.0
3053,Hospitality,6,162624.0
3054,Hospitality,6,186012.0
3055,Hospitality,9,263002.0
3056,Wholesale,13,451860.0
3057,Hospitality,3,79590.0
3058,Retail,4,118035.0
3059,Hospitality,11,202052.0
3060,Retail,6,144892.0
3061,Hospitality,5,155315.0
3062,Retail,13,265130.0
3063,Wholesale,22,675320.0
3064,Retail,15,311676.0
3065,Hospitality,3,74450.0
3066,Retail,7,180261.0
3067,Retail,15,371438.0
3068,Retail,7,198892.0
3069,Retail,10,256955.0
3070,Retail,4,161092.0
3071,Retail,7,135308.0
3072,Hospitality,4,152612.0
3073,Hospitality,19,463416.0
3074,Retail,6,151508.0
3075,Retail,19,440592.0
3076,Retail,9,191811.0
3077,Wholesale,23,642213.0
3078,Hospitality,7,209829.0
3079,Retail,1,16340.0
3080,Retail,7,236288.0
3081,Retail,15,337965.0
3082,Retail,17,429144.0
3083,Retail,16,245585.0
3084,Retail,4,118222.0
3085,Retail,19,337320.0
3086,Hospitality,6,126765.0
3087,Retail,6,74185.0
3088,Retail,19,413189.0
3089,Hospitality,9,165360.0
3090,Retail,8,165556.0
3091,Retail,5,127594.0
3092,Retail,7,150589.0
3093,Retail,3,155332.0
3094,Retail,19,377254.0
3095,Hospitality,18,396318.0
3096,Hospitality,9,166239.0
3097,Retail,4,22766.0
3098,Retail,8,193860.0
3099,Retail,15,296171.0
3100,Wholesale,14,528512.0
3101,Retail,1,27200.0
3102,Wholesale,13,287106.0
3103,Retail,18,455650.0
3104,Hospitality,7,158448.0
3105,Hospitality,19,354141.0
3106,Retail,16,508005.0
3107,Retail,17,413764.0
3108,Wholesale,5,157292.0
3109,Retail,6,111270.0
3112,Retail,15,284481.0
3113,Retail,2,43350.0
3114,Wholesale,18,775632.0
3115,Wholesale,19,695590.0
3116,Retail,10,286079.0
3118,Wholesale,19,646386.0
3119,Retail,17,434241.0
3120,Hospitality,3,142270.0
3121,Retail,6,158475.0
3122,Retail,15,510822.0
3124,Wholesale,23,550772.0
3125,Retail,14,286045.0
3127,Retail,5,79562.0
3128,Retail,4,91298.0
3129,Hospitality,8,112732.0
3130,Retail,4,40044.0
3131,Hospitality,9,265640.0
3132,Hospitality,16,489441.0
3133,Retail,7,142735.0
3134,Retail,9,283082.0
3135,Retail,7,98625.0
3136,Retail,6,105438.0
3137,Retail,9,223732.0
3138,Retail,4,108694.0
3139,Retail,7,64970.0
3140,Retail,7,142561.0
3141,Hospitality,16,330496.0
3142,Hospitality,6,134556.0
3143,Retail,16,397502.0
3144,Retail,7,144679.0
3145,Retail,9,244821.0
3146,Hospitality,15,381782.0
3147,Hospitality,19,541460.0
3148,Wholesale,19,475867.0
3149,Wholesale,19,634022.0
3150,Retail,6,140340.0
3151,Hospitality,18,469370.0
3152,Retail,17,450839.0
3153,Hospitality,4,120332.0
3154,Hospitality,9,195672.0
3155,Retail,15,307005.0
3156,Retail,17,353318.0
3157,Hospitality,16,380098.0
3158,Wholesale,19,497994.0
3159,Hospitality,2,46242.0
3160,Retail,18,493781.0
3161,Wholesale,15,241665.0
3162,Wholesale,18,491966.0
3163,Retail,5,65375.0
3164,Retail,5,73025.0
3165,Hospitality,3,89939.0
3166,Retail,3,126492.0
3167,Retail,6,61055.0
3168,Wholesale,22,724330.0
3169,Wholesale,4,101351.0
3170,Retail,6,161514.0
3171,Hospitality,3,90622.0
3172,Retail,9,150215.0
3174,Hospitality,14,268220.0
3175,Hospitality,7,182418.0
3176,Retail,10,235734.0
3177,Retail,13,304815.0
3178,Retail,12,216860.0
3179,Retail,11,226805.0
3180,Retail,19,721100.0
3181,Hospitality,7,159515.0
3182,Hospitality,15,282265.0
3183,Hospitality,13,206922.0
3184,Wholesale,17,563593.0
3185,Hospitality,2,44439.0
3186,Wholesale,16,562167.0
3187,Retail,9,241928.0
3188,Retail,16,358072.0
3189,Retail,6,122850.0
3190,Hospitality,17,408369.0
3191,Retail,18,487868.0
3192,Retail,13,169651.0
3193,Retail,7,105974.0
3194,Retail,8,259172.0
3195,Wholesale,5,138452.0
3196,Hospitality,18,423429.0
3197,Retail,15,283046.0
3198,Retail,9,161900.0
3199,Retail,8,132409.0
3200,Hospitality,6,123972.0
3201,Hospitality,6,97896.0
3202,Retail,15,341414.0
3204,Retail,3,45912.0
3205,Retail,8,182248.0
3206,Retail,18,434100.0
3207,Retail,13,297468.0
3208,Retail,5,91855.0
3209,Retail,4,147700.0
3210,Hospitality,5,126322.0
3212,Retail,14,227111.0
3213,Retail,4,88238.0
3214,Hospitality,14,319586.0
3215,Retail,8,195304.0
3216,Hospitality,5,112008.0
3217,Retail,17,589005.0
3218,Retail,3,132008.0
3219,Retail,5,187988.0
3220,Retail,6,206174.0
3221,Hospitality,7,123420.0
3222,Wholesale,8,174016.0
3223,Retail,18,466855.0
3224,Wholesale,17,582526.0
3225,Retail,5,139478.0
3226,Retail,3,60725.0
3227,Hospitality,16,286584.0
3228,Retail,5,161802.0
3229,Retail,4,155515.0
3230,Wholesale,18,560110.0
3231,Hospitality,2,11225.0
3232,Retail,18,474522.0
3233,Hospitality,2,31190.0
3234,Retail,18,543080.0
3235,Hospitality,14,301278.0
3236,Hospitality,5,143436.0
3237,Wholesale,18,552966.0
3238,Hospitality,10,280726.0
3239,Hospitality,17,404089.0
3240,Hospitality,17,331829.0
3241,Retail,6,126740.0
3242,Wholesale,21,733756.0
3243,Wholesale,18,799134.0
3244,Wholesale,19,422046.0
3245,Retail,9,159530.0
3246,Retail,9,255481.0
3247,Hospitality,17,440722.0
3248,Retail,9,118880.0
3249,Retail,4,130238.0
3250,Retail,19,341755.0
3251,Wholesale,17,627614.0
3252,Wholesale,19,796930.0
3253,Wholesale,3,46182.0
3254,Retail,5,77042.0
3255,Wholesale,19,558782.0
3256,Retail,8,186205.0
3257,Retail,6,163038.0
3258,Hospitality,2,33810.0
3259,Retail,4,48860.0
3260,Retail,11,294182.0
3262,Hospitality,15,347838.0
3263,Wholesale,25,740358.0
3264,Retail,17,311732.0
3265,Hospitality,3,39568.0
3266,Hospitality,5,92438.0
3267,Retail,7,268778.0
3268,Hospitality,19,432569.0
3269,Retail,8,131712.0
3270,Retail,6,162215.0
3271,Wholesale,6,143310.0
3272,Retail,6,174858.0
3273,Retail,8,141361.0
3274,Retail,6,78105.0
3276,Retail,2,107650.0
3277,Wholesale,11,286420.0
3278,Retail,9,213978.0
3279,Retail,4,80966.0
3280,Retail,17,523405.0
3281,Retail,8,226401.0
3282,Hospitality,7,158035.0
3283,Retail,4,100960.0
3284,Retail,3,38690.0
3285,Hospitality,8,131288.0
3286,Hospitality,10,256086.0
3287,Retail,10,275098.0
3288,Hospitality,5,107988.0
3289,Retail,10,135652.0
3290,Hospitality,14,261389.0
3291,Retail,18,322244.0
3292,Hospitality,3,50369.0
3293,Hospitality,9,226396.0
3294,Hospitality,6,155108.0
3295,Wholesale,23,727064.0
3296,Retail,5,148099.0
3298,Wholesale,23,572714.0
3299,Hospitality,13,263669.0
3300,Retail,7,147920.0
3301,Retail,7,142216.0
3302,Wholesale,12,330410.0
3303,Retail,9,126250.0
3304,Hospitality,8,153009.0
3305,Retail,18,453719.0
3306,Wholesale,15,541440.0
3307,Retail,14,354212.0
3308,Retail,16,392292.0
3309,Retail,14,268851.0
3310,Retail,15,257839.0
3311,Hospitality,5,142710.0
3312,Retail,2,19024.0
3313,Retail,15,382620.0
3314,Retail,3,60968.0
3315,Wholesale,18,618320.0
3316,Hospitality,8,175230.0
3317,Wholesale,11,343326.0
3318,Retail,5,182410.0
3319,Hospitality,15,364385.0
3320,Retail,8,208321.0
3321,Retail,9,228465.0
3322,Hospitality,20,507872.0
3323,Hospitality,2,22275.0
3324,Retail,8,166250.0
3325,Retail,7,187730.0
3326,Wholesale,25,891322.0
3327,Hospitality,6,124255.0
3328,Retail,7,122278.0
3329,Retail,6,173030.0
3330,Retail,4,142392.0
3331,Wholesale,8,231904.0
3332,Hospitality,7,139432.0
3333,Hospitality,18,308825.0
3335,Hospitality,15,298184.0
3336,Retail,16,366408.0
3337,Hospitality,19,458919.0
3338,Retail,10,211081.0
3339,Retail,5,99388.0
3340,Retail,11,337515.0
3341,Retail,9,176475.0
3342,Retail,19,308632.0
3343,Retail,6,122550.0
3344,Hospitality,8,183106.0
3345,Hospitality,7,156328.0
3346,Retail,9,204695.0
3347,Wholesale,20,498185.0
3348,Retail,19,606825.0
3349,Retail,11,195465.0
3350,Retail,19,433434.0
3351,Wholesale,8,330781.0
3353,Retail,15,434695.0
3354,Retail,4,105780.0
3355,Retail,17,433088.0
3356,Wholesale,19,615174.0
3357,Retail,7,130975.0
3358,Retail,6,123280.0
3359,Retail,9,194360.0
3360,Retail,18,377902.0
3361,Wholesale,21,738519.0
3362,Hospitality,3,102110.0
3364,Retail,6,150495.0
3365,Retail,3,115312.0
3366,Retail,8,186378.0
3367,Retail,17,367064.0
3368,Retail,5,33345.0
3369,Retail,7,211899.0
3370,Hospitality,8,168835.0
3371,Retail,4,40900.0
3372,Retail,20,543032.0
3373,Retail,17,516376.0
3374,Hospitality,8,122835.0
3375,Retail,2,87905.0
3376,Hospitality,14,241278.0
3378,Retail,9,106709.0
3379,Retail,18,356930.0
3380,Retail,7,215504.0
3381,Hospitality,9,217040.0
3382,Retail,7,138832.0
3383,Retail,5,78858.0
3384,Hospitality,2,22325.0
3385,Retail,19,463840.0
3386,Retail,14,323579.0
3387,Hospitality,7,117368.0
3388,Hospitality,7,139078.0
3389,Retail,8,173918.0
3390,Hospitality,16,246320.0
3391,Hospitality,3,92952.0
3393,Hospitality,16,314699.0
3394,Hospitality,4,60049.0
3395,Retail,3,56500.0
3396,Hospitality,5,163375.0
3397,Hospitality,17,439832.0
3398,Wholesale,19,642770.0
3399,Retail,8,228842.0
3400,Retail,18,436770.0
3401,Retail,6,92624.0
3402,Retail,5,178220.0
3403,Retail,7,150755.0
3404,Retail,15,376682.0
3405,Retail,7,114628.0
3406,Hospitality,18,329710.0
3407,Retail,5,247678.0
3408,Wholesale,24,770149.0
3409,Retail,16,258955.0
3410,Retail,18,391838.0
3411,Hospitality,14,456384.0
3412,Hospitality,6,169518.0
3414,Retail,5,156240.0
3416,Retail,4,52328.0
3417,Retail,6,148502.0
3418,Retail,6,136744.0
3419,Wholesale,23,663142.0
3420,Retail,15,398800.0
3421,Retail,7,223018.0
3422,Retail,17,481242.0
3423,Retail,5,181120.0
3425,Wholesale,5,89333.0
3426,Hospitality,19,511598.0
3427,Retail,17,416086.0
3428,Retail,16,350350.0
3429,Retail,5,81522.0
3430,Wholesale,19,523444.0
3431,Hospitality,4,112195.0
3432,Retail,17,354760.0
3434,Retail,15,491635.0
3435,Retail,3,71638.0
3436,Wholesale,22,613624.0
3437,Hospitality,18,322355.0
3438,Wholesale,22,800270.0
3439,Hospitality,3,105290.0
3440,Retail,17,404045.0
3441,Hospitality,18,404375.0
3442,Retail,5,172374.0
3443,Retail,4,87368.0
3444,Retail,6,123862.0
3445,Retail,6,141790.0
3446,Retail,17,300072.0
3448,Hospitality,4,58660.0
3449,Hospitality,16,336850.0
3450,Retail,7,156992.0
3451,Retail,19,349992.0
3452,Hospitality,6,142372.0
3453,Retail,4,70015.0
3454,Hospitality,7,122175.0
3455,Hospitality,1,27075.0
3456,Wholesale,25,718785.0
3457,Retail,17,382605.0
3458,Retail,10,136709.0
3459,Retail,2,46416.0
3460,Retail,5,164542.0
3461,Hospitality,3,76224.0
3462,Hospitality,7,131534.0
3463,Wholesale,18,412042.0
3464,Wholesale,10,439560.0
3465,Retail,3,82455.0
3466,Hospitality,9,195164.0
3467,Wholesale,6,238824.0
3468,Wholesale,22,716103.0
3469,Retail,8,206599.0
3470,Hospitality,17,379131.0
3471,Retail,7,164275.0
3473,Retail,19,381105.0
3474,Hospitality,21,409336.0
3475,Retail,8,43222.0
3477,Hospitality,7,82958.0
3478,Retail,5,120395.0
3479,Hospitality,3,133455.0
3480,Retail,2,64681.0
3481,Retail,15,325845.0
3482,Wholesale,16,436902.0
3483,Retail,17,348635.0
3484,Retail,6,127750.0
3485,Retail,16,342612.0
3486,Retail,9,178650.0
3487,Hospitality,6,177626.0
3488,Retail,7,100811.0
3489,Wholesale,15,410463.0
3490,Retail,19,394749.0
3491,Hospitality,1,41325.0
3492,Hospitality,19,377810.0
3493,Retail,7,159474.0
3494,Retail,20,444130.0
3495,Retail,20,444898.0
3496,Retail,3,75590.0
3497,Wholesale,23,993853.0
3498,Retail,4,75981.0
3499,Wholesale,18,628956.0
3500,Retail,12,220002.0
3501,Hospitality,9,180508.0
3504,Retail,4,115298.0
3505,Retail,5,89975.0
3506,Retail,8,248538.0
3507,Hospitality,17,418831.0
3508,Wholesale,17,386432.0
3509,Retail,3,49090.0
3510,Wholesale,23,633221.0
3511,Retail,5,99502.0
3512,Retail,10,160515.0
3513,Retail,8,246969.0
3514,Retail,10,191115.0
3515,Hospitality,5,150330.0
3516,Retail,1,19400.0
3517,Retail,8,177912.0
3518,Hospitality,16,352639.0
3519,Hospitality,4,132430.0
3520,Wholesale,19,510130.0
3521,Hospitality,9,137315.0
3522,Hospitality,1,24700.0
3523,Hospitality,18,455489.0
3524,Retail,17,385984.0
3525,Retail,8,169512.0
3526,Hospitality,9,246912.0
3527,Retail,7,168602.0
3528,Retail,17,386730.0
3529,Retail,6,145185.0
3530,Retail,9,217800.0
3531,Retail,4,98550.0
3533,Retail,12,279212.0
3534,Hospitality,4,73374.0
3535,Hospitality,5,121024.0
3536,Retail,5,124705.0
3537,Wholesale,18,552124.0
3538,Retail,15,296330.0
3539,Retail,7,166414.0
3540,Retail,9,210370.0
3541,Retail,10,234738.0
3542,Retail,17,450550.0
3543,Retail,2,71070.0
3546,Wholesale,10,307230.0
3547,Retail,18,407855.0
3548,Retail,16,420242.0
3549,Retail,16,344954.0
3550,Wholesale,22,687283.0
3551,Retail,13,222945.0
3554,Retail,9,235340.0
3556,Wholesale,20,531080.0
3558,Retail,7,194012.0
3559,Retail,6,155350.0
3560,Wholesale,18,531000.0
3561,Retail,18,342614.0
3562,Hospitality,6,167466.0
3564,Retail,12,280388.0
3565,Hospitality,3,74086.0
3566,Retail,8,195772.0
3567,Retail,13,280425.0
3568,Retail,8,169616.0
3569,Wholesale,23,565190.0
3570,Wholesale,11,320472.0
3571,Retail,11,273795.0
3572,Retail,6,112840.0
3573,Retail,4,228222.0
3574,Hospitality,7,131910.0
3575,Retail,18,375010.0
3576,Retail,9,192326.0
3577,Retail,6,214735.0
3578,Wholesale,22,909521.0
3579,Hospitality,7,181965.0
3580,Retail,4,87485.0
3581,Wholesale,23,680413.0
3582,Hospitality,1,4600.0
3583,Hospitality,5,128130.0
3584,Retail,9,253241.0
3585,Retail,18,431120.0
3586,Retail,3,40688.0
3587,Retail,7,124269.0
3588,Retail,6,71360.0
3589,Retail,23,738991.0
3590,Retail,10,321885.0
3592,Hospitality,3,22514.0
3593,Wholesale,17,394451.0
3594,Wholesale,8,260885.0
3595,Retail,14,401049.0
3596,Wholesale,8,183804.0
3597,Hospitality,6,203102.0
3598,Retail,10,201515.0
3599,Retail,18,361828.0
3600,Retail,15,333132.0
3601,Retail,4,173340.0
3602,Retail,16,325825.0
3603,Retail,9,189040.0
3604,Retail,7,157800.0
3605,Retail,4,135000.0
3606,Retail,17,387454.0
3607,Retail,15,334430.0
3608,Retail,8,160836.0
3610,Retail,17,434221.0
3611,Retail,5,116180.0
3614,Hospitality,14,385764.0
3615,Retail,14,271825.0
3616,Hospitality,7,165525.0
3617,Retail,18,373454.0
3618,Retail,4,61364.0
3619,Retail,10,233402.0
3621,Hospitality,14,285391.0
3623,Retail,17,528338.0
3624,Hospitality,18,386860.0
3625,Hospitality,3,83420.0
3626,Wholesale,22,757393.0
3627,Retail,2,71439.0
3628,Retail,9,169658.0
3629,Wholesale,5,214716.0
3630,Retail,11,201490.0
3631,Retail,17,349355.0
3632,Retail,8,106638.0
3633,Wholesale,7,393588.0
3634,Hospitality,4,129142.0
3636,Retail,6,193306.0
3637,Hospitality,3,62110.0
3638,Retail,16,383068.0
3639,Wholesale,9,184200.0
3641,Retail,9,164715.0
3643,Retail,8,93509.0
3644,Hospitality,2,70771.0
3645,Hospitality,10,149912.0
3646,Hospitality,15,352589.0
3647,Wholesale,7,193792.0
3648,Retail,7,190748.0
3649,Retail,10,300136.0
3650,Retail,17,299321.0
3651,Hospitality,16,348892.0
3652,Retail,7,275148.0
3653,Hospitality,7,156228.0
3654,Retail,9,98270.0
3655,Retail,7,134616.0
3656,Retail,8,231570.0
3657,Retail,10,235310.0
3658,Retail,14,358692.0
3659,Retail,9,226292.0
3660,Retail,3,75014.0
3661,Wholesale,9,329310.0
3662,Hospitality,19,360395.0
3663,Hospitality,14,324376.0
3664,Retail,9,191945.0
3665,Retail,10,219459.0
3666,Hospitality,6,80715.0
3668,Retail,5,92005.0
3669,Hospitality,4,103202.0
3670,Hospitality,5,118335.0
3671,Retail,17,514205.0
3672,Retail,18,340571.0
3673,Retail,10,253478.0
3674,Retail,7,225555.0
3675,Hospitality,1,30050.0
3676,Retail,6,170945.0
3677,Hospitality,15,287399.0
3678,Retail,9,204325.0
3679,Retail,9,181632.0
3680,Retail,18,386455.0
3681,Wholesale,7,194370.0
3682,Retail,3,121865.0
3683,Wholesale,5,72006.0
3684,Hospitality,11,165732.0
3685,Wholesale,1,15015.0
3686,Retail,8,175320.0
3687,Retail,5,120492.0
3688,Retail,12,183151.0
3689,Retail,8,224200.0
3690,Retail,11,214540.0
3691,Hospitality,17,455726.0
3693,Hospitality,3,67139.0
3694,Wholesale,18,486042.0
3695,Retail,16,326490.0
3697,Retail,10,160072.0
3698,Retail,18,464404.0
3699,Wholesale,25,955338.0
3700,Retail,15,341718.0
3701,Hospitality,9,235722.0
3702,Hospitality,17,361600.0
3703,Retail,5,144798.0
3705,Hospitality,7,182855.0
3706,Retail,9,191941.0
3707,Hospitality,9,205726.0
3708,Retail,17,413365.0
3709,Retail,9,226526.0
3710,Hospitality,9,181838.0
3711,Wholesale,11,358329.0
3712,Retail,9,191572.0
3713,Retail,3,86698.0
3714,Retail,2,35060.0
3716,Hospitality,6,194836.0
3717,Wholesale,3,87565.0
3718,Hospitality,3,38988.0
3719,Retail,2,29350.0
3720,Retail,6,178672.0
3721,Retail,9,222840.0
3722,Retail,18,442989.0
3723,Hospitality,4,96835.0
3724,Hospitality,5,113925.0
3725,Retail,11,336218.0
3726,Hospitality,16,455529.0
3727,Hospitality,1,31675.0
3728,Hospitality,7,128220.0
3729,Retail,5,147755.0
3730,Retail,15,289109.0
3731,Retail,14,260415.0
3732,Retail,10,253071.0
3733,Wholesale,2,115084.0
3734,Retail,7,187955.0
3735,Retail,16,409359.0
3736,Hospitality,4,44675.0
3737,Retail,7,171371.0
3738,Hospitality,5,96749.0
3739,Retail,9,275480.0
3740,Retail,10,397560.0
3741,Retail,7,124205.0
3743,Wholesale,15,541255.0
3745,Retail,18,527382.0
3746,Retail,14,454609.0
3747,Retail,7,249762.0
3749,Retail,12,352515.0
3750,Retail,7,96582.0
3751,Hospitality,4,143855.0
3752,Retail,11,218678.0
3753,Retail,9,116866.0
3754,Wholesale,19,530725.0
3755,Retail,9,193269.0
3756,Retail,3,67298.0
3757,Hospitality,17,320009.0
3759,Retail,8,224312.0
3760,Wholesale,15,361122.0
3761,Wholesale,20,505306.0
3762,Retail,16,396416.0
3763,Retail,17,414052.0
3764,Hospitality,3,78068.0
3765,Retail,4,101550.0
3766,Retail,7,218190.0
3767,Wholesale,4,166680.0
3768,Hospitality,3,44029.0
3769,Retail,11,253719.0
3770,Retail,17,396122.0
3771,Hospitality,14,241189.0
3772,Retail,15,414090.0
3773,Retail,3,114146.0
3774,Retail,17,479805.0
3775,Retail,4,86560.0
3776,Hospitality,18,437732.0
3777,Retail,7,165350.0
3778,Retail,18,313072.0
3779,Retail,9,218430.0
3780,Retail,19,498270.0
3781,Wholesale,14,470044.0
3782,Retail,8,148536.0
3783,Retail,2,32875.0
3784,Wholesale,11,280146.0
3786,Hospitality,17,508776.0
3788,Retail,19,544968.0
3789,Retail,7,191302.0
3790,Hospitality,3,54055.0
3791,Retail,12,363942.0
3792,Retail,10,214621.0
3793,Retail,14,300224.0
3794,Hospitality,16,401072.0
3795,Wholesale,20,595155.0
3796,Retail,17,480284.0
3798,Hospitality,13,343600.0
3799,Wholesale,21,819331.0
3800,Retail,2,76212.0
3801,Wholesale,23,720290.0
3802,Retail,3,69950.0
3803,Retail,17,328305.0
3804,Hospitality,17,466434.0
3805,Retail,3,53171.0
3806,Hospitality,17,441165.0
3807,Retail,14,350895.0
3808,Hospitality,2,94408.0
3809,Retail,8,209360.0
3810,Retail,5,106892.0
3811,Hospitality,3,128385.0
3812,Retail,4,72895.0
3813,Retail,4,68165.0
3814,Retail,9,174961.0
3815,Retail,8,162892.0
3816,Retail,5,127358.0
3817,Hospitality,10,208398.0
3818,Wholesale,7,280294.0
3821,Hospitality,6,233205.0
3822,Hospitality,12,290878.0
3823,Hospitality,18,267639.0
3824,Hospitality,17,347528.0
3825,Hospitality,20,421326.0
3826,Retail,16,386154.0
3827,Hospitality,5,104829.0
3828,Retail,4,152525.0
3829,Retail,1,21675.0
3830,Retail,7,130898.0
3831,Wholesale,19,708344.0
3832,Wholesale,5,84022.0
3833,Hospitality,9,196245.0
3834,Retail,13,249236.0
3835,Wholesale,11,356590.0
3836,Wholesale,23,791554.0
3837,Hospitality,3,26425.0
3838,Hospitality,10,210318.0
3839,Wholesale,7,261205.0
3840,Retail,5,79784.0
3842,Hospitality,5,139492.0
3843,Retail,18,462719.0
3844,Retail,7,146295.0
3845,Wholesale,7,251696.0
3846,Wholesale,11,328704.0
3847,Hospitality,13,296446.0
3848,Hospitality,10,247325.0
3849,Hospitality,6,167858.0
3850,Retail,9,195992.0
3851,Wholesale,20,516904.0
3852,Retail,3,58675.0
3853,Retail,18,563248.0
3854,Wholesale,11,210682.0
3855,Wholesale,19,552824.0
3856,Retail,6,120250.0
3857,Hospitality,5,209315.0
3858,Hospitality,4,156658.0
3859,Retail,10,163878.0
3860,Hospitality,20,327919.0
3861,Retail,4,181018.0
3862,Retail,5,126000.0
3863,Retail,10,265710.0
3864,Wholesale,17,423114.0
3865,Retail,7,213460.0
3867,Retail,5,206465.0
3868,Hospitality,5,175024.0
3869,Hospitality,10,301646.0
3870,Hospitality,18,426954.0
3871,Hospitality,5,115090.0
3872,Retail,7,224236.0
3873,Wholesale,19,523342.0
3874,Retail,10,306070.0
3875,Wholesale,19,462798.0
3876,Hospitality,7,143950.0
3877,Retail,5,112900.0
3878,Retail,8,184280.0
3880,Retail,10,192214.0
3881,Retail,7,183128.0
3882,Hospitality,2,20825.0
3883,Retail,16,420989.0
3884,Retail,15,376375.0
3885,Retail,9,167939.0
3886,Retail,16,321710.0
3887,Wholesale,18,664874.0
3888,Retail,16,349678.0
3889,Hospitality,8,222369.0
3890,Retail,6,150765.0
3891,Hospitality,8,149584.0
3892,Retail,5,170105.0
3893,Retail,5,165378.0
3894,Wholesale,24,611726.0
3895,Retail,16,443009.0
3896,Retail,11,274118.0
3897,Wholesale,17,286144.0
3898,Hospitality,8,216609.0
3899,Hospitality,16,335132.0
3900,Hospitality,4,89070.0
3901,Retail,3,111100.0
3902,Retail,6,133278.0
3904,Retail,1,33300.0
3905,Hospitality,6,143156.0
3906,Hospitality,18,373580.0
3907,Retail,5,138785.0
3908,Retail,8,171895.0
3909,Hospitality,15,305056.0
3910,Wholesale,15,549492.0
3911,Retail,7,108225.0
3912,Hospitality,16,318484.0
3913,Retail,6,172815.0
3914,Hospitality,17,467582.0
3915,Hospitality,3,95288.0
3916,Hospitality,19,391915.0
3917,Retail,5,99830.0
3918,Retail,17,431710.0
3919,Retail,14,383460.0
3920,Wholesale,16,680070.0
3921,Retail,5,59775.0
3922,Hospitality,19,517564.0
3923,Retail,15,317225.0
3924,Retail,15,227920.0
3925,Retail,9,202122.0
3926,Hospitality,3,56829.0
3927,Hospitality,14,323686.0
3928,Retail,7,141152.0
3929,Hospitality,2,55968.0
3931,Wholesale,18,605800.0
3932,Hospitality,1,17500.0
3933,Wholesale,9,238084.0
3934,Retail,2,71482.0
3935,Hospitality,20,500815.0
3936,Retail,2,31975.0
3937,Retail,16,418692.0
3938,Retail,17,393440.0
3939,Hospitality,5,88882.0
3940,Hospitality,8,178589.0
3941,Retail,7,147071.0
3942,Retail,8,159065.0
3943,Retail,15,404082.0
3944,Retail,19,488155.0
3946,Retail,6,204350.0
3948,Hospitality,1,37255.0
3950,Retail,6,123495.0
3951,Hospitality,10,274050.0
3952,Retail,6,166926.0
3953,Retail,14,306960.0
3954,Retail,2,48850.0
3955,Hospitality,7,136035.0
3956,Retail,14,347165.0
3957,Retail,17,221988.0
3958,Retail,8,254332.0
3959,Retail,4,92388.0
3960,Hospitality,9,188016.0
3961,Wholesale,8,254869.0
3962,Retail,3,108700.0
3963,Hospitality,3,112200.0
3964,Hospitality,18,424878.0
3965,Wholesale,21,669396.0
3967,Hospitality,10,205076.0
3968,Retail,17,497102.0
3969,Wholesale,15,378976.0
3970,Retail,7,234350.0
3971,Retail,5,33928.0
3972,Hospitality,7,138844.0
3973,Retail,11,240934.0
3974,Retail,17,482538.0
3975,Hospitality,10,177810.0
3976,Retail,16,358739.0
3977,Wholesale,22,595441.0
3978,Hospitality,4,127180.0
3979,Hospitality,7,168328.0
3980,Retail,5,79090.0
3981,Hospitality,6,51875.0
3982,Retail,7,116428.0
3983,Retail,4,91250.0
3984,Retail,4,75918.0
3985,Hospitality,2,68500.0
3986,Retail,7,133698.0
3987,Retail,3,56318.0
3988,Retail,8,132560.0
3989,Hospitality,17,350284.0
3990,Retail,9,228900.0
3991,Hospitality,16,344182.0
3992,Wholesale,15,571883.0
3993,Hospitality,3,24772.0
3994,Retail,5,84962.0
3995,Retail,7,136890.0
3996,Retail,3,79338.0
3997,Hospitality,8,157121.0
3999,Wholesale,8,260573.0
4000,Wholesale,12,287650.0
4001,Retail,5,129675.0
4002,Retail,9,195368.0
4003,Retail,8,261500.0
4004,Hospitality,5,110072.0
4005,Retail,8,239270.0
4006,Retail,9,219044.0
4007,Retail,16,385351.0
4008,Hospitality,1,41750.0
4010,Retail,4,67050.0
4011,Hospitality,4,168752.0
4012,Hospitality,2,42990.0
4013,Retail,6,107398.0
4015,Retail,7,93480.0
4016,Retail,6,162155.0
4017,Hospitality,7,162341.0
4018,Hospitality,2,83045.0
4019,Retail,13,243576.0
4020,Retail,16,278992.0
4021,Retail,15,341432.0
4022,Hospitality,7,79569.0
4023,Hospitality,10,167445.0
4024,Retail,4,96894.0
4025,Wholesale,17,434211.0
4026,Hospitality,15,299584.0
4027,Retail,8,249720.0
4028,Wholesale,18,535588.0
4029,Hospitality,5,129768.0
4030,Retail,19,473320.0
4031,Wholesale,14,489654.0
4032,Retail,10,248799.0
4033,Retail,6,114258.0
4034,Wholesale,24,746560.0
4035,Wholesale,16,517480.0
4036,Wholesale,23,680760.0
4037,Hospitality,14,335108.0
4038,Hospitality,15,478875.0
4039,Retail,8,93075.0
4040,Hospitality,9,200260.0
4041,Retail,4,66438.0
4042,Retail,5,45075.0
4044,Retail,3,87925.0
4045,Wholesale,7,167637.0
4046,Retail,5,78735.0
4048,Retail,8,219975.0
4049,Retail,4,73250.0
4050,Retail,20,414450.0
4051,Hospitality,11,276795.0
4052,Retail,4,140475.0
4053,Retail,4,75725.0
4054,Retail,8,149528.0
4055,Retail,16,402738.0
4056,Retail,3,65389.0
4057,Retail,20,567834.0
4058,Hospitality,17,403335.0
4059,Hospitality,14,336814.0
4060,Retail,18,445120.0
4061,Retail,18,433440.0
4062,Wholesale,20,639588.0
4063,Hospitality,10,115301.0
4064,Hospitality,3,160745.0
4065,Hospitality,2,54378.0
4066,Wholesale,19,402874.0
4067,Hospitality,4,122925.0
4068,Retail,9,257888.0
4069,Retail,17,311540.0
4070,Retail,4,106625.0
4071,Retail,8,157606.0
4072,Retail,12,344924.0
4073,Hospitality,11,228954.0
4074,Hospitality,6,250858.0
4075,Retail,19,485426.0
4076,Wholesale,16,470818.0
4077,Wholesale,10,256522.0
4078,Retail,17,419838.0
4080,Retail,7,89299.0
4081,Retail,9,232274.0
4082,Retail,19,556410.0
4083,Retail,4,152292.0
4084,Retail,17,468769.0
4085,Hospitality,14,318185.0
4086,Wholesale,9,156317.0
4087,Retail,12,371492.0
4088,Retail,6,94650.0
4089,Hospitality,5,91105.0
4090,Wholesale,16,692150.0
4091,Wholesale,18,735090.0
4092,Retail,5,125909.0
4093,Wholesale,15,392504.0
4094,Wholesale,17,612704.0
4095,Hospitality,7,139718.0
4096,Retail,7,145855.0
4097,Retail,8,192532.0
4098,Hospitality,5,112776.0
4099,Wholesale,21,648974.0
4100,Retail,2,17350.0
4101,Retail,7,229208.0
4102,Retail,18,485259.0
4103,Wholesale,16,524618.0
4104,Hospitality,8,200652.0
4105,Retail,8,233715.0
4106,Retail,8,179725.0
4107,Hospitality,2,124228.0
4108,Retail,7,155900.0
4109,Hospitality,9,180500.0
4110,Retail,7,179025.0
4111,Retail,5,112001.0
4114,Hospitality,15,311334.0
4115,Retail,13,218075.0
4116,Hospitality,9,85375.0
4117,Hospitality,16,376580.0
4118,Hospitality,11,235351.0
4119,Retail,7,195175.0
4120,Hospitality,4,55788.0
4121,Hospitality,8,171422.0
4122,Hospitality,15,290672.0
4123,Hospitality,13,388789.0
4124,Retail,7,134749.0
4125,Wholesale,11,314074.0
4126,Retail,13,265189.0
4127,Retail,14,330288.0
4128,Retail,19,569532.0
4129,Retail,15,454085.0
4130,Retail,5,151328.0
4131,Retail,8,222728.0
4132,Wholesale,16,546692.0
4133,Retail,9,175891.0
4134,Retail,10,214092.0
4135,Hospitality,14,335102.0
4136,Retail,5,79765.0
4137,Retail,14,251090.0
4138,Retail,19,463090.0
4139,Hospitality,3,113405.0
4140,Wholesale,12,456854.0
4141,Hospitality,8,144442.0
4143,Retail,7,110002.0
4144,Wholesale,15,515769.0
4145,Retail,9,241498.0
4146,Hospitality,4,64102.0
4147,Hospitality,16,347069.0
4148,Retail,17,345735.0
4149,Retail,13,311828.0
4150,Wholesale,15,501842.0
4151,Hospitality,17,445444.0
4152,Retail,18,412218.0
4153,Hospitality,4,102795.0
4154,Retail,17,469104.0
4155,Retail,21,539075.0
4156,Hospitality,5,55595.0
4157,Hospitality,20,537659.0
4158,Retail,7,166106.0
4159,Wholesale,20,614226.0
4160,Retail,7,107298.0
4161,Hospitality,3,77922.0
4162,Retail,6,161870.0
4163,Hospitality,8,160780.0
4164,Retail,8,206712.0
4165,Retail,1,11250.0
4166,Retail,17,269969.0
4168,Retail,17,370581.0
4169,Retail,2,34700.0
4170,Hospitality,19,498579.0
4171,Wholesale,17,526980.0
4172,Retail,17,428280.0
4173,Retail,9,249905.0
4174,Wholesale,20,592620.0
4175,Hospitality,5,95439.0
4176,Hospitality,4,103614.0
4177,Hospitality,5,94318.0
4179,Hospitality,18,495169.0
4180,Retail,14,280015.0
4182,Retail,3,60868.0
4183,Hospitality,8,216140.0
4184,Wholesale,14,308076.0
4186,Wholesale,9,293230.0
4188,Retail,7,180782.0
4189,Hospitality,2,49214.0
4190,Hospitality,9,185666.0
4191,Wholesale,16,534704.0
4192,Retail,18,505108.0
4193,Retail,10,254402.0
4194,Hospitality,4,29004.0
4195,Retail,15,280571.0
4196,Hospitality,1,5890.0
4197,Retail,18,357230.0
4198,Retail,7,120984.0
4199,Hospitality,2,29642.0
4201,Hospitality,10,210989.0
4202,Retail,5,171965.0
4203,Retail,10,175680.0
4204,Retail,9,291270.0
4205,Hospitality,17,307909.0
4206,Hospitality,7,106469.0
4207,Hospitality,2,33730.0
4208,Retail,15,404334.0
4209,Retail,16,483555.0
4210,Retail,3,54575.0
4211,Retail,10,222312.0
4212,Retail,9,235810.0
4213,Hospitality,8,222878.0
4214,Hospitality,5,154461.0
4215,Retail,8,202775.0
4216,Hospitality,8,122110.0
4218,Retail,7,177375.0
4220,Retail,15,373666.0
4221,Retail,9,181655.0
4222,Wholesale,14,362686.0
4223,Retail,8,235848.0
4224,Retail,14,283942.0
4226,Hospitality,3,49852.0
4227,Hospitality,16,350934.0
4228,Hospitality,4,73530.0
4229,Retail,19,568894.0
4230,Retail,5,51222.0
4231,Hospitality,3,48849.0
4232,Hospitality,17,270745.0
4233,Hospitality,20,480582.0
4234,Retail,3,107155.0
4235,Retail,16,418932.0
4236,Retail,8,257120.0
4237,Retail,16,358626.0
4238,Hospitality,15,317604.0
4239,Wholesale,19,546486.0
4240,Hospitality,16,305752.0
4241,Retail,8,234038.0
4242,Hospitality,4,111182.0
4244,Retail,3,120518.0
4245,Hospitality,3,157690.0
4246,Retail,9,138648.0
4247,Retail,9,119912.0
4248,Hospitality,5,76215.0
4249,Retail,1,15920.0
4250,Retail,3,57374.0
4251,Hospitality,7,175852.0
4252,Hospitality,10,272370.0
4253,Retail,14,245750.0
4254,Retail,12,225775.0
4255,Hospitality,4,51388.0
4256,Hospitality,3,93734.0
4257,Retail,11,183676.0
4258,Wholesale,24,659338.0
4259,Hospitality,17,335840.0
4260,Retail,6,123522.0
4261,Retail,8,295012.0
4262,Retail,8,136130.0
4263,Hospitality,6,164755.0
4264,Retail,9,124168.0
4265,Retail,3,75625.0
4266,Retail,8,197918.0
4267,Wholesale,22,764258.0
4268,Retail,18,437794.0
4269,Retail,8,147832.0
4270,Retail,2,25185.0
4271,Retail,19,457329.0
4272,Retail,6,107160.0
4273,Retail,5,68630.0
4274,Retail,16,432872.0
4275,Wholesale,24,680298.0
4276,Hospitality,7,110315.0
4277,Hospitality,2,18375.0
4278,Hospitality,10,200990.0
4279,Hospitality,16,391234.0
4281,Retail,15,410306.0
4282,Hospitality,17,498312.0
4283,Hospitality,6,151860.0
4284,Hospitality,4,112538.0
4285,Retail,5,145722.0
4286,Wholesale,5,278512.0
4287,Hospitality,16,393971.0
4288,Retail,17,353382.0
4289,Hospitality,17,372689.0
4291,Wholesale,22,641426.0
4292,Hospitality,10,246492.0
4293,Retail,18,364710.0
4294,Retail,6,132162.0
4295,Retail,4,116152.0
4296,Retail,7,125595.0
4297,Wholesale,19,421816.0
4298,Hospitality,17,426386.0
4299,Retail,15,311599.0
4300,Retail,9,218040.0
4301,Retail,13,450989.0
4302,Hospitality,5,147992.0
4303,Hospitality,5,124660.0
4304,Retail,8,215162.0
4305,Retail,16,318979.0
4306,Retail,6,152795.0
4307,Wholesale,5,162692.0
4308,Retail,16,413698.0
4309,Retail,9,155408.0
4311,Wholesale,18,473103.0
4312,Retail,3,98375.0
4313,Retail,6,134240.0
4314,Hospitality,5,222118.0
4315,Retail,3,31125.0
4316,Wholesale,13,389256.0
4318,Retail,5,132878.0
4319,Hospitality,6,86625.0
4320,Hospitality,5,51215.0
4321,Retail,10,199720.0
4322,Retail,6,200638.0
4323,Hospitality,3,67875.0
4324,Retail,17,382524.0
4325,Retail,6,172275.0
4326,Retail,5,159555.0
4327,Retail,4,100062.0
4328,Retail,6,174195.0
4329,Retail,7,124795.0
4330,Hospitality,10,200125.0
4331,Hospitality,18,486664.0
4332,Retail,15,310372.0
4333,Retail,8,177082.0
4334,Wholesale,9,345650.0
4335,Retail,13,247281.0
4336,Hospitality,7,145394.0
4337,Retail,2,74518.0
4338,Hospitality,6,122532.0
4339,Retail,9,144049.0
4340,Retail,18,511355.0
4341,Wholesale,16,619125.0
4342,Hospitality,10,162625.0
4343,Hospitality,8,113892.0
4344,Hospitality,17,272074.0
4345,Retail,15,307092.0
4346,Hospitality,16,461809.0
4347,Wholesale,15,580126.0
4348,Retail,4,75670.0
4349,Retail,4,152450.0
4351,Retail,16,233214.0
4352,Wholesale,19,441836.0
4353,Retail,10,271569.0
4354,Hospitality,18,415529.0
4355,Wholesale,7,169738.0
4356,Hospitality,9,273425.0
4357,Hospitality,7,122015.0
4358,Hospitality,4,114458.0
4360,Wholesale,19,702988.0
4361,Retail,18,300494.0
4362,Retail,17,449824.0
4363,Retail,15,425315.0
4364,Hospitality,4,40784.0
4365,Hospitality,3,104550.0
4366,Hospitality,7,175435.0
4367,Wholesale,19,621400.0
4369,Hospitality,13,296328.0
4370,Retail,8,129010.0
4371,Hospitality,10,185276.0
4372,Retail,8,216354.0
4373,Hospitality,2,46171.0
4375,Wholesale,7,162606.0
4376,Hospitality,6,161535.0
4377,Wholesale,23,787018.0
4378,Hospitality,18,331461.0
4379,Retail,3,55616.0
4380,Wholesale,18,452714.0
4381,Hospitality,17,349048.0
4382,Hospitality,9,184840.0
4383,Wholesale,17,458059.0
4384,Retail,6,96701.0
4385,Retail,5,100652.0
4386,Hospitality,9,201445.0
4387,Retail,19,507658.0
4388,Hospitality,17,378469.0
4389,Retail,4,120465.0
4390,Hospitality,4,80784.0
4391,Retail,9,161204.0
4393,Retail,9,198672.0
4394,Retail,6,169825.0
4395,Retail,19,451656.0
4396,Hospitality,5,110418.0
4397,Retail,7,148656.0
4398,Hospitality,10,219790.0
4399,Wholesale,5,98990.0
4400,Hospitality,2,56258.0
4401,Retail,2,59300.0
4402,Hospitality,8,200249.0
4403,Wholesale,15,496627.0
4404,Retail,15,457392.0
4405,Hospitality,12,297564.0
4406,Wholesale,21,562822.0
4407,Retail,17,353072.0
4408,Retail,5,147940.0
4410,Hospitality,3,48600.0
4411,Retail,16,451715.0
4412,Retail,15,302675.0
4413,Hospitality,10,175970.0
4414,Hospitality,6,96975.0
4415,Retail,15,320905.0
4416,Retail,17,446971.0
4417,Hospitality,15,301710.0
4418,Hospitality,2,55515.0
4419,Hospitality,4,72492.0
4420,Wholesale,5,41456.0
4421,Wholesale,14,338078.0
4422,Retail,4,88900.0
4423,Retail,4,59602.0
4424,Retail,17,423422.0
4425,Retail,4,131178.0
4426,Retail,6,98140.0
4427,Hospitality,4,76536.0
4428,Retail,4,95171.0
4429,Hospitality,1,44975.0
4430,Retail,18,389638.0
4431,Wholesale,18,661412.0
4432,Hospitality,14,328275.0
4433,Wholesale,18,432288.0
4434,Hospitality,6,197561.0
4435,Hospitality,6,214462.0
4436,Retail,9,182158.0
4437,Hospitality,4,90172.0
4438,Retail,4,125005.0
4439,Retail,7,264112.0
4440,Retail,9,290755.0
4441,Retail,4,39200.0
4442,Retail,16,320375.0
4443,Wholesale,24,762492.0
4444,Hospitality,4,94901.0
4446,Hospitality,3,76105.0
4447,Retail,9,186740.0
4448,Retail,4,92962.0
4449,Retail,5,116062.0
4450,Retail,10,235055.0
4451,Retail,7,135138.0
4452,Retail,20,452454.0
4453,Wholesale,17,581596.0
4454,Retail,18,439208.0
4455,Hospitality,4,66206.0
4457,Hospitality,3,105080.0
4458,Hospitality,5,139032.0
4459,Retail,15,376711.0
4460,Retail,11,276054.0
4461,Retail,7,214728.0
4462,Retail,18,504298.0
4464,Wholesale,21,604614.0
4465,Hospitality,2,45184.0
4466,Retail,16,306692.0
4467,Hospitality,8,115821.0
4468,Retail,6,139450.0
4469,Hospitality,6,206482.0
4471,Retail,7,166790.0
4473,Hospitality,15,333766.0
4474,Hospitality,16,326209.0
4475,Retail,6,135478.0
4476,Retail,16,309544.0
4477,Retail,9,182412.0
4479,Retail,9,180412.0
4480,Hospitality,5,87252.0
4481,Retail,9,276002.0
4482,Retail,9,184325.0
4483,Retail,17,376671.0
4484,Retail,17,436461.0
4485,Hospitality,17,364021.0
4486,Retail,4,126658.0
4487,Retail,9,235975.0
4488,Retail,19,312514.0
4489,Hospitality,7,209979.0
4490,Retail,7,165700.0
4492,Wholesale,19,540870.0
4493,Hospitality,13,379922.0
4494,Retail,7,183444.0
4495,Retail,6,102370.0
4496,Hospitality,5,78575.0
4497,Retail,4,80596.0
4498,Retail,4,90340.0
4499,Retail,10,110870.0
4500,Retail,8,189042.0
4501,Retail,17,427496.0
4502,Retail,9,191208.0
4503,Hospitality,18,417248.0
4504,Hospitality,10,182295.0
4506,Retail,14,295938.0
4507,Retail,1,38600.0
4508,Retail,8,117496.0
4509,Retail,15,437714.0
4510,Retail,6,214110.0
4511,Retail,2,22280.0
4512,Retail,3,91118.0
4513,Retail,16,339235.0
4514,Hospitality,5,114224.0
4516,Retail,4,147004.0
4517,Retail,8,113740.0
4518,Retail,5,138394.0
4519,Wholesale,20,456055.0
4520,Wholesale,10,267386.0
4521,Wholesale,16,387020.0
4522,Wholesale,16,346230.0
4523,Hospitality,8,150084.0
4524,Retail,5,69938.0
4526,Hospitality,2,82445.0
4527,Hospitality,18,472995.0
4528,Retail,17,491112.0
4529,Hospitality,2,55672.0
4530,Retail,10,246862.0
4532,Hospitality,7,182715.0
4533,Retail,16,411550.0
4534,Hospitality,19,564084.0
4535,Retail,6,103045.0
4536,Retail,18,316192.0
4537,Wholesale,8,228607.0
4538,Retail,7,230040.0
4539,Retail,17,339108.0
4540,Retail,3,84065.0
4541,Hospitality,19,438129.0
4542,Retail,5,152700.0
4543,Wholesale,26,786409.0
4544,Retail,15,328838.0
4545,Hospitality,8,154130.0
4546,Retail,2,91356.0
4547,Retail,4,70778.0
4548,Retail,3,65755.0
4549,Retail,15,391382.0
4550,Retail,2,29000.0
4551,Retail,16,363196.0
4552,Retail,11,178624.0
4553,Retail,9,189736.0
4554,Retail,9,193075.0
4555,Hospitality,7,160298.0
4556,Retail,7,120386.0
4557,Wholesale,21,809694.0
4558,Wholesale,15,455130.0
4559,Retail,1,21500.0
4560,Hospitality,14,391920.0
4561,Retail,9,182602.0
4562,Retail,11,190745.0
4563,Retail,6,142628.0
4564,Wholesale,2,62484.0
4565,Hospitality,16,342674.0
4566,Hospitality,1,17200.0
4567,Wholesale,16,382542.0
4568,Retail,6,200515.0
4569,Retail,6,254732.0
4570,Hospitality,5,161241.0
4571,Hospitality,17,379845.0
4572,Wholesale,8,257328.0
4573,Retail,16,421452.0
4574,Retail,7,151742.0
4575,Wholesale,18,738381.0
4576,Hospitality,11,282738.0
4577,Retail,19,563552.0
4579,Retail,2,63350.0
4580,Retail,9,278451.0
4581,Hospitality,3,167685.0
4583,Retail,16,396889.0
4584,Hospitality,3,64590.0
4586,Retail,8,180630.0
4587,Retail,4,164035.0
4588,Hospitality,7,136840.0
4589,Retail,3,136928.0
4590,Hospitality,8,116492.0
4591,Retail,3,71725.0
4592,Retail,9,185811.0
4593,Retail,18,418895.0
4594,Wholesale,8,288859.0
4595,Retail,19,378801.0
4596,Hospitality,8,148398.0
4597,Hospitality,17,426211.0
4598,Retail,6,125730.0
4599,Retail,19,498610.0
4600,Retail,9,257950.0
4601,Hospitality,19,472929.0
4602,Retail,7,159595.0
4603,Retail,21,604532.0
4604,Hospitality,6,153506.0
4605,Retail,2,91965.0
4606,Retail,9,255828.0
4608,Hospitality,1,17860.0
4609,Retail,15,358454.0
4610,Retail,16,430552.0
4611,Retail,14,375752.0
4612,Retail,15,323625.0
4613,Retail,9,185148.0
4615,Retail,3,72265.0
4616,Wholesale,17,538835.0
4617,Retail,17,354465.0
4618,Retail,6,157509.0
4619,Retail,7,137200.0
4621,Hospitality,3,50208.0
4622,Hospitality,2,27900.0
4623,Wholesale,18,698410.0
4624,Retail,2,54000.0
4626,Hospitality,4,173150.0
4627,Hospitality,5,120015.0
4628,Hospitality,4,97712.0
4629,Retail,17,392930.0
4630,Retail,7,220360.0
4631,Hospitality,10,224112.0
4632,Retail,5,178202.0
4633,Retail,10,294775.0
4634,Hospitality,2,16428.0
4635,Retail,7,115345.0
4636,Retail,10,138925.0
4637,Retail,3,106298.0
4638,Hospitality,6,211125.0
4639,Retail,7,79560.0
4640,Retail,6,170150.0
4641,Hospitality,10,180968.0
4642,Hospitality,4,82450.0
4643,Hospitality,5,117251.0
4644,Retail,5,140679.0
4645,Hospitality,4,73525.0
4646,Retail,7,196632.0
4647,Wholesale,20,520264.0
4649,Hospitality,19,399142.0
4652,Retail,9,221426.0
4653,Retail,18,439562.0
4654,Wholesale,17,500474.0
4655,Hospitality,6,152518.0
4656,Retail,8,186269.0
4657,Retail,3,67148.0
4658,Retail,3,93588.0
4660,Hospitality,5,49081.0
4661,Retail,6,53375.0
4662,Retail,4,89155.0
4663,Hospitality,18,391228.0
4664,Retail,18,368624.0
4665,Retail,7,124681.0
4666,Hospitality,3,42094.0
4667,Hospitality,4,149632.0
4668,Retail,2,56808.0
4669,Hospitality,7,84230.0
4670,Hospitality,8,168540.0
4671,Retail,5,92068.0
4672,Retail,3,79248.0
4673,Retail,9,174151.0
4674,Hospitality,15,366512.0
4675,Wholesale,2,33246.0
4676,Hospitality,10,326148.0
4678,Retail,7,129088.0
4679,Hospitality,7,200026.0
4680,Retail,8,220196.0
4681,Wholesale,11,340948.0
4682,Wholesale,5,121858.0
4683,Hospitality,3,98348.0
4684,Retail,7,149720.0
4685,Retail,15,329962.0
4686,Wholesale,5,92003.0
4687,Retail,9,147848.0
4688,Retail,15,334120.0
4689,Retail,19,368532.0
4690,Retail,3,88502.0
4691,Retail,7,202975.0
4692,Retail,6,223725.0
4693,Retail,5,115925.0
4694,Hospitality,4,70758.0
4695,Hospitality,19,503710.0
4696,Wholesale,8,243502.0
4697,Hospitality,2,44930.0
4698,Retail,18,442924.0
4699,Retail,18,401528.0
4700,Hospitality,7,111545.0
4701,Retail,16,452110.0
4702,Hospitality,8,163621.0
4703,Retail,4,117495.0
4704,Retail,7,95928.0
4705,Retail,9,150922.0
4706,Retail,17,362180.0
4707,Wholesale,21,837352.0
4708,Retail,5,107770.0
4709,Wholesale,20,532642.0
4710,Retail,13,226860.0
4711,Retail,5,114288.0
4712,Hospitality,9,259392.0
4714,Retail,17,461292.0
4715,Retail,11,224408.0
4716,Wholesale,7,410082.0
4717,Wholesale,13,307023.0
4718,Hospitality,17,472375.0
4719,Wholesale,24,794622.0
4720,Retail,7,141045.0
4722,Hospitality,5,87752.0
4723,Retail,13,323942.0
4725,Hospitality,9,188055.0
4727,Retail,14,307630.0
4728,Retail,7,99675.0
4729,Hospitality,20,479582.0
4730,Retail,4,95698.0
4731,Retail,6,75078.0
4732,Wholesale,6,226641.0
4733,Retail,9,201130.0
4734,Hospitality,8,130965.0
4735,Retail,7,179139.0
4736,Hospitality,4,110934.0
4737,Retail,3,95250.0
4738,Retail,19,424910.0
4739,Retail,2,95222.0
4740,Hospitality,2,58170.0
4741,Retail,19,365414.0
4742,Retail,16,273666.0
4743,Retail,16,331882.0
4744,Wholesale,1,49280.0
4746,Retail,9,184160.0
4747,Wholesale,21,592693.0
4748,Hospitality,20,392089.0
4749,Hospitality,16,269872.0
4750,Retail,5,128345.0
4751,Hospitality,5,66029.0
4752,Retail,17,384225.0
4753,Retail,18,340202.0
4754,Wholesale,16,429302.0
4755,Hospitality,5,102942.0
4756,Retail,13,237031.0
4757,Hospitality,7,117415.0
4759,Retail,6,63588.0
4760,Retail,8,189125.0
4761,Retail,18,480335.0
4762,Retail,5,78168.0
4763,Hospitality,16,500792.0
4764,Hospitality,9,231968.0
4765,Hospitality,6,140055.0
4766,Retail,7,183595.0
4767,Hospitality,6,132745.0
4768,Retail,6,200400.0
4769,Retail,21,331584.0
4771,Hospitality,10,254612.0
4772,Hospitality,16,338510.0
4774,Retail,18,261615.0
4775,Hospitality,3,76015.0
4776,Hospitality,5,58780.0
4777,Retail,7,181621.0
4779,Retail,6,174260.0
4780,Retail,16,370176.0
4781,Retail,6,150838.0
4782,Retail,3,69818.0
4783,Hospitality,8,194320.0
4784,Retail,1,19100.0
4785,Hospitality,6,121082.0
4786,Retail,8,146725.0
4787,Retail,10,286188.0
4788,Hospitality,2,78925.0
4790,Wholesale,17,531127.0
4791,Retail,6,288528.0
4792,Retail,6,141514.0
4793,Retail,12,251552.0
4794,Retail,3,62908.0
4796,Wholesale,14,407793.0
4797,Retail,7,129810.0
4798,Retail,18,392029.0
4799,Retail,13,309171.0
4800,Retail,17,464085.0
4801,Retail,19,365021.0
4802,Hospitality,6,121130.0
4803,Retail,7,164095.0
4804,Retail,12,333730.0
4805,Retail,10,205420.0
4806,Hospitality,3,83681.0
4807,Hospitality,19,437705.0
4809,Retail,5,145691.0
4810,Retail,4,142291.0
4811,Wholesale,12,358990.0
4812,Retail,3,46629.0
4813,Wholesale,21,668532.0
4814,Hospitality,16,345865.0
4815,Retail,9,146755.0
4816,Wholesale,19,683547.0
4817,Hospitality,3,62338.0
4818,Retail,17,336234.0
4819,Wholesale,16,555784.0
4820,Retail,1,8170.0
4821,Retail,7,146060.0
4822,Retail,5,134745.0
4823,Wholesale,4,188860.0
4825,Retail,7,228955.0
4826,Retail,18,233578.0
4827,Retail,7,215600.0
4828,Retail,4,49700.0
4829,Retail,13,284804.0
4830,Retail,7,239419.0
4831,Retail,4,90485.0
4833,Hospitality,6,116372.0
4834,Hospitality,4,107600.0
4836,Wholesale,3,49224.0
4837,Retail,16,362408.0
4838,Retail,8,162642.0
4839,Hospitality,8,158002.0
4841,Retail,16,422210.0
4842,Retail,9,281385.0
4843,Hospitality,1,28625.0
4844,Retail,19,370469.0
4846,Retail,18,354449.0
4847,Retail,7,138594.0
4848,Retail,4,112049.0
4849,Retail,14,323562.0
4850,Retail,8,190078.0
4851,Retail,7,211528.0
4852,Wholesale,8,153786.0
4853,Hospitality,2,30550.0
4854,Retail,11,182508.0
4855,Retail,8,134298.0
4856,Retail,8,153285.0
4857,Hospitality,11,196018.0
4858,Retail,16,366340.0
4859,Hospitality,17,334604.0
4860,Wholesale,17,450442.0
4861,Hospitality,7,123469.0
4862,Hospitality,7,143260.0
4863,Retail,18,510009.0
4864,Retail,15,244028.0
4866,Retail,8,157299.0
4867,Hospitality,8,165115.0
4868,Hospitality,22,424249.0
4869,Retail,17,407632.0
4870,Wholesale,17,627008.0
4871,Retail,6,144445.0
4872,Hospitality,3,83450.0
4873,Retail,12,295690.0
4874,Retail,17,347770.0
4875,Retail,8,254780.0
4876,Retail,13,327700.0
4877,Wholesale,17,589366.0
4878,Hospitality,7,144322.0
4879,Retail,8,138222.0
4880,Retail,6,163640.0
4881,Retail,19,322281.0
4882,Retail,8,139580.0
4883,Hospitality,3,78840.0
4884,Retail,15,253514.0
4885,Retail,8,240805.0
4886,Hospitality,6,102492.0
4887,Retail,9,157822.0
4888,Retail,5,91595.0
4889,Hospitality,3,88570.0
4890,Retail,7,122642.0
4891,Retail,17,284779.0
4892,Retail,15,409274.0
4893,Wholesale,14,559192.0
4894,Hospitality,3,41635.0
4896,Wholesale,19,555128.0
4897,Retail,6,105140.0
4898,Hospitality,5,104480.0
4899,Hospitality,4,124388.0
4901,Hospitality,1,6325.0
4902,Wholesale,9,195327.0
4903,Wholesale,7,183758.0
4904,Retail,6,70800.0
4905,Retail,4,73560.0
4906,Hospitality,8,204305.0
4907,Hospitality,1,5890.0
4908,Retail,3,123775.0
4909,Hospitality,20,294592.0
4910,Hospitality,17,469322.0
4911,Hospitality,8,176530.0
4912,Retail,16,331752.0
4913,Hospitality,16,327468.0
4914,Retail,7,202410.0
4915,Retail,7,129361.0
4916,Hospitality,14,255458.0
4917,Hospitality,9,178350.0
4918,Wholesale,18,586665.0
4919,Retail,8,153910.0
4920,Hospitality,4,105170.0
4921,Retail,8,209981.0
4922,Retail,20,396686.0
4923,Retail,8,153972.0
4924,Retail,6,64672.0
4925,Hospitality,16,317398.0
4926,Wholesale,16,482289.0
4927,Hospitality,6,120350.0
4928,Wholesale,22,812281.0
4929,Retail,6,128978.0
4930,Retail,6,130358.0
4931,Retail,14,266300.0
4932,Hospitality,4,143792.0
4933,Hospitality,7,95855.0
4934,Retail,19,436325.0
4935,Hospitality,18,359672.0
4936,Retail,8,247269.0
4937,Wholesale,20,632035.0
4938,Retail,17,378421.0
4939,Hospitality,17,357766.0
4940,Retail,8,157075.0
4941,Hospitality,16,319895.0
4942,Retail,21,554586.0
4943,Retail,11,225088.0
4945,Hospitality,15,326280.0
4947,Retail,1,14725.0
4948,Retail,8,218540.0
4949,Hospitality,7,148852.0
4950,Retail,10,204810.0
4951,Retail,14,280920.0
4953,Retail,14,352798.0
4955,Retail,3,84294.0
4956,Retail,9,199585.0
4957,Hospitality,5,68745.0
4958,Hospitality,17,403970.0
4959,Wholesale,19,598624.0
4960,Retail,11,314368.0
4961,Hospitality,14,355241.0
4962,Retail,19,455074.0
4963,Hospitality,9,185432.0
4964,Retail,18,436658.0
4965,Wholesale,18,537580.0
4966,Hospitality,17,312260.0
4967,Retail,7,216758.0
4968,Retail,8,114850.0
4969,Hospitality,19,395544.0
4970,Retail,16,388942.0
4971,Hospitality,4,154565.0
4972,Hospitality,17,303569.0
4973,Wholesale,24,488238.0
4974,Hospitality,8,149510.0
4975,Retail,6,149222.0
4976,Hospitality,8,192442.0
4977,Retail,3,109428.0
4978,Retail,7,156520.0
4979,Retail,20,413962.0
4980,Hospitality,6,124022.0
4981,Retail,9,131838.0
4982,Retail,3,54669.0
4983,Hospitality,9,205178.0
4984,Hospitality,7,145886.0
4985,Hospitality,7,137435.0
4986,Retail,6,166438.0
4987,Retail,2,103045.0
4988,Retail,10,196565.0
4989,Retail,7,181292.0
4990,Retail,7,116132.0
4991,Hospitality,6,121392.0
4992,Retail,9,231112.0
4993,Retail,8,200151.0
4994,Retail,7,154260.0
4995,Retail,2,56038.0
4996,Wholesale,7,312708.0
4997,Retail,7,228028.0
4998,Wholesale,6,196188.0
4999,Wholesale,9,194660.0
5000,Retail,7,107648.0
5001,Hospitality,8,157585.0
5002,Retail,6,124939.0
5003,Retail,4,100725.0
5004,Hospitality,1,4132.0
5005,Retail,9,190945.0
5006,Retail,8,196570.0
5007,Retail,2,34825.0
5008,Retail,6,134245.0
5009,Retail,7,155260.0
5010,Wholesale,5,164870.0
5011,Retail,8,103388.0
5012,Retail,6,120491.0
5013,Retail,10,193989.0
5014,Wholesale,7,178953.0
5015,Retail,10,259450.0
5016,Retail,4,111570.0
5017,Retail,1,50485.0
5018,Retail,11,312342.0
5019,Retail,2,41026.0
5020,Retail,2,50250.0
5021,Retail,8,146480.0
5022,Hospitality,6,93972.0
5023,Retail,6,183012.0
5024,Retail,11,281462.0
5025,Retail,7,241621.0
5026,Retail,1,30100.0
5027,Retail,5,139260.0
