customer_id,customer_name,city,segment,signup_date
1,Sharma Hardware,Mumbai,Retail,2024-11-04
2,Patel Kitchenware,Ahmedabad,Retail,2024-12-15
3,Green Leaf Hotels,Pune,Hospitality,2024-09-08
4,Coastal Foods,Chennai,Wholesale,2024-10-20
5,Metro Mart,Mumbai,Retail,2024-12-22
6,Sunrise Caterers,Nagpur,Hospitality,2025-02-03
7,Northgate Distributors,Delhi,Wholesale,2025-02-17
8,Blue Bay Cafe,Pune,Hospitality,2025-03-01
9,Lakeview Resorts,Udaipur,Hospitality,2024-08-12
10,City Needs Store,Jaipur,Retail,2024-12-05
11,Harbour Traders,Kochi,Wholesale,2025-04-09
12,Fresh Bowl Kitchens,Bengaluru,Hospitality,2025-02-20
13,Om Sai Provisions,Nashik,Retail,2025-03-14
14,Deccan Packaging,Hyderabad,Wholesale,2025-05-06
15,Spice Route Restaurants,Kolkata,Hospitality,2025-06-02
16,Home Plus,Surat,Retail,2025-06-18
17,Royal Banquets,Lucknow,Hospitality,2025-07-07
18,Evergreen Mart,Indore,Retail,2025-07-21
19,Western Logistics,Mumbai,Wholesale,2025-08-11
20,Tasty Tiffins,Pune,Hospitality,2025-08-25
21,Kitchen Kraft,Bengaluru,Retail,2025-09-03
22,Festive Gifts Co,Delhi,Retail,2025-09-15
23,Sea Breeze Hotel,Goa,Hospitality,2025-10-06
24,Prime Wholesale,Ahmedabad,Wholesale,2025-11-10
25,Maple Stores,Chandigarh,Retail,2021-03-14
26,Shree Kitchenware,Pune,Retail,2023-10-15
27,Palm Home Needs,Goa,Retail,2023-04-28
28,Nandi Restaurant,Hyderabad,Hospitality,2025-09-03
29,Silver Foods,Bengaluru,Hospitality,2022-11-23
30,Coastal Hotels,Bhubaneswar,Hospitality,2023-01-13
31,Tulsi Hotels,Delhi,Hospitality,2023-10-03
32,Green Provisions,Indore,Retail,2020-03-15
33,Mahalaxmi Home Needs,Vadodara,Retail,2023-08-09
34,River Side Home Needs,Indore,Retail,2021-11-20
35,Bharat Supermarket,Coimbatore,Retail,2023-06-17
36,Hill View Resorts,Mumbai,Hospitality,2021-12-06
37,Tulsi Caterers,Nashik,Hospitality,2020-08-16
38,Evergreen Kitchenware,Delhi,Retail,2021-06-26
39,Prime Stores,Ahmedabad,Retail,2021-11-24
40,Saffron Hotels,Bengaluru,Hospitality,2022-06-09
41,Silk Route Provisions,Mumbai,Retail,2025-07-22
42,Supreme Provisions,Mysuru,Retail,2025-09-04
43,Silk Route Emporium,Gurugram,Retail,2025-04-15
44,River Side Resorts,Hyderabad,Hospitality,2024-04-23
45,Lake View Caterers,Thane,Hospitality,2023-01-12
46,Spice Garden Supermarket,Ludhiana,Retail,2025-03-03
47,Silver General Store,Patna,Retail,2021-03-14
48,City Depot,Mumbai,Wholesale,2024-02-04
49,Lotus Packaging,Mumbai,Wholesale,2024-01-25
50,Harbour Hotels,Hyderabad,Hospitality,2021-06-19
51,Coconut Grove Enterprises,Mysuru,Wholesale,2021-05-13
52,Shree Stores,Bengaluru,Retail,2020-12-14
53,Jai Hind Bazaar,Mangaluru,Retail,2023-05-01
54,Saffron Kitchenware,Gurugram,Retail,2023-11-11
55,Silk Route Wholesale,Hyderabad,Wholesale,2023-12-06
56,Om Home Needs,Bengaluru,Retail,2024-08-16
57,Balaji Caterers,Nagpur,Hospitality,2023-02-28
58,Coastal Supermarket,Mumbai,Retail,2024-08-18
59,Laxmi General Store,Hyderabad,Retail,2022-05-20
60,Palm Packaging,Kolkata,Wholesale,2023-02-14
61,Pearl General Store,Noida,Retail,2023-05-26
62,Om Mart,Rajkot,Retail,2023-12-15
63,Krishna Foods,Bengaluru,Hospitality,2021-11-15
64,National Caterers,Hyderabad,Hospitality,2024-06-28
65,Jai Hind Traders,Pune,Retail,2023-11-05
66,Green Foods,Delhi,Hospitality,2024-06-15
67,Galaxy Restaurant,Mumbai,Hospitality,2022-07-22
68,Coastal Kitchenware,Gurugram,Retail,2021-11-20
69,United Hotels,Chennai,Hospitality,2023-10-30
70,Metro Supermarket,Bhubaneswar,Retail,2021-05-17
71,Modern Home Needs,Bengaluru,Retail,2022-05-02
72,Bharat General Store,Indore,Retail,2024-02-01
73,Evergreen Mart Chennai,Chennai,Retail,2023-01-02
74,Lotus Traders,Kolkata,Retail,2025-11-06
75,Sapphire Resorts,Kolkata,Hospitality,2023-01-13
76,National Inn,Pune,Hospitality,2022-11-25
77,Galaxy Kitchens,Mumbai,Hospitality,2021-05-11
78,Balaji Bazaar,Bengaluru,Retail,2025-07-08
79,Ganesh Supermarket,Hyderabad,Retail,2023-07-16
80,Laxmi Restaurant,Thane,Hospitality,2020-01-04
81,River Side Tiffin Services,Hyderabad,Hospitality,2025-10-08
82,River Side Tiffin Services Kolkata,Kolkata,Hospitality,2020-05-29
83,Jai Hind Provisions,Pune,Retail,2024-06-21
84,Evergreen Kitchens,Lucknow,Hospitality,2021-02-04
85,Orchid Depot,Bengaluru,Wholesale,2021-05-01
86,Coconut Grove Logistics,Mysuru,Wholesale,2021-12-09
87,Harbour Exports,Guwahati,Wholesale,2025-09-09
88,National Bazaar,Udaipur,Retail,2025-01-21
89,Maple Supermarket,Raipur,Retail,2021-06-22
90,Vijay Stores,Mysuru,Retail,2024-05-18
91,Supreme Enterprises,Agra,Wholesale,2022-10-19
92,Palm General Store,Chandigarh,Retail,2022-03-26
93,National Provisions,Goa,Retail,2020-06-04
94,Lotus Restaurant,Pune,Hospitality,2022-09-11
95,Evergreen General Store,Madurai,Retail,2024-10-20
96,City Cafe,Pune,Hospitality,2022-02-27
97,Mahalaxmi Kitchenware,Chandigarh,Retail,2021-07-13
98,Maple Mart,Mumbai,Retail,2023-01-08
99,Bharat Mart,Vadodara,Retail,2021-07-21
100,Shree Stores Chennai,Chennai,Retail,2021-04-16
101,City Trading Co,Mumbai,Wholesale,2024-11-05
102,Orchid Cafe,Indore,Hospitality,2021-01-17
103,United Bazaar,Raipur,Retail,2022-07-26
104,Orchid Supermarket,Mangaluru,Retail,2024-01-13
105,Shree Cafe,Vadodara,Hospitality,2021-02-01
106,Green Banquets,Guwahati,Hospitality,2023-05-21
107,Heritage Provisions,Raipur,Retail,2025-01-20
108,Laxmi Traders,Gurugram,Retail,2020-02-16
109,Pearl Stores,Hyderabad,Retail,2020-02-10
110,New Suppliers,Goa,Wholesale,2023-04-26
111,Blue Foods,Ranchi,Hospitality,2020-03-14
112,Classic Banquets,Agra,Hospitality,2023-02-11
113,Ganesh Caterers,Thane,Hospitality,2021-01-18
114,Blue Kitchenware,Kolkata,Retail,2024-10-17
115,Sunrise Traders,Nagpur,Retail,2023-10-22
116,Rainbow Stores,Mysuru,Retail,2025-03-07
117,Nandi Provisions,Chennai,Retail,2020-01-20
118,National General Store,Chennai,Retail,2022-10-18
119,National General Store Pune,Pune,Retail,2021-09-01
120,Sunrise Distributors,Rajkot,Wholesale,2024-08-11
121,Rainbow Distributors,Chennai,Wholesale,2020-03-26
122,Tulsi Restaurant,Chennai,Hospitality,2024-09-30
123,Balaji Stores,Nagpur,Retail,2024-09-05
124,Galaxy Home Needs,Bengaluru,Retail,2021-02-10
125,Classic Caterers,Noida,Hospitality,2023-08-08
126,Coconut Grove Emporium,Ludhiana,Retail,2023-02-24
127,Rainbow Mart,Mumbai,Retail,2021-04-25
128,Modern Inn,Mumbai,Hospitality,2023-12-06
129,Metro Banquets,Lucknow,Hospitality,2025-05-23
130,Silver Mart,Thiruvananthapuram,Retail,2022-12-18
131,Laxmi Traders Lucknow,Lucknow,Retail,2024-04-14
132,Rainbow Mart Thane,Thane,Retail,2023-07-04
133,Mahalaxmi Hotels,Surat,Hospitality,2022-12-26
134,Tulsi Traders,Mumbai,Retail,2020-02-01
135,Silver Bazaar,Ahmedabad,Retail,2025-04-08
136,Mahalaxmi Emporium,Bengaluru,Retail,2021-02-16
137,Silver Hotels,Pune,Hospitality,2022-10-10
138,Mahalaxmi Provisions,Ludhiana,Retail,2022-01-24
139,New Kitchenware,Kolkata,Retail,2023-10-25
140,Supreme Hotels,Delhi,Hospitality,2025-07-05
141,Lotus General Store,Pune,Retail,2022-06-25
142,Evergreen Stores,Mangaluru,Retail,2022-03-25
143,Coastal Provisions,Chennai,Retail,2022-03-22
144,Ganesh Banquets,Gurugram,Hospitality,2020-12-13
145,Blue Restaurant,Hyderabad,Hospitality,2020-02-26
146,Galaxy General Store,Chennai,Retail,2022-04-27
147,Vijay Mart,Hyderabad,Retail,2023-05-07
148,Hill View Caterers,Hyderabad,Hospitality,2025-11-08
149,Shree Mart,Delhi,Retail,2025-02-19
150,Palm Cafe,Indore,Hospitality,2021-04-01
151,Bharat Tiffin Services,Mumbai,Hospitality,2022-10-24
152,Hill View Resorts Kolkata,Kolkata,Hospitality,2023-11-26
153,Golden Bazaar,Ahmedabad,Retail,2021-08-17
154,National General Store Lucknow,Lucknow,Retail,2021-10-17
155,Shree General Store,Mumbai,Retail,2020-01-17
156,Supreme Bazaar,Udaipur,Retail,2024-03-14
157,Silk Route Traders,Chennai,Retail,2023-11-29
158,Spice Garden Packaging,Chennai,Wholesale,2022-08-24
159,Maple Home Needs,Bengaluru,Retail,2024-07-25
160,Coconut Grove General Store,Ahmedabad,Retail,2021-11-17
161,Rainbow Banquets,Delhi,Hospitality,2021-02-06
162,Star Mart,Agra,Retail,2023-02-04
163,Laxmi Enterprises,Hyderabad,Wholesale,2024-10-07
164,Harbour Traders Thiruvananthapuram,Thiruvananthapuram,Retail,2022-08-17
165,Tulsi Emporium,Hyderabad,Retail,2023-09-26
166,United Bazaar Hyderabad,,Retail,2021-02-17
167,Star General Store,Hyderabad,Retail,2024-06-14
168,Om Foods,Thane,Hospitality,2023-03-11
169,Saffron Emporium,Mumbai,Retail,2025-01-21
170,Ganesh Bazaar,Ahmedabad,Retail,2024-03-10
171,Heritage General Store,Lucknow,Retail,2022-03-05
172,Supreme Home Needs,Chennai,Retail,2023-04-01
173,Prime Packaging,Kolkata,Wholesale,2025-11-28
174,Blue Traders,Guwahati,Retail,2021-09-14
175,Palm Suppliers,Hyderabad,Wholesale,2021-06-03
176,River Side Foods,Dehradun,Hospitality,2021-07-27
177,City Tiffin Services,Jaipur,Hospitality,2021-08-17
178,Nandi Provisions Surat,Surat,Retail,2023-07-26
179,Supreme Provisions Delhi,Delhi,Retail,2024-01-25
180,Tulsi Restaurant Vadodara,Vadodara,Hospitality,2021-05-24
181,Rainbow Emporium,Goa,Retail,2022-11-07
182,Star General Store Patna,Patna,Retail,2021-04-17
183,Lotus Provisions,Mumbai,Retail,2023-01-30
184,Lotus Kitchens,Bengaluru,Hospitality,2025-04-21
185,United Inn,Kanpur,Hospitality,2025-05-04
186,Classic Hotels,Delhi,Hospitality,2024-09-14
187,Krishna Tiffin Services,Delhi,Hospitality,2023-01-15
188,Modern Kitchens,Patna,Hospitality,2025-07-20
189,Nandi Resorts,Kanpur,Hospitality,2024-06-03
190,Galaxy Bazaar,Thiruvananthapuram,Retail,2020-08-31
191,Blue Cafe,Pune,Hospitality,2020-07-10
192,Lotus Resorts,Bhubaneswar,Hospitality,2020-04-11
193,New General Store,Agra,Retail,2023-01-27
194,Silk Route Mart,Hyderabad,Retail,2024-05-26
195,Krishna Foods Gurugram,Gurugram,Hospitality,2022-09-07
196,Harbour Foods,Bengaluru,Hospitality,2025-05-17
197,Hill View Provisions,Noida,Retail,2023-03-29
198,Om Kitchens,Pune,Hospitality,2021-09-20
199,Ganesh Trading Co,Visakhapatnam,Wholesale,2024-04-02
200,Silk Route Depot,Surat,Wholesale,2024-03-26
201,Crystal Bazaar,Chennai,Retail,2022-05-29
202,Krishna Caterers,Dehradun,Hospitality,2023-03-26
203,Blue Inn,Nagpur,Hospitality,2022-07-25
204,River Side Enterprises,Chennai,Wholesale,2023-02-10
205,Silver Mart Coimbatore,Coimbatore,Retail,2025-05-20
206,Spice Garden Hotels,Chennai,Hospitality,2020-04-06
207,Blue Provisions,Delhi,Retail,2021-01-22
208,National Tiffin Services,Aurangabad,Hospitality,2021-08-22
209,Saffron Emporium Noida,Noida,Retail,2022-06-08
210,Metro Agencies,Agra,Wholesale,2024-07-29
211,Lake View Exports,Mumbai,Wholesale,2020-03-22
212,Jai Hind Kitchenware,Delhi,Retail,2021-05-01
213,Heritage Emporium,Pune,Retail,2024-03-21
214,Nandi Supermarket,Delhi,Retail,2025-01-09
215,Coconut Grove Mart,Kolkata,Retail,2021-05-06
216,City Mart,Rajkot,Retail,2020-11-14
217,River Side Supermarket,Thane,Retail,2021-04-01
218,Pearl Supermarket,Guwahati,Retail,2020-10-01
219,Galaxy Home Needs Madurai,Madurai,Retail,2020-01-23
220,Ganesh Banquets Hyderabad,Hyderabad,Hospitality,2024-07-11
221,Green Trading Co,Bengaluru,Wholesale,2020-02-12
222,Balaji Agencies,Bhubaneswar,Wholesale,2020-08-01
223,Hill View Kitchens,Pune,Hospitality,2025-02-04
224,Bharat Hotels,Rajkot,Hospitality,2022-03-22
225,Palm Exports,Bengaluru,Wholesale,2021-03-24
226,Shree Cafe Bengaluru,Bengaluru,Hospitality,2025-07-08
227,Metro Kitchenware,Pune,Retail,2020-12-02
228,Coconut Grove Bazaar,Kolkata,Retail,2022-11-24
229,Spice Garden Hotels Noida,Noida,Hospitality,2021-07-15
230,United Mart,Agra,Retail,2020-04-25
231,Galaxy Bazaar Aurangabad,Aurangabad,Retail,2022-01-25
232,Blue Hotels,Lucknow,Hospitality,2024-01-19
233,United Traders,Kanpur,Retail,2024-11-20
234,Spice Garden Home Needs,Udaipur,Retail,2024-11-24
235,Green Home Needs,Nagpur,Retail,2022-11-17
236,Tulsi Traders Mysuru,Mysuru,Retail,2023-08-24
237,Orchid Stores,Ranchi,Retail,2021-03-09
238,Harbour Emporium,Coimbatore,Retail,2023-04-17
239,River Side Emporium,Thiruvananthapuram,Retail,2023-12-15
240,River Side Mart,Chennai,Retail,2024-07-09
241,Vijay Agencies,Delhi,Wholesale,2020-10-24
242,Crystal Foods,Bengaluru,Hospitality,2020-11-15
243,Coastal Supermarket Noida,Noida,Retail,2024-02-12
244,Heritage Foods,Thiruvananthapuram,Hospitality,2022-10-31
245,Golden Home Needs,Nagpur,Retail,2025-06-28
246,Metro Hotels,Indore,Hospitality,2020-07-05
247,Maple Resorts,Chennai,Hospitality,2024-11-02
248,Shree General Store Noida,Noida,Retail,2021-11-25
249,Classic General Store,Hyderabad,Retail,2025-06-30
250,Coconut Grove Supermarket,Pune,Retail,2020-09-22
251,National Bazaar Mumbai,Mumbai,Retail,2022-11-23
252,Rainbow Logistics,Udaipur,Wholesale,2023-01-22
253,Om Resorts,Dehradun,Hospitality,2023-12-26
254,Sunrise Provisions,Nagpur,Retail,2024-12-26
255,Rainbow Banquets Nagpur,Nagpur,Hospitality,2021-07-31
256,Hill View Supermarket,Thiruvananthapuram,Retail,2023-10-23
257,River Side Enterprises Pune,Pune,Wholesale,2023-01-27
258,Prime Supermarket,Mumbai,Retail,2025-03-19
259,Lotus Bazaar,Ahmedabad,Retail,2023-01-28
260,River Side Kitchenware,Aurangabad,Retail,2020-10-24
261,Pearl Home Needs,Surat,Retail,2023-06-26
262,Pearl Restaurant,Dehradun,Hospitality,2021-10-08
263,Royal Bazaar,Nashik,Retail,2024-12-06
264,Krishna Provisions,Ahmedabad,Retail,2021-07-18
265,Golden Emporium,Mangaluru,Retail,2024-06-09
266,Coastal Provisions Udaipur,Udaipur,Retail,2023-09-06
267,Urban Traders,Gurugram,Retail,2024-05-24
268,Harbour Caterers,Delhi,Hospitality,2023-02-27
269,Metro Emporium,Mumbai,Retail,2023-12-17
270,Galaxy Home Needs Vadodara,Vadodara,Retail,2023-09-02
271,Star Stores,Nashik,Retail,2022-09-13
272,Lotus Mart,Chandigarh,Retail,2025-07-08
273,Mahalaxmi Inn,Chennai,Hospitality,2024-08-17
274,Mahalaxmi General Store,Ludhiana,Retail,2024-10-26
275,Modern Suppliers,Rajkot,Wholesale,2023-11-07
276,Shree Kitchens,Mangaluru,Hospitality,2022-05-14
277,Tulsi Trading Co,Delhi,Wholesale,2023-07-05
278,Palm Kitchens,Delhi,Hospitality,2024-11-22
279,Lotus Traders Noida,Noida,Retail,2021-06-18
280,Metro Resorts,Raipur,Hospitality,2024-11-06
281,Rainbow Home Needs,Mumbai,Retail,2021-03-31
282,Pearl Tiffin Services,Ahmedabad,Hospitality,2021-05-13
283,Sai Logistics,Delhi,Wholesale,2022-05-29
284,City Provisions,Kanpur,Retail,2021-09-15
285,Prime Enterprises,Ludhiana,Wholesale,2020-12-06
286,Evergreen Bazaar,Chandigarh,Retail,2021-11-03
287,Maple Enterprises,Chandigarh,Wholesale,2021-10-07
288,Orchid Restaurant,Chennai,Hospitality,2022-10-28
289,Shree Home Needs,Noida,Retail,2022-08-19
290,Prime Depot,Nagpur,Wholesale,2021-04-04
291,Saffron Provisions,Udaipur,Retail,2021-06-05
292,Sapphire Traders,Bengaluru,Retail,2023-12-18
293,Golden Tiffin Services,Guwahati,Hospitality,2021-07-25
294,Royal Suppliers,Delhi,Wholesale,2020-10-13
295,Royal Bazaar Bengaluru,Bengaluru,Retail,2020-10-14
296,Tulsi General Store,Hyderabad,Retail,2023-08-20
297,Rainbow Emporium Pune,Pune,Retail,2022-10-15
298,Shree Restaurant,Delhi,Hospitality,2024-01-18
299,Maple Enterprises Vadodara,Vadodara,Wholesale,2020-10-06
300,Om General Store,Patna,Retail,2022-10-29
301,Vijay Suppliers,Thiruvananthapuram,Wholesale,2025-03-14
302,Maple Kitchenware,Delhi,Retail,2025-01-28
303,City Bazaar,Aurangabad,Retail,2022-09-12
304,Classic Bazaar,Goa,Retail,2024-11-29
305,New Kitchenware Bengaluru,Bengaluru,Retail,2021-01-06
306,Ganesh Restaurant,Ranchi,Hospitality,2024-12-22
307,Sapphire Resorts Mangaluru,Mangaluru,Hospitality,2021-05-01
308,Krishna Tiffin Services Hyderabad,Hyderabad,Hospitality,2023-08-15
309,Star Cafe,Delhi,Hospitality,2020-02-08
310,Om Home Needs Noida,Noida,Retail,2022-12-24
311,Silk Route Inn,Rajkot,Hospitality,2024-10-12
312,Jai Hind Kitchens,Surat,Hospitality,2021-05-31
313,Blue Home Needs,Hyderabad,Retail,2020-06-02
314,Galaxy Logistics,Agra,Wholesale,2024-04-14
315,Shree General Store Delhi,Delhi,Retail,2025-06-26
316,Vijay Stores Coimbatore,Coimbatore,Retail,2023-11-06
317,Vijay Emporium,Bhubaneswar,Retail,2023-12-21
318,Coastal Provisions Lucknow,Lucknow,Retail,2024-01-24
319,Modern Cafe,Bengaluru,Hospitality,2024-02-22
320,Evergreen Kitchenware Lucknow,Lucknow,Retail,2022-11-18
321,Silver Bazaar Vadodara,Vadodara,Retail,2024-07-29
322,Laxmi Supermarket,Kolkata,Retail,2021-12-01
323,Nandi Cafe,Gurugram,Hospitality,2021-02-16
324,New Traders,Kolkata,Retail,2020-11-23
325,Ganesh Inn,Bengaluru,Hospitality,2023-04-18
326,Modern Packaging,Mumbai,Wholesale,2024-09-12
327,Coastal Mart,Delhi,Retail,2021-07-18
328,Rainbow Packaging,Udaipur,Wholesale,2022-11-10
329,Orchid Kitchenware,Chennai,Retail,2023-12-14
330,Sai Provisions,Noida,Retail,2020-09-12
331,Mahalaxmi Kitchens,Hyderabad,Hospitality,2025-03-03
332,Rainbow Provisions,Noida,Retail,2020-11-19
333,Modern Provisions,Mumbai,Retail,2022-09-16
334,United Emporium,Mumbai,Retail,2020-02-26
335,Sunrise Home Needs,Gurugram,Retail,2024-10-19
336,Golden Packaging,Kolkata,Wholesale,2022-09-09
337,Laxmi Provisions,Hyderabad,Retail,2021-03-04
338,Golden Cafe,Bhubaneswar,Hospitality,2025-03-10
339,Om Caterers,Hyderabad,Hospitality,2022-03-03
340,Prime Inn,Thiruvananthapuram,Hospitality,2025-05-18
341,Bharat Kitchenware,Delhi,Retail,2022-03-03
342,Lake View Traders,Kanpur,Retail,2022-02-19
343,Vijay Emporium Thiruvananthapuram,Thiruvananthapuram,Retail,2025-02-01
344,City Home Needs,Surat,Retail,2024-02-11
345,Silver Traders,Vadodara,Retail,2023-04-09
346,Urban Foods,Mumbai,Hospitality,2020-10-03
347,Coastal Kitchens,Bhubaneswar,Hospitality,2022-08-19
348,Royal Logistics,Ahmedabad,Wholesale,2021-07-05
349,New Kitchenware Pune,Pune,Retail,2022-04-17
350,Sunrise Provisions Nashik,Nashik,Retail,2022-11-27
351,Urban Emporium,Thane,Retail,2021-03-23
352,Blue Bazaar,Chandigarh,Retail,2022-01-17
353,Metro Emporium Ahmedabad,Ahmedabad,Retail,2022-05-29
354,Crystal Foods Bhubaneswar,Bhubaneswar,Hospitality,2022-02-10
355,Krishna Wholesale,Bhubaneswar,Wholesale,2020-10-11
356,City Caterers,Chennai,Hospitality,2024-09-13
357,Golden Banquets,Mysuru,Hospitality,2025-10-04
358,Sapphire Cafe,Mysuru,Hospitality,2022-04-17
359,Heritage Stores,Delhi,Retail,2020-07-10
360,Royal Supermarket,Lucknow,Retail,2024-10-01
361,Blue Cafe Jaipur,Jaipur,Hospitality,2021-01-20
362,Pearl Exports,Bhubaneswar,Wholesale,2022-12-26
363,Orchid Enterprises,Raipur,Wholesale,2022-02-15
364,Mahalaxmi Depot,Vadodara,Wholesale,2024-07-12
365,Supreme Hotels Hyderabad,Hyderabad,Hospitality,2021-08-24
366,Orchid Restaurant Rajkot,Rajkot,Hospitality,2024-10-10
367,Blue Banquets,Surat,Hospitality,2023-02-07
368,River Side Caterers,Agra,Hospitality,2023-11-05
369,Star Stores Chennai,Chennai,Retail,2021-09-24
370,Krishna Provisions Goa,Goa,Retail,2023-11-24
371,Silk Route Depot Kochi,Kochi,Wholesale,2022-03-04
372,Sai Home Needs,Chennai,Retail,2023-09-19
373,Urban General Store,Vadodara,Retail,2023-09-17
374,City Banquets,Rajkot,Hospitality,2025-09-03
375,Crystal Traders,Hyderabad,Retail,2024-10-17
376,Sapphire Kitchenware,Coimbatore,Retail,2021-05-28
377,Ganesh Bazaar Surat,Surat,Retail,2023-05-25
378,Spice Garden Emporium,Udaipur,Retail,2023-10-18
379,Orchid Mart,Nashik,Retail,2024-05-28
380,Star Packaging,Ahmedabad,Wholesale,2024-11-08
381,Lake View Resorts,Chennai,Hospitality,2024-07-10
382,Galaxy Mart,Mysuru,Retail,2020-10-26
383,City Emporium,Patna,Retail,2025-03-29
384,Palm Stores,Ludhiana,Retail,2021-11-05
385,Galaxy Tiffin Services,Jaipur,Hospitality,2023-09-25
386,River Side Inn,Ahmedabad,Hospitality,2025-06-23
387,River Side Caterers Rajkot,Rajkot,Hospitality,2022-08-17
388,Pearl Stores Hyderabad,Hyderabad,Retail,2024-05-03
389,Lake View Kitchenware,Patna,Retail,2022-02-17
390,Coastal Depot,Dehradun,Wholesale,2024-12-03
391,Shree Kitchenware Bengaluru,Bengaluru,Retail,2022-02-15
392,Mahalaxmi General Store Mumbai,Mumbai,Retail,2022-02-07
393,Spice Garden Resorts,Guwahati,Hospitality,2025-10-01
394,Sai Home Needs Ahmedabad,Ahmedabad,Retail,2023-08-17
395,Pearl Home Needs Aurangabad,Aurangabad,Retail,2020-11-21
396,Coastal Logistics,Ahmedabad,Wholesale,2023-03-28
397,Shree Emporium,Vadodara,Retail,2023-01-18
398,Jai Hind Traders Gurugram,Gurugram,Retail,2021-03-12
399,Blue Supermarket,Delhi,Retail,2020-08-27
400,National Exports,Ludhiana,Wholesale,2023-03-11
401,New Bazaar,Lucknow,Retail,2025-08-17
402,Bharat Resorts,Udaipur,Hospitality,2022-01-30
403,Vijay Home Needs,Mumbai,Retail,2024-12-23
404,Sunrise Resorts,Ranchi,Hospitality,2023-11-22
405,Lake View Stores,Hyderabad,Retail,2020-10-18
406,Sai Hotels,Kochi,Hospitality,2021-01-21
407,Sai Resorts,Chennai,Hospitality,2025-09-11
408,River Side Kitchens,Mangaluru,Hospitality,2025-11-04
409,Orchid Banquets,Chennai,Hospitality,2021-10-03
410,Harbour Mart,Noida,Retail,2021-10-09
411,Metro Mart Pune,Pune,Retail,2020-03-10
412,Metro Bazaar,Mumbai,Retail,2023-10-26
413,Coastal Hotels Delhi,Delhi,Hospitality,2021-05-29
414,Maple Emporium,Lucknow,Retail,2024-03-13
415,Mahalaxmi Foods,Raipur,Hospitality,2023-01-19
416,Prime Trading Co,Mumbai,Wholesale,2021-02-13
417,Om Kitchens Jaipur,Jaipur,Hospitality,2023-06-08
418,Saffron Caterers,Chennai,Hospitality,2022-03-12
419,Sai Hotels Mangaluru,Mangaluru,Hospitality,2021-07-14
420,Jai Hind Enterprises,Bengaluru,Wholesale,2020-04-04
421,Jai Hind Resorts,Gurugram,Hospitality,2021-08-01
422,Coastal Hotels Noida,Noida,Hospitality,2021-10-25
423,Tulsi Bazaar,Lucknow,Retail,2022-05-27
424,Heritage Banquets,Patna,Hospitality,2025-09-09
425,City Exports,Thiruvananthapuram,Wholesale,2021-03-06
426,Krishna General Store,Raipur,Retail,2022-03-07
427,Harbour Stores,Ahmedabad,Retail,2024-08-24
428,Heritage Restaurant,Mumbai,Hospitality,2025-03-09
429,Royal Resorts,Goa,Hospitality,2020-10-01
430,Saffron Resorts,Nagpur,Hospitality,2025-10-14
431,Rainbow Restaurant,Patna,Hospitality,2023-01-04
432,Coconut Grove Inn,Bengaluru,Hospitality,2025-05-13
433,Supreme Bazaar Bengaluru,Bengaluru,Retail,2024-03-15
434,Modern Inn Madurai,Madurai,Hospitality,2024-02-15
435,Galaxy Kitchenware,Thiruvananthapuram,Retail,2022-06-25
436,United Restaurant,Ahmedabad,Hospitality,2025-05-15
437,Pearl Supermarket Mumbai,Mumbai,Retail,2023-05-17
438,River Side Inn Visakhapatnam,Visakhapatnam,Hospitality,2022-07-11
439,Vijay Stores Bengaluru,Bengaluru,Retail,2025-05-25
440,Maple Suppliers,Mumbai,Wholesale,2022-05-26
441,United Emporium Dehradun,Dehradun,Retail,2021-09-16
442,Pearl Exports Nashik,Nashik,Wholesale,2025-11-25
443,New Home Needs,Delhi,Retail,2024-05-21
444,Supreme Traders,Patna,Retail,2024-04-17
445,Lake View Restaurant,Thiruvananthapuram,Hospitality,2022-06-14
446,Prime Exports,Surat,Wholesale,2020-02-17
447,Silver Wholesale,Ranchi,Wholesale,2024-02-05
448,Om Supermarket,Kolkata,Retail,2024-11-29
449,Coastal Foods Ahmedabad,Ahmedabad,Hospitality,2023-11-07
450,Galaxy Stores,,Retail,2023-12-25
451,Om Emporium,Bengaluru,Retail,2023-01-17
452,Coastal Stores,Kolkata,Retail,2025-08-06
453,Star Supermarket,Chennai,Retail,2025-07-10
454,Harbour Cafe,Pune,Hospitality,2023-09-15
455,Saffron Kitchens,Lucknow,Hospitality,2022-02-27
456,Rainbow Emporium Chennai,Chennai,Retail,2020-01-26
457,River Side Tiffin Services Chandigarh,Chandigarh,Hospitality,2024-09-29
458,Prime Bazaar,Delhi,Retail,2020-06-16
459,Sunrise Banquets,Mumbai,Hospitality,2023-10-21
460,Jai Hind Caterers,Bengaluru,Hospitality,2023-11-05
461,Om General Store Ahmedabad,Ahmedabad,Retail,2025-04-18
462,City Home Needs Thane,Thane,Retail,2021-05-27
463,National Stores,Chandigarh,Retail,2020-07-12
464,Tulsi Resorts,Lucknow,Hospitality,2024-02-25
465,Sunrise Stores,Goa,Retail,2023-09-09
466,Galaxy Mart Chandigarh,Chandigarh,Retail,2025-05-08
467,Coastal Stores Ahmedabad,Ahmedabad,Retail,2024-10-02
468,Spice Garden General Store,Mumbai,Retail,2021-03-15
469,Modern Home Needs Mumbai,Mumbai,Retail,2023-09-20
470,Bharat Wholesale,Pune,Wholesale,2025-01-21
471,Shree Supermarket,Visakhapatnam,Retail,2022-05-07
472,Palm Caterers,Delhi,Hospitality,2022-02-01
473,National Logistics,Hyderabad,Wholesale,2023-04-14
474,Sunrise Mart,Hyderabad,Retail,2023-12-22
475,Modern Packaging Nashik,Nashik,Wholesale,2025-10-19
476,Coconut Grove Resorts,Madurai,Hospitality,2022-10-23
477,Silver Exports,Patna,Wholesale,2025-06-12
478,Crystal Supermarket,Jaipur,Retail,2021-05-24
479,Royal Emporium,Hyderabad,Retail,2021-01-20
480,Galaxy Caterers,Kolkata,Hospitality,2024-12-22
481,Coastal Stores Kanpur,Kanpur,Retail,2024-10-31
482,Krishna Resorts,Jaipur,Hospitality,2020-06-13
483,City Kitchens,Goa,Hospitality,2020-06-19
484,Silk Route Supermarket,Pune,Retail,2021-01-10
485,Royal Wholesale,Coimbatore,Wholesale,2020-04-19
486,Nandi Traders,Mumbai,Retail,2020-05-09
487,Star Supermarket Bengaluru,Bengaluru,Retail,2020-07-17
488,Shree Home Needs Madurai,Madurai,Retail,2023-08-02
489,Spice Garden Kitchenware,Chennai,Retail,2024-02-19
490,Silk Route Cafe,Noida,Hospitality,2020-05-15
491,Coastal Banquets,Delhi,Hospitality,2025-04-19
492,Blue Kitchenware Patna,Patna,Retail,2022-02-21
493,Coastal Agencies,Noida,Wholesale,2024-07-13
494,Sunrise Tiffin Services,Kanpur,Hospitality,2022-05-08
495,Lotus Cafe,Thiruvananthapuram,Hospitality,2023-02-27
496,Royal General Store,Udaipur,Retail,2020-09-23
497,River Side Banquets,Aurangabad,Hospitality,2024-08-12
498,Rainbow Provisions Mumbai,Mumbai,Retail,2024-03-12
499,Classic Provisions,Chandigarh,Retail,2021-11-01
500,Golden Caterers,Vadodara,Hospitality,2025-10-26
501,Royal Caterers,Hyderabad,Hospitality,2022-07-19
502,Lotus Provisions Chandigarh,Chandigarh,Retail,2025-11-27
503,Tulsi Stores,Mumbai,Retail,2020-02-04
504,Bharat Suppliers,Ahmedabad,Wholesale,2024-10-07
505,United Tiffin Services,Chandigarh,Hospitality,2020-09-01
506,Ganesh Cafe,Indore,Hospitality,2021-09-24
507,Saffron Emporium Patna,Patna,Retail,2020-08-23
508,River Side Trading Co,Delhi,Wholesale,2022-06-15
509,Green Enterprises,Pune,Wholesale,2024-05-19
510,Mahalaxmi Mart,Chennai,Retail,2025-06-23
511,Blue Emporium,Vadodara,Retail,2023-06-23
512,Royal Mart,Kolkata,Retail,2022-04-20
513,Lake View Suppliers,Ahmedabad,Wholesale,2023-01-08
514,National Bazaar Chandigarh,Chandigarh,Retail,2024-08-28
515,Sai Kitchens,Delhi,Hospitality,2023-08-04
516,Modern Supermarket,Delhi,Retail,2023-08-23
517,Sunrise Home Needs Kolkata,Kolkata,Retail,2021-11-21
518,Vijay Stores Delhi,Delhi,Retail,2022-09-01
519,Bharat Trading Co,Madurai,Wholesale,2022-10-26
520,Silver Supermarket,,Retail,2022-07-26
521,Orchid Resorts,Chennai,Hospitality,2023-01-07
522,Supreme Suppliers,Bengaluru,Wholesale,2021-09-11
523,Maple Mart Coimbatore,Coimbatore,Retail,2024-06-24
524,Saffron Provisions Ludhiana,Ludhiana,Retail,2025-05-23
525,Galaxy Home Needs Lucknow,Lucknow,Retail,2021-04-01
526,United Restaurant Mumbai,Mumbai,Hospitality,2022-10-27
527,Saffron Kitchens Ranchi,Ranchi,Hospitality,2022-01-04
528,Sunrise Kitchenware,Aurangabad,Retail,2023-04-11
529,Heritage Provisions Bengaluru,,Retail,2022-11-01
530,Jai Hind Foods,Delhi,Hospitality,2022-05-04
531,Royal Stores,Noida,Retail,2025-04-18
532,Royal Cafe,Mumbai,Hospitality,2022-07-28
533,Lake View Enterprises,Mumbai,Wholesale,2020-01-15
534,Prime Bazaar Bengaluru,Bengaluru,Retail,2025-04-02
535,Ganesh Emporium,Visakhapatnam,Retail,2022-02-04
536,Hill View General Store,Hyderabad,Retail,2023-11-10
537,Golden Tiffin Services Aurangabad,Aurangabad,Hospitality,2022-03-20
538,Evergreen Banquets,Bhubaneswar,Hospitality,2023-08-30
539,Green Stores,Guwahati,Retail,2023-12-27
540,Blue Hotels Visakhapatnam,Visakhapatnam,Hospitality,2025-10-03
541,Lotus Supermarket,Jaipur,Retail,2021-10-25
542,River Side Mart Dehradun,Dehradun,Retail,2022-10-01
543,Tulsi Traders Chennai,Chennai,Retail,2025-10-01
544,United Provisions,Hyderabad,Retail,2022-11-28
545,Sai Mart,Kolkata,Retail,2023-12-15
546,Metro Banquets Delhi,Delhi,Hospitality,2025-01-03
547,Silk Route Provisions Kanpur,Kanpur,Retail,2023-10-29
548,Coconut Grove Traders,Hyderabad,Retail,2025-08-21
549,River Side Agencies,Nagpur,Wholesale,2024-01-21
550,Star Emporium,Ludhiana,Retail,2023-06-18
551,Om Foods Madurai,Madurai,Hospitality,2022-02-15
552,Modern Banquets,Kolkata,Hospitality,2020-08-27
553,Sapphire Home Needs,Thiruvananthapuram,Retail,2024-10-11
554,Coconut Grove Logistics Indore,Indore,Wholesale,2022-05-18
555,Pearl Mart,Delhi,Retail,2024-01-12
556,Mahalaxmi Suppliers,Hyderabad,Wholesale,2021-06-05
557,Lake View Restaurant Hyderabad,Hyderabad,Hospitality,2023-04-04
558,Star Caterers,Goa,Hospitality,2022-11-25
559,Maple Supermarket Bengaluru,Bengaluru,Retail,2025-09-27
560,Shree Emporium Nashik,Nashik,Retail,2024-09-28
561,Silver Home Needs,Mumbai,Retail,2024-03-09
562,Shree Kitchens Thiruvananthapuram,Thiruvananthapuram,Hospitality,2021-05-03
563,New Supermarket,Chennai,Retail,2022-07-02
564,River Side General Store,Bengaluru,Retail,2023-09-26
565,Silver Kitchenware,Mangaluru,Retail,2021-09-14
566,Sapphire Provisions,Surat,Retail,2021-05-19
567,Balaji Provisions,Bengaluru,Retail,2021-01-24
568,Blue Home Needs Delhi,Delhi,Retail,2023-05-20
569,Vijay Provisions,Chennai,Retail,2020-02-05
570,Lake View Supermarket,Agra,Retail,2023-07-05
571,Pearl Emporium,Mumbai,Retail,2024-05-31
572,Vijay Home Needs Coimbatore,Coimbatore,Retail,2025-03-22
573,Mahalaxmi Stores,Kanpur,Retail,2020-08-25
574,Jai Hind Supermarket,Guwahati,Retail,2021-08-02
575,Silver Traders Jaipur,Jaipur,Retail,2024-06-13
576,Sunrise Provisions Delhi,Delhi,Retail,2022-07-20
577,Bharat Provisions,Mumbai,Retail,2024-01-06
578,Lake View Kitchenware Visakhapatnam,Visakhapatnam,Retail,2021-02-12
579,Royal Provisions,Hyderabad,Retail,2022-03-13
580,Bharat Bazaar,Indore,Retail,2024-02-03
581,Metro Provisions,Kolkata,Retail,2024-03-04
582,River Side Hotels,Bengaluru,Hospitality,2024-02-29
583,Vijay Hotels,Aurangabad,Hospitality,2023-09-12
584,Harbour Hotels Pune,Pune,Hospitality,2023-01-12
585,Palm Wholesale,Hyderabad,Wholesale,2021-11-02
586,United Trading Co,Hyderabad,Wholesale,2022-12-23
587,Mahalaxmi Stores Bengaluru,,Retail,2022-10-07
588,Coconut Grove Banquets,Kanpur,Hospitality,2021-03-30
589,National Trading Co,Dehradun,Wholesale,2020-01-10
590,Nandi General Store,Nashik,Retail,2020-07-07
591,Laxmi Kitchens,Rajkot,Hospitality,2024-12-05
592,Silk Route Enterprises,Bengaluru,Wholesale,2024-09-30
593,Green Inn,Udaipur,Hospitality,2025-10-01
594,Heritage Mart,Nagpur,Retail,2024-02-04
595,Galaxy Restaurant Delhi,Delhi,Hospitality,2022-07-19
596,Harbour Tiffin Services,Indore,Hospitality,2021-11-24
597,Ganesh Inn Visakhapatnam,Visakhapatnam,Hospitality,2020-08-17
598,Shree Stores Bengaluru,Bengaluru,Retail,2021-07-14
599,Lake View Cafe,Guwahati,Hospitality,2024-11-02
600,Bharat Tiffin Services Hyderabad,Hyderabad,Hospitality,2022-12-08
601,Orchid Hotels,Ahmedabad,Hospitality,2024-12-13
602,Royal Tiffin Services,Hyderabad,Hospitality,2025-10-30
603,Sapphire Traders Madurai,Madurai,Retail,2023-05-25
604,New Home Needs Nashik,Nashik,Retail,2023-02-08
605,Star Kitchens,Bengaluru,Hospitality,2020-08-17
606,Classic Inn,Chennai,Hospitality,2023-03-22
607,Modern Stores,,Retail,2023-06-29
608,Nandi Provisions Coimbatore,Coimbatore,Retail,2022-02-08
609,New Traders Mumbai,Mumbai,Retail,2021-05-25
610,Bharat Banquets,Bhubaneswar,Hospitality,2021-07-30
611,Saffron Wholesale,Mumbai,Wholesale,2022-05-22
612,Heritage Home Needs,Chennai,Retail,2025-11-14
613,Palm Cafe Kolkata,Kolkata,Hospitality,2024-01-08
614,Modern Tiffin Services,Indore,Hospitality,2020-12-12
615,Silk Route Traders Bengaluru,Bengaluru,Retail,2021-03-15
616,Lake View Inn,Kolkata,Hospitality,2023-10-26
617,Star Cafe Thane,Thane,Hospitality,2025-02-12
618,Nandi Logistics,Agra,Wholesale,2022-01-15
619,River Side Kitchenware Vadodara,Vadodara,Retail,2024-02-03
620,United Resorts,Kolkata,Hospitality,2023-12-22
621,Urban Inn,Bengaluru,Hospitality,2020-05-01
622,Spice Garden Provisions,Chennai,Retail,2023-12-09
623,Maple Wholesale,Mumbai,Wholesale,2020-04-22
624,Sapphire Logistics,Mumbai,Wholesale,2023-06-03
625,City Inn,Delhi,Hospitality,2024-01-12
626,Sunrise Kitchenware Delhi,Delhi,Retail,2023-07-12
627,Metro Hotels Thane,Thane,Hospitality,2022-09-19
628,Lotus Inn,Indore,Hospitality,2025-07-28
629,Crystal Hotels,Thiruvananthapuram,Hospitality,2025-05-26
630,Green Enterprises Thane,Thane,Wholesale,2024-02-21
631,Galaxy Banquets,Mysuru,Hospitality,2022-08-11
632,Laxmi Bazaar,Ahmedabad,Retail,2023-03-17
633,Laxmi Supermarket Delhi,Delhi,Retail,2025-02-09
634,Om Trading Co,Visakhapatnam,Wholesale,2021-05-16
635,Maple Trading Co,Ahmedabad,Wholesale,2020-03-08
636,Saffron Stores,Surat,Retail,2021-11-28
637,Golden Stores,Patna,Retail,2021-12-30
638,Jai Hind Provisions Nagpur,Nagpur,Retail,2025-02-16
639,Crystal Agencies,Goa,Wholesale,2025-11-14
640,Vijay Provisions Patna,Patna,Retail,2024-02-05
641,Laxmi Tiffin Services,Surat,Hospitality,2020-05-20
642,Lake View General Store,Jaipur,Retail,2022-03-19
643,Crystal Agencies Aurangabad,Aurangabad,Wholesale,2025-11-05
644,Hill View Mart,Indore,Retail,2020-04-10
645,Crystal Home Needs,Ranchi,Retail,2023-04-10
646,Krishna Inn,Surat,Hospitality,2023-07-29
647,Silk Route Home Needs,Hyderabad,Retail,2024-08-02
648,Rainbow Kitchens,Jaipur,Hospitality,2025-06-14
649,Harbour Mart Gurugram,Gurugram,Retail,2023-09-08
650,Ganesh Packaging,Kanpur,Wholesale,2021-06-07
651,Orchid Mart Goa,Goa,Retail,2022-10-31
652,Supreme Logistics,Ranchi,Wholesale,2021-06-03
653,Krishna Traders,Mumbai,Retail,2021-02-16
654,Silver Banquets,Hyderabad,Hospitality,2023-02-11
655,Spice Garden Stores,Indore,Retail,2023-01-24
656,Palm Traders,Kochi,Retail,2020-12-08
657,Sapphire Kitchens,Thane,Hospitality,2020-09-13
658,Lake View Mart,Delhi,Retail,2023-12-20
659,Palm Agencies,Mysuru,Wholesale,2022-08-08
660,Crystal Provisions,Pune,Retail,2023-03-27
661,Blue Agencies,Ranchi,Wholesale,2024-03-09
662,Silver Emporium,Dehradun,Retail,2023-09-03
663,Metro Kitchenware Chennai,Chennai,Retail,2024-03-25
664,United Restaurant Hyderabad,Hyderabad,Hospitality,2024-02-07
665,Heritage Home Needs Nashik,Nashik,Retail,2025-02-01
666,Star Supermarket Surat,Surat,Retail,2023-11-14
667,Spice Garden Inn,Nashik,Hospitality,2021-09-13
668,Laxmi Foods,,Hospitality,2024-06-24
669,Galaxy Mart Ahmedabad,Ahmedabad,Retail,2022-03-24
670,Galaxy Supermarket,Hyderabad,Retail,2025-10-24
671,New Trading Co,Chennai,Wholesale,2021-04-27
672,Urban Traders Mumbai,Mumbai,Retail,2021-12-04
673,Coconut Grove General Store Mumbai,Mumbai,Retail,2022-10-17
674,Jai Hind Provisions Lucknow,Lucknow,Retail,2025-03-04
675,Crystal General Store,Lucknow,Retail,2024-03-12
676,Harbour Mart Thiruvananthapuram,Thiruvananthapuram,Retail,2025-05-21
677,Sapphire Packaging,Chandigarh,Wholesale,2020-10-11
678,Modern Stores Surat,Surat,Retail,2025-01-13
679,Crystal Hotels Guwahati,Guwahati,Hospitality,2020-08-25
680,Bharat Supermarket Jaipur,Jaipur,Retail,2020-08-30
681,Jai Hind General Store,Mumbai,Retail,2021-12-04
682,Evergreen Stores Gurugram,Gurugram,Retail,2025-04-25
683,National Stores Noida,Noida,Retail,2025-04-28
684,Krishna Mart,Pune,Retail,2020-01-26
685,Supreme Packaging,Thiruvananthapuram,Wholesale,2025-11-06
686,Urban Home Needs,Ahmedabad,Retail,2020-12-31
687,Bharat Traders,Pune,Retail,2024-12-21
688,Green Mart,Ahmedabad,Retail,2024-03-30
689,Blue Kitchenware Pune,Pune,Retail,2020-10-26
690,Star Home Needs,Mumbai,Retail,2021-12-24
691,Coastal Restaurant,Vadodara,Hospitality,2025-01-19
692,Blue Emporium Mysuru,Mysuru,Retail,2023-09-28
693,Supreme Restaurant,Guwahati,Hospitality,2025-09-23
694,Ganesh Cafe Agra,Agra,Hospitality,2023-11-21
695,Nandi General Store Mangaluru,Mangaluru,Retail,2024-04-10
696,Evergreen Supermarket,Nagpur,Retail,2021-11-01
697,Royal Hotels,Udaipur,Hospitality,2024-08-24
698,Jai Hind Traders Mumbai,Mumbai,Retail,2022-02-25
699,Rainbow Sai Tiffin Services,Bengaluru,Hospitality,2024-05-18
700,Silk Route Depot Bengaluru,,Wholesale,2023-04-29
701,Harbour Stores Bengaluru,Bengaluru,Retail,2023-06-06
702,Silver Distributors,Nagpur,Wholesale,2024-11-29
703,Urban Restaurant,Nagpur,Hospitality,2023-08-11
704,Silver Banquets Vadodara,Vadodara,Hospitality,2021-06-12
705,Star Mart Surat,Surat,Retail,2022-10-18
706,Rainbow Home Needs Kochi,Kochi,Retail,2021-02-21
707,Sunrise Home Needs Aurangabad,Aurangabad,Retail,2021-02-14
708,Balaji Kitchenware,Hyderabad,Retail,2024-11-04
709,Orchid Foods,Bengaluru,Hospitality,2020-04-24
710,Coconut Grove Resorts Pune,Pune,Hospitality,2023-07-30
711,Sai Bazaar,Bhubaneswar,Retail,2023-12-01
712,Jai Hind Logistics,Nashik,Wholesale,2022-01-20
713,Jai Hind General Store Hyderabad,Hyderabad,Retail,2022-04-20
714,Mahalaxmi Agencies,Guwahati,Wholesale,2025-01-21
715,Nandi Emporium,Mumbai,Retail,2020-08-22
716,Krishna Cafe,Mumbai,Hospitality,2024-07-26
717,Supreme Bazaar Ahmedabad,Ahmedabad,Retail,2021-04-29
718,Golden Emporium Hyderabad,Hyderabad,Retail,2021-05-27
719,Urban Tiffin Services,Mumbai,Hospitality,2025-03-09
720,Heritage Tiffin Services,Lucknow,Hospitality,2022-08-22
721,Urban Mart,Chennai,Retail,2024-11-27
722,Heritage Resorts,Jaipur,Hospitality,2024-01-05
723,Nandi Agencies,Goa,Wholesale,2023-12-19
724,Spice Garden Mart,Delhi,Retail,2021-09-30
725,Lake View Bazaar,Thane,Retail,2023-07-05
726,Galaxy Inn,Kochi,Hospitality,2021-11-23
727,Om Supermarket Gurugram,Gurugram,Retail,2024-05-02
728,Maple Resorts Visakhapatnam,Visakhapatnam,Hospitality,2020-05-22
729,Evergreen Traders,Ludhiana,Retail,2021-10-04
730,Sunrise Mart Aurangabad,Aurangabad,Retail,2025-11-01
731,Laxmi Foods Vadodara,Vadodara,Hospitality,2020-10-09
732,River Side Home Needs Delhi,Delhi,Retail,2023-03-26
733,Star Supermarket Raipur,Raipur,Retail,2021-12-06
734,Silk Route Kitchenware,Mumbai,Retail,2025-10-20
735,Lotus Depot,Pune,Wholesale,2025-10-20
736,Om Kitchens Pune,Pune,Hospitality,2021-07-11
737,Sai Bazaar Kanpur,Kanpur,Retail,2023-05-08
738,Orchid Restaurant Hyderabad,Hyderabad,Hospitality,2023-07-14
739,Golden Provisions,Bengaluru,Retail,2020-10-07
740,Shree Kitchenware Pune,Pune,Retail,2021-04-07
741,Nandi Bazaar,Delhi,Retail,2022-07-11
742,Silver Hotels Bengaluru,Bengaluru,Hospitality,2021-05-07
743,Crystal Home Needs Mumbai,Mumbai,Retail,2020-04-27
744,Evergreen Home Needs,Vadodara,Retail,2021-09-30
745,Balaji Cafe,Indore,Hospitality,2021-01-11
746,Galaxy Home Needs Delhi,Delhi,Retail,2020-02-24
747,Urban Home Needs Delhi,Delhi,Retail,2025-04-10
748,Sapphire Hotels,Dehradun,Hospitality,2024-02-05
749,Shree Traders,Chennai,Retail,2020-10-18
750,Sai Kitchens Raipur,,Hospitality,2025-03-20
751,Lake View Exports Delhi,Delhi,Wholesale,2021-07-24
752,River Side Provisions,Bengaluru,Retail,2020-05-02
753,Balaji Trading Co,Mumbai,Wholesale,2023-04-12
754,Balaji Traders,Delhi,Retail,2025-11-30
755,Coconut Grove Bazaar Lucknow,Lucknow,Retail,2022-06-19
756,Ganesh Kitchens,Ludhiana,Hospitality,2020-12-20
757,Sapphire Cafe Agra,Agra,Hospitality,2022-11-10
758,Star Home Needs Madurai,Madurai,Retail,2020-02-29
759,Mahalaxmi Supermarket,Rajkot,Retail,2020-11-20
760,Classic Inn Lucknow,Lucknow,Hospitality,2021-02-09
761,Sunrise Cafe,Indore,Hospitality,2021-09-30
762,United Home Needs,Pune,Retail,2024-12-10
763,Green Home Needs Jaipur,Jaipur,Retail,2021-02-16
764,Vijay Wholesale,Mumbai,Wholesale,2023-07-13
765,Silk Route Mart Pune,Pune,Retail,2024-07-02
766,Hill View Traders,Nashik,Retail,2024-08-17
767,New Bazaar Goa,Goa,Retail,2025-10-03
768,Mahalaxmi Bazaar,Pune,Retail,2022-04-18
769,Jai Hind Inn,Chandigarh,Hospitality,2025-10-17
770,Sapphire Stores,Thiruvananthapuram,Retail,2020-06-25
771,Classic Home Needs,Pune,Retail,2022-10-27
772,Ganesh Supermarket Bhubaneswar,Bhubaneswar,Retail,2020-05-03
773,Maple Distributors,Nashik,Wholesale,2021-03-26
774,Pearl Hotels,Pune,Hospitality,2020-01-27
775,Evergreen Emporium,Ahmedabad,Retail,2021-09-24
776,Laxmi Distributors,Mumbai,Wholesale,2022-08-07
777,Pearl Restaurant Mumbai,Mumbai,Hospitality,2024-10-15
778,Tulsi Supermarket,Goa,Retail,2023-02-20
779,Saffron Banquets,Nashik,Hospitality,2021-07-05
780,New Foods,Jaipur,Hospitality,2024-12-25
781,River Side Mart Pune,Pune,Retail,2024-10-29
782,Harbour Wholesale,Noida,Wholesale,2022-04-20
783,Green Caterers,Patna,Hospitality,2023-02-07
784,River Side Agencies Mumbai,Mumbai,Wholesale,2024-04-08
785,Coconut Grove General Store Vadodara,Vadodara,Retail,2023-10-30
786,Golden Provisions Aurangabad,Aurangabad,Retail,2022-05-03
787,Saffron Emporium Madurai,Madurai,Retail,2023-08-16
788,Palm Tiffin Services,Chennai,Hospitality,2021-08-07
789,Jai Hind Hotels,,Hospitality,2025-10-19
790,City Stores,Nashik,Retail,2020-02-03
791,Balaji Emporium,Mumbai,Retail,2022-03-02
792,River Side Supermarket Mysuru,Mysuru,Retail,2021-12-19
793,Lotus Mart Bengaluru,Bengaluru,Retail,2025-11-04
794,Golden General Store,Chennai,Retail,2025-10-10
795,Sapphire Cafe Nagpur,Nagpur,Hospitality,2024-05-12
796,Silk Route Provisions Chennai,Chennai,Retail,2024-09-22
797,Silver Emporium Chennai,Chennai,Retail,2024-08-05
798,Golden Kitchenware,Mysuru,Retail,2025-07-16
799,Jai Hind Caterers Ludhiana,Ludhiana,Hospitality,2020-03-20
800,Maple Trading Co Bengaluru,Bengaluru,Wholesale,2021-05-10
801,Pearl Kitchenware,Kanpur,Retail,2024-12-31
802,Maple Banquets,Aurangabad,Hospitality,2023-09-01
803,Laxmi Enterprises Ahmedabad,Ahmedabad,Wholesale,2023-01-11
804,Crystal Resorts,Goa,Hospitality,2020-08-05
805,Sunrise Mart Mangaluru,Mangaluru,Retail,2025-03-06
806,Evergreen Provisions,Kolkata,Retail,2021-09-13
807,Sapphire Traders Bengaluru,Bengaluru,Retail,2023-04-30
808,Lotus Caterers,Noida,Hospitality,2025-04-21
809,Mahalaxmi Home Needs Madurai,Madurai,Retail,2022-03-07
810,Silk Route Traders Gurugram,Gurugram,Retail,2024-09-21
811,Modern Cafe Coimbatore,Coimbatore,Hospitality,2023-02-14
812,Spice Garden Foods,Kolkata,Hospitality,2025-05-09
813,Mahalaxmi Tiffin Services,Jaipur,Hospitality,2024-03-05
814,Modern Tiffin Services Mumbai,Mumbai,Hospitality,2023-07-10
815,Star Caterers Chandigarh,Chandigarh,Hospitality,2022-10-03
816,National Bazaar Jaipur,Jaipur,Retail,2023-05-20
817,Galaxy Agencies,Thane,Wholesale,2025-06-09
818,Royal Banquets Pune,Pune,Hospitality,2025-06-02
819,Green Banquets Delhi,Delhi,Hospitality,2023-02-17
820,Crystal Traders Bengaluru,Bengaluru,Retail,2024-07-05
821,Classic Traders,Kolkata,Retail,2022-09-02
822,Ganesh Caterers Surat,Surat,Hospitality,2025-01-27
823,Harbour Trading Co,Pune,Wholesale,2024-11-09
824,Sapphire Agencies,Bengaluru,Wholesale,2023-09-19
825,Ganesh Stores,Delhi,Retail,2021-05-05
826,Saffron Traders,Udaipur,Retail,2023-06-21
827,Supreme Home Needs Vadodara,Vadodara,Retail,2021-12-24
828,New Kitchenware Chennai,Chennai,Retail,2020-03-13
829,Vijay Cafe,Mumbai,Hospitality,2021-12-11
830,Lotus Home Needs,Delhi,Retail,2021-07-26
831,Galaxy General Store Bhubaneswar,Bhubaneswar,Retail,2022-08-15
832,Modern Kitchenware,Nagpur,Retail,2023-06-20
833,National Exports Nashik,Nashik,Wholesale,2021-11-15
834,Urban Restaurant Madurai,Madurai,Hospitality,2022-02-05
835,Krishna Emporium,Hyderabad,Retail,2020-01-27
836,Krishna Agencies,Hyderabad,Wholesale,2023-08-05
837,Sai Provisions Delhi,Delhi,Retail,2024-04-24
838,Classic Depot,Indore,Wholesale,2023-08-09
839,Royal Caterers Visakhapatnam,Visakhapatnam,Hospitality,2025-05-12
840,Lake View Home Needs,Visakhapatnam,Retail,2025-09-10
841,Prime Emporium,Rajkot,Retail,2021-04-15
842,Supreme Restaurant Agra,Agra,Hospitality,2023-05-20
843,Prime Provisions,Ahmedabad,Retail,2021-02-26
844,Sapphire Agencies Lucknow,Lucknow,Wholesale,2024-12-02
845,Sai General Store,Chandigarh,Retail,2020-05-18
846,Metro General Store,Kanpur,Retail,2024-07-16
847,Metro Home Needs,Bhubaneswar,Retail,2024-10-06
848,Prime Banquets,Delhi,Hospitality,2025-07-17
849,Classic Mart,Kolkata,Retail,2020-06-19
850,Star General Store Mumbai,Mumbai,Retail,2024-11-21
851,Tulsi Agencies,Hyderabad,Wholesale,2021-12-27
852,Sapphire Emporium,Thiruvananthapuram,Retail,2020-04-30
853,Coconut Grove Foods,Aurangabad,Hospitality,2024-01-10
854,Krishna Provisions Coimbatore,Coimbatore,Retail,2022-07-29
855,Pearl Kitchenware Ranchi,Ranchi,Retail,2021-02-11
856,Rainbow Mart Nagpur,Nagpur,Retail,2023-11-26
857,Galaxy Bazaar Thane,Thane,Retail,2021-06-11
858,Prime Cafe,Kolkata,Hospitality,2023-03-13
859,City Tiffin Services Kanpur,Kanpur,Hospitality,2022-09-10
860,Royal Emporium Chennai,Chennai,Retail,2023-05-23
861,Sai Enterprises,Thiruvananthapuram,Wholesale,2024-11-26
862,City Depot Kolkata,Kolkata,Wholesale,2023-05-11
863,Royal Caterers Agra,Agra,Hospitality,2020-02-16
864,Golden Provisions Hyderabad,Hyderabad,Retail,2021-08-16
865,Rainbow Emporium Kolkata,Kolkata,Retail,2020-08-10
866,Heritage Provisions Goa,Goa,Retail,2024-08-17
867,Coastal Resorts,Kanpur,Hospitality,2022-12-21
868,Prime Wholesale Jaipur,Jaipur,Wholesale,2021-01-14
869,Laxmi Inn,Chennai,Hospitality,2020-05-14
870,Shree Home Needs Nagpur,Nagpur,Retail,2022-05-17
871,Blue Supermarket Gurugram,Gurugram,Retail,2025-11-06
872,Crystal Wholesale,Mumbai,Wholesale,2021-01-09
873,Metro Traders,Vadodara,Retail,2022-05-08
874,Evergreen Stores Hyderabad,Hyderabad,Retail,2025-06-09
875,Orchid Logistics,Udaipur,Wholesale,2022-03-05
876,Crystal Foods Chandigarh,Chandigarh,Hospitality,2022-04-28
877,Spice Garden Emporium Delhi,Delhi,Retail,2024-09-22
878,Sunrise Tiffin Services Hyderabad,Hyderabad,Hospitality,2023-07-07
879,Sai Home Needs Delhi,Delhi,Retail,2025-08-23
880,Metro Mart Ranchi,Ranchi,Retail,2020-08-24
881,United Traders Bhubaneswar,Bhubaneswar,Retail,2020-07-06
882,Lotus Provisions Vadodara,Vadodara,Retail,2025-09-23
883,Vijay Supermarket,Agra,Retail,2020-10-14
884,National Mart,Bengaluru,Retail,2020-01-16
885,Orchid Provisions,Delhi,Retail,2021-03-21
886,Shree Supermarket Raipur,Raipur,Retail,2022-05-07
887,Pearl Home Needs Madurai,Madurai,Retail,2020-09-23
888,Rainbow Caterers,Mysuru,Hospitality,2025-06-08
889,Royal Exports,Chennai,Wholesale,2020-08-20
890,Om Kitchens Nagpur,Nagpur,Hospitality,2024-03-20
891,Shree Traders Pune,Pune,Retail,2021-12-15
892,Krishna Traders Ranchi,Ranchi,Retail,2023-10-04
893,Ganesh Home Needs,Mumbai,Retail,2025-10-02
894,River Side Supermarket Mumbai,Mumbai,Retail,2021-03-27
895,Ganesh Supermarket Chennai,Chennai,Retail,2025-11-21
896,Mahalaxmi Tiffin Services Mumbai,Mumbai,Hospitality,2023-02-01
897,Lotus Hotels,Chennai,Hospitality,2021-09-23
898,Jai Hind Inn Bengaluru,Bengaluru,Hospitality,2022-08-01
899,Silver Caterers,Mangaluru,Hospitality,2021-07-01
900,Harbour Provisions,Aurangabad,Retail,2024-03-01
901,Pearl Stores Udaipur,Udaipur,Retail,2025-02-09
902,Urban Emporium Thane,Thane,Retail,2024-04-24
903,Supreme Foods,Pune,Hospitality,2021-07-07
904,Shree Banquets,Nashik,Hospitality,2023-12-09
905,National Suppliers,Ahmedabad,Wholesale,2020-04-03
906,New Stores,Udaipur,Retail,2024-08-24
907,River Side Exports,Kanpur,Wholesale,2024-06-17
908,Blue Restaurant Thiruvananthapuram,Thiruvananthapuram,Hospitality,2025-09-27
909,Metro Supermarket Chennai,Chennai,Retail,2022-12-29
910,Green Stores Visakhapatnam,Visakhapatnam,Retail,2025-01-02
911,Heritage Emporium Bhubaneswar,Bhubaneswar,Retail,2020-08-05
912,Rainbow Inn,Gurugram,Hospitality,2024-07-14
913,Spice Garden Home Needs Hyderabad,Hyderabad,Retail,2020-03-06
914,Hill View Stores,Pune,Retail,2021-02-02
915,City Supermarket,Chennai,Retail,2023-03-31
916,Star Caterers Aurangabad,,Hospitality,2022-03-19
917,River Side Caterers Bengaluru,Bengaluru,Hospitality,2025-01-02
918,Galaxy Kitchenware Vadodara,Vadodara,Retail,2023-05-26
919,Palm Caterers Patna,Patna,Hospitality,2025-01-06
920,Tulsi Kitchens,Lucknow,Hospitality,2020-05-24
921,Royal Cafe Hyderabad,Hyderabad,Hospitality,2020-08-11
922,Prime Logistics,Chennai,Wholesale,2022-05-09
923,Maple Hotels,Ahmedabad,Hospitality,2020-04-01
924,Palm Enterprises,Vadodara,Wholesale,2022-06-20
925,Saffron Bazaar,Ranchi,Retail,2020-01-26
926,Sapphire Hotels Madurai,Madurai,Hospitality,2022-09-05
927,Laxmi Home Needs,Indore,Retail,2020-01-19
928,Krishna Bazaar,Udaipur,Retail,2021-05-26
929,National Emporium,Jaipur,Retail,2021-07-01
930,Crystal Caterers,,Hospitality,2024-05-09
931,Jai Hind Home Needs,Hyderabad,Retail,2021-05-10
932,Palm Restaurant,Goa,Hospitality,2022-03-06
933,Palm Home Needs Pune,Pune,Retail,2021-07-23
934,Royal Bazaar Bhubaneswar,Bhubaneswar,Retail,2025-10-12
935,Hill View Resorts Ahmedabad,Ahmedabad,Hospitality,2024-06-22
936,Shree Traders Ahmedabad,Ahmedabad,Retail,2025-03-21
937,Shree Resorts,Raipur,Hospitality,2023-08-06
938,Prime Hotels,Jaipur,Hospitality,2024-10-16
939,Balaji Resorts,Delhi,Hospitality,2024-03-04
940,Shree Provisions,Hyderabad,Retail,2023-06-15
941,Crystal Hotels Madurai,Madurai,Hospitality,2024-07-22
942,Golden Trading Co,Ahmedabad,Wholesale,2021-01-14
943,Ganesh Kitchenware,Kochi,Retail,2021-08-30
944,Sunrise General Store,Aurangabad,Retail,2024-04-23
945,Shree Cafe Ahmedabad,Ahmedabad,Hospitality,2020-01-22
946,Silk Route Cafe Udaipur,Udaipur,Hospitality,2021-03-13
947,Palm Inn,Vadodara,Hospitality,2023-06-04
948,Maple Bazaar,Rajkot,Retail,2021-10-26
949,Royal Trading Co,Coimbatore,Wholesale,2024-09-19
950,Silver Exports Raipur,Raipur,Wholesale,2020-10-03
951,Vijay Inn,Kochi,Hospitality,2024-09-29
952,Classic Emporium,Raipur,Retail,2023-08-29
953,Bharat Tiffin Services Ahmedabad,Ahmedabad,Hospitality,2023-03-18
954,Golden Tiffin Services Chandigarh,Chandigarh,Hospitality,2022-07-25
955,Harbour Packaging,Noida,Wholesale,2023-04-13
956,Nandi Bazaar Pune,Pune,Retail,2025-01-10
957,Lake View Hotels,Aurangabad,Hospitality,2022-07-17
958,River Side Mart Kolkata,Kolkata,Retail,2024-06-16
959,Classic Caterers Aurangabad,Aurangabad,Hospitality,2022-10-22
960,Silk Route Home Needs Vadodara,Vadodara,Retail,2020-10-23
961,Golden Inn,Aurangabad,Hospitality,2023-03-31
962,Golden Distributors,Ahmedabad,Wholesale,2021-05-21
963,Bharat Logistics,Rajkot,Wholesale,2025-02-02
964,Rainbow Provisions Pune,Pune,Retail,2024-02-06
965,Hill View Distributors,Nashik,Wholesale,2023-01-12
966,River Side Exports Gurugram,Gurugram,Wholesale,2024-02-21
967,Harbour Traders Lucknow,Lucknow,Retail,2020-11-05
968,Royal Kitchenware,Surat,Retail,2024-05-29
969,Green Home Needs Ranchi,Ranchi,Retail,2020-05-21
970,Maple Emporium Rajkot,Rajkot,Retail,2024-01-30
971,Star Hotels,Delhi,Hospitality,2024-09-12
972,Lake View Kitchens,Surat,Hospitality,2021-04-05
973,Spice Garden Provisions Nagpur,Nagpur,Retail,2024-07-21
974,Sai Provisions Chennai,Chennai,Retail,2024-09-19
975,Krishna Hotels,Mumbai,Hospitality,2022-11-06
976,Pearl Resorts,Raipur,Hospitality,2022-10-28
977,Krishna Logistics,Kolkata,Wholesale,2021-03-17
978,New Mart,Nagpur,Retail,2024-08-04
979,Vijay Provisions Chennai,Chennai,Retail,2022-06-25
980,Vijay Traders,Kolkata,Retail,2023-01-14
981,City Bazaar Pune,Pune,Retail,2025-02-20
982,Balaji General Store,Delhi,Retail,2020-03-02
983,Heritage Mart Kochi,Kochi,Retail,2021-03-04
984,River Side Caterers Vadodara,Vadodara,Hospitality,2023-03-12
985,Silk Route Hotels,Indore,Hospitality,2025-10-26
986,Shree Traders Indore,Indore,Retail,2020-08-26
987,Bharat Caterers,Delhi,Hospitality,2024-08-03
988,Royal Inn,Raipur,Hospitality,2023-11-17
989,Ganesh Traders,Kolkata,Retail,2024-03-21
990,Nandi Resorts Ahmedabad,Ahmedabad,Hospitality,2024-04-28
991,Bharat Home Needs,Raipur,Retail,2024-08-04
992,Heritage Wholesale,Pune,Wholesale,2024-11-18
993,New Traders Patna,Patna,Retail,2022-06-10
994,Harbour General Store,Bengaluru,Retail,2023-08-23
995,Sai Mart Thane,Thane,Retail,2021-10-14
996,Laxmi Resorts,Indore,Hospitality,2021-06-09
997,Sunrise Mart Mysuru,Mysuru,Retail,2025-04-12
998,Krishna Provisions Bhubaneswar,Bhubaneswar,Retail,2022-12-08
999,Shree Hotels,Bengaluru,Hospitality,2024-06-03
1000,Lotus Traders Thiruvananthapuram,Thiruvananthapuram,Retail,2025-09-14
1001,Harbour Mart Bengaluru,Bengaluru,Retail,2020-01-22
1002,Sunrise Provisions Thiruvananthapuram,Thiruvananthapuram,Retail,2020-07-25
1003,Evergreen Exports,Mumbai,Wholesale,2024-04-09
1004,Maple General Store,Agra,Retail,2025-08-02
1005,Sai Traders,Pune,Retail,2022-03-23
1006,Modern Banquets Gurugram,Gurugram,Hospitality,2023-02-14
1007,Heritage Resorts Bengaluru,Bengaluru,Hospitality,2022-10-22
1008,Modern Emporium,Kolkata,Retail,2024-12-28
1009,Hill View Tiffin Services,Mumbai,Hospitality,2025-04-01
1010,Lake View General Store Kolkata,Kolkata,Retail,2020-11-06
1011,Maple General Store Chennai,Chennai,Retail,2025-07-31
1012,River Side Caterers Ludhiana,Ludhiana,Hospitality,2025-05-27
1013,Shree Supermarket Chandigarh,Chandigarh,Retail,2022-06-11
1014,Krishna Mart Kolkata,Kolkata,Retail,2022-09-24
1015,Sunrise Resorts Surat,Surat,Hospitality,2021-06-13
1016,Nandi Bazaar Thiruvananthapuram,Thiruvananthapuram,Retail,2025-11-03
1017,Laxmi Enterprises Gurugram,Gurugram,Wholesale,2023-06-16
1018,Coastal Suppliers,Delhi,Wholesale,2022-03-30
1019,Hill View Mart Thiruvananthapuram,Thiruvananthapuram,Retail,2021-03-20
1020,Coconut Grove Supermarket Patna,Patna,Retail,2021-02-24
1021,Golden Foods,Visakhapatnam,Hospitality,2023-02-12
1022,Bharat Bazaar Coimbatore,Coimbatore,Retail,2023-11-25
1023,Saffron Traders Ahmedabad,Ahmedabad,Retail,2020-04-03
1024,Palm Mart,Rajkot,Retail,2024-09-29
1025,Rainbow Enterprises,Delhi,Wholesale,2021-07-04
1026,Krishna Resorts Mumbai,Mumbai,Hospitality,2023-03-05
1027,Galaxy Kitchens Madurai,Madurai,Hospitality,2021-04-28
1028,Saffron Logistics,Kochi,Wholesale,2023-08-26
1029,Spice Garden General Store Ahmedabad,Ahmedabad,Retail,2020-05-02
1030,City Kitchens Bengaluru,Bengaluru,Hospitality,2020-01-03
1031,Silver Kitchenware Kolkata,Kolkata,Retail,2021-09-04
1032,Sapphire Restaurant,Hyderabad,Hospitality,2022-05-22
1033,Sapphire Agencies Guwahati,Guwahati,Wholesale,2021-05-02
1034,Coastal Trading Co,Raipur,Wholesale,2022-03-07
1035,Shree Provisions Kolkata,Kolkata,Retail,2024-05-30
1036,Lotus Restaurant Coimbatore,Coimbatore,Hospitality,2021-10-07
1037,Blue Supermarket Bengaluru,Bengaluru,Retail,2022-10-31
1038,Sunrise Kitchenware Chennai,Chennai,Retail,2021-02-11
1039,Jai Hind Restaurant,Ahmedabad,Hospitality,2025-04-18
1040,Om Mart Hyderabad,Hyderabad,Retail,2022-05-04
1041,Blue Bazaar Hyderabad,,Retail,2021-11-24
1042,Sunrise Tiffin Services Kochi,Kochi,Hospitality,2020-10-29
1043,Golden Traders,Guwahati,Retail,2024-06-21
1044,Saffron Emporium Delhi,Delhi,Retail,2022-09-29
1045,Metro Stores,Thiruvananthapuram,Retail,2020-09-23
1046,Palm Stores Mysuru,Mysuru,Retail,2024-12-11
1047,Palm Restaurant Kolkata,Kolkata,Hospitality,2021-11-08
1048,City Bazaar Kolkata,Kolkata,Retail,2025-10-10
1049,Orchid Inn,Jaipur,Hospitality,2021-01-30
1050,New Supermarket Aurangabad,Aurangabad,Retail,2023-08-08
1051,Urban Provisions,Raipur,Retail,2023-07-30
1052,Saffron Bazaar Mumbai,,Retail,2020-01-26
1053,Lotus Banquets,Hyderabad,Hospitality,2022-01-29
1054,Evergreen Home Needs Mumbai,Mumbai,Retail,2022-12-04
1055,Green Restaurant,Delhi,Hospitality,2024-01-31
1056,Balaji Bazaar Chennai,Chennai,Retail,2025-02-19
1057,Spice Garden Resorts Chandigarh,Chandigarh,Hospitality,2021-12-31
1058,City Mart Jaipur,Jaipur,Retail,2023-01-25
1059,Rainbow Restaurant Raipur,Raipur,Hospitality,2024-12-23
1060,Saffron Bazaar Bengaluru,Bengaluru,Retail,2024-03-11
1061,Urban General Store Bengaluru,Bengaluru,Retail,2022-04-25
1062,Palm Suppliers Jaipur,Jaipur,Wholesale,2021-05-18
1063,Ganesh Suppliers,Chennai,Wholesale,2020-12-27
1064,Laxmi Emporium,Delhi,Retail,2022-01-30
1065,Green Caterers Mumbai,Mumbai,Hospitality,2021-11-27
1066,Silver Mart Goa,Goa,Retail,2020-01-22
1067,Sapphire General Store,Thane,Retail,2022-09-29
1068,Crystal Foods Bengaluru,Bengaluru,Hospitality,2022-06-27
1069,Blue Supermarket Hyderabad,Hyderabad,Retail,2024-04-21
1070,Evergreen Kitchens Mumbai,Mumbai,Hospitality,2024-08-24
1071,Coconut Grove Restaurant,Kanpur,Hospitality,2023-07-20
1072,Prime Banquets Mysuru,Mysuru,Hospitality,2024-03-23
1073,Tulsi Kitchens Bhubaneswar,Bhubaneswar,Hospitality,2023-11-12
1074,Metro Bazaar Chandigarh,Chandigarh,Retail,2020-05-11
1075,Palm Hotels,,Hospitality,2024-05-07
1076,Pearl Provisions,Kanpur,Retail,2024-12-18
1077,New Provisions,Delhi,Retail,2020-09-30
1078,Om Provisions,Delhi,Retail,2023-10-11
1079,Metro Kitchenware Delhi,Delhi,Retail,2022-07-17
1080,New General Store Bhubaneswar,Bhubaneswar,Retail,2025-03-12
1081,Ganesh Cafe Mangaluru,Mangaluru,Hospitality,2023-04-24
1082,Saffron Inn,Patna,Hospitality,2023-08-04
1083,Bharat Home Needs Ludhiana,Ludhiana,Retail,2020-04-19
1084,Crystal Logistics,Delhi,Wholesale,2025-05-13
1085,Classic Packaging,Gurugram,Wholesale,2021-10-20
1086,Modern Tiffin Services Guwahati,Guwahati,Hospitality,2021-12-23
1087,Jai Hind Mart,Pune,Retail,2024-02-11
1088,Galaxy Foods,Vadodara,Hospitality,2024-08-08
1089,Silk Route Logistics,Udaipur,Wholesale,2023-09-23
1090,Maple Resorts Udaipur,Udaipur,Hospitality,2024-07-12
1091,River Side Home Needs Dehradun,Dehradun,Retail,2021-09-14
1092,Metro Kitchenware Madurai,Madurai,Retail,2022-12-23
1093,Coconut Grove Mart Kolkata,Kolkata,Retail,2024-12-20
1094,Coconut Grove Suppliers,Coimbatore,Wholesale,2023-09-28
1095,Jai Hind Supermarket Pune,Pune,Retail,2025-01-21
1096,Mahalaxmi Provisions Mumbai,Mumbai,Retail,2024-04-27
1097,Mahalaxmi Supermarket Vadodara,Vadodara,Retail,2023-02-11
1098,Evergreen Cafe,Mumbai,Hospitality,2020-09-16
1099,Lotus Traders Bengaluru,Bengaluru,Retail,2020-04-28
1100,Silk Route Stores,Nagpur,Retail,2022-01-31
1101,Prime Suppliers,Chandigarh,Wholesale,2023-05-29
1102,Royal Home Needs,Delhi,Retail,2023-11-01
1103,Coastal Bazaar,Ludhiana,Retail,2022-06-12
1104,Sai Tiffin Services,Bengaluru,Hospitality,2021-02-12
1105,Urban Provisions Kanpur,Kanpur,Retail,2020-06-04
1106,Silk Route Mart Indore,Indore,Retail,2023-02-23
1107,Prime Traders,Bhubaneswar,Retail,2025-09-30
1108,Vijay Provisions Mumbai,Mumbai,Retail,2020-09-27
1109,Sapphire Exports,Bengaluru,Wholesale,2022-03-29
1110,Silver Kitchenware Dehradun,Dehradun,Retail,2021-03-04
1111,Mahalaxmi Supermarket Goa,Goa,Retail,2021-07-11
1112,Evergreen Stores Madurai,Madurai,Retail,2022-12-12
1113,Silk Route Kitchenware Ahmedabad,Ahmedabad,Retail,2021-06-19
1114,Saffron Inn Gurugram,Gurugram,Hospitality,2024-09-28
1115,New Home Needs Pune,Pune,Retail,2020-05-27
1116,Hill View Exports,Mumbai,Wholesale,2025-07-17
1117,National Kitchenware,Hyderabad,Retail,2022-09-29
1118,Royal Provisions Surat,Surat,Retail,2021-09-18
1119,Balaji Packaging,Ahmedabad,Wholesale,2023-12-10
1120,Urban Resorts,Surat,Hospitality,2023-01-07
1121,Jai Hind Cafe,Noida,Hospitality,2023-04-11
1122,Golden Traders Chennai,Chennai,Retail,2023-08-14
1123,Palm Foods,Nagpur,Hospitality,2023-04-25
1124,Ganesh Distributors,Goa,Wholesale,2020-10-30
1125,Om Provisions Coimbatore,Coimbatore,Retail,2020-08-20
1126,Star Kitchenware,Mumbai,Retail,2023-08-20
1127,Crystal Kitchenware,Surat,Retail,2023-02-25
1128,Spice Garden Bazaar,Lucknow,Retail,2022-09-14
1129,Jai Hind Stores,Raipur,Retail,2024-07-15
1130,Balaji Agencies Delhi,Delhi,Wholesale,2020-11-28
1131,Sunrise Distributors Delhi,Delhi,Wholesale,2025-04-12
1132,Royal Wholesale Jaipur,Jaipur,Wholesale,2023-10-20
1133,Golden Agencies,Ahmedabad,Wholesale,2022-02-02
1134,Balaji Hotels,Visakhapatnam,Hospitality,2024-04-01
1135,Heritage Agencies,Agra,Wholesale,2021-11-03
1136,Ganesh Provisions,Dehradun,Retail,2024-11-04
1137,River Side Distributors,Chennai,Wholesale,2020-04-05
1138,Sai Emporium,Mumbai,Retail,2024-06-26
1139,Evergreen Suppliers,Visakhapatnam,Wholesale,2022-08-05
1140,Hill View Home Needs,Surat,Retail,2022-07-29
1141,Crystal Foods Indore,Indore,Hospitality,2021-06-27
1142,Tulsi Depot,Nagpur,Wholesale,2022-04-06
1143,Evergreen Bazaar Bengaluru,Bengaluru,Retail,2020-11-17
1144,Harbour Emporium Hyderabad,Hyderabad,Retail,2023-11-18
1145,Sai Mart Dehradun,Dehradun,Retail,2021-08-06
1146,Supreme Inn,Visakhapatnam,Hospitality,2022-09-04
1147,Blue Foods Ranchi,Ranchi,Hospitality,2023-05-03
1148,Prime Mart,Guwahati,Retail,2025-11-06
1149,Tulsi Mart,Mumbai,Retail,2023-04-02
1150,Coconut Grove Resorts Mumbai,Mumbai,Hospitality,2023-11-02
1151,Bharat General Store Coimbatore,Coimbatore,Retail,2025-06-14
1152,Shree Stores Goa,Goa,Retail,2020-06-05
1153,Jai Hind Restaurant Chandigarh,Chandigarh,Hospitality,2023-10-13
1154,Spice Garden Logistics,Chennai,Wholesale,2023-03-13
1155,City Foods,Kolkata,Hospitality,2022-08-07
1156,Harbour Supermarket,Mumbai,Retail,2024-04-18
1157,Hill View Suppliers,Ahmedabad,Wholesale,2020-01-02
1158,Om Mart Dehradun,Dehradun,Retail,2020-09-22
1159,Metro Packaging,Udaipur,Wholesale,2022-11-21
1160,Maple Traders,Delhi,Retail,2022-02-27
1161,Sapphire Evergreen Supermarket,Pune,Retail,2021-01-21
1162,Silk Route Supermarket Chandigarh,Chandigarh,Retail,2021-08-18
1163,Pearl Exports Patna,Patna,Wholesale,2025-10-25
1164,Silk Route Inn Nashik,Nashik,Hospitality,2023-08-28
1165,Royal Restaurant,Delhi,Hospitality,2024-10-27
1166,New Traders Pune,Pune,Retail,2025-10-03
1167,Golden Bazaar Mumbai,Mumbai,Retail,2023-06-14
1168,Spice Garden Caterers,Bengaluru,Hospitality,2021-05-23
1169,Heritage General Store Ahmedabad,Ahmedabad,Retail,2020-07-19
1170,Royal Provisions Ahmedabad,Ahmedabad,Retail,2022-04-16
1171,Golden Kitchens,Agra,Hospitality,2025-01-12
1172,Coconut Grove Kitchenware,Bengaluru,Retail,2022-01-24
1173,Coconut Grove Restaurant Mangaluru,Mangaluru,Hospitality,2023-06-05
1174,Prime Banquets Mangaluru,Mangaluru,Hospitality,2022-08-19
1175,Laxmi Bazaar Hyderabad,Hyderabad,Retail,2020-05-07
1176,Urban Foods Jaipur,Jaipur,Hospitality,2023-06-09
1177,Mahalaxmi Supermarket Gurugram,Gurugram,Retail,2021-05-04
1178,Galaxy Supermarket Raipur,Raipur,Retail,2024-07-23
1179,Silk Route Trading Co,Ahmedabad,Wholesale,2022-02-21
1180,Lotus Kitchenware,Ahmedabad,Retail,2021-02-28
1181,Tulsi Bazaar Kolkata,Kolkata,Retail,2025-01-01
1182,Classic Logistics,Mumbai,Wholesale,2025-04-15
1183,Silk Route Provisions Bhubaneswar,Bhubaneswar,Retail,2021-09-05
1184,City Kitchenware,Chandigarh,Retail,2020-11-04
1185,Rainbow Traders,Patna,Retail,2024-08-10
1186,Silver Tiffin Services,Kanpur,Hospitality,2022-03-22
1187,United Agencies,Chandigarh,Wholesale,2023-02-05
1188,National Provisions Ranchi,Ranchi,Retail,2021-03-21
1189,City Packaging,Udaipur,Wholesale,2024-08-23
1190,Rainbow Emporium Delhi,Delhi,Retail,2024-07-25
1191,Jai Hind General Store Chennai,Chennai,Retail,2025-08-06
1192,Star Exports,Pune,Wholesale,2021-09-05
1193,Heritage Mart Chennai,Chennai,Retail,2023-12-25
1194,Orchid Banquets Patna,Patna,Hospitality,2025-08-19
1195,Galaxy Foods Guwahati,Guwahati,Hospitality,2024-04-25
1196,City Stores Thane,Thane,Retail,2024-11-16
1197,Royal Supermarket Delhi,Delhi,Retail,2021-01-23
1198,Tulsi Traders Pune,Pune,Retail,2023-09-27
1199,Heritage Suppliers,Delhi,Wholesale,2025-07-07
1200,Galaxy Logistics Ahmedabad,Ahmedabad,Wholesale,2021-11-06
1201,Tulsi Suppliers,Delhi,Wholesale,2022-04-10
1202,Green Bazaar,Ahmedabad,Retail,2020-05-22
1203,Blue Enterprises,Coimbatore,Wholesale,2021-12-07
1204,Sai Provisions Mumbai,Mumbai,Retail,2025-09-27
1205,Palm Tiffin Services Delhi,Delhi,Hospitality,2025-05-09
1206,Crystal General Store Noida,Noida,Retail,2023-11-04
1207,Coconut Grove Mart Guwahati,Guwahati,Retail,2021-09-10
1208,New Emporium,Thiruvananthapuram,Retail,2024-01-29
1209,United Kitchenware,Ranchi,Retail,2021-11-29
1210,Jai Hind Resorts Kanpur,Kanpur,Hospitality,2020-01-13
1211,Rainbow Emporium Aurangabad,Aurangabad,Retail,2021-01-30
1212,Laxmi Enterprises Kochi,Kochi,Wholesale,2020-12-11
1213,Mahalaxmi Stores Raipur,Raipur,Retail,2022-05-20
1214,Supreme Emporium,Chennai,Retail,2021-04-14
1215,Coastal Kitchenware Bengaluru,Bengaluru,Retail,2020-06-09
1216,Hill View Logistics,Kochi,Wholesale,2021-06-27
1217,Krishna Depot,Madurai,Wholesale,2024-04-02
1218,Hill View Traders Bengaluru,Bengaluru,Retail,2020-10-21
1219,Pearl Mart Hyderabad,Hyderabad,Retail,2020-11-24
1220,Krishna General Store Mumbai,Mumbai,Retail,2025-03-17
1221,Urban General Store Mumbai,Mumbai,Retail,2020-11-15
1222,Pearl Caterers,Indore,Hospitality,2020-10-21
1223,Crystal Kitchenware Lucknow,Lucknow,Retail,2022-11-14
1224,Harbour Provisions Kolkata,Kolkata,Retail,2020-04-15
1225,Saffron Maple Provisions,Bengaluru,Retail,2020-09-16
1226,Rainbow Kitchenware,Bengaluru,Retail,2021-12-05
1227,Saffron Agencies,Ahmedabad,Wholesale,2024-07-31
1228,Jai Hind Provisions Hyderabad,Hyderabad,Retail,2021-08-22
1229,Royal Home Needs Indore,Indore,Retail,2024-01-12
1230,Krishna Kitchens,Hyderabad,Hospitality,2020-10-22
1231,Lotus Supermarket Mumbai,Mumbai,Retail,2023-07-20
1232,Krishna Bazaar Jaipur,Jaipur,Retail,2021-06-07
1233,Green Inn Thiruvananthapuram,Thiruvananthapuram,Hospitality,2021-11-24
1234,Sunrise Home Needs Chandigarh,Chandigarh,Retail,2025-11-29
1235,Metro Provisions Bengaluru,Bengaluru,Retail,2024-02-04
1236,Silver Distributors Goa,Goa,Wholesale,2022-04-02
1237,Sai Inn,Coimbatore,Hospitality,2021-09-21
1238,Laxmi Packaging,Bengaluru,Wholesale,2020-10-19
1239,Laxmi Resorts Kanpur,Kanpur,Hospitality,2023-06-20
1240,Laxmi Traders Kanpur,Kanpur,Retail,2023-01-03
1241,Balaji Emporium Hyderabad,Hyderabad,Retail,2022-11-11
1242,Prime Depot Bengaluru,Bengaluru,Wholesale,2025-08-17
1243,Shree Mart Kolkata,Kolkata,Retail,2021-09-18
1244,Krishna Mart Pune,Pune,Retail,2023-08-03
1245,Prime Supermarket Ahmedabad,Ahmedabad,Retail,2021-06-20
1246,Urban Kitchens,Hyderabad,Hospitality,2021-11-25
1247,Orchid Resorts Ranchi,Ranchi,Hospitality,2022-12-05
1248,Palm General Store Nagpur,Nagpur,Retail,2023-01-11
1249,Coastal Distributors,Agra,Wholesale,2020-09-17
1250,Nandi Stores,Chandigarh,Retail,2024-11-19
1251,Classic Kitchenware,Madurai,Retail,2020-04-01
1252,Urban Bazaar,Mumbai,Retail,2020-08-16
1253,Mahalaxmi Emporium Thane,Thane,Retail,2024-07-11
1254,Silver Supermarket Indore,Indore,Retail,2025-11-16
1255,Hill View Mart Visakhapatnam,Visakhapatnam,Retail,2020-01-25
1256,Tulsi Cafe,Ahmedabad,Hospitality,2024-06-08
1257,Pearl Distributors,Hyderabad,Wholesale,2021-09-19
1258,Krishna Cafe Raipur,Raipur,Hospitality,2020-01-14
1259,Sapphire Inn,Pune,Hospitality,2020-12-29
1260,Lotus Kitchens Nashik,Nashik,Hospitality,2023-10-15
1261,National Kitchens,Thiruvananthapuram,Hospitality,2023-03-20
1262,Jai Hind Resorts Mumbai,Mumbai,Hospitality,2020-11-04
1263,Silver Bazaar Lucknow,Lucknow,Retail,2024-01-10
1264,Modern Restaurant,Ranchi,Hospitality,2020-11-24
1265,Lotus Stores,Vadodara,Retail,2023-12-23
1266,Laxmi Provisions Jaipur,Jaipur,Retail,2020-01-02
1267,Shree General Store Jaipur,Jaipur,Retail,2023-07-27
1268,Crystal Supermarket Bengaluru,Bengaluru,Retail,2022-06-08
1269,Ganesh Restaurant Delhi,Delhi,Hospitality,2025-11-28
1270,Om Trading Co Pune,Pune,Wholesale,2024-10-09
1271,Modern Mart,Noida,Retail,2021-06-23
1272,Blue Bazaar Ludhiana,Ludhiana,Retail,2024-03-05
1273,Green Provisions Mumbai,Mumbai,Retail,2023-06-05
1274,Galaxy Provisions,Chennai,Retail,2024-09-30
1275,Jai Hind Bazaar Mumbai,Mumbai,Retail,2025-10-08
1276,Vijay Kitchens,Udaipur,Hospitality,2025-10-17
1277,Saffron Hotels Rajkot,Rajkot,Hospitality,2024-03-08
1278,Evergreen Logistics,Chennai,Wholesale,2025-07-07
1279,Saffron Kitchenware Vadodara,Vadodara,Retail,2021-02-20
1280,Palm Provisions,Aurangabad,Retail,2022-10-31
1281,Star Traders,Chennai,Retail,2021-11-18
1282,Urban Emporium Chennai,Chennai,Retail,2021-12-23
1283,Palm General Store Kolkata,Kolkata,Retail,2025-06-11
1284,Spice Garden Emporium Ranchi,Ranchi,Retail,2021-03-22
1285,Modern Agencies,Thane,Wholesale,2022-02-10
1286,Krishna Inn Vadodara,Vadodara,Hospitality,2025-08-01
1287,Urban Exports,Surat,Wholesale,2024-03-14
1288,Supreme General Store,Hyderabad,Retail,2022-10-13
1289,Coastal Home Needs,Raipur,Retail,2020-07-23
1290,Shree Saffron Provisions,Nashik,Retail,2020-08-05
1291,Galaxy Stores Delhi,Delhi,Retail,2021-10-17
1292,Metro Distributors,Jaipur,Wholesale,2024-09-15
1293,Mahalaxmi Provisions Goa,Goa,Retail,2021-07-11
1294,Lake View Restaurant Aurangabad,Aurangabad,Hospitality,2023-12-07
1295,Urban Supermarket,Visakhapatnam,Retail,2023-04-14
1296,Silver Tiffin Services Pune,Pune,Hospitality,2020-01-19
1297,Prime Kitchenware,Pune,Retail,2021-04-30
1298,Spice Garden Emporium Gurugram,Gurugram,Retail,2020-06-15
1299,City Inn Nashik,Nashik,Hospitality,2024-05-15
1300,Heritage Home Needs Noida,Noida,Retail,2020-06-17
1301,Harbour Restaurant,Chandigarh,Hospitality,2021-10-14
1302,Saffron Cafe,Raipur,Hospitality,2021-05-02
1303,Heritage Provisions Nagpur,Nagpur,Retail,2021-03-17
1304,United Suppliers,Dehradun,Wholesale,2022-07-22
1305,Bharat Supermarket Visakhapatnam,Visakhapatnam,Retail,2023-10-29
1306,Rainbow Bazaar,Ranchi,Retail,2022-08-27
1307,Nandi Mart,Chennai,Retail,2023-03-09
1308,Ganesh Agencies,Noida,Wholesale,2021-03-05
1309,Sapphire Stores Mumbai,Mumbai,Retail,2021-09-01
1310,City Mart Ahmedabad,Ahmedabad,Retail,2020-09-30
1311,Metro Resorts Nashik,Nashik,Hospitality,2022-10-23
1312,Blue Suppliers,Madurai,Wholesale,2025-03-08
1313,Heritage Home Needs Mumbai,,Retail,2022-03-30
1314,Coastal Distributors Kolkata,Kolkata,Wholesale,2024-04-04
1315,Crystal Mart,Chennai,Retail,2020-10-08
1316,River Side Traders,Ahmedabad,Retail,2021-08-01
1317,Spice Garden Mart Guwahati,Guwahati,Retail,2022-06-06
1318,Harbour Distributors,Udaipur,Wholesale,2023-06-08
1319,Sunrise Supermarket,Pune,Retail,2021-10-12
1320,Balaji Emporium Mysuru,Mysuru,Retail,2022-12-17
1321,Coastal Cafe,Kolkata,Hospitality,2022-10-28
1322,Saffron General Store,Bhubaneswar,Retail,2020-11-25
1323,Golden Kitchens Chennai,Chennai,Hospitality,2020-08-30
1324,Coconut Grove Stores,Delhi,Retail,2021-07-07
1325,Jai Hind Agencies,Goa,Wholesale,2022-10-31
1326,Coconut Grove Provisions,Udaipur,Retail,2022-03-13
1327,Heritage General Store Ranchi,Ranchi,Retail,2022-05-21
1328,Galaxy Kitchenware Chennai,Chennai,Retail,2024-02-02
1329,Vijay Tulsi Traders,Delhi,Retail,2022-05-12
1330,Ganesh Provisions Patna,Patna,Retail,2020-08-25
1331,Shree Wholesale,Surat,Wholesale,2023-02-11
1332,Mahalaxmi Supermarket Patna,Patna,Retail,2023-07-12
1333,Sai Stores,Chennai,Retail,2023-09-30
1334,Om Wholesale,Delhi,Wholesale,2025-04-24
1335,Laxmi Emporium Delhi,Delhi,Retail,2024-03-20
1336,Jai Hind Traders Chennai,Chennai,Retail,2023-11-04
1337,Rainbow Mart Madurai,Madurai,Retail,2023-09-03
1338,Coastal Home Needs Kolkata,Kolkata,Retail,2024-02-07
1339,United Foods,Indore,Hospitality,2023-12-24
1340,Ganesh General Store,Rajkot,Retail,2022-12-30
1341,River Side General Store Ranchi,Ranchi,Retail,2024-09-16
1342,Shree Traders Agra,Agra,Retail,2022-03-23
1343,New Banquets,Aurangabad,Hospitality,2025-11-03
1344,Rainbow Bazaar Bhubaneswar,Bhubaneswar,Retail,2025-07-30
1345,Bharat Suppliers Kolkata,Kolkata,Wholesale,2023-05-18
1346,Krishna Stores,Thiruvananthapuram,Retail,2022-07-23
1347,Modern Provisions Mumbai,Mumbai,Retail,2025-02-19
1348,Classic Home Needs Chennai,Chennai,Retail,2024-04-01
1349,Royal General Store Bengaluru,Bengaluru,Retail,2023-10-31
1350,Pearl Exports Aurangabad,Aurangabad,Wholesale,2025-06-26
1351,Om Logistics,Kolkata,Wholesale,2020-12-31
1352,New Home Needs Patna,Patna,Retail,2024-01-16
1353,United Provisions Ludhiana,Ludhiana,Retail,2024-09-13
1354,Laxmi Provisions Ahmedabad,Ahmedabad,Retail,2023-06-07
1355,Balaji Traders Delhi,Delhi,Retail,2021-09-02
1356,Palm Inn Mumbai,Mumbai,Hospitality,2020-08-29
1357,Jai Hind Hotels Delhi,Delhi,Hospitality,2020-01-05
1358,Rainbow Distributors Mysuru,Mysuru,Wholesale,2022-11-18
1359,New Provisions Mangaluru,,Retail,2020-03-28
1360,Tulsi Packaging,Mumbai,Wholesale,2023-10-15
1361,Silver Supermarket Noida,Noida,Retail,2022-05-24
1362,Rainbow Mart Goa,Goa,Retail,2020-08-03
1363,Hill View Hotels,Pune,Hospitality,2023-12-31
1364,Balaji Logistics,Kolkata,Wholesale,2020-07-21
1365,Nandi Resorts Chennai,Chennai,Hospitality,2025-03-11
1366,Crystal Provisions Ahmedabad,Ahmedabad,Retail,2025-05-10
1367,Lotus Supermarket Ahmedabad,Ahmedabad,Retail,2021-11-06
1368,Crystal Caterers Ahmedabad,Ahmedabad,Hospitality,2024-01-25
1369,Supreme Traders Noida,Noida,Retail,2021-01-08
1370,Krishna Cafe Dehradun,Dehradun,Hospitality,2023-09-14
1371,Silk Route Mart Bengaluru,Bengaluru,Retail,2025-08-20
1372,New Kitchenware Kanpur,Kanpur,Retail,2025-05-24
1373,Om Home Needs Chennai,Chennai,Retail,2024-05-13
1374,Shree Stores Kochi,Kochi,Retail,2021-09-16
1375,Coastal Agencies Lucknow,Lucknow,Wholesale,2025-05-13
1376,Shree Tiffin Services,Aurangabad,Hospitality,2024-08-13
1377,Nandi Restaurant Ludhiana,Ludhiana,Hospitality,2020-10-25
1378,Coastal United Kitchens,Mumbai,Hospitality,2024-10-27
1379,Spice Garden Suppliers,Pune,Wholesale,2021-01-08
1380,Nandi Bazaar Gurugram,Gurugram,Retail,2024-02-25
1381,Rainbow General Store,Mumbai,Retail,2024-04-10
1382,Modern Traders,Thane,Retail,2021-04-30
1383,Supreme Provisions Mumbai,Mumbai,Retail,2024-03-29
1384,Lotus Stores Udaipur,Udaipur,Retail,2024-01-14
1385,National Emporium Hyderabad,Hyderabad,Retail,2024-10-10
1386,Maple Depot,Coimbatore,Wholesale,2023-08-07
1387,Urban Restaurant Delhi,Delhi,Hospitality,2024-03-02
1388,Spice Garden Mart Ahmedabad,Ahmedabad,Retail,2021-08-29
1389,Sapphire Suppliers,Kochi,Wholesale,2023-09-11
1390,Lake View Resorts Jaipur,Jaipur,Hospitality,2022-08-09
1391,Orchid Kitchenware Pune,Pune,Retail,2023-12-19
1392,Sapphire Enterprises,Dehradun,Wholesale,2020-04-05
1393,Nandi Bazaar Mysuru,Mysuru,Retail,2020-04-23
1394,Nandi Inn,Ranchi,Hospitality,2024-02-02
1395,Coastal Inn,Bengaluru,Hospitality,2024-11-24
1396,Star Traders Visakhapatnam,Visakhapatnam,Retail,2021-02-27
1397,Laxmi Tiffin Services Mumbai,Mumbai,Hospitality,2023-05-19
1398,Green Nandi Foods,Guwahati,Hospitality,2020-04-12
1399,Sapphire Provisions Kanpur,Kanpur,Retail,2025-05-14
1400,Om Depot,Mumbai,Wholesale,2025-03-26
1401,Heritage Mart Vadodara,Vadodara,Retail,2024-04-23
1402,Golden Enterprises,Chennai,Wholesale,2022-07-03
1403,Bharat Hotels Udaipur,Udaipur,Hospitality,2023-09-28
1404,Tulsi Bazaar Ludhiana,Ludhiana,Retail,2024-09-20
1405,Jai Hind Provisions Bengaluru,Bengaluru,Retail,2020-12-11
1406,Supreme Supermarket,Mumbai,Retail,2022-03-19
1407,Sapphire Supermarket,Thiruvananthapuram,Retail,2023-11-09
1408,Heritage Traders,Mangaluru,Retail,2023-06-16
1409,Laxmi Kitchenware,Hyderabad,Retail,2024-01-23
1410,Tulsi Provisions,Gurugram,Retail,2022-01-08
1411,Urban Resorts Chennai,Chennai,Hospitality,2022-09-22
1412,Sapphire Hotels Chennai,Chennai,Hospitality,2023-09-11
1413,Jai Hind Kitchens Kolkata,Kolkata,Hospitality,2021-12-13
1414,Maple Emporium Ahmedabad,Ahmedabad,Retail,2020-11-04
1415,Vijay Cafe Bengaluru,Bengaluru,Hospitality,2021-03-10
1416,United General Store,Chennai,Retail,2020-11-10
1417,National Supermarket,Mysuru,Retail,2021-03-06
1418,Silk Route Provisions Ahmedabad,Ahmedabad,Retail,2023-09-01
1419,Silk Route Kitchenware Chandigarh,Chandigarh,Retail,2020-04-19
1420,Hill View Home Needs Delhi,Delhi,Retail,2025-10-25
1421,Coastal Kitchens Mumbai,Mumbai,Hospitality,2023-10-20
1422,Saffron Cafe Kolkata,Kolkata,Hospitality,2020-05-14
1423,Galaxy Logistics Patna,Patna,Wholesale,2022-12-20
1424,Evergreen Caterers,Surat,Hospitality,2023-04-20
1425,Tulsi Emporium Jaipur,Jaipur,Retail,2025-11-01
1426,Nandi Kitchens,Vadodara,Hospitality,2025-07-16
1427,Coastal Bazaar Ahmedabad,Ahmedabad,Retail,2022-08-09
1428,Evergreen Supermarket Raipur,Raipur,Retail,2023-09-06
1429,Sai Home Needs Mumbai,Mumbai,Retail,2022-12-21
1430,Prime Provisions Chennai,Chennai,Retail,2025-06-03
1431,Lotus General Store Coimbatore,Coimbatore,Retail,2020-10-23
1432,City Stores Ahmedabad,Ahmedabad,Retail,2020-01-14
1433,Golden Supermarket,Chennai,Retail,2022-01-22
1434,Palm Traders Kolkata,Kolkata,Retail,2025-04-24
1435,Prime General Store,Mysuru,Retail,2022-08-14
1436,Pearl Tiffin Services Delhi,Delhi,Hospitality,2020-09-24
1437,Coastal Traders,Agra,Retail,2022-02-10
1438,Silver Mart Ahmedabad,Ahmedabad,Retail,2023-05-27
1439,City Bazaar Bhubaneswar,Bhubaneswar,Retail,2021-06-17
1440,Harbour Emporium Delhi,Delhi,Retail,2023-10-31
1441,Evergreen Stores Pune,Pune,Retail,2023-02-12
1442,City Kitchens Ahmedabad,Ahmedabad,Hospitality,2022-10-27
1443,Ganesh Sunrise Home Needs,Hyderabad,Retail,2022-07-18
1444,Rainbow Restaurant Hyderabad,Hyderabad,Hospitality,2023-11-02
1445,Star Foods,Hyderabad,Hospitality,2020-11-15
1446,Ganesh Mart,Madurai,Retail,2023-08-28
1447,Classic General Store Madurai,Madurai,Retail,2022-08-21
1448,Lotus Bazaar Hyderabad,Hyderabad,Retail,2021-09-25
1449,River Side Emporium Surat,Surat,Retail,2024-05-08
1450,Modern Stores Aurangabad,Aurangabad,Retail,2025-06-20
1451,Orchid Mart Agra,Agra,Retail,2020-09-29
1452,Prime Foods,Thiruvananthapuram,Hospitality,2024-04-27
1453,Golden Hotels,Mumbai,Hospitality,2022-11-25
1454,Silk Route Supermarket Bhubaneswar,Bhubaneswar,Retail,2020-03-22
1455,Balaji Supermarket,Thane,Retail,2020-05-01
1456,Krishna Hotels Mumbai,Mumbai,Hospitality,2024-06-02
1457,Mahalaxmi Caterers,Nagpur,Hospitality,2025-07-12
1458,Hill View Home Needs Chennai,Chennai,Retail,2024-03-20
1459,Modern Traders Rajkot,Rajkot,Retail,2020-11-03
1460,Silver Traders Surat,Surat,Retail,2022-09-09
1461,Silk Route Home Needs Mumbai,Mumbai,Retail,2022-05-29
1462,Coconut Grove Emporium Visakhapatnam,Visakhapatnam,Retail,2020-03-13
1463,Star Resorts,Delhi,Hospitality,2025-09-02
1464,Saffron Supermarket,Kanpur,Retail,2024-05-09
1465,Laxmi Emporium Indore,Indore,Retail,2025-10-10
1466,Balaji Mart,Chennai,Retail,2023-02-20
1467,Rainbow Kitchens Patna,Patna,Hospitality,2025-01-10
1468,Palm Bazaar,Kolkata,Retail,2023-01-22
1469,Modern Foods,Delhi,Hospitality,2021-05-11
1470,Sapphire Bazaar,Ahmedabad,Retail,2023-09-16
1471,Harbour Banquets,Delhi,Hospitality,2022-05-08
1472,Hill View Caterers Mumbai,Mumbai,Hospitality,2024-08-14
1473,Spice Garden Tiffin Services,Chandigarh,Hospitality,2022-12-02
1474,Bharat Provisions Bhubaneswar,Bhubaneswar,Retail,2021-04-22
1475,Balaji Trading Co Thiruvananthapuram,Thiruvananthapuram,Wholesale,2024-03-31
1476,Sai Restaurant,Nashik,Hospitality,2024-01-24
1477,Hill View Bazaar,Hyderabad,Retail,2020-08-08
1478,Ganesh Bazaar Mysuru,Mysuru,Retail,2023-07-11
1479,Royal Restaurant Mangaluru,Mangaluru,Hospitality,2023-04-01
1480,Heritage Bazaar,Visakhapatnam,Retail,2025-11-20
1481,Maple Supermarket Nagpur,Nagpur,Retail,2025-04-23
1482,Nandi Restaurant Thane,Thane,Hospitality,2022-06-15
1483,Maple Kitchenware Chennai,Chennai,Retail,2024-09-23
1484,Crystal Home Needs Thiruvananthapuram,Thiruvananthapuram,Retail,2024-05-02
1485,Harbour Resorts,Pune,Hospitality,2022-02-09
1486,Coastal Caterers,Chandigarh,Hospitality,2025-03-22
1487,Harbour Banquets Mysuru,Mysuru,Hospitality,2024-06-13
1488,Crystal Banquets,Goa,Hospitality,2020-10-12
1489,Maple Tiffin Services,Udaipur,Hospitality,2025-09-30
1490,Silk Route Kitchenware Mumbai,Mumbai,Retail,2021-07-05
1491,National Agencies,Thane,Wholesale,2024-12-17
1492,Heritage Supermarket,Delhi,Retail,2025-05-27
1493,United Mart Chennai,Chennai,Retail,2025-10-07
1494,Royal Mart Bhubaneswar,Bhubaneswar,Retail,2024-06-18
1495,Pearl Packaging,Delhi,Wholesale,2021-11-18
1496,Royal Tiffin Services Patna,Patna,Hospitality,2020-12-06
1497,Balaji Kitchenware Bhubaneswar,Bhubaneswar,Retail,2024-01-11
1498,Saffron Suppliers,Bengaluru,Wholesale,2021-02-20
1499,Sunrise Depot,Mumbai,Wholesale,2020-05-08
1500,Sapphire Hotels Pune,Pune,Hospitality,2020-11-03
1501,Saffron Caterers Coimbatore,Coimbatore,Hospitality,2020-01-07
1502,Laxmi Packaging Delhi,Delhi,Wholesale,2020-10-20
1503,Krishna Wholesale Delhi,Delhi,Wholesale,2024-06-18
1504,City Cafe Chandigarh,Chandigarh,Hospitality,2023-03-20
1505,Ganesh Supermarket Ahmedabad,Ahmedabad,Retail,2023-08-13
1506,National Banquets,Mangaluru,Hospitality,2022-08-27
1507,Sunrise Exports,Hyderabad,Wholesale,2022-08-26
1508,Star Inn,Chennai,Hospitality,2020-08-09
1509,Galaxy Balaji Kitchenware,Delhi,Retail,2020-07-24
1510,Silk Route Foods,Mumbai,Hospitality,2022-03-18
1511,Star Exports Nashik,,Wholesale,2022-10-10
1512,Laxmi Mart,Nashik,Retail,2023-09-09
1513,Classic Emporium Pune,Pune,Retail,2023-10-12
1514,Sunrise General Store Thane,Thane,Retail,2025-06-07
1515,Silver Caterers Thiruvananthapuram,Thiruvananthapuram,Hospitality,2025-05-28
1516,Spice Garden Supermarket Delhi,Delhi,Retail,2020-03-16
1517,New Distributors,Delhi,Wholesale,2021-07-19
1518,Coastal Kitchenware Nashik,Nashik,Retail,2021-03-27
1519,New Inn,Delhi,Hospitality,2021-08-19
1520,Spice Garden Provisions Lucknow,Lucknow,Retail,2024-06-07
1521,Urban Cafe,Mumbai,Hospitality,2022-06-30
1522,Prime Trading Co Mumbai,Mumbai,Wholesale,2021-08-15
1523,Spice Garden Foods Delhi,Delhi,Hospitality,2020-08-01
1524,Galaxy Tiffin Services Mumbai,Mumbai,Hospitality,2023-09-05
1525,United Kitchens,Mumbai,Hospitality,2021-08-28
1526,Galaxy Foods Kolkata,Kolkata,Hospitality,2020-10-25
1527,Spice Garden Kitchens,Mumbai,Hospitality,2020-05-18
1528,Sunrise Inn,Indore,Hospitality,2022-02-21
1529,Crystal Hotels Aurangabad,Aurangabad,Hospitality,2022-07-23
1530,United Kitchens Delhi,Delhi,Hospitality,2021-06-21
1531,Ganesh General Store Thiruvananthapuram,Thiruvananthapuram,Retail,2020-05-15
1532,Pearl Kitchens,Thane,Hospitality,2025-01-11
1533,Ganesh Provisions Bengaluru,Bengaluru,Retail,2022-02-04
1534,Spice Garden Exports,Hyderabad,Wholesale,2023-05-31
1535,Coconut Grove Mart Dehradun,Dehradun,Retail,2023-10-10
1536,Ganesh Trading Co Raipur,Raipur,Wholesale,2025-04-17
1537,Nandi Cafe Bengaluru,,Hospitality,2022-08-25
1538,Sapphire Stores Delhi,Delhi,Retail,2021-06-21
1539,Sai Kitchens Visakhapatnam,Visakhapatnam,Hospitality,2024-12-03
1540,Ganesh Resorts,Patna,Hospitality,2020-06-07
1541,Prime Agencies,Nagpur,Wholesale,2025-09-27
1542,Royal Kitchens,Chennai,Hospitality,2024-06-13
1543,Bharat Foods,Chandigarh,Hospitality,2022-08-20
1544,Vijay Enterprises,Jaipur,Wholesale,2020-03-17
1545,Nandi Home Needs,Raipur,Retail,2023-02-03
1546,Shree Supermarket Kolkata,Kolkata,Retail,2021-12-01
1547,Nandi Bazaar Bengaluru,Bengaluru,Retail,2020-09-01
1548,Mahalaxmi Traders,Mumbai,Retail,2024-01-31
1549,Modern Provisions Bengaluru,Bengaluru,Retail,2023-04-07
1550,Saffron Packaging,Coimbatore,Wholesale,2022-11-29
1551,Classic Provisions Pune,Pune,Retail,2020-03-14
1552,National Traders,Mumbai,Retail,2020-04-12
1553,Rainbow Exports,Aurangabad,Wholesale,2025-06-15
1554,Laxmi Caterers,Ludhiana,Hospitality,2024-12-06
1555,Bharat Wholesale Agra,Agra,Wholesale,2020-07-04
1556,Heritage Restaurant Mumbai,Mumbai,Hospitality,2021-07-23
1557,Hill View Suppliers Ludhiana,Ludhiana,Wholesale,2021-05-01
1558,Coconut Grove Kitchens,Kochi,Hospitality,2021-12-19
1559,Saffron Kitchenware Guwahati,Guwahati,Retail,2023-12-29
1560,Harbour Supermarket Pune,Pune,Retail,2025-03-02
1561,Shree Agencies,Kolkata,Wholesale,2020-12-09
1562,Tulsi Exports,Chandigarh,Wholesale,2025-02-13
1563,Silk Route Kitchenware Delhi,Delhi,Retail,2025-01-22
1564,Coconut Grove Cafe,Chennai,Hospitality,2020-10-15
1565,Jai Hind Kitchens Nashik,Nashik,Hospitality,2021-09-29
1566,Coastal Cafe Mangaluru,Mangaluru,Hospitality,2023-10-12
1567,Harbour Caterers Bengaluru,Bengaluru,Hospitality,2023-10-12
1568,Metro Bazaar Vadodara,Vadodara,Retail,2021-04-21
1569,Harbour Trading Co Nashik,Nashik,Wholesale,2021-12-16
1570,Metro General Store Goa,Goa,Retail,2023-03-13
1571,Golden Cafe Mysuru,Mysuru,Hospitality,2021-04-24
1572,Bharat Kitchenware Vadodara,Vadodara,Retail,2025-03-01
1573,Crystal Kitchenware Thiruvananthapuram,Thiruvananthapuram,Retail,2021-12-30
1574,Hill View Bazaar Bhubaneswar,Bhubaneswar,Retail,2025-11-10
1575,Classic Supermarket,Bhubaneswar,Retail,2023-09-16
1576,Crystal Foods Chennai,Chennai,Hospitality,2024-02-12
1577,Sunrise Exports Noida,Noida,Wholesale,2024-07-27
1578,New Restaurant,Chandigarh,Hospitality,2025-03-31
1579,Coastal Foods Patna,Patna,Hospitality,2024-01-27
1580,Nandi Packaging,Visakhapatnam,Wholesale,2022-06-26
1581,Silver Resorts,Lucknow,Hospitality,2025-06-06
1582,Sai Banquets,Aurangabad,Hospitality,2022-06-14
1583,Supreme Suppliers Thiruvananthapuram,Thiruvananthapuram,Wholesale,2021-08-18
1584,Royal Mart Delhi,Delhi,Retail,2021-05-11
1585,Bharat Stores,Ludhiana,Retail,2025-08-05
1586,Bharat Supermarket Mumbai,Mumbai,Retail,2021-11-02
1587,Mahalaxmi Agencies Delhi,Delhi,Wholesale,2023-09-27
1588,Metro Banquets Visakhapatnam,Visakhapatnam,Hospitality,2024-08-03
1589,Jai Hind Stores Thiruvananthapuram,Thiruvananthapuram,Retail,2023-11-19
1590,Pearl Foods,Goa,Hospitality,2023-06-08
1591,Balaji Home Needs,Delhi,Retail,2023-12-15
1592,Rainbow Inn Vadodara,Vadodara,Hospitality,2025-08-29
1593,Maple Cafe,Bengaluru,Hospitality,2020-11-26
1594,Lake View Foods,Pune,Hospitality,2024-05-19
1595,City Traders,Guwahati,Retail,2022-10-09
1596,Galaxy Bazaar Pune,,Retail,2023-12-30
1597,Balaji Caterers Raipur,Raipur,Hospitality,2020-12-02
1598,Silver Home Needs Rajkot,Rajkot,Retail,2023-03-07
1599,Harbour Supermarket Noida,Noida,Retail,2021-01-03
1600,Pearl Provisions Mumbai,Mumbai,Retail,2025-07-30
1601,Sai Logistics Pune,Pune,Wholesale,2020-12-14
1602,Coconut Grove Cafe Nashik,Nashik,Hospitality,2020-09-22
1603,Shree Cafe Kolkata,Kolkata,Hospitality,2022-12-24
1604,Vijay Emporium Delhi,Delhi,Retail,2024-10-04
1605,Laxmi Supermarket Guwahati,,Retail,2025-11-07
1606,Silver Resorts Mumbai,Mumbai,Hospitality,2022-07-13
1607,Spice Garden Resorts Delhi,Delhi,Hospitality,2025-11-17
1608,Rainbow Banquets Delhi,Delhi,Hospitality,2021-07-17
1609,Sapphire Caterers,Ahmedabad,Hospitality,2024-02-02
1610,Jai Hind Emporium,Ahmedabad,Retail,2023-07-26
1611,Hill View Kitchens Dehradun,Dehradun,Hospitality,2024-07-27
1612,Sai Banquets Chennai,Chennai,Hospitality,2024-12-11
1613,New Kitchens,Surat,Hospitality,2022-06-14
1614,Urban Mart Indore,Indore,Retail,2020-03-21
1615,Om Packaging,Mysuru,Wholesale,2024-05-04
1616,Sapphire Restaurant Delhi,Delhi,Hospitality,2020-12-17
1617,Sapphire Foods,Bhubaneswar,Hospitality,2025-06-22
1618,Rainbow Mart Hyderabad,Hyderabad,Retail,2024-08-12
1619,Green Restaurant Chennai,Chennai,Hospitality,2023-10-30
1620,Bharat General Store Thane,Thane,Retail,2024-12-27
1621,Crystal Star Bazaar,Ahmedabad,Retail,2021-03-09
1622,Evergreen Tiffin Services,Mumbai,Hospitality,2021-04-13
1623,Evergreen Wholesale,Goa,Wholesale,2024-05-01
1624,Lotus Stores Raipur,Raipur,Retail,2025-09-12
1625,National Kitchens Mysuru,Mysuru,Hospitality,2025-11-20
1626,Classic Stores,Kanpur,Retail,2025-05-30
1627,City Packaging Delhi,Delhi,Wholesale,2021-06-10
1628,Harbour Home Needs,Bengaluru,Retail,2020-10-27
1629,Sai Emporium Pune,Pune,Retail,2024-08-10
1630,City Banquets Nagpur,Nagpur,Hospitality,2021-04-29
1631,Green Home Needs Delhi,Delhi,Retail,2025-04-14
1632,Lotus Emporium,Mangaluru,Retail,2023-07-05
1633,Bharat Kitchens,Bhubaneswar,Hospitality,2021-01-04
1634,Urban Provisions Dehradun,Dehradun,Retail,2021-04-12
1635,Coconut Grove Emporium Delhi,Delhi,Retail,2025-01-13
1636,Golden Kitchenware Pune,Pune,Retail,2024-11-05
1637,Krishna Tiffin Services Agra,Agra,Hospitality,2024-05-08
1638,Royal Home Needs Raipur,,Retail,2021-07-06
1639,Green Restaurant Ranchi,Ranchi,Hospitality,2021-01-07
1640,Urban Tiffin Services Jaipur,Jaipur,Hospitality,2025-11-18
1641,Saffron Bazaar Kochi,Kochi,Retail,2024-06-13
1642,Maple Cafe Chennai,Chennai,Hospitality,2020-01-16
1643,Harbour Suppliers,Hyderabad,Wholesale,2021-04-17
1644,Balaji Mart Coimbatore,Coimbatore,Retail,2024-04-19
1645,Sai Exports,Rajkot,Wholesale,2021-07-19
1646,Rainbow Exports Gurugram,Gurugram,Wholesale,2020-01-17
1647,Evergreen General Store Dehradun,Dehradun,Retail,2020-03-01
1648,Heritage Enterprises,Pune,Wholesale,2020-04-06
1649,Crystal General Store Ludhiana,Ludhiana,Retail,2022-10-02
1650,New Cafe,Goa,Hospitality,2022-06-05
1651,Saffron Home Needs,Noida,Retail,2024-05-06
1652,Urban Logistics,Chandigarh,Wholesale,2023-07-12
1653,Blue Home Needs Aurangabad,Aurangabad,Retail,2023-04-22
1654,Silver Bazaar Nagpur,Nagpur,Retail,2020-07-18
1655,Lake View Depot,Vadodara,Wholesale,2022-01-25
1656,Pearl Provisions Hyderabad,Hyderabad,Retail,2021-04-09
1657,Om Traders,Coimbatore,Retail,2022-06-01
1658,City Inn Ahmedabad,Ahmedabad,Hospitality,2021-11-12
1659,Star Emporium Surat,Surat,Retail,2023-12-26
1660,Saffron Home Needs Delhi,Delhi,Retail,2024-12-31
1661,Crystal Stores,Thane,Retail,2020-04-19
1662,Mahalaxmi Kitchenware Hyderabad,Hyderabad,Retail,2022-05-22
1663,Rainbow Distributors Chennai,Chennai,Wholesale,2023-09-05
1664,Sai Resorts Mumbai,Mumbai,Hospitality,2020-06-27
1665,Jai Hind Kitchens Jaipur,Jaipur,Hospitality,2024-05-28
1666,Balaji Packaging Vadodara,Vadodara,Wholesale,2021-12-23
1667,Modern Mart Bengaluru,Bengaluru,Retail,2023-01-06
1668,City General Store,Hyderabad,Retail,2024-08-31
1669,Rainbow Hotels,Kochi,Hospitality,2025-05-28
1670,Spice Garden General Store Nashik,Nashik,Retail,2025-05-07
1671,Pearl Emporium Ranchi,Ranchi,Retail,2023-08-28
1672,Palm Trading Co,Mangaluru,Wholesale,2021-03-29
1673,Palm General Store Delhi,Delhi,Retail,2020-01-23
1674,Shree Stores Kolkata,Kolkata,Retail,2021-09-12
1675,Royal Resorts Agra,Agra,Hospitality,2022-09-30
1676,United Hotels Kanpur,Kanpur,Hospitality,2022-04-11
1677,Hill View Mart Guwahati,Guwahati,Retail,2021-09-06
1678,Krishna Agencies Vadodara,Vadodara,Wholesale,2022-02-19
1679,Sai Foods,Nagpur,Hospitality,2020-03-31
1680,Vijay Inn Pune,Pune,Hospitality,2020-05-04
1681,Modern General Store,Kochi,Retail,2020-10-05
1682,New Foods Lucknow,Lucknow,Hospitality,2023-06-06
1683,Saffron Mart,Mysuru,Retail,2025-10-15
1684,Supreme Inn Patna,Patna,Hospitality,2022-02-17
1685,United Restaurant Thane,Thane,Hospitality,2020-07-22
1686,New Provisions Vadodara,Vadodara,Retail,2022-10-10
1687,Harbour Foods Delhi,Delhi,Hospitality,2024-01-08
1688,Saffron General Store Ludhiana,Ludhiana,Retail,2023-11-03
1689,Pearl Home Needs Patna,Patna,Retail,2020-11-19
1690,National Traders Mumbai,Mumbai,Retail,2025-06-02
1691,Vijay Caterers,Hyderabad,Hospitality,2023-05-30
1692,Mahalaxmi Foods Lucknow,Lucknow,Hospitality,2020-01-28
1693,Green Enterprises Udaipur,Udaipur,Wholesale,2022-10-01
1694,Galaxy Traders,Raipur,Retail,2021-12-04
1695,Maple Distributors Pune,Pune,Wholesale,2022-03-24
1696,Galaxy Home Needs Hyderabad,Hyderabad,Retail,2024-01-18
1697,Lake View General Store Mysuru,Mysuru,Retail,2021-10-20
1698,Balaji Emporium Guwahati,Guwahati,Retail,2025-03-02
1699,Heritage Kitchens,Delhi,Hospitality,2020-07-16
1700,Silver Kitchens,Dehradun,Hospitality,2020-05-18
1701,Green Kitchenware,Madurai,Retail,2020-10-04
1702,Orchid Cafe Kolkata,Kolkata,Hospitality,2022-10-03
1703,City Provisions Hyderabad,Hyderabad,Retail,2024-09-10
1704,Golden Kitchens Pune,Pune,Hospitality,2024-08-03
1705,Vijay Logistics,Lucknow,Wholesale,2020-09-04
1706,Prime Mart Aurangabad,Aurangabad,Retail,2020-11-05
1707,Golden Tiffin Services Mumbai,Mumbai,Hospitality,2022-08-17
1708,Supreme Kitchenware,Thane,Retail,2020-11-19
1709,Lotus Logistics,Bengaluru,Wholesale,2022-02-09
1710,Sapphire Traders Pune,Pune,Retail,2021-11-05
1711,Harbour United Provisions,Pune,Retail,2023-06-06
1712,Coastal Bazaar Noida,Noida,Retail,2020-08-04
1713,Mahalaxmi Emporium Kolkata,Kolkata,Retail,2023-06-17
1714,United Provisions Madurai,Madurai,Retail,2025-01-27
1715,Classic Wholesale,,Wholesale,2021-10-31
1716,Shree Emporium Madurai,Madurai,Retail,2022-07-14
1717,Tulsi Emporium Bhubaneswar,Bhubaneswar,Retail,2021-10-14
1718,Laxmi Kitchenware Goa,Goa,Retail,2021-11-07
1719,Maple Resorts Ludhiana,Ludhiana,Hospitality,2020-08-29
1720,Lotus Inn Visakhapatnam,Visakhapatnam,Hospitality,2022-04-24
1721,City Traders Delhi,Delhi,Retail,2022-10-23
1722,Mahalaxmi Wholesale,Ranchi,Wholesale,2023-02-19
1723,Saffron Restaurant,Hyderabad,Hospitality,2022-12-16
1724,River Side Trading Co Bengaluru,Bengaluru,Wholesale,2023-10-29
1725,Classic Kitchenware Noida,Noida,Retail,2022-02-19
1726,Rainbow Provisions Mysuru,Mysuru,Retail,2022-09-13
1727,Rainbow Bazaar Kochi,Kochi,Retail,2021-05-05
1728,Laxmi Restaurant Coimbatore,Coimbatore,Hospitality,2022-12-12
1729,Orchid General Store,Kolkata,Retail,2023-08-30
1730,Blue Emporium Pune,Pune,Retail,2025-06-28
1731,Jai Hind Hotels Indore,Indore,Hospitality,2024-03-18
1732,Laxmi Resorts Kochi,Kochi,Hospitality,2023-05-03
1733,Balaji Kitchenware Bengaluru,Bengaluru,Retail,2025-03-16
1734,Sunrise Traders Chennai,Chennai,Retail,2022-06-06
1735,Sunrise Stores Coimbatore,Coimbatore,Retail,2023-09-26
1736,New Kitchenware Patna,Patna,Retail,2020-05-11
1737,City Emporium Nashik,Nashik,Retail,2021-09-20
1738,Harbour Emporium Mangaluru,Mangaluru,Retail,2025-02-08
1739,Pearl Supermarket Nashik,Nashik,Retail,2024-01-31
1740,Lotus Bazaar Ranchi,Ranchi,Retail,2025-05-26
1741,Prime Inn Surat,Surat,Hospitality,2022-01-29
1742,Ganesh Cafe Mumbai,Mumbai,Hospitality,2021-06-03
1743,Crystal Mart Delhi,Delhi,Retail,2020-05-16
1744,Coconut Grove Suppliers Surat,Surat,Wholesale,2022-12-13
1745,Coastal Banquets Raipur,Raipur,Hospitality,2022-08-11
1746,Green Hotels,,Hospitality,2024-10-02
1747,Krishna Caterers Bengaluru,Bengaluru,Hospitality,2021-07-10
1748,Laxmi Bazaar Raipur,Raipur,Retail,2022-05-05
1749,Ganesh Stores Gurugram,Gurugram,Retail,2025-07-16
1750,Spice Garden Kitchenware Delhi,Delhi,Retail,2021-01-14
1751,Pearl General Store Nagpur,,Retail,2025-01-05
1752,Palm Resorts,Kochi,Hospitality,2021-01-28
1753,Crystal Wholesale Raipur,Raipur,Wholesale,2024-05-13
1754,Metro United Home Needs,Chennai,Retail,2020-10-09
1755,Galaxy Mart Delhi,Delhi,Retail,2025-02-20
1756,Balaji Inn,Delhi,Hospitality,2021-02-02
1757,Lake View Bazaar Nashik,Nashik,Retail,2023-09-08
1758,River Side Provisions Ahmedabad,Ahmedabad,Retail,2024-05-06
1759,Bharat General Store Mumbai,Mumbai,Retail,2024-08-22
1760,Silver Mart Delhi,Delhi,Retail,2025-07-02
1761,Rainbow Bazaar Chennai,Chennai,Retail,2022-02-17
1762,Sai Kitchenware,Mysuru,Retail,2025-07-31
1763,Prime Tiffin Services,Chennai,Hospitality,2023-06-13
1764,Prime Provisions Visakhapatnam,Visakhapatnam,Retail,2021-02-26
1765,New Stores Raipur,Raipur,Retail,2025-05-28
1766,Silk Route Supermarket Goa,Goa,Retail,2024-09-22
1767,Nandi Inn Chennai,Chennai,Hospitality,2020-06-19
1768,Urban Bazaar Pune,Pune,Retail,2022-03-19
1769,United Restaurant Patna,Patna,Hospitality,2022-04-17
1770,Coastal Mart Aurangabad,Aurangabad,Retail,2023-05-10
1771,Sapphire Hotels Thiruvananthapuram,Thiruvananthapuram,Hospitality,2025-04-28
1772,City Kitchens Delhi,Delhi,Hospitality,2022-08-24
1773,Tulsi Tiffin Services,Patna,Hospitality,2023-11-13
1774,Vijay Traders Chennai,Chennai,Retail,2025-10-11
1775,Orchid Banquets Madurai,Madurai,Hospitality,2021-12-20
1776,Sunrise Mart Thiruvananthapuram,Thiruvananthapuram,Retail,2023-12-24
1777,River Side Distributors Bhubaneswar,Bhubaneswar,Wholesale,2022-08-04
1778,Saffron Kitchenware Raipur,Raipur,Retail,2020-03-06
1779,Shree Cafe Delhi,Delhi,Hospitality,2022-09-20
1780,Spice Garden Provisions Delhi,Delhi,Retail,2023-02-15
1781,River Side Supermarket Indore,Indore,Retail,2020-03-14
1782,Vijay Distributors,Madurai,Wholesale,2020-01-30
1783,Laxmi Stores,Mumbai,Retail,2021-09-29
1784,Hill View Restaurant,Mumbai,Hospitality,2023-04-07
1785,Ganesh Kitchenware Gurugram,Gurugram,Retail,2022-10-04
1786,Galaxy Trading Co,Hyderabad,Wholesale,2020-01-06
1787,Palm Exports Pune,Pune,Wholesale,2021-12-06
1788,Coastal Packaging,Madurai,Wholesale,2024-04-12
1789,New Hotels,Ludhiana,Hospitality,2024-07-26
1790,United Cafe,Hyderabad,Hospitality,2024-04-08
1791,Mahalaxmi Logistics,Mumbai,Wholesale,2020-06-27
1792,Prime Caterers,Nagpur,Hospitality,2020-01-16
1793,Harbour Provisions Raipur,,Retail,2021-10-22
1794,Nandi Supermarket Bhubaneswar,Bhubaneswar,Retail,2023-04-17
1795,Lake View Restaurant Kolkata,Kolkata,Hospitality,2024-02-01
1796,United Wholesale,Gurugram,Wholesale,2021-08-13
1797,Maple Caterers,Thane,Hospitality,2023-12-31
1798,Laxmi Traders Ahmedabad,Ahmedabad,Retail,2021-05-07
1799,Silver Traders Mangaluru,Mangaluru,Retail,2021-11-04
1800,Galaxy Enterprises,Mumbai,Wholesale,2023-06-17
1801,Lotus Supermarket Delhi,Delhi,Retail,2023-03-16
1802,Shree Hotels Nagpur,Nagpur,Hospitality,2024-08-04
1803,Star Bazaar,,Retail,2020-04-16
1804,Tulsi Mart Jaipur,Jaipur,Retail,2023-04-10
1805,Laxmi Cafe,Hyderabad,Hospitality,2022-05-04
1806,Urban Logistics Noida,Noida,Wholesale,2022-10-08
1807,Om Star Provisions,Delhi,Retail,2020-04-17
1808,Royal Emporium Visakhapatnam,Visakhapatnam,Retail,2023-09-24
1809,Saffron Kitchenware Mysuru,Mysuru,Retail,2020-08-01
1810,Krishna Traders Chennai,Chennai,Retail,2024-07-18
1811,Urban Supermarket Coimbatore,Coimbatore,Retail,2021-01-09
1812,Prime Caterers Bhubaneswar,Bhubaneswar,Hospitality,2024-01-16
1813,Metro Emporium Indore,Indore,Retail,2023-05-03
1814,Hill View Stores Chandigarh,Chandigarh,Retail,2024-12-30
1815,Hill View Depot,Dehradun,Wholesale,2022-07-22
1816,Jai Hind Traders Pune,,Retail,2021-07-21
1817,Royal Kitchens Chennai,Chennai,Hospitality,2024-01-08
1818,Balaji Caterers Delhi,Delhi,Hospitality,2025-09-24
1819,United Banquets,Udaipur,Hospitality,2020-05-30
1820,Coconut Grove Provisions Hyderabad,Hyderabad,Retail,2021-08-03
1821,Golden Stores Bengaluru,Bengaluru,Retail,2022-04-26
1822,Urban Kitchenware,Ahmedabad,Retail,2022-05-22
1823,Galaxy Bazaar Bengaluru,Bengaluru,Retail,2022-01-30
1824,Harbour Depot,Hyderabad,Wholesale,2024-10-06
1825,Golden General Store Noida,Noida,Retail,2024-09-30
1826,Blue Stores,Ahmedabad,Retail,2021-06-01
1827,Sai Hotels Pune,Pune,Hospitality,2022-03-16
1828,Coconut Grove Traders Nashik,Nashik,Retail,2024-06-01
1829,Coastal Home Needs Mumbai,Mumbai,Retail,2021-07-24
1830,City Mart Nagpur,Nagpur,Retail,2021-02-22
1831,Classic Home Needs Delhi,Delhi,Retail,2024-08-13
1832,Silver Supermarket Kanpur,Kanpur,Retail,2024-03-02
1833,Sunrise Tiffin Services Udaipur,Udaipur,Hospitality,2022-12-24
1834,Coconut Grove Stores Bhubaneswar,Bhubaneswar,Retail,2020-06-19
1835,Silk Route Supermarket Mumbai,Mumbai,Retail,2024-11-25
1836,Maple Kitchenware Chandigarh,Chandigarh,Retail,2023-09-25
1837,Blue Crystal Provisions,Pune,Retail,2025-09-29
1838,Silk Route Emporium Delhi,Delhi,Retail,2025-01-05
1839,Jai Hind Bazaar Chennai,Chennai,Retail,2021-01-08
1840,Ganesh Supermarket Bengaluru,Bengaluru,Retail,2024-06-25
1841,New Bazaar Thane,Thane,Retail,2024-12-21
1842,Modern Kitchens Dehradun,Dehradun,Hospitality,2025-10-23
1843,Lake View Hotels Chandigarh,Chandigarh,Hospitality,2022-01-12
1844,Jai Hind General Store Vadodara,Vadodara,Retail,2022-04-06
1845,Orchid Supermarket Ranchi,Ranchi,Retail,2020-07-02
1846,Om Home Needs Rajkot,Rajkot,Retail,2022-05-03
1847,Metro Supermarket Delhi,Delhi,Retail,2020-06-26
1848,Ganesh Home Needs Mumbai,Mumbai,Retail,2025-09-06
1849,Ganesh Emporium Ludhiana,Ludhiana,Retail,2024-05-08
1850,River Side Traders Chandigarh,Chandigarh,Retail,2024-12-10
1851,New Hotels Noida,,Hospitality,2020-09-19
1852,New Emporium Mumbai,Mumbai,Retail,2020-12-11
1853,Prime Inn Bhubaneswar,Bhubaneswar,Hospitality,2023-08-07
1854,Coconut Grove General Store Visakhapatnam,Visakhapatnam,Retail,2022-12-23
1855,Maple Tiffin Services Delhi,Delhi,Hospitality,2022-11-22
1856,Ganesh Traders Delhi,Delhi,Retail,2024-09-08
1857,Silk Route Supermarket Hyderabad,Hyderabad,Retail,2024-06-22
1858,Jai Hind Inn Mumbai,Mumbai,Hospitality,2020-12-13
1859,Crystal Mart Visakhapatnam,Visakhapatnam,Retail,2022-12-15
1860,Laxmi Bazaar Bengaluru,Bengaluru,Retail,2024-03-27
1861,Balaji Inn Goa,Goa,Hospitality,2021-10-16
1862,Supreme Cafe,Ahmedabad,Hospitality,2021-11-09
1863,Shree Supermarket Chennai,Chennai,Retail,2024-07-16
1864,Prime Banquets Delhi,Delhi,Hospitality,2023-12-23
1865,Ganesh Cafe Patna,Patna,Hospitality,2023-08-19
1866,Jai Hind Emporium Mumbai,Mumbai,Retail,2022-07-19
1867,City Bazaar Ranchi,Ranchi,Retail,2022-07-16
1868,Sai General Store Rajkot,Rajkot,Retail,2025-11-04
1869,Mahalaxmi Cafe,Chennai,Hospitality,2021-02-17
1870,Mahalaxmi Hotels Surat,Surat,Hospitality,2024-07-27
1871,Harbour Banquets Chennai,Chennai,Hospitality,2024-11-02
1872,Rainbow Traders Rajkot,Rajkot,Retail,2023-10-14
1873,Metro Mart Vadodara,Vadodara,Retail,2022-11-07
1874,New Resorts,,Hospitality,2025-01-08
1875,Orchid Kitchenware Rajkot,Rajkot,Retail,2021-01-29
1876,Vijay General Store,Bengaluru,Retail,2022-09-06
1877,Metro Exports,Bengaluru,Wholesale,2025-03-27
1878,Palm Caterers Ludhiana,Ludhiana,Hospitality,2021-09-15
1879,National General Store Hyderabad,Hyderabad,Retail,2023-05-28
1880,Urban Home Needs Thiruvananthapuram,Thiruvananthapuram,Retail,2023-10-04
1881,Crystal Home Needs Pune,Pune,Retail,2023-06-05
1882,Rainbow Kitchens Rajkot,Rajkot,Hospitality,2021-12-02
1883,Silk Route Logistics Mumbai,Mumbai,Wholesale,2023-12-04
1884,Orchid Bazaar,Udaipur,Retail,2020-12-22
1885,Ganesh Emporium Ahmedabad,Ahmedabad,Retail,2024-05-21
1886,Pearl Emporium Bengaluru,Bengaluru,Retail,2020-05-12
1887,United Caterers,Bhubaneswar,Hospitality,2023-04-24
1888,Rainbow Stores Ahmedabad,Ahmedabad,Retail,2020-04-20
1889,Krishna Mart Mysuru,Mysuru,Retail,2020-03-08
1890,Orchid Restaurant Ranchi,Ranchi,Hospitality,2023-06-05
1891,Spice Garden Stores Udaipur,Udaipur,Retail,2024-11-08
1892,Krishna Mart Chandigarh,Chandigarh,Retail,2020-04-30
1893,Shree General Store Kolkata,Kolkata,Retail,2025-06-07
1894,City Foods Chennai,Chennai,Hospitality,2025-01-11
1895,Shree Emporium Thane,Thane,Retail,2020-04-29
1896,Silver Logistics,Pune,Wholesale,2020-03-01
1897,Ganesh Hotels,Mysuru,Hospitality,2020-11-02
1898,River Side Stores,Ranchi,Retail,2020-01-28
1899,Harbour Resorts Aurangabad,Aurangabad,Hospitality,2024-09-13
1900,Green Trading Co Guwahati,Guwahati,Wholesale,2024-10-20
1901,Classic Banquets Chandigarh,Chandigarh,Hospitality,2020-12-27
1902,Modern Traders Chennai,Chennai,Retail,2022-10-24
1903,Krishna Kitchenware,Mumbai,Retail,2025-07-03
1904,Modern Provisions Gurugram,Gurugram,Retail,2020-04-08
1905,Pearl Kitchenware Hyderabad,Hyderabad,Retail,2021-10-16
1906,River Side Distributors Hyderabad,Hyderabad,Wholesale,2024-07-26
1907,Prime Caterers Bengaluru,Bengaluru,Hospitality,2024-02-24
1908,Lake View Shree Supermarket,Guwahati,Retail,2025-06-29
1909,Laxmi Kitchenware Thiruvananthapuram,Thiruvananthapuram,Retail,2024-06-13
1910,Bharat Home Needs Hyderabad,Hyderabad,Retail,2023-11-30
1911,Heritage Wholesale Pune,Pune,Wholesale,2024-02-16
1912,Heritage Home Needs Indore,Indore,Retail,2020-06-18
1913,Sai Trading Co,Thiruvananthapuram,Wholesale,2021-04-04
1914,Classic General Store Vadodara,Vadodara,Retail,2024-12-25
1915,Jai Hind Supermarket Delhi,,Retail,2024-05-05
1916,National Supermarket Indore,Indore,Retail,2023-08-21
1917,Lotus Resorts Hyderabad,Hyderabad,Hospitality,2024-11-15
1918,Urban Provisions Ahmedabad,Ahmedabad,Retail,2023-03-12
1919,Coconut Grove Agencies,Delhi,Wholesale,2022-02-21
1920,Lotus Home Needs Mangaluru,Mangaluru,Retail,2023-01-06
1921,New Provisions Pune,Pune,Retail,2025-08-30
1922,Krishna Mart Delhi,Delhi,Retail,2022-06-25
1923,Urban General Store Aurangabad,Aurangabad,Retail,2020-05-23
1924,Sai Inn Ahmedabad,Ahmedabad,Hospitality,2023-03-09
1925,Evergreen Traders Dehradun,Dehradun,Retail,2023-06-04
1926,Coastal Emporium,Chennai,Retail,2024-04-09
1927,City Exports Kanpur,Kanpur,Wholesale,2021-08-31
1928,Om Provisions Bengaluru,Bengaluru,Retail,2022-03-20
1929,Pearl Suppliers,Kanpur,Wholesale,2022-08-26
1930,River Side Banquets Nashik,Nashik,Hospitality,2024-02-11
1931,Balaji General Store Madurai,Madurai,Retail,2024-11-01
1932,Coconut Grove Exports,Nashik,Wholesale,2021-12-22
1933,Om Home Needs Bengaluru,Bengaluru,Retail,2020-10-03
1934,New Traders Coimbatore,,Retail,2020-08-13
1935,Heritage Distributors,Ahmedabad,Wholesale,2022-06-04
1936,New Mart Mumbai,Mumbai,Retail,2022-12-09
1937,Lotus Stores Chennai,Chennai,Retail,2023-01-18
1938,Spice Garden Exports Bengaluru,Bengaluru,Wholesale,2020-02-22
1939,Evergreen Emporium Mumbai,Mumbai,Retail,2021-09-17
1940,Rainbow Kitchenware Pune,Pune,Retail,2022-07-17
1941,Urban Emporium Thiruvananthapuram,Thiruvananthapuram,Retail,2021-03-12
1942,Lotus Banquets Nagpur,Nagpur,Hospitality,2025-08-28
1943,Om Supermarket Delhi,Delhi,Retail,2022-09-27
1944,River Side Supermarket Mangaluru,Mangaluru,Retail,2023-06-04
1945,Coastal Provisions Mumbai,Mumbai,Retail,2020-11-04
1946,Harbour Caterers Mumbai,Mumbai,Hospitality,2022-07-24
1947,Rainbow Caterers Dehradun,Dehradun,Hospitality,2024-05-28
1948,Metro Mart Ludhiana,Ludhiana,Retail,2025-09-23
1949,Shree Supermarket Ludhiana,Ludhiana,Retail,2023-12-14
1950,Balaji Inn Delhi,Delhi,Hospitality,2023-09-10
1951,Orchid Emporium,Udaipur,Retail,2022-06-26
1952,Krishna Traders Guwahati,Guwahati,Retail,2023-10-29
1953,Sunrise Provisions Mumbai,Mumbai,Retail,2023-01-14
1954,Silver Supermarket Kolkata,Kolkata,Retail,2020-03-07
1955,City Resorts,Patna,Hospitality,2024-11-06
1956,Classic National Mart,Hyderabad,Retail,2020-01-26
1957,Laxmi Resorts Delhi,Delhi,Hospitality,2023-08-11
1958,Om Provisions Surat,Surat,Retail,2020-03-18
1959,Lake View General Store Chandigarh,Chandigarh,Retail,2021-01-29
1960,Ganesh Packaging Madurai,Madurai,Wholesale,2024-08-23
1961,National Kitchenware Rajkot,Rajkot,Retail,2020-10-26
1962,Supreme Trading Co,Mangaluru,Wholesale,2024-06-24
1963,Galaxy Restaurant Nagpur,Nagpur,Hospitality,2021-01-10
1964,United Stores,Goa,Retail,2023-07-14
1965,Vijay Traders Ranchi,Ranchi,Retail,2021-01-14
1966,Krishna Kitchens Indore,Indore,Hospitality,2021-02-09
1967,Vijay Provisions Bengaluru,Bengaluru,Retail,2025-10-16
1968,Lotus Hotels Coimbatore,Coimbatore,Hospitality,2022-12-02
1969,Heritage Inn,Ahmedabad,Hospitality,2022-01-23
1970,Sunrise Tiffin Services Bengaluru,Bengaluru,Hospitality,2020-09-16
1971,Prime Stores Thiruvananthapuram,Thiruvananthapuram,Retail,2023-03-27
1972,Mahalaxmi Kitchens Jaipur,Jaipur,Hospitality,2021-02-19
1973,Rainbow Hotels Kanpur,Kanpur,Hospitality,2024-01-09
1974,River Side Emporium Bengaluru,Bengaluru,Retail,2022-06-10
1975,Urban Home Needs Thane,Thane,Retail,2021-08-07
1976,Royal Stores Bengaluru,Bengaluru,Retail,2022-04-15
1977,Star Bazaar Lucknow,Lucknow,Retail,2021-09-26
1978,Lotus Stores Noida,Noida,Retail,2020-01-19
1979,River Side Caterers Delhi,Delhi,Hospitality,2025-01-21
1980,Blue Provisions Indore,Indore,Retail,2021-03-15
1981,Saffron Banquets Kolkata,Kolkata,Hospitality,2022-02-09
1982,Nandi Logistics Mumbai,Mumbai,Wholesale,2023-04-30
1983,Rainbow General Store Thiruvananthapuram,Thiruvananthapuram,Retail,2025-06-02
1984,Orchid Caterers,Kochi,Hospitality,2023-03-18
1985,Harbour Traders Kolkata,,Retail,2023-11-28
1986,Mahalaxmi Foods Mumbai,Mumbai,Hospitality,2021-05-17
1987,Orchid Kitchenware Thiruvananthapuram,Thiruvananthapuram,Retail,2024-01-05
1988,Krishna Kitchenware Delhi,Delhi,Retail,2025-03-20
1989,Coastal Traders Goa,Goa,Retail,2024-08-30
1990,Jai Hind Emporium Bengaluru,Bengaluru,Retail,2023-12-01
1991,Hill View Home Needs Kolkata,Kolkata,Retail,2023-11-21
1992,Krishna Stores Surat,Surat,Retail,2024-05-06
1993,Silver Stores,Hyderabad,Retail,2023-05-09
1994,Bharat General Store Surat,Surat,Retail,2021-12-29
1995,New Provisions Mumbai,Mumbai,Retail,2025-01-30
1996,Jai Hind Kitchenware Pune,Pune,Retail,2024-04-12
1997,Galaxy Ganesh General Store,Hyderabad,Retail,2024-07-13
1998,Laxmi Bazaar Pune,Pune,Retail,2024-03-07
1999,Crystal Hotels Hyderabad,Hyderabad,Hospitality,2021-08-31
2000,Om Provisions Delhi,Delhi,Retail,2022-12-25
2001,Heritage Supermarket Bengaluru,Bengaluru,Retail,2021-08-18
2002,Evergreen Inn,Mumbai,Hospitality,2025-07-20
2003,Heritage Home Needs Mangaluru,Mangaluru,Retail,2022-07-02
2004,City Restaurant,Mumbai,Hospitality,2023-12-13
2005,Hill View Hotels Aurangabad,Aurangabad,Hospitality,2020-12-23
2006,Rainbow Foods,Mumbai,Hospitality,2021-02-11
2007,Silver Home Needs Pune,Pune,Retail,2025-05-31
2008,Shree Packaging,Goa,Wholesale,2021-04-28
2009,Bharat Restaurant,Bengaluru,Hospitality,2021-07-31
2010,Coconut Grove Emporium Raipur,Raipur,Retail,2025-07-28
2011,Spice Garden Foods Guwahati,Guwahati,Hospitality,2022-08-27
2012,Om Kitchens Kolkata,Kolkata,Hospitality,2023-01-07
2013,Mahalaxmi Foods Pune,Pune,Hospitality,2023-04-15
2014,Jai Hind Emporium Visakhapatnam,Visakhapatnam,Retail,2021-10-24
2015,River Side Bazaar,Gurugram,Retail,2021-12-31
2016,Golden Banquets Gurugram,Gurugram,Hospitality,2024-10-18
2017,Classic Kitchens,Indore,Hospitality,2023-07-30
2018,Shree Enterprises,Delhi,Wholesale,2023-06-27
2019,Blue Emporium Mumbai,Mumbai,Retail,2022-07-30
2020,Blue General Store,Delhi,Retail,2024-09-07
2021,Modern Traders Coimbatore,Coimbatore,Retail,2020-12-26
2022,Harbour Stores Mumbai,Mumbai,Retail,2024-04-08
2023,Classic Stores Ahmedabad,Ahmedabad,Retail,2025-07-13
2024,Silk Route Restaurant,Kolkata,Hospitality,2022-03-08
2025,Palm Blue Emporium,Mumbai,Retail,2022-12-18
2026,Silk Route General Store,Mumbai,Retail,2024-07-22
2027,Palm Emporium,Delhi,Retail,2024-03-09
2028,City Exports Pune,Pune,Wholesale,2021-09-30
2029,Lake View Mart Agra,Agra,Retail,2023-11-13
2030,Lake View Home Needs Delhi,Delhi,Retail,2024-09-12
2031,Modern Cafe Pune,Pune,Hospitality,2022-03-05
2032,Metro Wholesale,Delhi,Wholesale,2025-12-01
2033,Hill View Provisions Udaipur,Udaipur,Retail,2023-08-31
2034,Silk Route Home Needs Chennai,Chennai,Retail,2022-01-16
2035,Palm Provisions Thane,Thane,Retail,2021-05-21
2036,Shree Bazaar,Bengaluru,Retail,2024-05-19
2037,Blue Supermarket Mumbai,Mumbai,Retail,2021-09-23
2038,Shree General Store Pune,Pune,Retail,2024-09-05
2039,Spice Garden Emporium Hyderabad,Hyderabad,Retail,2025-08-24
2040,Silk Route Caterers,Udaipur,Hospitality,2022-02-23
2041,Star Kitchenware Lucknow,Lucknow,Retail,2022-02-09
2042,Pearl Mart Pune,Pune,Retail,2024-11-25
2043,Vijay Home Needs Ludhiana,Ludhiana,Retail,2022-12-19
2044,Modern Supermarket Jaipur,Jaipur,Retail,2025-02-19
2045,Harbour Caterers Madurai,Madurai,Hospitality,2024-04-26
2046,Coconut Grove Stores Nagpur,Nagpur,Retail,2025-10-21
2047,Metro Bazaar Hyderabad,Hyderabad,Retail,2023-09-14
2048,Lotus Supermarket Dehradun,Dehradun,Retail,2023-07-09
2049,River Side Restaurant,Udaipur,Hospitality,2022-06-02
2050,River Side Packaging,Delhi,Wholesale,2020-08-15
2051,Prime Lake View Supermarket,Ranchi,Retail,2022-02-20
2052,United Rainbow Home Needs,Mumbai,Retail,2021-04-28
2053,Supreme Kitchens,Bengaluru,Hospitality,2022-08-27
2054,River Side Kitchenware Chandigarh,Chandigarh,Retail,2022-12-18
2055,Maple Emporium Coimbatore,Coimbatore,Retail,2023-08-21
2056,Ganesh Traders Kolkata,Kolkata,Retail,2024-03-03
2057,Nandi Restaurant Guwahati,Guwahati,Hospitality,2024-04-26
2058,Hill View Kitchens Goa,Goa,Hospitality,2022-12-05
2059,Palm Supermarket,Delhi,Retail,2022-09-06
2060,Laxmi Bazaar Chandigarh,Chandigarh,Retail,2021-09-06
2061,Star Kitchenware Mumbai,Mumbai,Retail,2022-05-27
2062,Rainbow Suppliers,Mumbai,Wholesale,2020-04-28
2063,Supreme General Store Mysuru,,Retail,2024-10-04
2064,Balaji Depot,Ludhiana,Wholesale,2025-07-21
2065,Bharat Tiffin Services Mumbai,Mumbai,Hospitality,2023-11-03
2066,Rainbow Kitchens Ahmedabad,Ahmedabad,Hospitality,2022-11-07
2067,Evergreen Restaurant,,Hospitality,2024-12-15
2068,Prime Cafe Mumbai,Mumbai,Hospitality,2022-01-28
2069,Modern Restaurant Bhubaneswar,Bhubaneswar,Hospitality,2023-02-18
2070,Sai Resorts Chandigarh,Chandigarh,Hospitality,2025-09-26
2071,Silver Provisions,Patna,Retail,2025-09-02
2072,Golden Traders Ludhiana,Ludhiana,Retail,2022-08-15
2073,Silver Foods Goa,Goa,Hospitality,2024-08-21
2074,Sunrise Mart Lucknow,Lucknow,Retail,2022-06-27
2075,Lotus Restaurant Udaipur,Udaipur,Hospitality,2023-01-18
2076,Silk Route Kitchenware Lucknow,Lucknow,Retail,2024-07-16
2077,River Side General Store Bengaluru,Bengaluru,Retail,2024-02-04
2078,Star Banquets,Chennai,Hospitality,2025-05-25
2079,Classic Inn Patna,Patna,Hospitality,2022-10-29
2080,Rainbow Foods Ahmedabad,Ahmedabad,Hospitality,2024-03-04
2081,Evergreen Home Needs Surat,Surat,Retail,2025-10-24
2082,Prime Depot Delhi,Delhi,Wholesale,2021-09-12
2083,Green General Store,Gurugram,Retail,2021-02-27
2084,Lotus Hotels Ahmedabad,Ahmedabad,Hospitality,2024-03-15
2085,Lake View Packaging,,Wholesale,2020-09-20
2086,Tulsi Wholesale,Udaipur,Wholesale,2024-12-25
2087,Ganesh Resorts Aurangabad,Aurangabad,Hospitality,2023-01-26
2088,Balaji Supermarket Kochi,Kochi,Retail,2022-08-22
2089,Hill View Cafe,Mumbai,Hospitality,2024-03-08
2090,Shree Wholesale Nashik,Nashik,Wholesale,2023-08-06
2091,Laxmi Inn Raipur,Raipur,Hospitality,2020-02-06
2092,Coastal Packaging Bengaluru,Bengaluru,Wholesale,2023-03-08
2093,Om Traders Pune,Pune,Retail,2023-08-22
2094,Pearl Supermarket Visakhapatnam,Visakhapatnam,Retail,2025-11-10
2095,Heritage Restaurant Nashik,Nashik,Hospitality,2021-01-06
2096,Prime Kitchenware Mysuru,Mysuru,Retail,2025-03-03
2097,Crystal Supermarket Mumbai,Mumbai,Retail,2022-09-23
2098,Om Cafe,Nashik,Hospitality,2023-01-08
2099,Saffron Caterers Patna,Patna,Hospitality,2024-09-29
2100,Urban Bazaar Mangaluru,Mangaluru,Retail,2024-10-14
2101,Heritage Mart Jaipur,Jaipur,Retail,2025-04-13
2102,Silk Route Supermarket Chennai,Chennai,Retail,2022-04-10
2103,Classic Supermarket Gurugram,Gurugram,Retail,2023-01-26
2104,Galaxy Banquets Delhi,Delhi,Hospitality,2020-04-28
2105,Sapphire Wholesale,Delhi,Wholesale,2023-06-18
2106,Rainbow Restaurant Pune,Pune,Hospitality,2024-11-11
2107,Sapphire Home Needs Bengaluru,Bengaluru,Retail,2021-06-16
2108,Crystal Kitchenware Hyderabad,Hyderabad,Retail,2025-07-14
2109,Bharat Kitchens Gurugram,Gurugram,Hospitality,2020-05-25
2110,Balaji Logistics Chennai,Chennai,Wholesale,2025-05-07
2111,Nandi Supermarket Bengaluru,Bengaluru,Retail,2024-11-13
2112,Vijay Supermarket Lucknow,Lucknow,Retail,2025-06-30
2113,Blue Caterers,Chandigarh,Hospitality,2025-10-26
2114,Sai Supermarket,Thiruvananthapuram,Retail,2024-07-30
2115,Krishna Hotels Visakhapatnam,Visakhapatnam,Hospitality,2024-09-26
2116,Palm Kitchenware,Agra,Retail,2023-08-27
2117,Modern Cafe Chennai,Chennai,Hospitality,2024-01-20
2118,Classic Stores Hyderabad,Hyderabad,Retail,2024-10-29
2119,Evergreen Foods,Kochi,Hospitality,2024-03-13
2120,Krishna Hotels Aurangabad,Aurangabad,Hospitality,2022-01-19
2121,Galaxy Logistics Kolkata,Kolkata,Wholesale,2024-03-28
2122,Om Bazaar,Lucknow,Retail,2022-05-19
2123,New Hotels Udaipur,Udaipur,Hospitality,2020-11-14
2124,River Side Supermarket Kolkata,Kolkata,Retail,2022-09-14
2125,Bharat Provisions Noida,Noida,Retail,2023-09-11
2126,Sapphire Mart,Pune,Retail,2021-06-07
2127,Green Distributors,Chennai,Wholesale,2021-04-23
2128,Nandi General Store Raipur,Raipur,Retail,2025-02-02
2129,Crystal Home Needs Chennai,Chennai,Retail,2020-09-08
2130,River Side Banquets Delhi,Delhi,Hospitality,2021-12-27
2131,Crystal Bazaar Kolkata,Kolkata,Retail,2023-07-15
2132,Evergreen Stores Ranchi,Ranchi,Retail,2025-03-09
2133,Saffron Bazaar Bhubaneswar,Bhubaneswar,Retail,2023-07-21
2134,Nandi Mart Delhi,Delhi,Retail,2021-02-01
2135,Om Provisions Kochi,Kochi,Retail,2025-07-27
2136,Coconut Grove Resorts Ludhiana,Ludhiana,Hospitality,2024-05-31
2137,City Banquets Udaipur,Udaipur,Hospitality,2023-04-20
2138,Royal Trading Co Dehradun,Dehradun,Wholesale,2021-04-27
2139,Palm Kitchens Chennai,Chennai,Hospitality,2025-04-26
2140,Lotus Hotels Mangaluru,Mangaluru,Hospitality,2025-03-29
2141,Royal Exports Kolkata,Kolkata,Wholesale,2025-02-23
2142,Maple Provisions,Bengaluru,Retail,2025-08-10
2143,Maple Home Needs Pune,Pune,Retail,2021-08-04
2144,Sunrise Provisions Indore,Indore,Retail,2021-06-13
2145,Krishna Home Needs,Mumbai,Retail,2025-03-05
2146,Sunrise Restaurant,Mysuru,Hospitality,2023-11-04
2147,Krishna Emporium Nagpur,Nagpur,Retail,2025-04-22
2148,Krishna Suppliers,Bengaluru,Wholesale,2020-11-20
2149,Modern Bazaar,Pune,Retail,2025-06-29
2150,Crystal Bazaar Delhi,Delhi,Retail,2021-02-02
2151,Mahalaxmi Provisions Coimbatore,Coimbatore,Retail,2020-05-15
2152,Pearl General Store Ahmedabad,Ahmedabad,Retail,2021-09-09
2153,Bharat Stores Agra,Agra,Retail,2025-03-18
2154,Ganesh Hotels Agra,Agra,Hospitality,2023-12-02
2155,Urban Caterers,Vadodara,Hospitality,2021-03-01
2156,Krishna Mart Thiruvananthapuram,Thiruvananthapuram,Retail,2020-08-21
2157,Prime Kitchens,Chandigarh,Hospitality,2025-06-01
2158,Galaxy Suppliers,,Wholesale,2020-11-08
2159,Maple Stores Mangaluru,Mangaluru,Retail,2023-06-21
2160,Rainbow Provisions Kolkata,Kolkata,Retail,2020-07-18
2161,Green Inn Chennai,Chennai,Hospitality,2024-06-09
2162,Saffron Agencies Ranchi,Ranchi,Wholesale,2024-02-15
2163,Bharat Traders Raipur,Raipur,Retail,2023-03-10
2164,Prime Packaging Bengaluru,Bengaluru,Wholesale,2025-08-27
2165,Mahalaxmi Hotels Bengaluru,Bengaluru,Hospitality,2024-07-30
2166,Evergreen Agencies,Udaipur,Wholesale,2021-01-30
2167,Pearl Mart Madurai,Madurai,Retail,2022-01-11
2168,Sapphire Stores Pune,Pune,Retail,2021-05-26
2169,Mahalaxmi Bazaar Noida,Noida,Retail,2023-12-19
2170,Jai Hind Traders Aurangabad,Aurangabad,Retail,2025-09-17
2171,Star Bazaar Coimbatore,Coimbatore,Retail,2020-10-23
2172,Sai Kitchenware Goa,Goa,Retail,2025-05-07
2173,Sapphire Agencies Ahmedabad,Ahmedabad,Wholesale,2022-07-05
2174,Spice Garden Trading Co,Pune,Wholesale,2025-04-06
2175,Mahalaxmi Bazaar Bhubaneswar,Bhubaneswar,Retail,2021-02-25
2176,Crystal Emporium,Chennai,Retail,2022-09-25
2177,Sunrise Supermarket Guwahati,Guwahati,Retail,2021-11-18
2178,Prime Banquets Kolkata,Kolkata,Hospitality,2022-06-08
2179,Classic Packaging Kolkata,Kolkata,Wholesale,2021-01-21
2180,Coastal Stores Mumbai,Mumbai,Retail,2022-03-15
2181,Metro Bazaar Raipur,Raipur,Retail,2021-12-04
2182,Golden Emporium Ahmedabad,Ahmedabad,Retail,2023-05-28
2183,Krishna Stores Bhubaneswar,Bhubaneswar,Retail,2021-09-11
2184,Star Home Needs Mysuru,Mysuru,Retail,2024-04-30
2185,Green Caterers Hyderabad,Hyderabad,Hospitality,2023-12-06
2186,River Side Emporium Coimbatore,Coimbatore,Retail,2024-12-02
2187,Coconut Grove Stores Rajkot,Rajkot,Retail,2023-08-19
2188,Blue Inn Chennai,Chennai,Hospitality,2020-01-20
2189,Krishna Kitchens Delhi,Delhi,Hospitality,2025-08-07
2190,Evergreen Supermarket Goa,Goa,Retail,2022-09-27
2191,Pearl Stores Chennai,Chennai,Retail,2022-05-09
2192,Laxmi Bazaar Delhi,Delhi,Retail,2020-04-07
2193,Maple Banquets Hyderabad,Hyderabad,Hospitality,2024-08-20
2194,Modern Suppliers Visakhapatnam,Visakhapatnam,Wholesale,2020-10-21
2195,Bharat Inn,Coimbatore,Hospitality,2024-11-16
2196,Sunrise Suppliers,Chennai,Wholesale,2024-12-12
2197,Evergreen Resorts,Ranchi,Hospitality,2020-12-28
2198,River Side Supermarket Lucknow,Lucknow,Retail,2021-01-11
2199,Tulsi General Store Visakhapatnam,Visakhapatnam,Retail,2022-06-28
2200,Pearl Kitchens Guwahati,Guwahati,Hospitality,2024-06-09
2201,Urban Home Needs Patna,Patna,Retail,2025-06-30
2202,National Kitchenware Mumbai,Mumbai,Retail,2025-01-07
2203,Sapphire Traders Kochi,Kochi,Retail,2021-04-05
2204,Coconut Grove Depot,Noida,Wholesale,2023-12-16
2205,Crystal Stores Bengaluru,Bengaluru,Retail,2022-02-16
2206,Saffron Foods,Thane,Hospitality,2022-09-08
2207,Vijay Kitchenware,Delhi,Retail,2021-08-02
2208,Vijay Tiffin Services,Ahmedabad,Hospitality,2023-08-19
2209,Shree Home Needs Mumbai,Mumbai,Retail,2025-08-07
2210,River Side Inn Kolkata,Kolkata,Hospitality,2020-08-05
2211,Tulsi Suppliers Nagpur,Nagpur,Wholesale,2022-07-25
2212,National Mart Mumbai,Mumbai,Retail,2020-10-08
2213,New Restaurant Nagpur,Nagpur,Hospitality,2021-10-01
2214,Heritage Stores Coimbatore,Coimbatore,Retail,2021-10-26
2215,Galaxy General Store Ahmedabad,Ahmedabad,Retail,2025-11-08
2216,Nandi Provisions Indore,Indore,Retail,2022-12-04
2217,Maple City Kitchens,Bengaluru,Hospitality,2025-06-16
2218,Sapphire Emporium Mumbai,Mumbai,Retail,2020-08-14
2219,Sapphire Emporium Patna,Patna,Retail,2022-07-18
2220,Silk Route Kitchenware Bhubaneswar,Bhubaneswar,Retail,2024-10-06
2221,Coastal Bazaar Visakhapatnam,Visakhapatnam,Retail,2021-11-15
2222,Spice Garden Stores Guwahati,Guwahati,Retail,2025-09-03
2223,Lake View Depot Kolkata,,Wholesale,2024-10-02
2224,Rainbow Provisions Raipur,Raipur,Retail,2024-05-19
2225,New Hotels Kolkata,Kolkata,Hospitality,2022-12-31
2226,Tulsi Kitchens Delhi,Delhi,Hospitality,2022-04-17
2227,Laxmi Tiffin Services Chandigarh,Chandigarh,Hospitality,2020-09-30
2228,Galaxy Cafe,Guwahati,Hospitality,2021-01-17
2229,Sapphire Suppliers Raipur,Raipur,Wholesale,2024-10-26
2230,Jai Hind Traders Hyderabad,Hyderabad,Retail,2024-12-09
2231,Hill View Supermarket Chennai,Chennai,Retail,2024-10-07
2232,Balaji Stores Pune,Pune,Retail,2023-12-29
2233,Classic Traders Bengaluru,Bengaluru,Retail,2022-05-09
2234,River Side Emporium Pune,Pune,Retail,2024-04-13
2235,Urban Foods Dehradun,Dehradun,Hospitality,2021-12-24
2236,Maple Provisions Delhi,Delhi,Retail,2022-05-07
2237,Harbour Enterprises,Delhi,Wholesale,2021-07-15
2238,National Restaurant,Guwahati,Hospitality,2021-10-24
2239,Golden Traders Guwahati,Guwahati,Retail,2022-07-14
2240,Heritage Provisions Indore,Indore,Retail,2024-12-12
2241,Balaji Kitchenware Noida,Noida,Retail,2023-12-05
2242,Krishna Packaging,Raipur,Wholesale,2022-07-25
2243,Supreme Home Needs Mysuru,Mysuru,Retail,2021-03-21
2244,Maple Bazaar Mumbai,Mumbai,Retail,2021-05-27
2245,Maple Banquets Gurugram,Gurugram,Hospitality,2024-05-19
2246,Metro Kitchens,Pune,Hospitality,2025-01-13
2247,Shree Supermarket Pune,Pune,Retail,2021-12-17
2248,Silver General Store Mumbai,Mumbai,Retail,2022-09-25
2249,Royal Tiffin Services Ranchi,Ranchi,Hospitality,2023-07-07
2250,Maple Bazaar Nagpur,Nagpur,Retail,2020-07-09
2251,Harbour General Store Goa,Goa,Retail,2020-09-17
2252,United Traders Delhi,Delhi,Retail,2021-04-30
2253,Sapphire Home Needs Mysuru,Mysuru,Retail,2022-09-03
2254,Vijay Provisions Lucknow,Lucknow,Retail,2024-06-10
2255,Sai Stores Bengaluru,Bengaluru,Retail,2024-05-16
2256,Laxmi Home Needs Hyderabad,Hyderabad,Retail,2021-03-18
2257,Coconut Grove Emporium Guwahati,Guwahati,Retail,2023-03-15
2258,River Side Kitchenware Pune,Pune,Retail,2023-02-14
2259,Hill View Supermarket Bengaluru,Bengaluru,Retail,2022-12-07
2260,Sapphire Distributors,Nagpur,Wholesale,2021-09-13
2261,Saffron Restaurant Kolkata,Kolkata,Hospitality,2022-10-30
2262,Om Traders Kolkata,Kolkata,Retail,2023-12-12
2263,Balaji Agencies Pune,Pune,Wholesale,2021-05-21
2264,Jai Hind Kitchenware Hyderabad,Hyderabad,Retail,2024-04-29
2265,Tulsi Home Needs,Bengaluru,Retail,2024-06-04
2266,Saffron Traders Kolkata,Kolkata,Retail,2021-08-27
2267,Krishna Mart Bengaluru,Bengaluru,Retail,2023-07-19
2268,Golden Home Needs Hyderabad,Hyderabad,Retail,2023-04-25
2269,Galaxy Palm Supermarket,Bengaluru,Retail,2022-11-16
2270,Jai Hind Bazaar Hyderabad,Hyderabad,Retail,2025-02-19
2271,Green Caterers Bengaluru,Bengaluru,Hospitality,2024-04-02
2272,National Distributors,Gurugram,Wholesale,2020-02-25
2273,Laxmi Banquets,Delhi,Hospitality,2022-07-25
2274,Urban Depot,,Wholesale,2021-03-30
2275,Metro Inn,Pune,Hospitality,2024-02-29
2276,Golden Foods Kochi,Kochi,Hospitality,2021-02-22
2277,Rainbow Banquets Bengaluru,Bengaluru,Hospitality,2022-11-17
2278,Balaji Distributors,Delhi,Wholesale,2024-06-17
2279,Evergreen Emporium Lucknow,Lucknow,Retail,2024-06-12
2280,Mahalaxmi Mart Madurai,Madurai,Retail,2025-03-07
2281,Tulsi Stores Madurai,Madurai,Retail,2020-09-05
2282,Silk Route Cafe Pune,Pune,Hospitality,2022-03-26
2283,Coconut Grove Provisions Dehradun,Dehradun,Retail,2020-01-26
2284,New Cafe Coimbatore,Coimbatore,Hospitality,2025-03-05
2285,Classic Bazaar Raipur,Raipur,Retail,2025-08-08
2286,Prime Kitchens Thiruvananthapuram,Thiruvananthapuram,Hospitality,2024-03-10
2287,City Kitchens Mumbai,Mumbai,Hospitality,2024-09-01
2288,Metro Mart Hyderabad,Hyderabad,Retail,2021-04-17
2289,Metro Kitchenware Mumbai,Mumbai,Retail,2024-11-07
2290,Prime Provisions Indore,Indore,Retail,2025-10-10
2291,Saffron Mart Chennai,Chennai,Retail,2021-01-20
2292,Vijay Mart Kochi,Kochi,Retail,2023-03-21
2293,Spice Garden Stores Bhubaneswar,Bhubaneswar,Retail,2023-10-30
2294,Tulsi Restaurant Bengaluru,Bengaluru,Hospitality,2023-12-20
2295,Lake View Traders Pune,Pune,Retail,2023-05-27
2296,Coconut Grove Traders Delhi,Delhi,Retail,2024-08-24
2297,Metro General Store Chennai,Chennai,Retail,2025-04-04
2298,Pearl Provisions Kolkata,Kolkata,Retail,2023-09-14
2299,Orchid Caterers Gurugram,Gurugram,Hospitality,2021-10-24
2300,City Kitchens Chennai,Chennai,Hospitality,2023-03-12
2301,Hill View Hotels Bengaluru,Bengaluru,Hospitality,2022-06-12
2302,Jai Hind Resorts Nashik,Nashik,Hospitality,2023-09-14
2303,Laxmi Trading Co,Mysuru,Wholesale,2021-05-28
2304,Royal Bazaar Ahmedabad,Ahmedabad,Retail,2021-03-07
2305,Modern Provisions Surat,Surat,Retail,2021-12-25
2306,Heritage Shree Bazaar,Mumbai,Retail,2020-10-08
2307,Metro Tiffin Services,Delhi,Hospitality,2023-08-07
2308,Silk Route Supermarket Jaipur,,Retail,2023-07-19
2309,Lake View Banquets,Jaipur,Hospitality,2025-03-11
2310,Coastal General Store,Pune,Retail,2023-09-11
2311,Blue Coastal Caterers,Delhi,Hospitality,2022-05-14
2312,Mahalaxmi Supermarket Pune,Pune,Retail,2024-02-10
2313,City Kitchenware Bhubaneswar,Bhubaneswar,Retail,2023-01-12
2314,Star Wholesale,Pune,Wholesale,2024-03-25
2315,City Banquets Mumbai,Mumbai,Hospitality,2020-06-20
2316,Lake View Foods Ahmedabad,Ahmedabad,Hospitality,2025-02-23
2317,Blue Emporium Aurangabad,Aurangabad,Retail,2022-09-29
2318,Modern Tiffin Services Bengaluru,Bengaluru,Hospitality,2024-04-09
2319,Om Supermarket Chennai,Chennai,Retail,2023-06-21
2320,Bharat Home Needs Mumbai,Mumbai,Retail,2021-04-19
2321,Saffron General Store Raipur,Raipur,Retail,2023-04-10
2322,Nandi Packaging Mumbai,Mumbai,Wholesale,2025-02-01
2323,Spice Garden Kitchens Bengaluru,Bengaluru,Hospitality,2022-12-22
2324,Green Foods Delhi,Delhi,Hospitality,2024-10-06
2325,Harbour Resorts Kolkata,Kolkata,Hospitality,2020-07-26
2326,Sai Foods Mangaluru,Mangaluru,Hospitality,2020-10-22
2327,Sai Emporium Mumbai,Mumbai,Retail,2025-07-18
2328,Saffron Banquets Hyderabad,Hyderabad,Hospitality,2022-02-26
2329,Rainbow Home Needs Aurangabad,Aurangabad,Retail,2024-02-21
2330,Galaxy Provisions Delhi,Delhi,Retail,2021-07-01
2331,Mahalaxmi Cafe Bengaluru,Bengaluru,Hospitality,2024-06-08
2332,Lotus Stores Delhi,Delhi,Retail,2021-09-21
2333,United Home Needs Mangaluru,Mangaluru,Retail,2021-09-17
2334,Lotus Exports,Bengaluru,Wholesale,2021-10-23
2335,Jai Hind General Store Pune,Pune,Retail,2021-11-13
2336,Supreme Kitchenware Raipur,Raipur,Retail,2021-03-23
2337,Rainbow Agencies,Vadodara,Wholesale,2025-11-10
2338,Galaxy Stores Mumbai,Mumbai,Retail,2022-05-09
2339,Jai Hind Agencies Hyderabad,Hyderabad,Wholesale,2021-10-17
2340,United Hotels Chennai,Chennai,Hospitality,2020-12-27
2341,Orchid Traders,Ahmedabad,Retail,2025-10-22
2342,Coconut Grove General Store Kanpur,Kanpur,Retail,2023-03-22
2343,Sunrise Supermarket Dehradun,Dehradun,Retail,2022-09-26
2344,City Restaurant Gurugram,Gurugram,Hospitality,2021-12-21
2345,Metro Green Mart,Hyderabad,Retail,2023-02-16
2346,Silk Route Trading Co Bengaluru,,Wholesale,2025-11-21
2347,Ganesh General Store Nashik,Nashik,Retail,2025-02-08
2348,Nandi Mart Chandigarh,Chandigarh,Retail,2023-06-16
2349,Balaji Home Needs Jaipur,Jaipur,Retail,2021-05-03
2350,Heritage Provisions Delhi,Delhi,Retail,2023-05-01
2351,Prime Provisions Noida,Noida,Retail,2023-06-21
2352,Rainbow Foods Mumbai,Mumbai,Hospitality,2024-08-29
2353,Vijay Traders Thiruvananthapuram,Thiruvananthapuram,Retail,2025-03-20
2354,Galaxy Stores Gurugram,Gurugram,Retail,2023-07-22
2355,Laxmi Provisions Coimbatore,Coimbatore,Retail,2022-12-28
2356,Bharat Kitchens Lucknow,Lucknow,Hospitality,2025-11-25
2357,Blue Provisions Kanpur,Kanpur,Retail,2024-11-30
2358,Heritage Caterers,Hyderabad,Hospitality,2021-09-18
2359,Ganesh Kitchens Bengaluru,Bengaluru,Hospitality,2024-03-10
2360,Maple Foods,Ahmedabad,Hospitality,2024-10-18
2361,Supreme Mart,Nashik,Retail,2023-02-06
2362,Crystal General Store Delhi,Delhi,Retail,2024-10-07
2363,Lake View Trading Co,Aurangabad,Wholesale,2025-07-05
2364,Sai Tiffin Services Vadodara,Vadodara,Hospitality,2022-06-27
2365,Ganesh Restaurant Mumbai,Mumbai,Hospitality,2024-02-13
2366,Royal Logistics Rajkot,Rajkot,Wholesale,2020-12-26
2367,Tulsi Supermarket Kolkata,Kolkata,Retail,2022-07-20
2368,Coastal Restaurant Ahmedabad,Ahmedabad,Hospitality,2023-08-04
2369,Coastal Traders Pune,Pune,Retail,2024-07-07
2370,Palm Depot,Udaipur,Wholesale,2025-09-04
2371,Classic Stores Mumbai,Mumbai,Retail,2020-10-20
2372,Balaji Emporium Chennai,Chennai,Retail,2024-02-18
2373,Urban Packaging,,Wholesale,2024-06-30
2374,Pearl Emporium Jaipur,Jaipur,Retail,2024-06-10
2375,Star Stores Mumbai,Mumbai,Retail,2023-09-19
2376,Silver Inn,Mangaluru,Hospitality,2025-05-01
2377,New Trading Co Jaipur,Jaipur,Wholesale,2021-10-20
2378,Lotus Kitchens Kolkata,Kolkata,Hospitality,2023-05-28
2379,Modern Cafe Mysuru,Mysuru,Hospitality,2025-07-01
2380,Sapphire Tiffin Services,Agra,Hospitality,2021-02-12
2381,Sapphire Kitchenware Kolkata,Kolkata,Retail,2022-01-01
2382,Golden Kitchens Jaipur,Jaipur,Hospitality,2022-04-16
2383,Crystal Distributors,Udaipur,Wholesale,2025-07-29
2384,Orchid Stores Delhi,Delhi,Retail,2025-03-09
2385,Harbour Traders Madurai,Madurai,Retail,2021-04-21
2386,Supreme Mart Mumbai,Mumbai,Retail,2022-12-07
2387,Lotus Enterprises,Visakhapatnam,Wholesale,2023-02-21
2388,Metro Banquets Agra,,Hospitality,2024-11-21
2389,National Home Needs,Bengaluru,Retail,2024-02-18
2390,Saffron Home Needs Ranchi,Ranchi,Retail,2025-03-16
2391,Coastal Resorts Mumbai,Mumbai,Hospitality,2023-07-05
2392,Sai Hotels Thiruvananthapuram,Thiruvananthapuram,Hospitality,2025-10-10
2393,Saffron Provisions Bengaluru,Bengaluru,Retail,2023-10-13
2394,Nandi Kitchenware,Visakhapatnam,Retail,2022-01-28
2395,Evergreen Emporium Coimbatore,Coimbatore,Retail,2023-09-15
2396,Jai Hind Restaurant Kolkata,Kolkata,Hospitality,2021-05-12
2397,Classic Logistics Delhi,Delhi,Wholesale,2023-02-27
2398,Tulsi Bazaar Coimbatore,Coimbatore,Retail,2023-01-04
2399,Saffron Provisions Chandigarh,Chandigarh,Retail,2023-04-12
2400,Prime Stores Bengaluru,Bengaluru,Retail,2020-09-05
2401,Hill View Emporium,Kochi,Retail,2023-01-03
2402,Nandi Stores Gurugram,Gurugram,Retail,2025-06-01
2403,Sapphire Provisions Gurugram,Gurugram,Retail,2025-07-04
2404,Sapphire Bazaar Patna,Patna,Retail,2023-08-08
2405,Evergreen Suppliers Ahmedabad,Ahmedabad,Wholesale,2021-10-16
2406,Lake View Wholesale,Agra,Wholesale,2022-02-23
2407,Silver Mart Pune,Pune,Retail,2022-07-24
2408,Royal Trading Co Kochi,Kochi,Wholesale,2024-06-25
2409,Harbour Emporium Guwahati,Guwahati,Retail,2020-01-06
2410,Sapphire Emporium Chandigarh,Chandigarh,Retail,2023-06-23
2411,Hill View Orchid Provisions,Hyderabad,Retail,2024-08-14
2412,River Side Kitchens Mumbai,Mumbai,Hospitality,2021-04-20
2413,New Kitchenware Agra,Agra,Retail,2023-09-01
2414,Bharat Caterers Kolkata,Kolkata,Hospitality,2022-01-20
2415,Heritage Bazaar Ahmedabad,Ahmedabad,Retail,2024-11-20
2416,Tulsi Emporium Delhi,Delhi,Retail,2023-11-29
2417,Heritage Depot,,Wholesale,2023-03-20
2418,Royal Caterers Hyderabad,Hyderabad,Hospitality,2021-03-24
2419,Urban Supermarket Mumbai,Mumbai,Retail,2022-05-26
2420,Laxmi Urban Provisions,Bengaluru,Retail,2025-07-18
2421,Krishna Banquets,Mysuru,Hospitality,2022-04-14
2422,Hill View Trading Co,Nashik,Wholesale,2022-08-12
2423,Maple Mart Lucknow,Lucknow,Retail,2021-01-27
2424,Silk Route Tiffin Services,,Hospitality,2023-03-11
2425,Lake View Trading Co Mumbai,Mumbai,Wholesale,2025-09-30
2426,Royal Supermarket Chennai,Chennai,Retail,2025-06-05
2427,Saffron Mart Bengaluru,,Retail,2024-04-30
2428,Blue Kitchens,Noida,Hospitality,2020-06-02
2429,Sunrise Resorts Vadodara,Vadodara,Hospitality,2024-12-31
2430,Rainbow Traders Bhubaneswar,Bhubaneswar,Retail,2021-07-25
2431,Laxmi Traders Thane,Thane,Retail,2020-06-29
2432,Sai Caterers,Guwahati,Hospitality,2020-04-14
2433,Spice Garden Suppliers Bengaluru,Bengaluru,Wholesale,2020-01-27
2434,Supreme Mart Kolkata,Kolkata,Retail,2021-08-04
2435,Krishna Mart Rajkot,Rajkot,Retail,2020-07-26
2436,Prime Sunrise Stores,Mumbai,Retail,2022-07-29
2437,Sunrise Bazaar,Pune,Retail,2024-09-21
2438,New Evergreen Provisions,Delhi,Retail,2020-06-08
2439,Pearl Exports Ahmedabad,Ahmedabad,Wholesale,2022-04-13
2440,Harbour Inn,Bengaluru,Hospitality,2023-10-29
2441,Prime Kitchens Kanpur,Kanpur,Hospitality,2022-06-06
2442,Coastal Supermarket Pune,Pune,Retail,2022-11-28
2443,Bharat Bazaar Hyderabad,Hyderabad,Retail,2025-10-09
2444,Bharat Supermarket Dehradun,,Retail,2023-10-21
2445,Om Enterprises,Delhi,Wholesale,2025-08-05
2446,Classic Suppliers,Agra,Wholesale,2024-06-01
2447,Palm Bazaar Chennai,Chennai,Retail,2022-05-29
2448,Orchid Cafe Kochi,Kochi,Hospitality,2021-01-12
2449,Rainbow Inn Udaipur,Udaipur,Hospitality,2025-02-04
2450,Silk Route Bazaar,Jaipur,Retail,2021-01-28
2451,Vijay Stores Thiruvananthapuram,Thiruvananthapuram,Retail,2025-03-10
2452,Sai Wholesale,Indore,Wholesale,2024-10-09
2453,Vijay Caterers Mumbai,Mumbai,Hospitality,2022-01-10
2454,Lake View Foods Rajkot,Rajkot,Hospitality,2020-09-16
2455,Harbour Kitchenware,Delhi,Retail,2023-11-10
2456,Pearl Home Needs Kolkata,Kolkata,Retail,2020-09-24
2457,Galaxy Caterers Rajkot,Rajkot,Hospitality,2024-05-28
2458,Royal Kitchenware Surat,Surat,Retail,2021-06-11
2459,Om Coconut Grove Exports,Delhi,Wholesale,2025-07-23
2460,Ganesh Banquets Delhi,Delhi,Hospitality,2020-05-21
2461,Classic Tiffin Services,Ludhiana,Hospitality,2020-02-26
2462,Lotus General Store Kochi,Kochi,Retail,2023-02-03
2463,United Emporium Madurai,Madurai,Retail,2023-09-01
2464,Royal Tiffin Services Delhi,Delhi,Hospitality,2023-12-19
2465,Bharat Traders Chennai,Chennai,Retail,2025-05-07
2466,Classic Mart Aurangabad,Aurangabad,Retail,2022-09-28
2467,Urban Crystal Emporium,Delhi,Retail,2021-09-21
2468,Spice Garden Tiffin Services Kolkata,Kolkata,Hospitality,2021-02-13
2469,Golden Mart,Nashik,Retail,2020-11-19
2470,Lotus Wholesale,Lucknow,Wholesale,2020-01-25
2471,Sai Logistics Hyderabad,Hyderabad,Wholesale,2023-11-16
2472,Evergreen Trading Co,Thane,Wholesale,2023-09-24
2473,Galaxy Spice Garden Provisions,Chennai,Retail,2024-12-12
2474,Maple Suppliers Mumbai,Mumbai,Wholesale,2023-05-15
2475,Green Stores Mangaluru,Mangaluru,Retail,2021-09-08
2476,Evergreen Supermarket Kochi,Kochi,Retail,2023-02-05
2477,Lotus Resorts Vadodara,Vadodara,Hospitality,2025-08-30
2478,Om Restaurant,Delhi,Hospitality,2021-08-07
2479,Star Banquets Kochi,,Hospitality,2025-10-10
2480,City General Store Kanpur,Kanpur,Retail,2024-02-25
2481,Shree Home Needs Guwahati,Guwahati,Retail,2024-08-30
2482,Golden General Store Bengaluru,Bengaluru,Retail,2025-08-22
2483,Coconut Grove Banquets Chennai,Chennai,Hospitality,2025-06-09
2484,Sunrise Tiffin Services Mumbai,Mumbai,Hospitality,2025-03-09
2485,Silk Route Caterers Goa,Goa,Hospitality,2021-01-28
2486,Tulsi Balaji Provisions,Hyderabad,Retail,2021-06-07
2487,Mahalaxmi Hotels Hyderabad,Hyderabad,Hospitality,2020-11-03
2488,Coconut Grove Home Needs,Jaipur,Retail,2020-08-01
2489,Green Caterers Kanpur,Kanpur,Hospitality,2023-12-19
2490,Jai Hind Emporium Hyderabad,Hyderabad,Retail,2024-07-08
2491,Pearl General Store Kochi,Kochi,Retail,2023-04-01
2492,Silk Route Trading Co Pune,Pune,Wholesale,2020-12-14
2493,Orchid Suppliers,Mumbai,Wholesale,2021-11-10
2494,Vijay Supermarket Ludhiana,Ludhiana,Retail,2023-09-28
2495,Rainbow Hotels Delhi,Delhi,Hospitality,2020-05-16
2496,Sai Wholesale Pune,Pune,Wholesale,2020-02-14
2497,Metro Kitchenware Aurangabad,Aurangabad,Retail,2023-05-05
2498,New Distributors Ludhiana,Ludhiana,Wholesale,2025-03-21
2499,Lotus Palm Kitchenware,Pune,Retail,2022-07-02
2500,Sunrise Laxmi Kitchenware,Bengaluru,Retail,2022-12-18
2501,Silver Enterprises,Chandigarh,Wholesale,2025-08-08
2502,Spice Garden Kitchenware Mangaluru,Mangaluru,Retail,2024-10-20
2503,National Home Needs Chennai,Chennai,Retail,2023-08-31
2504,Royal Provisions Nashik,,Retail,2021-12-19
2505,Green Tiffin Services,Jaipur,Hospitality,2021-03-08
2506,Golden Wholesale,Mumbai,Wholesale,2022-05-18
2507,Mahalaxmi Cafe Hyderabad,Hyderabad,Hospitality,2022-06-28
2508,Coconut Grove Traders Bengaluru,Bengaluru,Retail,2025-05-07
2509,Lotus Supermarket Vadodara,Vadodara,Retail,2024-03-15
2510,Tulsi Bazaar Chennai,Chennai,Retail,2023-04-03
2511,Coconut Grove Packaging,Mangaluru,Wholesale,2023-10-06
2512,Lotus Inn Pune,Pune,Hospitality,2022-08-08
2513,Classic Provisions Nagpur,Nagpur,Retail,2024-02-04
2514,Tulsi Cafe Lucknow,,Hospitality,2022-11-16
2515,Laxmi Emporium Bengaluru,Bengaluru,Retail,2023-04-20
2516,Blue Mart,Thane,Retail,2024-10-15
2517,United Hotels Noida,Noida,Hospitality,2024-09-27
2518,National General Store Rajkot,Rajkot,Retail,2022-02-04
2519,Pearl Trading Co,Bengaluru,Wholesale,2023-03-28
2520,Classic Distributors,Udaipur,Wholesale,2025-07-20
2521,Prime General Store Rajkot,Rajkot,Retail,2024-12-22
2522,Royal General Store Bhubaneswar,Bhubaneswar,Retail,2023-02-17
2523,Star Hotels Pune,Pune,Hospitality,2020-02-20
2524,Om Home Needs Aurangabad,Aurangabad,Retail,2024-07-16
2525,Lake View General Store Delhi,Delhi,Retail,2022-02-16
2526,Sunrise Home Needs Dehradun,Dehradun,Retail,2024-11-10
2527,Krishna Provisions Hyderabad,Hyderabad,Retail,2020-09-25
2528,Galaxy Distributors,Mangaluru,Wholesale,2025-04-18
2529,Green Provisions Nagpur,Nagpur,Retail,2024-07-23
2530,Classic Supermarket Coimbatore,Coimbatore,Retail,2022-11-13
2531,Harbour Caterers Mangaluru,Mangaluru,Hospitality,2025-08-14
2532,Maple Provisions Bengaluru,Bengaluru,Retail,2023-07-14
2533,Harbour Emporium Kanpur,Kanpur,Retail,2024-11-23
2534,City Banquets Ranchi,Ranchi,Hospitality,2023-02-27
2535,Coastal Provisions Thiruvananthapuram,Thiruvananthapuram,Retail,2024-11-28
2536,Krishna Caterers Visakhapatnam,Visakhapatnam,Hospitality,2022-10-28
2537,Coconut Grove Kitchens Mysuru,Mysuru,Hospitality,2023-10-06
2538,Supreme Resorts,Mangaluru,Hospitality,2021-03-12
2539,Orchid Provisions Pune,Pune,Retail,2022-07-26
2540,Jai Hind Cafe Delhi,Delhi,Hospitality,2025-07-18
2541,Nandi Banquets,Patna,Hospitality,2020-01-24
2542,Laxmi Foods Ludhiana,Ludhiana,Hospitality,2022-11-03
2543,Laxmi Provisions Agra,Agra,Retail,2022-09-18
2544,Metro Hotels Indore,Indore,Hospitality,2022-10-09
2545,Classic Foods,Ranchi,Hospitality,2020-04-20
2546,National Cafe,Ahmedabad,Hospitality,2024-03-06
2547,City Exports Indore,Indore,Wholesale,2022-03-24
2548,Galaxy Packaging,Pune,Wholesale,2020-05-09
2549,Modern General Store Hyderabad,Hyderabad,Retail,2025-10-30
2550,Pearl Emporium Lucknow,Lucknow,Retail,2020-06-17
2551,Modern Home Needs Coimbatore,Coimbatore,Retail,2021-11-06
2552,Om Banquets,Guwahati,Hospitality,2023-06-24
2553,National Home Needs Chandigarh,Chandigarh,Retail,2025-09-01
2554,Vijay Kitchenware Mumbai,Mumbai,Retail,2020-12-12
2555,Classic General Store Goa,Goa,Retail,2024-10-24
2556,National Trading Co Ahmedabad,Ahmedabad,Wholesale,2021-04-02
2557,Tulsi Packaging Kolkata,Kolkata,Wholesale,2025-04-07
2558,Classic Banquets Nashik,Nashik,Hospitality,2021-11-28
2559,Royal Distributors,Chennai,Wholesale,2024-06-30
2560,Sunrise Packaging,Aurangabad,Wholesale,2022-11-05
2561,Hill View Supermarket Indore,Indore,Retail,2024-11-07
2562,Jai Hind Traders Bengaluru,Bengaluru,Retail,2024-09-22
2563,Saffron Mart Kolkata,Kolkata,Retail,2023-11-27
2564,Ganesh Kitchenware Coimbatore,Coimbatore,Retail,2022-05-05
2565,City Restaurant Raipur,Raipur,Hospitality,2020-12-29
2566,Heritage Packaging,Chandigarh,Wholesale,2025-11-16
2567,City Stores Rajkot,Rajkot,Retail,2024-06-17
2568,Ganesh Inn Lucknow,Lucknow,Hospitality,2025-08-26
2569,Balaji Trading Co Rajkot,Rajkot,Wholesale,2025-11-06
2570,Sai Star Mart,Mumbai,Retail,2025-06-17
2571,Classic Provisions Mumbai,Mumbai,Retail,2022-10-21
2572,Green Mart Aurangabad,Aurangabad,Retail,2025-09-14
2573,Royal Stores Mumbai,Mumbai,Retail,2023-02-06
2574,Blue Stores Mumbai,Mumbai,Retail,2022-09-27
2575,Orchid Kitchenware Hyderabad,Hyderabad,Retail,2020-04-14
2576,Saffron Caterers Mangaluru,Mangaluru,Hospitality,2024-12-06
2577,Modern Exports,Chennai,Wholesale,2020-11-28
2578,Classic Kitchens Chennai,Chennai,Hospitality,2024-02-24
2579,Galaxy Foods Bengaluru,Bengaluru,Hospitality,2020-10-22
2580,Mahalaxmi Hotels Udaipur,Udaipur,Hospitality,2025-08-12
2581,Supreme General Store Bengaluru,Bengaluru,Retail,2023-12-07
2582,Coastal Inn Hyderabad,Hyderabad,Hospitality,2020-02-26
2583,Ganesh Kitchenware Surat,Surat,Retail,2023-12-10
2584,Sunrise Bazaar Thiruvananthapuram,Thiruvananthapuram,Retail,2020-04-08
2585,Coastal Enterprises,Mumbai,Wholesale,2024-07-11
2586,Blue Restaurant Hyderabad,Hyderabad,Hospitality,2024-05-12
2587,Shree Mart Bengaluru,Bengaluru,Retail,2022-02-01
2588,Krishna Emporium Chennai,Chennai,Retail,2023-04-23
2589,Supreme Foods Agra,Agra,Hospitality,2020-06-06
2590,Star Supermarket Mumbai,Mumbai,Retail,2023-12-04
2591,Sunrise Stores Aurangabad,Aurangabad,Retail,2023-10-17
2592,Vijay Kitchenware Nashik,Nashik,Retail,2023-03-15
2593,Heritage Packaging Mumbai,Mumbai,Wholesale,2025-06-21
2594,Star Traders Mumbai,Mumbai,Retail,2020-11-20
2595,Star Banquets Visakhapatnam,Visakhapatnam,Hospitality,2023-02-04
2596,Mahalaxmi Caterers Bengaluru,Bengaluru,Hospitality,2024-08-22
2597,Lotus Banquets Udaipur,Udaipur,Hospitality,2023-12-19
2598,Blue Supermarket Nashik,Nashik,Retail,2025-11-22
2599,Spice Garden Star Provisions,Mumbai,Retail,2025-06-28
2600,Green Mart Guwahati,Guwahati,Retail,2022-07-30
2601,United Kitchens Hyderabad,Hyderabad,Hospitality,2025-11-30
2602,Shree Restaurant Rajkot,Rajkot,Hospitality,2024-04-20
2603,Prime Traders Mumbai,Mumbai,Retail,2021-01-16
2604,Sunrise Stores Thane,Thane,Retail,2024-06-14
2605,River Side Trading Co Mumbai,Mumbai,Wholesale,2022-11-07
2606,Mahalaxmi Hotels Pune,Pune,Hospitality,2021-02-11
2607,Pearl Stores Guwahati,Guwahati,Retail,2020-06-04
2608,Evergreen Traders Nashik,Nashik,Retail,2024-05-19
2609,Metro Traders Chennai,Chennai,Retail,2022-08-12
2610,Pearl Resorts Thane,Thane,Hospitality,2022-08-28
2611,Crystal Bazaar Pune,Pune,Retail,2023-09-02
2612,Golden Restaurant,Mumbai,Hospitality,2021-11-22
2613,Balaji Supermarket Bengaluru,Bengaluru,Retail,2020-10-19
2614,Heritage Tiffin Services Mumbai,Mumbai,Hospitality,2025-06-16
2615,Orchid Caterers Chennai,Chennai,Hospitality,2023-03-27
2616,United Emporium Rajkot,Rajkot,Retail,2023-04-10
2617,United Supermarket,Madurai,Retail,2020-09-08
2618,Golden Supermarket Bengaluru,Bengaluru,Retail,2023-11-21
2619,Royal Hotels Goa,Goa,Hospitality,2023-03-28
2620,Lake View Foods Madurai,Madurai,Hospitality,2021-01-02
2621,Tulsi Emporium Ahmedabad,Ahmedabad,Retail,2024-06-29
2622,Evergreen Restaurant Ahmedabad,Ahmedabad,Hospitality,2023-08-28
2623,Classic Logistics Raipur,Raipur,Wholesale,2023-10-31
2624,Hill View Provisions Visakhapatnam,,Retail,2020-12-21
2625,National Supermarket Noida,Noida,Retail,2023-02-24
2626,Galaxy Banquets Chennai,Chennai,Hospitality,2025-01-26
2627,Pearl Silver Resorts,Chennai,Hospitality,2022-09-22
2628,Nandi General Store Bhubaneswar,Bhubaneswar,Retail,2024-02-22
2629,City Resorts Mumbai,,Hospitality,2023-06-10
2630,Krishna Foods Ahmedabad,Ahmedabad,Hospitality,2021-03-04
2631,Balaji Traders Nashik,Nashik,Retail,2023-04-25
2632,United Kitchenware Delhi,Delhi,Retail,2023-02-18
2633,Pearl Home Needs Bhubaneswar,Bhubaneswar,Retail,2023-12-22
2634,Jai Hind Wholesale,Patna,Wholesale,2025-08-25
2635,Classic Supermarket Kanpur,Kanpur,Retail,2020-02-06
2636,Classic Tiffin Services Thiruvananthapuram,Thiruvananthapuram,Hospitality,2024-02-01
2637,Laxmi Stores Patna,Patna,Retail,2024-06-29
2638,Royal Kitchens Hyderabad,Hyderabad,Hospitality,2022-01-05
2639,Laxmi Suppliers,Lucknow,Wholesale,2023-08-31
2640,Sai New Provisions,Kolkata,Retail,2022-03-01
2641,Shree Provisions Goa,Goa,Retail,2020-11-29
2642,Pearl Resorts Ludhiana,Ludhiana,Hospitality,2021-04-21
2643,New Mart Bengaluru,Bengaluru,Retail,2020-06-12
2644,Lotus Supermarket Kochi,Kochi,Retail,2021-05-23
2645,Galaxy Stores Bengaluru,Bengaluru,Retail,2025-08-29
2646,United Hotels Delhi,Delhi,Hospitality,2022-04-10
2647,River Side Caterers Chandigarh,Chandigarh,Hospitality,2025-07-27
2648,Tulsi General Store Kolkata,Kolkata,Retail,2023-11-19
2649,Pearl General Store Udaipur,Udaipur,Retail,2023-02-26
2650,Rainbow Supermarket,Aurangabad,Retail,2021-10-30
2651,Balaji Exports,Nagpur,Wholesale,2024-09-27
2652,National Provisions Jaipur,Jaipur,Retail,2020-03-05
2653,Star Suppliers,Mumbai,Wholesale,2024-08-14
2654,New Home Needs Bengaluru,Bengaluru,Retail,2024-06-19
2655,Shree Distributors,Mumbai,Wholesale,2021-06-04
2656,Om Distributors,Chennai,Wholesale,2022-09-01
2657,Evergreen Inn Dehradun,Dehradun,Hospitality,2020-10-20
2658,Krishna Emporium Agra,Agra,Retail,2024-03-21
2659,Bharat Caterers Visakhapatnam,Visakhapatnam,Hospitality,2025-01-19
2660,Lotus Inn Patna,Patna,Hospitality,2023-08-13
2661,Prime Supermarket Mumbai,Mumbai,Retail,2021-05-29
2662,Sai Enterprises Ludhiana,Ludhiana,Wholesale,2020-05-16
2663,Pearl Mart Delhi,Delhi,Retail,2025-11-08
2664,Silver Kitchens Kolkata,Kolkata,Hospitality,2020-11-28
2665,Urban Bazaar Surat,Surat,Retail,2022-03-03
2666,Sunrise Supermarket Bengaluru,Bengaluru,Retail,2020-07-04
2667,Spice Garden Home Needs Mumbai,Mumbai,Retail,2021-01-22
2668,Silver Inn Goa,Goa,Hospitality,2021-01-25
2669,United Provisions Mumbai,Mumbai,Retail,2024-05-31
2670,Metro Resorts Pune,Pune,Hospitality,2025-06-10
2671,Palm Stores Delhi,Delhi,Retail,2020-11-11
2672,Orchid Bazaar Delhi,Delhi,Retail,2021-05-08
2673,Ganesh Supermarket Vadodara,Vadodara,Retail,2022-10-10
2674,Orchid Restaurant Goa,Goa,Hospitality,2025-10-22
2675,Classic Suppliers Kolkata,Kolkata,Wholesale,2020-05-28
2676,Vijay Cafe Surat,Surat,Hospitality,2023-07-07
2677,Urban Supermarket Madurai,Madurai,Retail,2024-03-15
2678,Silver Supermarket Dehradun,Dehradun,Retail,2025-08-24
2679,Sunrise Enterprises,Agra,Wholesale,2020-07-19
2680,Maple Supermarket Kolkata,Kolkata,Retail,2023-12-15
2681,Tulsi Depot Pune,Pune,Wholesale,2024-04-25
2682,River Side Inn Mumbai,Mumbai,Hospitality,2022-06-07
2683,Harbour Inn Chennai,Chennai,Hospitality,2021-12-12
2684,Golden Supermarket Mangaluru,Mangaluru,Retail,2024-11-12
2685,Krishna Resorts Bengaluru,Bengaluru,Hospitality,2021-06-03
2686,Hill View Provisions Noida,Noida,Retail,2021-06-16
2687,Palm Bazaar Ranchi,Ranchi,Retail,2023-02-02
2688,Hill View Emporium Indore,Indore,Retail,2020-08-23
2689,Heritage Mart Delhi,Delhi,Retail,2022-02-26
2690,Saffron Cafe Rajkot,Rajkot,Hospitality,2021-07-03
2691,Classic Traders Udaipur,Udaipur,Retail,2023-05-28
2692,Green Agencies,Kanpur,Wholesale,2021-05-07
2693,Om Supermarket Kolkata,Kolkata,Retail,2022-12-11
2694,Silver Provisions Nashik,Nashik,Retail,2020-11-21
2695,Harbour Kitchens,Noida,Hospitality,2023-02-04
2696,Krishna Mart Coimbatore,Coimbatore,Retail,2024-10-23
2697,Sai General Store Madurai,Madurai,Retail,2023-05-16
2698,Tulsi Banquets,Bengaluru,Hospitality,2022-06-25
2699,Lake View Exports Mumbai,Mumbai,Wholesale,2023-08-28
2700,Evergreen Stores Dehradun,Dehradun,Retail,2023-08-24
2701,Lake View Bazaar Pune,Pune,Retail,2022-05-24
2702,Jai Hind Lake View Kitchenware,Chennai,Retail,2022-05-25
2703,Metro Kitchens Vadodara,Vadodara,Hospitality,2024-11-13
2704,Jai Hind Kitchenware Kolkata,Kolkata,Retail,2020-12-23
2705,Crystal Logistics Delhi,Delhi,Wholesale,2022-12-22
2706,Shree General Store Visakhapatnam,Visakhapatnam,Retail,2020-05-12
2707,Hill View Distributors Patna,Patna,Wholesale,2024-09-15
2708,National Depot,Ranchi,Wholesale,2021-04-19
2709,Bharat Traders Pune,Pune,Retail,2023-03-07
2710,Om Foods Dehradun,Dehradun,Hospitality,2021-07-07
2711,Supreme Caterers,Mumbai,Hospitality,2024-04-18
2712,Sai Distributors,Vadodara,Wholesale,2023-09-01
2713,Silk Route Traders Madurai,Madurai,Retail,2025-09-03
2714,Ganesh Caterers Guwahati,Guwahati,Hospitality,2020-10-27
2715,Sunrise Caterers Nagpur,Nagpur,Hospitality,2025-02-25
2716,Coastal Hotels Ahmedabad,Ahmedabad,Hospitality,2021-09-27
2717,Bharat Resorts Thiruvananthapuram,Thiruvananthapuram,Hospitality,2023-01-01
2718,Royal Caterers Mumbai,Mumbai,Hospitality,2022-03-25
2719,Evergreen Home Needs Udaipur,Udaipur,Retail,2020-12-19
2720,River Side Inn Surat,Surat,Hospitality,2023-11-02
2721,Rainbow Stores Bengaluru,Bengaluru,Retail,2024-10-14
2722,New Caterers,Coimbatore,Hospitality,2020-11-11
2723,Blue Mart Chennai,Chennai,Retail,2020-10-10
2724,Sai Stores Thiruvananthapuram,Thiruvananthapuram,Retail,2020-01-15
2725,Spice Garden Trading Co Patna,Patna,Wholesale,2025-05-20
2726,Jai Hind Banquets,Agra,Hospitality,2020-03-28
2727,Coconut Grove Stores Coimbatore,Coimbatore,Retail,2024-02-07
2728,Jai Hind Supermarket Raipur,Raipur,Retail,2021-02-24
2729,National Kitchenware Lucknow,Lucknow,Retail,2020-02-01
2730,Prime Cafe Mangaluru,Mangaluru,Hospitality,2021-07-10
2731,Hill View Tiffin Services Mysuru,Mysuru,Hospitality,2025-06-28
2732,Crystal Foods Raipur,Raipur,Hospitality,2023-12-01
2733,Palm Provisions Aurangabad,Aurangabad,Retail,2024-02-27
2734,Spice Garden Emporium Mangaluru,Mangaluru,Retail,2025-06-21
2735,Lake View Packaging Kanpur,Kanpur,Wholesale,2024-07-18
2736,Silk Route Emporium Kolkata,Kolkata,Retail,2022-05-04
2737,Urban Wholesale,Pune,Wholesale,2025-06-24
2738,Green Kitchens,Lucknow,Hospitality,2024-08-09
2739,Silver Suppliers,Indore,Wholesale,2025-07-15
2740,Green Enterprises Lucknow,Lucknow,Wholesale,2023-12-14
2741,Royal Kitchens Pune,Pune,Hospitality,2021-08-25
2742,Maple Logistics,Lucknow,Wholesale,2021-12-04
2743,Orchid Traders Surat,Surat,Retail,2025-09-11
2744,Pearl Supermarket Coimbatore,Coimbatore,Retail,2020-11-19
2745,Pearl Supermarket Raipur,Raipur,Retail,2025-07-21
2746,Tulsi Stores Gurugram,Gurugram,Retail,2021-05-03
2747,Spice Garden Banquets,Ahmedabad,Hospitality,2021-10-29
2748,Classic Caterers Pune,Pune,Hospitality,2021-03-30
2749,Om Kitchenware,Mumbai,Retail,2025-03-19
2750,Balaji Silver Banquets,Raipur,Hospitality,2023-10-26
2751,Maple Home Needs Chandigarh,Chandigarh,Retail,2021-11-25
2752,Maple Logistics Indore,Indore,Wholesale,2024-05-11
2753,Pearl General Store Coimbatore,Coimbatore,Retail,2021-02-07
2754,City Exports Nagpur,Nagpur,Wholesale,2023-09-27
2755,Lake View Galaxy Traders,Bengaluru,Retail,2023-02-19
2756,Galaxy Provisions Pune,Pune,Retail,2022-08-19
2757,Heritage General Store Surat,Surat,Retail,2025-08-28
2758,Sunrise Hotels,Pune,Hospitality,2020-09-10
2759,Modern Supermarket Coimbatore,Coimbatore,Retail,2021-02-16
2760,Hill View General Store Bengaluru,Bengaluru,Retail,2024-04-15
2761,Supreme Bazaar Jaipur,Jaipur,Retail,2023-04-12
2762,Silver Supermarket Udaipur,Udaipur,Retail,2023-06-13
2763,Balaji Logistics Thiruvananthapuram,Thiruvananthapuram,Wholesale,2020-10-12
2764,Balaji Home Needs Rajkot,Rajkot,Retail,2024-02-08
2765,Silver Kitchenware Pune,Pune,Retail,2022-09-24
2766,Mahalaxmi Home Needs Delhi,Delhi,Retail,2024-08-09
2767,New Restaurant Thane,Thane,Hospitality,2020-07-24
2768,Om Banquets Coimbatore,Coimbatore,Hospitality,2024-02-27
2769,Silk Route Traders Udaipur,Udaipur,Retail,2025-06-11
2770,Metro Enterprises,Agra,Wholesale,2024-04-19
2771,Balaji Tiffin Services,Udaipur,Hospitality,2025-07-13
2772,Crystal Restaurant,Mumbai,Hospitality,2024-10-31
2773,Evergreen Jai Hind Provisions,Chandigarh,Retail,2024-03-17
2774,Ganesh Restaurant Chennai,Chennai,Hospitality,2023-06-18
2775,Krishna Supermarket,Ranchi,Retail,2024-05-08
2776,Silver Kitchens Chennai,Chennai,Hospitality,2024-04-29
2777,Orchid General Store Delhi,Delhi,Retail,2022-06-10
2778,Balaji Hotels Ranchi,Ranchi,Hospitality,2020-07-06
2779,Om Logistics Gurugram,Gurugram,Wholesale,2022-03-01
2780,Spice Garden Emporium Mumbai,Mumbai,Retail,2024-12-11
2781,Lotus Provisions Noida,Noida,Retail,2024-01-12
2782,Heritage Logistics,Pune,Wholesale,2023-02-19
2783,Coastal Kitchenware Mysuru,Mysuru,Retail,2025-08-17
2784,Orchid Wholesale,Delhi,Wholesale,2025-04-10
2785,City Depot Indore,Indore,Wholesale,2024-10-14
2786,Sunrise Home Needs Rajkot,Rajkot,Retail,2021-11-27
2787,New Exports,Surat,Wholesale,2023-07-29
2788,Rainbow Inn Delhi,Delhi,Hospitality,2021-05-12
2789,Tulsi Mart Thane,Thane,Retail,2024-12-08
2790,Harbour Banquets Mumbai,Mumbai,Hospitality,2025-08-05
2791,Tulsi Tiffin Services Delhi,Delhi,Hospitality,2021-02-07
2792,Pearl Provisions Ahmedabad,Ahmedabad,Retail,2024-03-16
2793,Green Restaurant Nagpur,Nagpur,Hospitality,2023-06-23
2794,Prime Mart Thane,Thane,Retail,2020-03-24
2795,Heritage Traders Thane,Thane,Retail,2023-08-29
2796,Modern Hotels,Raipur,Hospitality,2023-05-02
2797,Spice Garden Wholesale,Raipur,Wholesale,2022-08-12
2798,Heritage Enterprises Kolkata,Kolkata,Wholesale,2020-12-10
2799,Royal Resorts Kolkata,Kolkata,Hospitality,2021-12-26
2800,Crystal Home Needs Ranchi,Ranchi,Retail,2022-11-25
2801,Rainbow General Store Kolkata,Kolkata,Retail,2021-10-19
2802,Green Provisions Noida,Noida,Retail,2023-04-23
2803,Jai Hind Packaging,Coimbatore,Wholesale,2023-06-22
2804,Sai General Store Coimbatore,Coimbatore,Retail,2020-08-01
2805,Hill View Provisions Bengaluru,Bengaluru,Retail,2020-03-18
2806,Shree Banquets Ahmedabad,Ahmedabad,Hospitality,2025-02-01
2807,Hill View Stores Noida,Noida,Retail,2021-06-14
2808,Prime Provisions Nagpur,Nagpur,Retail,2021-08-06
2809,Coastal Stores Bhubaneswar,Bhubaneswar,Retail,2022-07-19
2810,Om General Store Agra,Agra,Retail,2023-09-24
2811,Bharat Bazaar Thiruvananthapuram,Thiruvananthapuram,Retail,2021-07-24
2812,Balaji Bazaar Visakhapatnam,Visakhapatnam,Retail,2025-10-11
2813,Rainbow General Store Mumbai,Mumbai,Retail,2023-07-24
2814,Orchid Hotels Dehradun,Dehradun,Hospitality,2020-03-04
2815,Prime Home Needs,Surat,Retail,2022-07-14
2816,New Inn Delhi,Delhi,Hospitality,2020-10-08
2817,Pearl Wholesale,Chandigarh,Wholesale,2021-12-27
2818,Tulsi Enterprises,Coimbatore,Wholesale,2020-10-22
2819,Nandi Agencies Guwahati,Guwahati,Wholesale,2020-10-29
2820,Evergreen Provisions Delhi,Delhi,Retail,2025-04-06
2821,Heritage Stores Kanpur,Kanpur,Retail,2023-03-16
2822,Hill View Tiffin Services Surat,Surat,Hospitality,2020-12-20
2823,National Banquets Mumbai,Mumbai,Hospitality,2024-11-05
2824,Royal Resorts Delhi,Delhi,Hospitality,2022-05-27
2825,Shree Metro Provisions,Pune,Retail,2022-10-07
2826,City Mart Indore,Indore,Retail,2023-02-05
2827,Spice Garden Provisions Udaipur,Udaipur,Retail,2023-12-03
2828,Mahalaxmi Foods Vadodara,Vadodara,Hospitality,2021-05-20
2829,Pearl Mart Chennai,Chennai,Retail,2023-08-31
2830,Saffron Kitchenware Gurugram,Gurugram,Retail,2021-01-29
2831,Lotus Bazaar Delhi,Delhi,Retail,2024-01-26
2832,Star Supermarket Gurugram,Gurugram,Retail,2025-08-07
2833,Hill View Supermarket Visakhapatnam,Visakhapatnam,Retail,2021-05-04
2834,Vijay Supermarket Bhubaneswar,Bhubaneswar,Retail,2025-08-14
2835,Hill View Suppliers Nagpur,Nagpur,Wholesale,2021-06-02
2836,Blue Enterprises Jaipur,Jaipur,Wholesale,2025-11-29
2837,Heritage Emporium Kochi,Kochi,Retail,2021-08-16
2838,Silver Supermarket Mumbai,Mumbai,Retail,2023-10-13
2839,Supreme Provisions Goa,Goa,Retail,2022-11-08
2840,National Restaurant Chandigarh,Chandigarh,Hospitality,2022-11-04
2841,Classic Supermarket Indore,Indore,Retail,2021-11-05
2842,National Emporium Madurai,Madurai,Retail,2023-12-04
2843,Vijay Supermarket Mangaluru,Mangaluru,Retail,2022-11-04
2844,Silver Traders Chennai,Chennai,Retail,2024-07-18
2845,Om Cafe Kolkata,Kolkata,Hospitality,2020-10-21
2846,Shree Kitchenware Guwahati,Guwahati,Retail,2024-04-23
2847,Nandi Emporium Rajkot,Rajkot,Retail,2025-10-15
2848,Sai Supermarket Surat,Surat,Retail,2021-01-18
2849,Modern Mart Chennai,Chennai,Retail,2023-11-13
2850,Coastal Emporium Madurai,Madurai,Retail,2023-07-15
2851,Jai Hind Stores Coimbatore,Coimbatore,Retail,2021-02-01
2852,Sai Stores Chandigarh,Chandigarh,Retail,2021-08-31
2853,Rainbow Cafe,Surat,Hospitality,2020-11-11
2854,Harbour General Store Bengaluru,Bengaluru,Retail,2024-09-10
2855,Pearl Provisions Dehradun,Dehradun,Retail,2020-07-24
2856,Coconut Grove Bazaar Rajkot,Rajkot,Retail,2024-01-11
2857,Palm Mart Udaipur,Udaipur,Retail,2020-03-19
2858,United Wholesale Lucknow,,Wholesale,2024-01-12
2859,Nandi Tiffin Services,Delhi,Hospitality,2024-04-05
2860,Coconut Grove Hotels,Pune,Hospitality,2020-10-17
2861,Green Enterprises Noida,Noida,Wholesale,2021-02-25
2862,Jai Hind Kitchens Aurangabad,Aurangabad,Hospitality,2024-12-22
2863,Urban Emporium Patna,Patna,Retail,2023-07-20
2864,Crystal Provisions Mumbai,Mumbai,Retail,2021-06-27
2865,River Side Exports Ahmedabad,Ahmedabad,Wholesale,2025-07-25
2866,Supreme Traders Hyderabad,Hyderabad,Retail,2020-09-14
2867,Bharat General Store Kolkata,Kolkata,Retail,2024-07-12
2868,Nandi Emporium Kolkata,Kolkata,Retail,2025-06-03
2869,Sapphire Traders Noida,Noida,Retail,2021-08-28
2870,Green Tiffin Services Kolkata,Kolkata,Hospitality,2024-11-07
2871,Lotus Restaurant Agra,Agra,Hospitality,2024-11-07
2872,Supreme Mart Surat,Surat,Retail,2024-02-07
2873,Ganesh Kitchens Patna,Patna,Hospitality,2023-04-04
2874,Coconut Grove Provisions Mumbai,Mumbai,Retail,2021-03-09
2875,River Side Kitchenware Noida,Noida,Retail,2024-12-14
2876,Nandi Mart Bengaluru,Bengaluru,Retail,2024-07-28
2877,Pearl Home Needs Visakhapatnam,,Retail,2023-02-02
2878,Sapphire Inn Hyderabad,Hyderabad,Hospitality,2023-04-30
2879,Hill View Kitchenware,,Retail,2025-01-25
2880,Silk Route Orchid Traders,Chennai,Retail,2022-05-23
2881,Green Emporium,Mumbai,Retail,2020-04-26
2882,Crystal Hotels Lucknow,Lucknow,Hospitality,2024-11-30
2883,Supreme Agencies,Thane,Wholesale,2020-03-24
2884,Bharat Kitchenware Hyderabad,Hyderabad,Retail,2025-06-20
2885,Laxmi General Store Bengaluru,Bengaluru,Retail,2025-01-30
2886,Rainbow Exports Agra,Agra,Wholesale,2023-07-10
2887,Harbour Mart Ranchi,Ranchi,Retail,2021-09-04
2888,Evergreen Shree Caterers,Dehradun,Hospitality,2025-05-28
2889,Coastal Cafe Pune,Pune,Hospitality,2023-10-27
2890,Rainbow Bazaar Thane,Thane,Retail,2024-09-22
2891,Mahalaxmi Kitchens Bengaluru,Bengaluru,Hospitality,2023-02-09
2892,Lotus Traders Hyderabad,Hyderabad,Retail,2022-09-07
2893,Palm Kitchens Delhi,Delhi,Hospitality,2021-11-28
2894,National General Store Thane,Thane,Retail,2022-03-15
2895,National Stores Delhi,Delhi,Retail,2025-09-23
2896,Laxmi Supermarket Kolkata,Kolkata,Retail,2023-04-02
2897,Harbour Cafe Delhi,Delhi,Hospitality,2023-10-26
2898,Hill View Caterers Ranchi,Ranchi,Hospitality,2023-01-12
2899,Hill View Banquets,Udaipur,Hospitality,2024-01-05
2900,Palm Supermarket Ludhiana,Ludhiana,Retail,2021-06-05
2901,Modern General Store Udaipur,Udaipur,Retail,2023-09-04
2902,Laxmi Stores Mumbai,Mumbai,Retail,2025-08-15
2903,Om Kitchenware Goa,Goa,Retail,2024-04-22
2904,Nandi Emporium Patna,Patna,Retail,2024-06-14
2905,Galaxy Traders Thane,Thane,Retail,2022-08-27
2906,Sai Provisions Mangaluru,Mangaluru,Retail,2022-01-08
2907,Jai Hind Kitchenware Ahmedabad,Ahmedabad,Retail,2021-03-15
2908,Maple Stores Bhubaneswar,Bhubaneswar,Retail,2022-10-29
2909,Star Home Needs Chandigarh,Chandigarh,Retail,2025-05-15
2910,Balaji Foods,Kolkata,Hospitality,2024-06-23
2911,Supreme Emporium Mysuru,Mysuru,Retail,2020-12-31
2912,Blue Distributors,Mumbai,Wholesale,2023-09-23
2913,Harbour Caterers Gurugram,Gurugram,Hospitality,2022-06-24
2914,Star Home Needs Bengaluru,Bengaluru,Retail,2023-10-25
2915,United General Store Hyderabad,Hyderabad,Retail,2024-11-17
2916,Golden General Store Raipur,Raipur,Retail,2020-05-25
2917,Star Bazaar Bengaluru,Bengaluru,Retail,2020-11-28
2918,Orchid Mart Madurai,Madurai,Retail,2025-01-20
2919,Orchid Supermarket Delhi,Delhi,Retail,2021-01-31
2920,Green Depot,Raipur,Wholesale,2023-01-16
2921,Balaji General Store Nagpur,Nagpur,Retail,2023-07-19
2922,Vijay Banquets,Bengaluru,Hospitality,2023-01-27
2923,New Restaurant Surat,Surat,Hospitality,2023-10-06
2924,City Stores Kanpur,Kanpur,Retail,2024-04-09
2925,Nandi Emporium Pune,Pune,Retail,2025-07-24
2926,Hill View Depot Chennai,Chennai,Wholesale,2022-08-31
2927,Lotus Kitchens Indore,Indore,Hospitality,2021-01-21
2928,Metro Provisions Hyderabad,Hyderabad,Retail,2022-11-22
2929,New Traders Chennai,Chennai,Retail,2020-08-05
2930,Silk Route Stores Aurangabad,Aurangabad,Retail,2023-08-05
2931,Bharat Restaurant Thane,Thane,Hospitality,2022-01-11
2932,Laxmi General Store Kolkata,Kolkata,Retail,2022-03-04
2933,Hill View Tiffin Services Madurai,Madurai,Hospitality,2021-09-23
2934,New Supermarket Bengaluru,Bengaluru,Retail,2024-11-24
2935,New Emporium Mysuru,Mysuru,Retail,2021-10-28
2936,Tulsi Stores Hyderabad,Hyderabad,Retail,2020-06-05
2937,National Supermarket Kolkata,Kolkata,Retail,2024-05-08
2938,Ganesh Home Needs Hyderabad,Hyderabad,Retail,2024-11-16
2939,Pearl Traders,Chennai,Retail,2022-03-15
2940,Shree Kitchenware Delhi,Delhi,Retail,2024-07-25
2941,Om Inn,Bengaluru,Hospitality,2022-10-08
2942,Golden Tiffin Services Rajkot,Rajkot,Hospitality,2022-03-08
2943,Silver General Store Hyderabad,Hyderabad,Retail,2024-08-16
2944,National Tiffin Services Thane,Thane,Hospitality,2021-12-27
2945,Prime Kitchens Vadodara,Vadodara,Hospitality,2023-02-07
2946,Spice Garden Harbour Traders,Mumbai,Retail,2022-01-20
2947,Balaji Metro Stores,Delhi,Retail,2023-01-03
2948,Krishna Emporium Udaipur,Udaipur,Retail,2025-08-02
2949,Royal Tiffin Services Jaipur,Jaipur,Hospitality,2020-04-08
2950,Evergreen Suppliers Pune,Pune,Wholesale,2020-11-04
2951,Harbour Supermarket Mumbai,Mumbai,Retail,2024-04-25
2952,Royal Provisions Mysuru,Mysuru,Retail,2024-04-26
2953,Orchid Evergreen Supermarket,Mumbai,Retail,2025-10-19
2954,Palm Kitchens Chandigarh,,Hospitality,2024-01-02
2955,Blue Home Needs Rajkot,Rajkot,Retail,2021-01-30
2956,Ganesh Restaurant Kolkata,Kolkata,Hospitality,2022-01-21
2957,Bharat Mahalaxmi Provisions,Mumbai,Retail,2022-09-01
2958,Green Mart Pune,Pune,Retail,2022-03-20
2959,Laxmi Mart Delhi,Delhi,Retail,2023-06-22
2960,Sunrise Suppliers Vadodara,,Wholesale,2023-11-04
2961,Laxmi Mart Noida,Noida,Retail,2024-01-15
2962,Golden Wholesale Surat,Surat,Wholesale,2023-02-10
2963,Palm Bazaar Kolkata,Kolkata,Retail,2022-10-02
2964,Evergreen Provisions Hyderabad,Hyderabad,Retail,2022-05-20
2965,Om Tulsi Restaurant,Bengaluru,Hospitality,2021-07-27
2966,Silk Route Supermarket Kolkata,Kolkata,Retail,2023-09-07
2967,City General Store Chandigarh,Chandigarh,Retail,2020-03-16
2968,Mahalaxmi Kitchens Guwahati,Guwahati,Hospitality,2022-02-12
2969,Lotus Vijay Supermarket,Mumbai,Retail,2023-06-16
2970,Spice Garden Restaurant,Coimbatore,Hospitality,2020-10-06
2971,Heritage Foods Delhi,Delhi,Hospitality,2022-12-01
2972,Palm Home Needs Mumbai,Mumbai,Retail,2020-09-30
2973,Tulsi Provisions Patna,Patna,Retail,2024-07-01
2974,Star Hotels Guwahati,Guwahati,Hospitality,2024-11-15
2975,Modern Bazaar Bengaluru,Bengaluru,Retail,2024-03-19
2976,Golden Trading Co Lucknow,Lucknow,Wholesale,2020-06-14
2977,Royal Traders,Pune,Retail,2023-04-07
2978,Shree Tiffin Services Lucknow,Lucknow,Hospitality,2022-10-20
2979,Hill View Royal Stores,Pune,Retail,2021-09-23
2980,Orchid Caterers Coimbatore,Coimbatore,Hospitality,2023-07-24
2981,Crystal Emporium Mumbai,Mumbai,Retail,2020-12-03
2982,Silver Banquets Aurangabad,Aurangabad,Hospitality,2023-11-28
2983,National Exports Ahmedabad,Ahmedabad,Wholesale,2022-10-21
2984,Rainbow Mart Mumbai,Mumbai,Retail,2022-09-16
2985,Laxmi Spice Garden Bazaar,Chennai,Retail,2022-11-16
2986,Bharat Inn Rajkot,Rajkot,Hospitality,2025-10-11
2987,River Side Provisions Patna,Patna,Retail,2021-07-20
2988,Laxmi Mart Ahmedabad,Ahmedabad,Retail,2025-01-31
2989,National Logistics Goa,Goa,Wholesale,2020-11-02
2990,Galaxy Provisions Hyderabad,Hyderabad,Retail,2020-12-02
2991,Balaji Bazaar Delhi,Delhi,Retail,2025-09-14
2992,Saffron Mart Raipur,Raipur,Retail,2025-05-14
2993,Spice Garden General Store Ludhiana,Ludhiana,Retail,2025-02-19
2994,United Emporium Hyderabad,Hyderabad,Retail,2020-07-25
2995,Mahalaxmi Cafe Mumbai,Mumbai,Hospitality,2025-06-14
2996,Sunrise Provisions Jaipur,Jaipur,Retail,2025-10-14
2997,Star Stores Bengaluru,Bengaluru,Retail,2022-06-02
2998,Crystal Suppliers,Noida,Wholesale,2024-07-21
2999,Vijay General Store Ahmedabad,Ahmedabad,Retail,2022-02-28
3000,Saffron Bazaar Delhi,Delhi,Retail,2025-07-25
3001,Maple Mart Aurangabad,Aurangabad,Retail,2020-11-18
3002,Green Suppliers,Ludhiana,Wholesale,2025-04-02
3003,Tulsi Traders Kochi,Kochi,Retail,2024-05-04
3004,Nandi Kitchenware Bengaluru,Bengaluru,Retail,2023-09-01
3005,Bharat Emporium,Bengaluru,Retail,2024-01-22
3006,Nandi Caterers,Kolkata,Hospitality,2020-03-14
3007,Krishna Provisions Delhi,Delhi,Retail,2025-04-25
3008,Metro Restaurant,Bengaluru,Hospitality,2025-07-13
3009,Om Tiffin Services,Surat,Hospitality,2020-01-11
3010,Galaxy Inn Chennai,Chennai,Hospitality,2021-08-29
3011,Tulsi Kitchenware,Lucknow,Retail,2024-01-10
3012,Coastal Inn Mumbai,Mumbai,Hospitality,2020-03-01
3013,Jai Hind Provisions Pune,Pune,Retail,2023-09-02
3014,Sapphire Home Needs Noida,Noida,Retail,2024-08-07
3015,Prime Packaging Indore,Indore,Wholesale,2023-07-08
3016,Mahalaxmi Cafe Kochi,Kochi,Hospitality,2024-01-22
3017,Heritage Traders Surat,Surat,Retail,2025-08-23
3018,Evergreen Wholesale Vadodara,Vadodara,Wholesale,2025-11-14
3019,Shree Banquets Lucknow,Lucknow,Hospitality,2023-09-09
3020,Spice Garden Distributors,Visakhapatnam,Wholesale,2023-06-22
3021,Spice Garden Bazaar Bengaluru,Bengaluru,Retail,2024-12-21
3022,Palm Galaxy General Store,Delhi,Retail,2022-09-24
3023,Lake View Trading Co Pune,Pune,Wholesale,2022-06-25
3024,Prime Kitchenware Pune,Pune,Retail,2022-10-01
3025,Golden Emporium Ranchi,Ranchi,Retail,2024-09-01
3026,Coconut Grove Packaging Noida,Noida,Wholesale,2024-03-29
3027,Palm Kitchenware Mumbai,Mumbai,Retail,2023-03-25
3028,Prime Cafe Kolkata,Kolkata,Hospitality,2020-07-14
3029,National Banquets Chennai,Chennai,Hospitality,2020-04-19
3030,Classic Bazaar Delhi,Delhi,Retail,2022-09-25
3031,Mahalaxmi Emporium Dehradun,Dehradun,Retail,2022-05-18
3032,Sai General Store Nagpur,Nagpur,Retail,2025-11-01
3033,Hill View Exports Hyderabad,Hyderabad,Wholesale,2023-10-11
3034,Urban Exports Kochi,Kochi,Wholesale,2024-02-25
3035,Green Enterprises Ahmedabad,Ahmedabad,Wholesale,2020-07-15
3036,Laxmi Home Needs Pune,Pune,Retail,2022-09-11
3037,Royal Home Needs Mysuru,Mysuru,Retail,2023-05-19
3038,Mahalaxmi Stores Gurugram,Gurugram,Retail,2024-12-11
3039,Royal Hotels Thiruvananthapuram,Thiruvananthapuram,Hospitality,2021-11-14
3040,Silk Route Supermarket Delhi,Delhi,Retail,2022-04-22
3041,Supreme Sai Banquets,Kolkata,Hospitality,2021-08-19
3042,Tulsi Inn,Gurugram,Hospitality,2020-10-27
3043,Green Mart Thiruvananthapuram,Thiruvananthapuram,Retail,2020-04-29
3044,Prime Bazaar Kolkata,Kolkata,Retail,2020-01-19
3045,Metro Agencies Mumbai,Mumbai,Wholesale,2022-03-24
3046,Pearl Traders Delhi,Delhi,Retail,2022-08-09
3047,City Emporium Kolkata,Kolkata,Retail,2020-06-05
3048,Galaxy Caterers Kolkata,Kolkata,Hospitality,2025-01-07
3049,Shree Supermarket Hyderabad,Hyderabad,Retail,2021-07-15
3050,Palm Traders Indore,Indore,Retail,2021-11-06
3051,Harbour Exports Nagpur,Nagpur,Wholesale,2024-04-21
3052,Supreme Resorts Ludhiana,Ludhiana,Hospitality,2021-04-02
3053,Silk Route Caterers Thiruvananthapuram,Thiruvananthapuram,Hospitality,2025-09-26
3054,Vijay Inn Guwahati,Guwahati,Hospitality,2023-03-18
3055,Sapphire Kitchens Bengaluru,Bengaluru,Hospitality,2025-06-09
3056,Shree Enterprises Kolkata,Kolkata,Wholesale,2024-02-02
3057,Pearl Banquets,Pune,Hospitality,2025-05-12
3058,Bharat Stores Kochi,Kochi,Retail,2025-01-21
3059,Orchid Resorts Chennai,Chennai,Hospitality,2024-03-30
3060,River Side Emporium Ranchi,Ranchi,Retail,2023-06-25
3061,Jai Hind Banquets Kolkata,Kolkata,Hospitality,2020-10-30
3062,Tulsi General Store Nashik,Nashik,Retail,2020-07-08
3063,Laxmi Depot,Bengaluru,Wholesale,2024-06-26
3064,National Provisions Rajkot,Rajkot,Retail,2025-03-21
3065,Galaxy Inn Bengaluru,Bengaluru,Hospitality,2020-10-20
3066,Sai Kitchenware Udaipur,Udaipur,Retail,2024-04-05
3067,Classic General Store Chennai,Chennai,Retail,2020-08-22
3068,Sai Emporium Thane,Thane,Retail,2023-04-22
3069,Maple Emporium Indore,Indore,Retail,2021-11-02
3070,Tulsi Home Needs Gurugram,Gurugram,Retail,2023-09-18
3071,Coastal Emporium Mumbai,Mumbai,Retail,2024-05-18
3072,Heritage Cafe,Chandigarh,Hospitality,2023-09-23
3073,Coastal Resorts Ahmedabad,Ahmedabad,Hospitality,2021-05-05
3074,Nandi Bazaar Jaipur,Jaipur,Retail,2023-04-25
3075,Classic Stores Delhi,Delhi,Retail,2020-02-06
3076,Maple Bazaar Bengaluru,Bengaluru,Retail,2023-04-17
3077,Maple Wholesale Pune,Pune,Wholesale,2023-11-20
3078,Blue Tiffin Services,Chennai,Hospitality,2020-05-30
3079,Om Mart Bengaluru,Bengaluru,Retail,2024-07-22
3080,Palm Supermarket Kolkata,Kolkata,Retail,2022-09-18
3081,Golden Supermarket Mumbai,Mumbai,Retail,2020-11-05
3082,Modern Home Needs Chandigarh,Chandigarh,Retail,2023-09-05
3083,Shree Home Needs Pune,Pune,Retail,2020-11-07
3084,Sunrise General Store Vadodara,Vadodara,Retail,2023-02-15
3085,Pearl Traders Ahmedabad,Ahmedabad,Retail,2020-08-07
3086,Shree Tiffin Services Visakhapatnam,Visakhapatnam,Hospitality,2025-06-09
3087,Silk Route General Store Mysuru,Mysuru,Retail,2023-02-05
3088,Crystal Bazaar Bengaluru,Bengaluru,Retail,2020-01-25
3089,Orchid Caterers Kolkata,Kolkata,Hospitality,2023-11-12
3090,Star Emporium Lucknow,Lucknow,Retail,2023-12-19
3091,Hill View Emporium Nagpur,Nagpur,Retail,2021-12-09
3092,Laxmi Emporium Ahmedabad,Ahmedabad,Retail,2024-09-06
3093,Modern Stores Mangaluru,Mangaluru,Retail,2021-11-05
3094,Jai Hind Supermarket Gurugram,Gurugram,Retail,2020-05-26
3095,Crystal Kitchens,Kanpur,Hospitality,2021-10-11
3096,Silk Route Caterers Visakhapatnam,Visakhapatnam,Hospitality,2024-12-11
3097,Mahalaxmi Provisions Patna,Patna,Retail,2024-12-11
3098,Ganesh Supermarket Chandigarh,Chandigarh,Retail,2023-06-22
3099,Mahalaxmi Bazaar Madurai,Madurai,Retail,2022-03-17
3100,Om Depot Delhi,Delhi,Wholesale,2021-02-13
3101,Hill View Royal Provisions,Aurangabad,Retail,2025-11-04
3102,Bharat Depot,Ranchi,Wholesale,2025-06-21
3103,Krishna Kitchenware Ahmedabad,Ahmedabad,Retail,2020-08-08
3104,Harbour Restaurant Madurai,Madurai,Hospitality,2024-12-17
3105,Blue Hotels Surat,Surat,Hospitality,2022-11-26
3106,Krishna Emporium Madurai,Madurai,Retail,2021-02-04
3107,Palm Stores Nashik,Nashik,Retail,2020-06-15
3108,Crystal Exports,Pune,Wholesale,2022-04-02
3109,Sunrise Supermarket Ahmedabad,Ahmedabad,Retail,2024-03-11
3110,National Emporium Delhi,Delhi,Retail,2020-08-31
3111,Star Bazaar Guwahati,Guwahati,Retail,2022-08-29
3112,Golden Home Needs Nashik,Nashik,Retail,2020-04-03
3113,Ganesh Provisions Chennai,Chennai,Retail,2022-04-05
3114,Palm Wholesale Nashik,Nashik,Wholesale,2023-11-21
3115,Saffron Depot,Pune,Wholesale,2022-02-14
3116,Royal Bazaar Mumbai,Mumbai,Retail,2024-04-30
3117,Star Wholesale Mumbai,Mumbai,Wholesale,2021-02-04
3118,Rainbow Depot,Gurugram,Wholesale,2023-05-01
3119,Urban General Store Thiruvananthapuram,Thiruvananthapuram,Retail,2020-07-10
3120,Mahalaxmi Resorts,Agra,Hospitality,2025-08-19
3121,Orchid Traders Thiruvananthapuram,Thiruvananthapuram,Retail,2021-06-22
3122,Spice Garden Supermarket Pune,Pune,Retail,2022-10-16
3123,Orchid Stores Thiruvananthapuram,Thiruvananthapuram,Retail,2020-04-21
3124,City Distributors,Chennai,Wholesale,2021-10-27
3125,Krishna Emporium Lucknow,Lucknow,Retail,2021-06-17
3126,Supreme General Store Chennai,Chennai,Retail,2021-10-23
3127,Urban Stores,Kolkata,Retail,2022-06-01
3128,Galaxy Traders Nagpur,Nagpur,Retail,2020-09-24
3129,Hill View Kitchens Indore,Indore,Hospitality,2022-03-18
3130,Sapphire Mart Chandigarh,Chandigarh,Retail,2025-05-26
3131,Coconut Grove Caterers,Gurugram,Hospitality,2023-04-12
3132,Vijay Cafe Delhi,Delhi,Hospitality,2020-10-29
3133,Harbour Mart Dehradun,Dehradun,Retail,2021-11-03
3134,Golden Stores Agra,Agra,Retail,2021-05-25
3135,Tulsi Harbour Kitchenware,Mangaluru,Retail,2025-08-27
3136,Spice Garden Jai Hind Kitchenware,Mumbai,Retail,2023-12-05
3137,Sapphire Bazaar Goa,Goa,Retail,2020-06-23
3138,New Home Needs Kolkata,Kolkata,Retail,2025-07-28
3139,Harbour Traders Coimbatore,Coimbatore,Retail,2020-06-07
3140,Sai Provisions Gurugram,Gurugram,Retail,2023-01-22
3141,River Side Hotels Mumbai,Mumbai,Hospitality,2023-09-17
3142,Saffron Tiffin Services,Kochi,Hospitality,2021-11-09
3143,Sapphire Emporium Udaipur,Udaipur,Retail,2023-08-15
3144,Palm Emporium Madurai,,Retail,2022-01-02
3145,Bharat Kitchenware Rajkot,Rajkot,Retail,2025-07-22
3146,Hill View Tiffin Services Delhi,Delhi,Hospitality,2020-06-26
3147,Balaji Caterers Chennai,Chennai,Hospitality,2023-02-25
3148,River Side Distributors Mumbai,Mumbai,Wholesale,2021-04-19
3149,Silver Enterprises Guwahati,Guwahati,Wholesale,2023-05-19
3150,Om Mart Guwahati,Guwahati,Retail,2023-12-09
3151,Golden Resorts,,Hospitality,2024-08-31
3152,Golden Provisions Mumbai,Mumbai,Retail,2023-11-06
3153,River Side Banquets Madurai,Madurai,Hospitality,2021-11-16
3154,Spice Garden Cafe,Indore,Hospitality,2022-01-22
3155,Supreme Supermarket Mumbai,Mumbai,Retail,2020-10-05
3156,Nandi Mart Madurai,Madurai,Retail,2020-09-11
3157,Vijay Caterers Bhubaneswar,Bhubaneswar,Hospitality,2022-04-14
3158,Star Distributors,Chandigarh,Wholesale,2021-10-25
3159,Golden Banquets Pune,Pune,Hospitality,2022-05-24
3160,Sapphire Evergreen Provisions,Kolkata,Retail,2022-12-23
3161,Orchid Suppliers Lucknow,Lucknow,Wholesale,2025-04-03
3162,Royal Agencies,Dehradun,Wholesale,2024-01-09
3163,Bharat Silk Route Mart,Ahmedabad,Retail,2021-04-06
3164,Krishna Kitchenware Mumbai,Mumbai,Retail,2020-10-05
3165,Metro Restaurant Hyderabad,Hyderabad,Hospitality,2025-11-26
3166,Sai Bazaar Ahmedabad,Ahmedabad,Retail,2022-06-04
3167,Jai Hind General Store Delhi,Delhi,Retail,2021-11-05
3168,Crystal Agencies Mysuru,Mysuru,Wholesale,2024-02-19
3169,United Depot,Delhi,Wholesale,2025-11-17
3170,Ganesh Emporium Agra,Agra,Retail,2023-03-20
3171,Harbour Resorts Pune,Pune,Hospitality,2023-08-03
3172,Nandi Stores Aurangabad,Aurangabad,Retail,2025-02-23
3173,Mahalaxmi Depot Mumbai,Mumbai,Wholesale,2024-07-31
3174,Galaxy Kitchens Thiruvananthapuram,Thiruvananthapuram,Hospitality,2022-06-17
3175,Supreme Caterers Guwahati,Guwahati,Hospitality,2021-03-27
3176,Jai Hind Kitchenware Bengaluru,Bengaluru,Retail,2025-04-04
3177,Coastal Emporium Lucknow,Lucknow,Retail,2021-03-29
3178,New Emporium Aurangabad,Aurangabad,Retail,2023-11-07
3179,Modern Supermarket Mumbai,Mumbai,Retail,2024-03-07
3180,Nandi Supermarket Ranchi,Ranchi,Retail,2024-02-05
3181,Coastal Balaji Tiffin Services,Madurai,Hospitality,2025-05-11
3182,Spice Garden Sai Caterers,Delhi,Hospitality,2024-01-09
3183,Harbour Kitchens Thane,Thane,Hospitality,2020-03-18
3184,Sapphire Enterprises Coimbatore,Coimbatore,Wholesale,2024-07-08
3185,Modern Kitchens Bengaluru,Bengaluru,Hospitality,2022-04-11
3186,Om Distributors Mumbai,Mumbai,Wholesale,2020-08-31
3187,Bharat Provisions Aurangabad,Aurangabad,Retail,2024-04-24
3188,Ganesh Bazaar Indore,Indore,Retail,2020-02-29
3189,Spice Garden Bazaar Ranchi,Ranchi,Retail,2025-05-25
3190,Lotus Cafe Chennai,,Hospitality,2023-10-28
3191,Vijay Emporium Patna,Patna,Retail,2023-04-11
3192,United Home Needs Chandigarh,Chandigarh,Retail,2025-03-05
3193,United Kitchenware Surat,Surat,Retail,2020-11-18
3194,Evergreen Mart Mumbai,Mumbai,Retail,2020-08-29
3195,Orchid Distributors,Pune,Wholesale,2024-08-16
3196,Golden Caterers Rajkot,Rajkot,Hospitality,2022-02-22
3197,Green Traders,Jaipur,Retail,2020-02-15
3198,Metro Kitchenware Nagpur,Nagpur,Retail,2021-04-11
3199,Star General Store Delhi,Delhi,Retail,2023-04-27
3200,Golden Cafe Delhi,Delhi,Hospitality,2022-08-14
3201,City Hotels,Vadodara,Hospitality,2020-06-27
3202,Maple General Store Patna,Patna,Retail,2020-07-12
3203,Prime Resorts,Nashik,Hospitality,2020-12-19
3204,National Home Needs Pune,,Retail,2022-02-06
3205,Lotus Traders Visakhapatnam,Visakhapatnam,Retail,2022-08-17
3206,Prime Stores Dehradun,Dehradun,Retail,2021-10-27
3207,Metro Bazaar Goa,Goa,Retail,2021-05-31
3208,New Stores Guwahati,Guwahati,Retail,2023-07-14
3209,Urban Mart Raipur,Raipur,Retail,2025-08-25
3210,Jai Hind Resorts Nagpur,Nagpur,Hospitality,2020-08-25
3211,Shree Golden Cafe,Delhi,Hospitality,2023-07-05
3212,Silver Emporium Kochi,Kochi,Retail,2022-08-17
3213,Rainbow Emporium Goa,Goa,Retail,2024-05-31
3214,Palm Foods Udaipur,Udaipur,Hospitality,2022-05-01
3215,New General Store Hyderabad,Hyderabad,Retail,2020-01-22
3216,United Restaurant Lucknow,Lucknow,Hospitality,2025-06-19
3217,Ganesh Provisions Madurai,Madurai,Retail,2024-12-09
3218,Nandi Evergreen Stores,Hyderabad,Retail,2025-10-12
3219,Jai Hind Kitchenware Thiruvananthapuram,Thiruvananthapuram,Retail,2025-03-11
3220,Laxmi Bazaar Coimbatore,Coimbatore,Retail,2021-08-20
3221,Palm Resorts Bhubaneswar,Bhubaneswar,Hospitality,2024-02-21
3222,Silver Suppliers Madurai,Madurai,Wholesale,2023-11-27
3223,Om Shree Provisions,,Retail,2023-03-21
3224,City Exports Mumbai,Mumbai,Wholesale,2021-10-31
3225,Classic Home Needs Mumbai,Mumbai,Retail,2025-08-07
3226,Star New Mart,Hyderabad,Retail,2024-07-17
3227,Classic Tiffin Services Lucknow,Lucknow,Hospitality,2023-06-08
3228,Mahalaxmi Kitchenware Mysuru,Mysuru,Retail,2024-10-12
3229,Krishna Stores Mumbai,Mumbai,Retail,2022-06-11
3230,National Distributors Patna,Patna,Wholesale,2020-03-19
3231,Lotus Resorts Mumbai,Mumbai,Hospitality,2021-08-12
3232,Balaji Mahalaxmi Kitchenware,Bengaluru,Retail,2020-10-19
3233,Evergreen Tiffin Services Hyderabad,Hyderabad,Hospitality,2023-11-28
3234,City Provisions Mumbai,Mumbai,Retail,2021-08-06
3235,City Kitchens Lucknow,Lucknow,Hospitality,2023-01-30
3236,Evergreen Restaurant Mumbai,Mumbai,Hospitality,2025-02-24
3237,Rainbow Trading Co,Bengaluru,Wholesale,2020-08-16
3238,Sunrise Resorts Pune,Pune,Hospitality,2024-03-07
3239,Ganesh Inn Jaipur,Jaipur,Hospitality,2022-04-11
3240,Blue Caterers Kolkata,Kolkata,Hospitality,2023-10-27
3241,National Bazaar Dehradun,Dehradun,Retail,2023-03-03
3242,Nandi Enterprises,Bengaluru,Wholesale,2024-03-15
3243,Classic Agencies,Mysuru,Wholesale,2021-07-09
3244,Galaxy Distributors Thiruvananthapuram,Thiruvananthapuram,Wholesale,2024-08-11
3245,Nandi Supermarket Goa,Goa,Retail,2021-11-23
3246,Lake View Mart Bengaluru,Bengaluru,Retail,2021-03-28
3247,Bharat Resorts Ahmedabad,Ahmedabad,Hospitality,2024-12-24
3248,Sapphire Bazaar Hyderabad,Hyderabad,Retail,2024-03-04
3249,Evergreen Traders Mangaluru,Mangaluru,Retail,2023-01-01
3250,Palm Stores Thane,Thane,Retail,2020-07-03
3251,Urban Suppliers,Agra,Wholesale,2024-09-13
3252,New Suppliers Bengaluru,Bengaluru,Wholesale,2022-06-14
3253,Star Trading Co,Mumbai,Wholesale,2021-11-28
3254,Jai Hind Emporium Indore,Indore,Retail,2025-07-16
3255,Saffron Trading Co,Mangaluru,Wholesale,2022-08-24
3256,Coastal Home Needs Rajkot,Rajkot,Retail,2024-05-17
3257,Om Home Needs Surat,Surat,Retail,2024-12-03
3258,Sunrise Banquets Bengaluru,Bengaluru,Hospitality,2025-11-12
3259,Golden Stores Gurugram,Gurugram,Retail,2023-09-24
3260,Rainbow Provisions Ludhiana,Ludhiana,Retail,2025-06-29
3261,Blue Kitchenware Kolkata,Kolkata,Retail,2023-05-12
3262,Nandi Hotels,Kolkata,Hospitality,2024-01-04
3263,Supreme Distributors,Thiruvananthapuram,Wholesale,2020-01-31
3264,Silk Route Stores Noida,Noida,Retail,2022-07-18
3265,Modern Tiffin Services Pune,Pune,Hospitality,2025-07-06
3266,Green Restaurant Jaipur,Jaipur,Hospitality,2020-10-24
3267,Sapphire Emporium Nagpur,Nagpur,Retail,2025-04-09
3268,Green Tiffin Services Dehradun,Dehradun,Hospitality,2023-12-31
3269,Nandi Bazaar Delhi,Delhi,Retail,2023-05-08
3270,Vijay General Store Hyderabad,Hyderabad,Retail,2024-04-20
3271,Crystal Trading Co,Chennai,Wholesale,2023-06-02
3272,Blue Stores Patna,Patna,Retail,2025-03-10
3273,Green Home Needs Thane,Thane,Retail,2021-05-05
3274,Bharat Traders Visakhapatnam,Visakhapatnam,Retail,2025-06-02
3275,Green Exports,Mumbai,Wholesale,2023-10-20
3276,Harbour Provisions Nagpur,Nagpur,Retail,2024-12-27
3277,Harbour Exports Ludhiana,Ludhiana,Wholesale,2020-07-23
3278,Nandi Home Needs Udaipur,Udaipur,Retail,2022-04-29
3279,Jai Hind General Store Ahmedabad,Ahmedabad,Retail,2025-02-08
3280,Blue Mart Bhubaneswar,Bhubaneswar,Retail,2023-06-04
3281,City Stores Agra,Agra,Retail,2020-03-29
3282,Nandi Hotels Thiruvananthapuram,Thiruvananthapuram,Hospitality,2025-04-24
3283,Lotus Tulsi Bazaar,Delhi,Retail,2021-07-04
3284,City Home Needs Mumbai,Mumbai,Retail,2025-03-06
3285,United Inn Noida,Noida,Hospitality,2022-01-03
3286,Modern Tiffin Services Gurugram,Gurugram,Hospitality,2022-02-07
3287,Ganesh Provisions Gurugram,Gurugram,Retail,2021-03-21
3288,Star Banquets Surat,Surat,Hospitality,2022-01-20
3289,Orchid Emporium Delhi,Delhi,Retail,2024-03-29
3290,Coconut Grove Kitchens Delhi,Delhi,Hospitality,2022-04-26
3291,United Stores Hyderabad,Hyderabad,Retail,2024-03-23
3292,Green Inn Mumbai,Mumbai,Hospitality,2024-12-23
3293,Mahalaxmi Foods Thane,Thane,Hospitality,2024-06-03
3294,Blue Banquets Mysuru,Mysuru,Hospitality,2025-02-18
3295,Rainbow Suppliers Ahmedabad,Ahmedabad,Wholesale,2020-03-08
3296,New Bazaar Ahmedabad,Ahmedabad,Retail,2021-03-31
3297,River Side Kitchens Coimbatore,Coimbatore,Hospitality,2021-12-10
3298,National Wholesale,Madurai,Wholesale,2023-02-12
3299,Supreme Banquets,Kochi,Hospitality,2025-06-15
3300,Balaji Supermarket Bhubaneswar,Bhubaneswar,Retail,2021-05-14
3301,Golden Prime Emporium,Chennai,Retail,2020-11-29
3302,Classic Depot Ludhiana,Ludhiana,Wholesale,2025-06-06
3303,Modern Provisions Delhi,Delhi,Retail,2020-09-16
3304,Metro Caterers,Kolkata,Hospitality,2023-09-30
3305,Heritage Kitchenware,Indore,Retail,2021-05-05
3306,Sapphire Distributors Coimbatore,Coimbatore,Wholesale,2025-02-05
3307,Palm Home Needs Dehradun,Dehradun,Retail,2022-09-06
3308,Modern Bazaar Pune,Pune,Retail,2024-07-08
3309,Spice Garden Bharat General Store,Chennai,Retail,2022-08-28
3310,Balaji Stores Delhi,Delhi,Retail,2025-02-17
3311,Coastal Restaurant Jaipur,Jaipur,Hospitality,2025-03-05
3312,Coastal Stores Visakhapatnam,Visakhapatnam,Retail,2025-09-09
3313,Silver Kitchenware Visakhapatnam,Visakhapatnam,Retail,2023-11-03
3314,Classic Traders Guwahati,Guwahati,Retail,2024-08-15
3315,Jai Hind Exports,Pune,Wholesale,2024-08-22
3316,Om Inn Madurai,Madurai,Hospitality,2023-10-03
3317,Palm Logistics,Chennai,Wholesale,2020-10-13
3318,Tulsi Bazaar Delhi,Delhi,Retail,2025-04-17
3319,Sunrise Hotels Guwahati,Guwahati,Hospitality,2024-08-20
3320,Ganesh Mart Gurugram,Gurugram,Retail,2022-08-10
3321,Urban Home Needs Chennai,Chennai,Retail,2020-09-12
3322,Silk Route Tiffin Services Kolkata,Kolkata,Hospitality,2023-11-09
3323,River Side Inn Kochi,Kochi,Hospitality,2021-06-05
3324,Silk Route Sunrise Traders,Dehradun,Retail,2022-11-18
3325,Spice Garden Provisions Chennai,Chennai,Retail,2020-09-17
3326,Hill View Enterprises,Pune,Wholesale,2021-06-27
3327,National Caterers Bengaluru,Bengaluru,Hospitality,2020-02-20
3328,Mahalaxmi Stores Mumbai,Mumbai,Retail,2020-06-30
3329,Sunrise Supermarket Indore,Indore,Retail,2025-10-02
3330,City Traders Bengaluru,Bengaluru,Retail,2020-10-30
3331,United Distributors,Aurangabad,Wholesale,2020-01-30
3332,Classic Banquets Hyderabad,Hyderabad,Hospitality,2024-08-03
3333,Harbour Inn Kolkata,Kolkata,Hospitality,2024-02-20
3334,Lotus Cafe Pune,Pune,Hospitality,2021-09-29
3335,Royal Hotels Pune,Pune,Hospitality,2022-02-08
3336,Modern Supermarket Kanpur,Kanpur,Retail,2021-02-27
3337,New Tiffin Services,Visakhapatnam,Hospitality,2023-04-21
3338,River Side Stores Surat,Surat,Retail,2025-02-01
3339,Lotus Stores Gurugram,Gurugram,Retail,2020-05-09
3340,Palm Bazaar Delhi,Delhi,Retail,2020-01-15
3341,Maple Bazaar Kolkata,Kolkata,Retail,2023-01-06
3342,Royal Mart Mumbai,Mumbai,Retail,2020-11-01
3343,Coastal Traders Rajkot,Rajkot,Retail,2024-02-10
3344,Nandi Restaurant Surat,Surat,Hospitality,2020-01-18
3345,Lake View Inn Gurugram,Gurugram,Hospitality,2021-06-27
3346,Pearl Bazaar,Thiruvananthapuram,Retail,2024-10-11
3347,Palm Enterprises Bhubaneswar,Bhubaneswar,Wholesale,2023-06-15
3348,Golden Mart Ludhiana,Ludhiana,Retail,2021-12-08
3349,Om Bazaar Patna,Patna,Retail,2021-12-09
3350,Bharat Mart Thane,Thane,Retail,2024-07-09
3351,New Trading Co Mumbai,Mumbai,Wholesale,2021-09-22
3352,Krishna General Store Indore,Indore,Retail,2022-08-06
3353,Lotus Emporium Mumbai,Mumbai,Retail,2021-04-05
3354,Urban Stores Kochi,Kochi,Retail,2025-08-02
3355,Tulsi Traders Ahmedabad,Ahmedabad,Retail,2023-09-08
3356,Silk Route Wholesale Delhi,Delhi,Wholesale,2021-02-07
3357,Orchid Provisions Delhi,Delhi,Retail,2020-06-14
3358,Balaji Supermarket Madurai,Madurai,Retail,2020-10-28
3359,Bharat General Store Bengaluru,Bengaluru,Retail,2020-08-04
3360,Hill View Traders Pune,Pune,Retail,2020-12-15
3361,Nandi Logistics Nashik,Nashik,Wholesale,2024-08-15
3362,Orchid Caterers Mumbai,Mumbai,Hospitality,2020-03-17
3363,Coastal Traders Bengaluru,Bengaluru,Retail,2023-03-04
3364,Maple Kitchenware Kolkata,Kolkata,Retail,2025-05-29
3365,Palm Stores Kolkata,Kolkata,Retail,2021-03-22
3366,Prime Mart Nagpur,Nagpur,Retail,2022-07-07
3367,Tulsi Home Needs Noida,Noida,Retail,2021-01-18
3368,New General Store Udaipur,Udaipur,Retail,2025-07-17
3369,Supreme Traders Kanpur,Kanpur,Retail,2023-03-16
3370,United Restaurant Kanpur,Kanpur,Hospitality,2021-12-07
3371,Prime Traders Kanpur,Kanpur,Retail,2024-06-07
3372,Sapphire Kitchenware Bengaluru,Bengaluru,Retail,2024-10-15
3373,Mahalaxmi Provisions Bengaluru,Bengaluru,Retail,2022-01-06
3374,Pearl Cafe,Mumbai,Hospitality,2025-07-14
3375,Urban Supermarket Visakhapatnam,Visakhapatnam,Retail,2025-08-01
3376,Metro Banquets Coimbatore,Coimbatore,Hospitality,2024-11-20
3377,Mahalaxmi Traders Chennai,Chennai,Retail,2021-03-04
3378,Maple Bazaar Ahmedabad,Ahmedabad,Retail,2020-06-02
3379,Mahalaxmi Kitchenware Noida,Noida,Retail,2023-08-19
3380,Balaji General Store Ranchi,Ranchi,Retail,2020-05-01
3381,Coastal Foods Goa,Goa,Hospitality,2022-07-15
3382,National Stores Chandigarh,Chandigarh,Retail,2022-05-30
3383,Urban Kitchenware Bengaluru,Bengaluru,Retail,2020-02-05
3384,Heritage Green Kitchens,Kolkata,Hospitality,2025-09-06
3385,Coconut Grove Bharat Kitchenware,Bengaluru,Retail,2024-04-27
3386,Coastal Home Needs Delhi,Delhi,Retail,2024-02-04
3387,Coastal Caterers Kolkata,Kolkata,Hospitality,2021-10-01
3388,Evergreen Kitchens Udaipur,Udaipur,Hospitality,2020-01-20
3389,Galaxy Traders Bhubaneswar,Bhubaneswar,Retail,2023-12-25
3390,United Tiffin Services Delhi,Delhi,Hospitality,2021-07-04
3391,Mahalaxmi Kitchens Indore,Indore,Hospitality,2022-10-05
3392,Mahalaxmi Supermarket Chennai,Chennai,Retail,2024-08-08
3393,Sapphire Banquets,Mumbai,Hospitality,2021-10-07
3394,Silver Hotels Hyderabad,Hyderabad,Hospitality,2024-08-18
3395,Krishna Bazaar Ahmedabad,Ahmedabad,Retail,2025-10-25
3396,Lotus Inn Delhi,Delhi,Hospitality,2021-10-09
3397,Star Foods Delhi,Delhi,Hospitality,2021-06-25
3398,Laxmi Logistics,Raipur,Wholesale,2022-11-01
3399,Lotus Home Needs Jaipur,Jaipur,Retail,2023-12-12
3400,Classic Metro Home Needs,Indore,Retail,2021-07-19
3401,City Stores Hyderabad,Hyderabad,Retail,2022-01-03
3402,Supreme General Store Nashik,Nashik,Retail,2024-08-16
3403,Coastal Emporium Kolkata,Kolkata,Retail,2020-06-07
3404,River Side Stores Kanpur,Kanpur,Retail,2023-04-16
3405,Evergreen Stores Vadodara,Vadodara,Retail,2020-11-28
3406,Hill View Caterers Delhi,Delhi,Hospitality,2020-12-07
3407,Ganesh Provisions Mumbai,Mumbai,Retail,2024-07-06
3408,Mahalaxmi Trading Co,Indore,Wholesale,2024-08-27
3409,Pearl Kitchenware Mysuru,Mysuru,Retail,2022-02-22
3410,Crystal Provisions Agra,Agra,Retail,2024-11-08
3411,Vijay Resorts,Rajkot,Hospitality,2023-05-12
3412,Palm Kitchens Madurai,,Hospitality,2023-03-02
3413,Nandi Foods,Hyderabad,Hospitality,2022-04-16
3414,Vijay Provisions Visakhapatnam,Visakhapatnam,Retail,2024-05-01
3415,Green Logistics,Ranchi,Wholesale,2021-10-23
3416,Jai Hind Bazaar Udaipur,Udaipur,Retail,2021-12-12
3417,Harbour Traders Kochi,Kochi,Retail,2023-06-24
3418,Blue Provisions Jaipur,Jaipur,Retail,2024-10-24
3419,Sunrise Trading Co,Mumbai,Wholesale,2023-04-18
3420,Shree Supermarket Thiruvananthapuram,Thiruvananthapuram,Retail,2024-04-24
3421,Evergreen Provisions Pune,Pune,Retail,2021-02-04
3422,Blue City General Store,Bengaluru,Retail,2020-07-30
3423,River Side General Store Hyderabad,Hyderabad,Retail,2025-06-18
3424,Royal Hotels Jaipur,Jaipur,Hospitality,2020-03-18
3425,Royal Exports Udaipur,Udaipur,Wholesale,2023-09-05
3426,Harbour Foods Rajkot,Rajkot,Hospitality,2023-06-05
3427,Prime Stores Madurai,Madurai,Retail,2020-06-09
3428,Nandi Emporium Kanpur,Kanpur,Retail,2021-09-30
3429,Maple General Store Kanpur,Kanpur,Retail,2024-08-24
3430,Sai Wholesale Mysuru,Mysuru,Wholesale,2020-08-07
3431,Lotus Tiffin Services,Lucknow,Hospitality,2020-06-29
3432,Hill View Emporium Nashik,Nashik,Retail,2024-03-19
3433,Harbour Bazaar,Delhi,Retail,2024-05-27
3434,United Orchid Provisions,Delhi,Retail,2025-02-26
3435,Coconut Grove Bazaar Mumbai,Mumbai,Retail,2022-06-22
3436,Bharat Wholesale Bengaluru,Bengaluru,Wholesale,2022-05-04
3437,Urban Tiffin Services Ahmedabad,Ahmedabad,Hospitality,2023-09-11
3438,Lake View Exports Ahmedabad,Ahmedabad,Wholesale,2023-03-03
3439,Evergreen Banquets Mumbai,Mumbai,Hospitality,2022-04-23
3440,Evergreen Bazaar Vadodara,Vadodara,Retail,2024-04-07
3441,New Tiffin Services Ahmedabad,Ahmedabad,Hospitality,2024-12-16
3442,City City Supermarket,,Retail,2021-10-01
3443,City Mart Chennai,Chennai,Retail,2025-05-09
3444,Tulsi Provisions Pune,Pune,Retail,2025-06-30
3445,Om Bazaar Thiruvananthapuram,Thiruvananthapuram,Retail,2024-01-21
3446,Spice Garden Traders,Nagpur,Retail,2023-11-27
3447,Spice Garden Stores Delhi,Delhi,Retail,2021-02-22
3448,National Kitchens Goa,Goa,Hospitality,2025-05-20
3449,Balaji Hotels Nashik,Nashik,Hospitality,2024-03-16
3450,Urban Provisions Bengaluru,Bengaluru,Retail,2021-12-19
3451,Krishna Supermarket Ahmedabad,Ahmedabad,Retail,2021-05-14
3452,Blue Inn Madurai,Madurai,Hospitality,2024-11-03
3453,National Supermarket Raipur,Raipur,Retail,2022-09-06
3454,Galaxy Kitchens Patna,Patna,Hospitality,2022-08-20
3455,Galaxy Banquets Ahmedabad,Ahmedabad,Hospitality,2023-03-24
3456,Prime Logistics Indore,Indore,Wholesale,2022-01-02
3457,Sapphire General Store Raipur,Raipur,Retail,2023-02-02
3458,Sunrise Stores Mysuru,Mysuru,Retail,2022-01-24
3459,Mahalaxmi Provisions Kolkata,Kolkata,Retail,2023-09-28
3460,Hill View Vijay General Store,Chandigarh,Retail,2020-09-07
3461,Urban Kitchens Madurai,Madurai,Hospitality,2020-11-15
3462,Balaji Resorts Bhubaneswar,Bhubaneswar,Hospitality,2021-06-22
3463,City Exports Bengaluru,Bengaluru,Wholesale,2022-09-24
3464,Metro Enterprises Patna,Patna,Wholesale,2025-06-16
3465,Sunrise Supermarket Aurangabad,Aurangabad,Retail,2022-06-02
3466,Harbour Inn Hyderabad,Hyderabad,Hospitality,2025-02-21
3467,Sai Agencies,Chennai,Wholesale,2022-04-01
3468,Coconut Grove Trading Co,Ranchi,Wholesale,2025-01-10
3469,Green Blue Bazaar,Chandigarh,Retail,2025-02-14
3470,Balaji Restaurant,Hyderabad,Hospitality,2021-05-23
3471,Maple Traders Raipur,Raipur,Retail,2021-07-19
3472,Nandi Emporium Chennai,Chennai,Retail,2021-01-04
3473,Ganesh Kitchenware Raipur,Raipur,Retail,2022-05-13
3474,Evergreen Foods Udaipur,Udaipur,Hospitality,2020-10-22
3475,Star Stores Pune,Pune,Retail,2025-06-26
3476,Maple National General Store,Pune,Retail,2022-12-14
3477,Om Kitchens Bengaluru,Bengaluru,Hospitality,2021-12-04
3478,Tulsi Bazaar Patna,Patna,Retail,2021-12-01
3479,River Side Kitchens Visakhapatnam,Visakhapatnam,Hospitality,2021-02-20
3480,Classic Home Needs Kolkata,Kolkata,Retail,2025-11-16
3481,Silver General Store Bengaluru,,Retail,2023-10-12
3482,Shree Suppliers,Ahmedabad,Wholesale,2020-07-02
3483,New Home Needs Chennai,Chennai,Retail,2024-05-20
3484,Modern General Store Surat,Surat,Retail,2021-06-02
3485,Hill View Bazaar Bengaluru,Bengaluru,Retail,2023-07-11
3486,Golden General Store Kochi,Kochi,Retail,2023-01-23
3487,Silver Caterers Kolkata,Kolkata,Hospitality,2022-02-06
3488,Spice Garden Kitchenware Goa,Goa,Retail,2020-12-21
3489,Hill View Logistics Bengaluru,Bengaluru,Wholesale,2021-02-06
3490,Crystal General Store Lucknow,Lucknow,Retail,2020-11-22
3491,Maple Resorts Kochi,Kochi,Hospitality,2020-02-23
3492,Classic Restaurant,Thiruvananthapuram,Hospitality,2020-02-06
3493,New Home Needs Hyderabad,Hyderabad,Retail,2020-09-02
3494,City Stores Udaipur,Udaipur,Retail,2024-12-22
3495,Hill View Stores Hyderabad,Hyderabad,Retail,2021-08-24
3496,Lotus Mart Hyderabad,Hyderabad,Retail,2022-04-29
3497,Laxmi Depot Mysuru,Mysuru,Wholesale,2024-06-26
3498,Coconut Grove Bazaar Patna,Patna,Retail,2024-09-01
3499,Silver Wholesale Rajkot,Rajkot,Wholesale,2023-10-08
3500,New Provisions Guwahati,Guwahati,Retail,2025-03-30
3501,Silver Kitchens Ahmedabad,Ahmedabad,Hospitality,2021-04-01
3502,Sapphire Bazaar Mumbai,Mumbai,Retail,2023-12-04
3503,Blue Wholesale,Nashik,Wholesale,2024-04-15
3504,Sunrise General Store Madurai,Madurai,Retail,2025-07-29
3505,Blue Traders Patna,Patna,Retail,2022-02-18
3506,Prime Traders Thane,Thane,Retail,2020-01-15
3507,Vijay Kitchens Rajkot,Rajkot,Hospitality,2022-12-23
3508,Golden Depot,Bengaluru,Wholesale,2020-05-15
3509,Metro Home Needs Kanpur,Kanpur,Retail,2025-01-14
3510,National Distributors Coimbatore,Coimbatore,Wholesale,2020-11-11
3511,Lake View Stores Mumbai,Mumbai,Retail,2023-08-21
3512,Prime Mart Ludhiana,Ludhiana,Retail,2020-06-12
3513,Classic Home Needs Noida,Noida,Retail,2022-03-16
3514,Sapphire Emporium Gurugram,Gurugram,Retail,2024-10-04
3515,Golden Inn Ahmedabad,Ahmedabad,Hospitality,2020-05-27
3516,Modern Kitchenware Mumbai,Mumbai,Retail,2023-09-16
3517,Jai Hind Supermarket Coimbatore,Coimbatore,Retail,2023-03-06
3518,Lotus Restaurant Chennai,Chennai,Hospitality,2023-03-07
3519,Modern Restaurant Kanpur,Kanpur,Hospitality,2020-01-14
3520,Pearl Logistics,Raipur,Wholesale,2022-05-20
3521,River Side Caterers Madurai,Madurai,Hospitality,2020-01-28
3522,Om Cafe Madurai,Madurai,Hospitality,2025-08-03
3523,Saffron Silver Restaurant,Ahmedabad,Hospitality,2023-11-14
3524,Golden Home Needs Chennai,Chennai,Retail,2020-02-13
3525,Supreme Stores,Chandigarh,Retail,2020-07-29
3526,Om Caterers Nagpur,Nagpur,Hospitality,2024-05-04
3527,Mahalaxmi General Store Hyderabad,Hyderabad,Retail,2023-11-12
3528,River Side Home Needs Pune,Pune,Retail,2023-05-13
3529,Royal Lake View Emporium,Mumbai,Retail,2025-04-15
3530,Lake View General Store Mumbai,Mumbai,Retail,2021-04-05
3531,Modern Kitchenware Rajkot,Rajkot,Retail,2022-03-07
3532,Galaxy Home Needs Surat,Surat,Retail,2020-02-04
3533,Coastal Kitchenware Indore,Indore,Retail,2020-11-14
3534,Lotus Restaurant Mumbai,Mumbai,Hospitality,2022-02-25
3535,Golden Inn Rajkot,Rajkot,Hospitality,2023-09-07
3536,Golden General Store Pune,Pune,Retail,2022-11-08
3537,Lake View Depot Kanpur,Kanpur,Wholesale,2023-12-01
3538,Prime Home Needs Ahmedabad,Ahmedabad,Retail,2022-04-03
3539,Galaxy Supermarket Nagpur,Nagpur,Retail,2021-12-29
3540,Star Silk Route Provisions,Kolkata,Retail,2024-06-19
3541,Modern Provisions Udaipur,Udaipur,Retail,2023-01-07
3542,Orchid Emporium Gurugram,Gurugram,Retail,2020-10-09
3543,River Side General Store Delhi,Delhi,Retail,2025-07-04
3544,River Side Emporium Vadodara,Vadodara,Retail,2021-10-02
3545,National Bazaar Mangaluru,Mangaluru,Retail,2020-08-11
3546,Galaxy Depot,Coimbatore,Wholesale,2025-07-28
3547,Om Home Needs Bhubaneswar,Bhubaneswar,Retail,2024-12-31
3548,Ganesh United Traders,Mumbai,Retail,2025-02-14
3549,Coastal Provisions Guwahati,Guwahati,Retail,2024-12-18
3550,Ganesh Agencies Ranchi,Ranchi,Wholesale,2023-11-01
3551,Rainbow Mart Udaipur,Udaipur,Retail,2022-06-13
3552,Lake View Mart Noida,Noida,Retail,2021-09-08
3553,Coconut Grove Bazaar Udaipur,Udaipur,Retail,2022-07-18
3554,Classic Provisions Guwahati,Guwahati,Retail,2024-03-10
3555,Sunrise Supermarket Kolkata,Kolkata,Retail,2024-05-24
3556,Rainbow Enterprises Thane,Thane,Wholesale,2023-06-04
3557,Balaji Resorts Delhi,Delhi,Hospitality,2021-10-18
3558,Bharat General Store Chennai,Chennai,Retail,2021-11-29
3559,Shree Coastal Kitchenware,Mangaluru,Retail,2025-02-23
3560,Lotus Depot Thane,Thane,Wholesale,2022-03-06
3561,Golden Bazaar Coimbatore,Coimbatore,Retail,2021-12-03
3562,River Side Caterers Gurugram,Gurugram,Hospitality,2024-12-25
3563,United Kitchenware Aurangabad,Aurangabad,Retail,2023-09-28
3564,Coastal Emporium Pune,Pune,Retail,2024-08-12
3565,Coconut Grove Harbour Cafe,Bengaluru,Hospitality,2023-04-11
3566,Blue Provisions Bengaluru,Bengaluru,Retail,2023-03-12
3567,Nandi Bazaar Thane,Thane,Retail,2021-01-09
3568,Evergreen Kitchenware Mumbai,Mumbai,Retail,2023-08-26
3569,Bharat Suppliers Patna,Patna,Wholesale,2022-01-27
3570,Shree Wholesale Noida,Noida,Wholesale,2025-08-11
3571,Hill View Home Needs Patna,Patna,Retail,2025-05-31
3572,Crystal Provisions Vadodara,Vadodara,Retail,2025-03-29
3573,Golden Stores Jaipur,Jaipur,Retail,2020-03-14
3574,Silver Cafe,Hyderabad,Hospitality,2024-08-25
3575,Coconut Grove Emporium Mumbai,Mumbai,Retail,2023-09-22
3576,Spice Garden Supermarket Coimbatore,Coimbatore,Retail,2025-06-19
3577,Bharat Bazaar Jaipur,Jaipur,Retail,2022-08-30
3578,Green Depot Chennai,Chennai,Wholesale,2024-08-01
3579,Royal Resorts Mumbai,Mumbai,Hospitality,2022-03-22
3580,Sai Mart Mumbai,Mumbai,Retail,2024-06-28
3581,Om Suppliers,Kolkata,Wholesale,2020-01-24
3582,Lotus Hotels Patna,Patna,Hospitality,2023-11-22
3583,Spice Garden Foods Pune,Pune,Hospitality,2024-10-29
3584,Nandi Stores Ranchi,Ranchi,Retail,2022-10-26
3585,Coastal Provisions Ahmedabad,Ahmedabad,Retail,2024-03-08
3586,National Heritage Supermarket,Mumbai,Retail,2022-01-05
3587,Palm Mart Kochi,Kochi,Retail,2022-05-31
3588,Sapphire Kitchenware Ahmedabad,Ahmedabad,Retail,2023-12-09
3589,National Home Needs Guwahati,Guwahati,Retail,2020-03-25
3590,Galaxy Stores Chennai,Chennai,Retail,2023-06-14
3591,Mahalaxmi Restaurant,,Hospitality,2023-01-18
3592,Blue Banquets Bhubaneswar,Bhubaneswar,Hospitality,2022-04-02
3593,Rainbow Suppliers Ludhiana,Ludhiana,Wholesale,2025-01-23
3594,Harbour Packaging Noida,Noida,Wholesale,2025-03-07
3595,Modern Shree Supermarket,Hyderabad,Retail,2021-03-31
3596,Jai Hind Wholesale Bengaluru,Bengaluru,Wholesale,2021-08-25
3597,Coconut Grove Foods Nashik,Nashik,Hospitality,2024-08-03
3598,Krishna Provisions Visakhapatnam,Visakhapatnam,Retail,2021-05-03
3599,Sai General Store Bengaluru,Bengaluru,Retail,2020-08-29
3600,Golden Supermarket Surat,Surat,Retail,2020-02-11
3601,National Provisions Pune,Pune,Retail,2025-09-20
3602,Shree Bazaar Bengaluru,Bengaluru,Retail,2025-02-24
3603,Silver Bazaar Pune,Pune,Retail,2025-07-09
3604,Coastal Traders Thiruvananthapuram,Thiruvananthapuram,Retail,2023-12-05
3605,Galaxy Traders Rajkot,Rajkot,Retail,2024-03-16
3606,Ganesh Kitchenware Kanpur,Kanpur,Retail,2021-08-17
3607,Ganesh Home Needs Pune,Pune,Retail,2022-10-09
3608,Crystal Stores Ludhiana,Ludhiana,Retail,2021-07-05
3609,Golden Orchid General Store,Bengaluru,Retail,2021-01-02
3610,Shree Emporium Aurangabad,Aurangabad,Retail,2020-02-13
3611,City Traders Mumbai,Mumbai,Retail,2022-10-04
3612,Royal Cafe Madurai,Madurai,Hospitality,2024-03-07
3613,Pearl Provisions Noida,Noida,Retail,2020-08-06
3614,Mahalaxmi Inn Mumbai,,Hospitality,2020-01-09
3615,Saffron Traders Thiruvananthapuram,Thiruvananthapuram,Retail,2023-04-10
3616,Lotus Tiffin Services Bhubaneswar,Bhubaneswar,Hospitality,2021-01-09
3617,Harbour Home Needs Mangaluru,Mangaluru,Retail,2024-02-11
3618,Lotus Stores Mumbai,Mumbai,Retail,2025-11-06
3619,Shree Traders Dehradun,Dehradun,Retail,2021-11-13
3620,Lotus Caterers Ahmedabad,Ahmedabad,Hospitality,2020-04-03
3621,Saffron Inn Bengaluru,Bengaluru,Hospitality,2025-02-16
3622,Vijay Inn Ludhiana,Ludhiana,Hospitality,2021-09-06
3623,Orchid General Store Pune,Pune,Retail,2021-07-13
3624,Pearl Foods Jaipur,Jaipur,Hospitality,2020-11-29
3625,Sunrise Kitchens,Bengaluru,Hospitality,2025-11-30
3626,Tulsi Exports Kolkata,Kolkata,Wholesale,2021-06-26
3627,Star Provisions,Thiruvananthapuram,Retail,2023-06-12
3628,Supreme Stores Mangaluru,Mangaluru,Retail,2022-08-10
3629,Rainbow Distributors Ahmedabad,Ahmedabad,Wholesale,2025-06-15
3630,Sapphire Emporium Pune,Pune,Retail,2023-02-10
3631,Spice Garden Provisions Rajkot,Rajkot,Retail,2022-10-13
3632,Pearl Provisions Bhubaneswar,Bhubaneswar,Retail,2024-12-28
3633,Royal Wholesale Delhi,Delhi,Wholesale,2025-09-15
3634,Mahalaxmi Kitchens Gurugram,Gurugram,Hospitality,2020-11-15
3635,Sunrise Tiffin Services Delhi,Delhi,Hospitality,2022-08-16
3636,Bharat Kitchenware Coimbatore,Coimbatore,Retail,2020-12-12
3637,Saffron Hotels Chennai,Chennai,Hospitality,2021-12-25
3638,Tulsi Emporium Aurangabad,Aurangabad,Retail,2021-03-27
3639,Heritage Agencies Lucknow,Lucknow,Wholesale,2022-09-14
3640,Royal Bazaar Surat,Surat,Retail,2023-01-10
3641,Harbour Emporium Aurangabad,Aurangabad,Retail,2021-04-04
3642,Shree Stores Lucknow,Lucknow,Retail,2021-06-29
3643,Ganesh Spice Garden Home Needs,Bengaluru,Retail,2021-03-14
3644,Spice Garden Inn Hyderabad,Hyderabad,Hospitality,2024-02-08
3645,Evergreen Tiffin Services Mumbai,Mumbai,Hospitality,2024-02-10
3646,Galaxy Rainbow Foods,,Hospitality,2021-07-08
3647,River Side Exports Thiruvananthapuram,Thiruvananthapuram,Wholesale,2023-10-27
3648,Golden Supermarket Kochi,,Retail,2023-10-30
3649,New Provisions Delhi,Delhi,Retail,2020-06-18
3650,Supreme Kitchenware Delhi,Delhi,Retail,2022-08-24
3651,Silver Tiffin Services Thane,Thane,Hospitality,2021-08-08
3652,Coastal Stores Agra,Agra,Retail,2022-09-20
3653,Evergreen Restaurant Kolkata,Kolkata,Hospitality,2022-04-10
3654,Crystal Supermarket Ranchi,Ranchi,Retail,2020-11-21
3655,Nandi Traders Ahmedabad,Ahmedabad,Retail,2023-02-19
3656,Silver Mart Ranchi,Ranchi,Retail,2025-01-16
3657,Palm Supermarket Hyderabad,Hyderabad,Retail,2020-09-27
3658,Silk Route Bazaar Bhubaneswar,Bhubaneswar,Retail,2021-11-19
3659,United Mart Goa,Goa,Retail,2023-07-16
3660,Coconut Grove Mart Kanpur,Kanpur,Retail,2025-09-14
3661,New Depot,Mumbai,Wholesale,2025-06-21
3662,Lake View Hotels Goa,Goa,Hospitality,2023-07-30
3663,Golden Tiffin Services Thane,Thane,Hospitality,2021-05-24
3664,Galaxy Traders Hyderabad,Hyderabad,Retail,2023-11-19
3665,Orchid Mart Nashik,Nashik,Retail,2020-01-27
3666,Sapphire Tiffin Services Delhi,Delhi,Hospitality,2024-10-31
3667,Modern Shree Home Needs,Mumbai,Retail,2023-04-15
3668,River Side Stores Udaipur,Udaipur,Retail,2023-04-11
3669,Pearl Kitchens Raipur,Raipur,Hospitality,2024-05-15
3670,Ganesh Foods,Mysuru,Hospitality,2023-08-12
3671,Evergreen Mart Vadodara,Vadodara,Retail,2024-10-28
3672,Evergreen Traders Chandigarh,Chandigarh,Retail,2021-11-08
3673,Urban Kitchenware Kolkata,Kolkata,Retail,2023-02-12
3674,Palm Emporium Chennai,Chennai,Retail,2024-02-12
3675,Maple Foods Mangaluru,Mangaluru,Hospitality,2025-12-01
3676,Crystal Provisions Indore,Indore,Retail,2022-03-06
3677,Prime Kitchens Mumbai,Mumbai,Hospitality,2023-04-25
3678,Sapphire General Store Agra,Agra,Retail,2023-12-31
3679,Ganesh Supermarket Patna,Patna,Retail,2023-06-15
3680,Mahalaxmi General Store Chennai,Chennai,Retail,2022-01-13
3681,Crystal Wholesale Madurai,Madurai,Wholesale,2024-01-19
3682,Silk Route Provisions Delhi,Delhi,Retail,2025-02-13
3683,Sai Logistics Mysuru,Mysuru,Wholesale,2025-03-13
3684,Evergreen Restaurant Aurangabad,Aurangabad,Hospitality,2025-05-13
3685,Modern Depot,Mangaluru,Wholesale,2020-02-13
3686,Sunrise Bazaar Surat,Surat,Retail,2023-04-22
3687,Star Stores Goa,Goa,Retail,2020-03-21
3688,Blue Modern Bazaar,Pune,Retail,2025-05-13
3689,Bharat Emporium Mumbai,Mumbai,Retail,2023-05-17
3690,Tulsi Supermarket Bengaluru,Bengaluru,Retail,2020-07-25
3691,Saffron Cafe Delhi,Delhi,Hospitality,2022-03-06
3692,Balaji Emporium Mumbai,Mumbai,Retail,2023-08-14
3693,Metro Banquets Kolkata,Kolkata,Hospitality,2023-04-21
3694,Vijay Depot,Patna,Wholesale,2024-12-13
3695,Mahalaxmi General Store Gurugram,,Retail,2024-09-23
3696,Classic Hotels Chandigarh,Chandigarh,Hospitality,2020-08-17
3697,Coconut Grove Mart Jaipur,Jaipur,Retail,2022-02-13
3698,Royal Kitchenware Aurangabad,Aurangabad,Retail,2023-04-11
3699,United Agencies Mumbai,,Wholesale,2022-07-29
3700,United United Mart,Kolkata,Retail,2021-08-08
3701,Laxmi Banquets Agra,Agra,Hospitality,2024-09-10
3702,Prime Resorts Nagpur,Nagpur,Hospitality,2023-07-09
3703,Royal Emporium Agra,Agra,Retail,2024-11-15
3704,Supreme Tiffin Services,Chennai,Hospitality,2020-01-19
3705,Sai Resorts Raipur,Raipur,Hospitality,2023-01-02
3706,Krishna Emporium Visakhapatnam,Visakhapatnam,Retail,2022-09-23
3707,Harbour Kitchens Chennai,Chennai,Hospitality,2022-09-14
3708,Jai Hind Home Needs Bengaluru,Bengaluru,Retail,2023-12-02
3709,Golden Traders Agra,Agra,Retail,2021-03-02
3710,Sai Foods Ranchi,Ranchi,Hospitality,2024-10-04
3711,Harbour Agencies,Mumbai,Wholesale,2025-07-30
3712,Evergreen Mart Raipur,Raipur,Retail,2023-02-13
3713,Sunrise Home Needs Bengaluru,Bengaluru,Retail,2025-06-22
3714,Om Mart Ludhiana,Ludhiana,Retail,2025-08-21
3715,Hill View Distributors Hyderabad,Hyderabad,Wholesale,2021-10-08
3716,Blue Kitchens Kochi,Kochi,Hospitality,2024-08-13
3717,Rainbow Wholesale,Udaipur,Wholesale,2023-08-18
3718,Shree Inn,Delhi,Hospitality,2023-08-10
3719,Pearl Kitchenware Delhi,Delhi,Retail,2024-08-10
3720,Silk Route General Store Mangaluru,Mangaluru,Retail,2025-04-01
3721,Rainbow Kitchenware Delhi,Delhi,Retail,2020-01-18
3722,Spice Garden Provisions Kanpur,Kanpur,Retail,2023-12-13
3723,Saffron Caterers Ranchi,Ranchi,Hospitality,2021-02-22
3724,Ganesh Tiffin Services,Nagpur,Hospitality,2025-06-17
3725,Coconut Grove Traders Mumbai,Mumbai,Retail,2024-12-26
3726,Lotus Inn Chennai,Chennai,Hospitality,2023-06-17
3727,Krishna Foods Indore,Indore,Hospitality,2025-11-02
3728,Hill View Foods,Nashik,Hospitality,2022-07-30
3729,Om Stores,Nashik,Retail,2023-12-19
3730,Crystal Maple Mart,Mumbai,Retail,2021-03-12
3731,United Mart Ludhiana,Ludhiana,Retail,2020-07-29
3732,Lotus Provisions Delhi,Delhi,Retail,2023-05-09
3733,Spice Garden Enterprises,Guwahati,Wholesale,2025-11-16
3734,National Bazaar Hyderabad,Hyderabad,Retail,2023-09-11
3735,Silver Mart Mumbai,Mumbai,Retail,2022-02-23
3736,Maple Tiffin Services Lucknow,Lucknow,Hospitality,2025-01-20
3737,River Side Supermarket Nagpur,Nagpur,Retail,2025-03-15
3738,Pearl Foods Nashik,Nashik,Hospitality,2024-02-18
3739,Ganesh Stores Ranchi,Ranchi,Retail,2020-03-14
3740,Coastal Laxmi General Store,Bengaluru,Retail,2023-09-29
3741,Palm Provisions Ahmedabad,Ahmedabad,Retail,2022-03-21
3742,Blue Home Needs Hyderabad,Hyderabad,Retail,2022-08-10
3743,Vijay Agencies Ahmedabad,Ahmedabad,Wholesale,2024-05-23
3744,Tulsi Inn Aurangabad,Aurangabad,Hospitality,2020-11-21
3745,Shree General Store Nashik,Nashik,Retail,2023-07-04
3746,Jai Hind Emporium Aurangabad,Aurangabad,Retail,2023-04-16
3747,Metro Kitchenware Raipur,Raipur,Retail,2023-01-25
3748,Tulsi Bazaar Nagpur,Nagpur,Retail,2020-11-11
3749,Jai Hind Home Needs Mumbai,Mumbai,Retail,2025-03-17
3750,Mahalaxmi Home Needs Nashik,Nashik,Retail,2020-05-06
3751,Maple Inn,Ahmedabad,Hospitality,2024-05-26
3752,Rainbow Bazaar Indore,Indore,Retail,2024-08-26
3753,Galaxy Mart Kanpur,Kanpur,Retail,2022-09-13
3754,Om Packaging Noida,Noida,Wholesale,2022-10-30
3755,Royal General Store Nagpur,Nagpur,Retail,2023-01-19
3756,National Supermarket Delhi,Delhi,Retail,2020-02-14
3757,Modern Tiffin Services Noida,Noida,Hospitality,2021-08-27
3758,Lake View General Store Gurugram,Gurugram,Retail,2020-09-01
3759,Krishna Home Needs Bengaluru,Bengaluru,Retail,2022-04-27
3760,Prime Depot Bhubaneswar,Bhubaneswar,Wholesale,2024-09-01
3761,Ganesh Agencies Coimbatore,Coimbatore,Wholesale,2020-01-26
3762,Sunrise Traders Pune,Pune,Retail,2023-01-14
3763,Tulsi General Store Mumbai,Mumbai,Retail,2021-09-23
3764,Maple Inn Ahmedabad,Ahmedabad,Hospitality,2021-06-18
3765,Prime Bazaar Mumbai,Mumbai,Retail,2025-08-09
3766,Palm Bazaar Gurugram,Gurugram,Retail,2022-11-15
3767,Sunrise Distributors Mumbai,Mumbai,Wholesale,2023-04-09
3768,Jai Hind Inn Pune,Pune,Hospitality,2025-09-17
3769,Nandi Stores Ahmedabad,Ahmedabad,Retail,2021-09-01
3770,Spice Garden Emporium Kochi,Kochi,Retail,2021-03-18
3771,Palm Tiffin Services Kolkata,Kolkata,Hospitality,2022-11-29
3772,Prime Bazaar Pune,Pune,Retail,2023-03-02
3773,Coconut Grove General Store Ahmedabad,Ahmedabad,Retail,2022-11-21
3774,Green Provisions Delhi,Delhi,Retail,2021-07-27
3775,Coastal Traders Delhi,Delhi,Retail,2025-08-16
3776,Urban Kitchens Kanpur,Kanpur,Hospitality,2024-08-09
3777,Vijay Emporium Ludhiana,Ludhiana,Retail,2021-08-24
3778,National Traders Goa,Goa,Retail,2023-05-06
3779,Pearl Orchid Supermarket,Mysuru,Retail,2020-04-18
3780,Golden Traders Pune,Pune,Retail,2023-11-18
3781,Coastal Logistics Pune,Pune,Wholesale,2023-06-19
3782,City Home Needs Hyderabad,Hyderabad,Retail,2025-03-31
3783,Golden Kitchenware Mumbai,Mumbai,Retail,2023-11-19
3784,City Depot Surat,Surat,Wholesale,2025-06-30
3785,Maple Hotels Pune,Pune,Hospitality,2022-09-14
3786,Vijay Hotels Hyderabad,Hyderabad,Hospitality,2020-02-08
3787,Krishna Supermarket Mumbai,Mumbai,Retail,2024-03-05
3788,Royal Traders Mangaluru,Mangaluru,Retail,2021-07-20
3789,Palm General Store Noida,Noida,Retail,2020-12-04
3790,Lake View Inn Surat,Surat,Hospitality,2025-02-13
3791,Mahalaxmi General Store Patna,Patna,Retail,2020-11-15
3792,Lotus General Store Bhubaneswar,Bhubaneswar,Retail,2024-12-08
3793,United General Store Raipur,Raipur,Retail,2023-11-11
3794,United United Kitchens,Hyderabad,Hospitality,2024-07-02
3795,Krishna Enterprises,Guwahati,Wholesale,2020-02-26
3796,Tulsi Emporium Kolkata,Kolkata,Retail,2024-10-03
3797,Ganesh Supermarket Delhi,Delhi,Retail,2022-10-05
3798,Harbour Banquets Thane,Thane,Hospitality,2023-09-13
3799,Galaxy Distributors Goa,Goa,Wholesale,2021-03-13
3800,Shree Provisions Bhubaneswar,Bhubaneswar,Retail,2023-08-05
3801,Bharat Wholesale Chennai,Chennai,Wholesale,2020-01-08
3802,Star Bazaar Kanpur,Kanpur,Retail,2023-06-03
3803,Om Emporium Rajkot,Rajkot,Retail,2021-07-18
3804,Coastal Hotels Gurugram,Gurugram,Hospitality,2024-05-21
3805,Sai Emporium Delhi,Delhi,Retail,2020-04-21
3806,United Banquets Bengaluru,Bengaluru,Hospitality,2024-06-21
3807,National Stores Pune,Pune,Retail,2023-07-15
3808,United Caterers Vadodara,Vadodara,Hospitality,2025-10-31
3809,Nandi Emporium Agra,Agra,Retail,2021-02-21
3810,Royal Bazaar Chennai,Chennai,Retail,2024-09-12
3811,Golden Banquets Udaipur,Udaipur,Hospitality,2020-12-11
3812,Laxmi Home Needs Mangaluru,Mangaluru,Retail,2025-06-23
3813,Pearl Stores Bengaluru,Bengaluru,Retail,2025-10-24
3814,Pearl Bazaar Patna,Patna,Retail,2021-10-16
3815,Galaxy Kitchenware Pune,Pune,Retail,2023-09-13
3816,Krishna Bazaar Delhi,Delhi,Retail,2024-09-07
3817,Laxmi Green Foods,Bengaluru,Hospitality,2024-12-18
3818,Lake View Distributors,Kanpur,Wholesale,2023-11-01
3819,United Resorts Kolkata,Kolkata,Hospitality,2023-08-25
3820,United Emporium Mysuru,Mysuru,Retail,2023-10-15
3821,Coconut Grove Tiffin Services,Nagpur,Hospitality,2023-07-03
3822,Pearl Balaji Kitchens,Delhi,Hospitality,2024-03-31
3823,Sapphire Tiffin Services Mangaluru,Mangaluru,Hospitality,2024-05-11
3824,Shree Banquets Mumbai,Mumbai,Hospitality,2023-01-15
3825,Supreme Kitchens Noida,Noida,Hospitality,2023-12-15
3826,Nandi Mart Ludhiana,Ludhiana,Retail,2022-01-21
3827,Urban Inn Ahmedabad,Ahmedabad,Hospitality,2023-10-02
3828,Sunrise Provisions Chennai,Chennai,Retail,2025-04-16
3829,Blue General Store Gurugram,Gurugram,Retail,2021-04-28
3830,Rainbow Home Needs Noida,Noida,Retail,2021-07-09
3831,Hill View Suppliers Ahmedabad,Ahmedabad,Wholesale,2024-10-27
3832,Sapphire Suppliers Surat,Surat,Wholesale,2024-08-18
3833,Tulsi Kitchens Bengaluru,Bengaluru,Hospitality,2023-02-26
3834,Lotus Stores Ahmedabad,Ahmedabad,Retail,2025-04-11
3835,Silver Exports Guwahati,Guwahati,Wholesale,2025-08-12
3836,Pearl Trading Co Jaipur,Jaipur,Wholesale,2023-04-15
3837,Palm Caterers Vadodara,Vadodara,Hospitality,2020-04-28
3838,Prime Caterers Dehradun,Dehradun,Hospitality,2024-12-17
3839,Blue Depot,Guwahati,Wholesale,2024-10-10
3840,Maple Bazaar Chandigarh,Chandigarh,Retail,2023-09-03
3841,Coastal Kitchenware Rajkot,Rajkot,Retail,2020-07-19
3842,Bharat Caterers Madurai,Madurai,Hospitality,2024-11-14
3843,Harbour General Store Delhi,Delhi,Retail,2021-08-28
3844,Maple Kitchenware Ranchi,Ranchi,Retail,2024-08-16
3845,Silk Route Logistics Hyderabad,Hyderabad,Wholesale,2021-11-14
3846,Shree Agencies Chennai,Chennai,Wholesale,2024-12-09
3847,Coconut Grove Restaurant Delhi,Delhi,Hospitality,2022-05-04
3848,Mahalaxmi Caterers Thiruvananthapuram,Thiruvananthapuram,Hospitality,2022-02-07
3849,Om Inn Bengaluru,Bengaluru,Hospitality,2025-07-23
3850,New Provisions Nashik,Nashik,Retail,2021-04-17
3851,Sunrise Logistics,Chennai,Wholesale,2021-02-01
3852,Mahalaxmi Emporium Mumbai,Mumbai,Retail,2025-06-09
3853,Mahalaxmi Kitchenware Vadodara,Vadodara,Retail,2022-02-16
3854,Prime Wholesale Mysuru,Mysuru,Wholesale,2021-07-22
3855,Blue Enterprises Madurai,Madurai,Wholesale,2020-06-26
3856,Harbour Stores Chennai,,Retail,2021-11-03
3857,Modern Caterers,Rajkot,Hospitality,2020-11-03
3858,Saffron Cafe Kanpur,Kanpur,Hospitality,2025-08-27
3859,Harbour Supermarket Ludhiana,Ludhiana,Retail,2022-03-23
3860,Sunrise Caterers Mumbai,Mumbai,Hospitality,2024-01-30
3861,National Provisions Dehradun,Dehradun,Retail,2020-01-23
3862,Rainbow Provisions Delhi,Delhi,Retail,2020-06-25
3863,Bharat Emporium Rajkot,Rajkot,Retail,2025-03-31
3864,Silk Route Depot Mumbai,Mumbai,Wholesale,2023-01-21
3865,Coastal Traders Chennai,Chennai,Retail,2021-08-22
3866,Saffron Restaurant Gurugram,Gurugram,Hospitality,2020-07-21
3867,New Bazaar Nagpur,Nagpur,Retail,2023-08-03
3868,Heritage Restaurant Mysuru,Mysuru,Hospitality,2025-07-28
3869,New Resorts Madurai,Madurai,Hospitality,2022-05-02
3870,Sai Cafe,Mumbai,Hospitality,2022-11-12
3871,Shree Inn Mysuru,Mysuru,Hospitality,2024-11-22
3872,Royal Mart Pune,Pune,Retail,2022-06-13
3873,Classic Distributors Delhi,Delhi,Wholesale,2024-11-17
3874,Bharat Silk Route Home Needs,Mumbai,Retail,2024-06-01
3875,New Trading Co Delhi,Delhi,Wholesale,2023-01-11
3876,Coconut Grove Tiffin Services Delhi,Delhi,Hospitality,2025-06-03
3877,Balaji Supermarket Gurugram,Gurugram,Retail,2023-07-15
3878,Green Supermarket,Bengaluru,Retail,2021-09-18
3879,Om Kitchenware Mumbai,Mumbai,Retail,2021-07-29
3880,Hill View Stores Ahmedabad,Ahmedabad,Retail,2023-03-04
3881,Coastal Stores Aurangabad,Aurangabad,Retail,2021-03-07
3882,Blue Caterers Agra,Agra,Hospitality,2022-08-07
3883,Classic Om Mart,Mumbai,Retail,2023-02-05
3884,United Home Needs Nashik,Nashik,Retail,2020-05-19
3885,Metro Traders Thane,Thane,Retail,2021-09-09
3886,Hill View Stores Delhi,Delhi,Retail,2023-06-04
3887,Bharat Trading Co Thane,Thane,Wholesale,2023-09-20
3888,Balaji Emporium Surat,Surat,Retail,2023-06-19
3889,Spice Garden Foods Chandigarh,Chandigarh,Hospitality,2023-04-15
3890,Balaji Mart Jaipur,Jaipur,Retail,2025-01-18
3891,Blue Banquets Thane,Thane,Hospitality,2023-06-16
3892,Orchid Traders Patna,Patna,Retail,2020-09-21
3893,Om Traders Mumbai,Mumbai,Retail,2022-02-11
3894,New Trading Co Thiruvananthapuram,Thiruvananthapuram,Wholesale,2023-07-11
3895,Shree Mart Chennai,Chennai,Retail,2020-02-29
3896,Golden Mart Agra,Agra,Retail,2021-12-25
3897,Mahalaxmi Agencies Rajkot,Rajkot,Wholesale,2024-01-29
3898,Urban Cafe Mumbai,Mumbai,Hospitality,2022-05-16
3899,Silk Route Resorts,Jaipur,Hospitality,2021-09-27
3900,Mahalaxmi Resorts Indore,Indore,Hospitality,2025-06-22
3901,Sapphire Emporium Agra,,Retail,2021-05-27
3902,Green Traders Indore,Indore,Retail,2023-06-28
3903,Crystal Foods Hyderabad,Hyderabad,Hospitality,2024-02-07
3904,Balaji Traders Hyderabad,Hyderabad,Retail,2020-09-23
3905,Prime Restaurant,Ranchi,Hospitality,2025-02-15
3906,Saffron Resorts Mumbai,Mumbai,Hospitality,2022-01-17
3907,Royal Supermarket Bengaluru,Bengaluru,Retail,2020-05-15
3908,Coastal Traders Raipur,Raipur,Retail,2024-04-07
3909,United Inn Dehradun,Dehradun,Hospitality,2022-09-17
3910,River Side Wholesale,Visakhapatnam,Wholesale,2021-11-17
3911,New General Store Chennai,Chennai,Retail,2023-04-30
3912,Evergreen Banquets Nashik,Nashik,Hospitality,2024-08-19
3913,Supreme Traders Udaipur,Udaipur,Retail,2021-03-15
3914,Crystal Tiffin Services,Kochi,Hospitality,2022-03-09
3915,City Banquets Coimbatore,Coimbatore,Hospitality,2025-07-24
3916,Harbour Restaurant Nagpur,Nagpur,Hospitality,2022-10-10
3917,Shree Stores Indore,Indore,Retail,2024-10-05
3918,Sai Stores Hyderabad,Hyderabad,Retail,2020-01-11
3919,Star Blue Kitchenware,Dehradun,Retail,2020-03-10
3920,United Exports,Visakhapatnam,Wholesale,2025-04-24
3921,Star Kitchenware Ahmedabad,Ahmedabad,Retail,2020-05-24
3922,Silk Route Foods Hyderabad,Hyderabad,Hospitality,2024-12-06
3923,Coastal General Store Delhi,Delhi,Retail,2023-03-12
3924,Saffron Bazaar Guwahati,Guwahati,Retail,2020-12-15
3925,Coastal Emporium Raipur,,Retail,2021-11-04
3926,Bharat Cafe,,Hospitality,2023-10-27
3927,City Cafe Hyderabad,Hyderabad,Hospitality,2022-11-09
3928,Silk Route Stores Bengaluru,Bengaluru,Retail,2021-02-27
3929,Green Foods Thane,Thane,Hospitality,2025-07-07
3930,Spice Garden Trading Co Hyderabad,Hyderabad,Wholesale,2023-08-06
3931,Golden Trading Co Indore,Indore,Wholesale,2024-11-01
3932,Modern Restaurant Ahmedabad,Ahmedabad,Hospitality,2020-06-22
3933,Om Wholesale Bhubaneswar,Bhubaneswar,Wholesale,2023-11-06
3934,Lotus Home Needs Bhubaneswar,Bhubaneswar,Retail,2023-12-04
3935,Ganesh Banquets Bengaluru,Bengaluru,Hospitality,2022-08-15
3936,Saffron Bazaar Chennai,Chennai,Retail,2025-10-15
3937,Classic Mart Thane,Thane,Retail,2023-09-03
3938,Prime Silver Mart,Dehradun,Retail,2023-06-13
3939,Tulsi Resorts Bengaluru,Bengaluru,Hospitality,2025-05-09
3940,Blue Resorts,Ludhiana,Hospitality,2024-08-16
3941,Coconut Grove New Home Needs,Bhubaneswar,Retail,2024-10-24
3942,Supreme Provisions Kolkata,Kolkata,Retail,2020-04-01
3943,Modern Balaji Supermarket,Aurangabad,Retail,2020-08-04
3944,Metro Kitchenware Udaipur,Udaipur,Retail,2022-03-28
3945,Prime Provisions Mangaluru,Mangaluru,Retail,2021-07-18
3946,Sunrise Provisions Dehradun,Dehradun,Retail,2021-06-30
3947,Coastal Distributors Bengaluru,,Wholesale,2023-06-06
3948,Royal Hotels Delhi,Delhi,Hospitality,2025-11-26
3949,Blue Kitchenware Coimbatore,Coimbatore,Retail,2024-05-30
3950,Om Home Needs Hyderabad,Hyderabad,Retail,2025-04-09
3951,City Pearl Hotels,Thiruvananthapuram,Hospitality,2025-07-31
3952,Maple Stores Ahmedabad,Ahmedabad,Retail,2020-04-01
3953,Crystal Home Needs Thane,Thane,Retail,2024-08-29
3954,Crystal Supermarket Chandigarh,Chandigarh,Retail,2025-10-30
3955,Green Resorts,Ahmedabad,Hospitality,2022-05-22
3956,Modern Traders Thane,Thane,Retail,2022-11-03
3957,Saffron Home Needs Kochi,Kochi,Retail,2023-09-02
3958,Heritage Provisions Kochi,Kochi,Retail,2021-08-22
3959,Vijay General Store Mumbai,Mumbai,Retail,2021-11-06
3960,Bharat Inn Visakhapatnam,Visakhapatnam,Hospitality,2024-05-21
3961,Om Exports,Madurai,Wholesale,2020-02-19
3962,Spice Garden Traders Jaipur,Jaipur,Retail,2025-01-12
3963,Ganesh Shree Resorts,Bhubaneswar,Hospitality,2021-01-09
3964,Sunrise Tiffin Services Noida,Noida,Hospitality,2021-04-11
3965,River Side Agencies Ahmedabad,Ahmedabad,Wholesale,2023-02-11
3966,Bharat Kitchens Jaipur,Jaipur,Hospitality,2023-01-10
3967,Pearl Jai Hind Caterers,Chennai,Hospitality,2023-04-26
3968,Hill View General Store Hyderabad,Hyderabad,Retail,2021-12-14
3969,Prime Distributors,Bhubaneswar,Wholesale,2022-03-24
3970,City General Store Visakhapatnam,,Retail,2021-11-12
3971,Silk Route Mart Dehradun,Dehradun,Retail,2020-05-21
3972,New Resorts Patna,Patna,Hospitality,2025-02-18
3973,Crystal Supermarket Hyderabad,Hyderabad,Retail,2020-07-25
3974,Golden Emporium Mumbai,Mumbai,Retail,2024-01-17
3975,Modern Inn Patna,Patna,Hospitality,2024-12-03
3976,Pearl Emporium Chennai,Chennai,Retail,2023-05-31
3977,Hill View Wholesale,Delhi,Wholesale,2023-10-11
3978,Pearl Foods Ahmedabad,Ahmedabad,Hospitality,2025-04-22
3979,United Restaurant Chennai,Chennai,Hospitality,2021-12-22
3980,Shree Bazaar Delhi,Delhi,Retail,2023-11-08
3981,Pearl Resorts Chennai,Chennai,Hospitality,2023-04-21
3982,Sapphire Emporium Guwahati,,Retail,2021-01-15
3983,Urban Traders Raipur,Raipur,Retail,2021-04-03
3984,Modern Emporium Raipur,Raipur,Retail,2025-06-22
3985,Galaxy Hotels,Madurai,Hospitality,2025-10-27
3986,Saffron General Store Mumbai,Mumbai,Retail,2020-02-28
3987,Mahalaxmi Stores Coimbatore,Coimbatore,Retail,2023-08-07
3988,Rainbow Stores Thane,Thane,Retail,2024-06-14
3989,Saffron Hotels Hyderabad,Hyderabad,Hospitality,2020-01-28
3990,Spice Garden Traders Pune,Pune,Retail,2023-07-17
3991,Balaji Foods Surat,Surat,Hospitality,2020-11-27
3992,Harbour New Logistics,Delhi,Wholesale,2022-05-25
3993,National Foods,Delhi,Hospitality,2022-12-07
3994,Classic Mart Kolkata,Kolkata,Retail,2025-02-18
3995,Mahalaxmi Mart Kanpur,Kanpur,Retail,2024-07-07
3996,Supreme Home Needs Bengaluru,Bengaluru,Retail,2025-09-08
3997,Metro Inn Agra,Agra,Hospitality,2025-08-25
3998,Silver Restaurant,Surat,Hospitality,2020-07-09
3999,Modern Wholesale,Ludhiana,Wholesale,2024-04-08
4000,Bharat Distributors,Bhubaneswar,Wholesale,2025-03-25
4001,National Stores Mysuru,Mysuru,Retail,2021-07-09
4002,Shree Provisions Mumbai,Mumbai,Retail,2023-11-13
4003,Prime Bazaar Chennai,Chennai,Retail,2023-12-15
4004,Sai Hotels Kolkata,Kolkata,Hospitality,2025-10-02
4005,Ganesh Kitchenware Mumbai,Mumbai,Retail,2024-06-17
4006,Shree Coconut Grove Provisions,Delhi,Retail,2022-08-24
4007,Golden Bazaar Thane,Thane,Retail,2020-08-01
4008,City Foods Indore,Indore,Hospitality,2020-05-25
4009,Coastal Hotels Thiruvananthapuram,Thiruvananthapuram,Hospitality,2023-04-15
4010,New Kitchenware Goa,Goa,Retail,2021-12-11
4011,Tulsi Resorts Thiruvananthapuram,Thiruvananthapuram,Hospitality,2023-06-28
4012,Nandi Foods Mumbai,Mumbai,Hospitality,2024-02-17
4013,Evergreen Home Needs Ahmedabad,Ahmedabad,Retail,2022-09-02
4014,Palm Provisions Mysuru,Mysuru,Retail,2021-03-04
4015,Heritage Emporium Mangaluru,Mangaluru,Retail,2023-02-22
4016,Maple Lotus Mart,Bengaluru,Retail,2025-07-04
4017,Urban Foods Delhi,Delhi,Hospitality,2020-03-28
4018,Harbour Tiffin Services Chennai,Chennai,Hospitality,2021-02-15
4019,Balaji Stores Jaipur,Jaipur,Retail,2025-03-21
4020,Spice Garden Emporium Udaipur,Udaipur,Retail,2023-04-25
4021,Laxmi Emporium Chennai,Chennai,Retail,2023-05-29
4022,Star Restaurant,Mumbai,Hospitality,2023-01-29
4023,Palm Restaurant Mangaluru,Mangaluru,Hospitality,2020-11-11
4024,Vijay Stores Hyderabad,Hyderabad,Retail,2022-03-26
4025,Sunrise Depot Kanpur,Kanpur,Wholesale,2024-10-22
4026,Bharat Banquets Hyderabad,Hyderabad,Hospitality,2024-06-04
4027,Coconut Grove Home Needs Hyderabad,Hyderabad,Retail,2020-09-05
4028,Jai Hind Logistics Mysuru,Mysuru,Wholesale,2023-06-27
4029,Laxmi Foods Aurangabad,Aurangabad,Hospitality,2023-09-08
4030,Harbour Crystal Supermarket,Delhi,Retail,2023-08-28
4031,Palm Enterprises Coimbatore,Coimbatore,Wholesale,2025-02-12
4032,Green Mart Mysuru,Mysuru,Retail,2025-06-30
4033,Green Bazaar Ahmedabad,Ahmedabad,Retail,2025-06-17
4034,Balaji Trading Co Delhi,Delhi,Wholesale,2021-01-12
4035,Green Wholesale,Gurugram,Wholesale,2020-11-08
4036,Green Distributors Hyderabad,Hyderabad,Wholesale,2022-07-03
4037,Pearl Restaurant Bengaluru,Bengaluru,Hospitality,2023-07-10
4038,Lake View Foods Mumbai,Mumbai,Hospitality,2022-07-20
4039,Sapphire General Store Mumbai,Mumbai,Retail,2023-01-03
4040,Mahalaxmi Cafe Ludhiana,Ludhiana,Hospitality,2024-12-16
4041,United United Provisions,Ahmedabad,Retail,2021-07-13
4042,Sapphire Traders Guwahati,,Retail,2025-04-10
4043,Tulsi Depot Chandigarh,Chandigarh,Wholesale,2022-03-29
4044,Silver Kitchenware Mumbai,Mumbai,Retail,2023-11-13
4045,Laxmi Packaging Ahmedabad,,Wholesale,2022-10-09
4046,Spice Garden Sai Bazaar,Pune,Retail,2022-05-17
4047,Urban Hotels,Pune,Hospitality,2022-11-07
4048,New Home Needs Ahmedabad,Ahmedabad,Retail,2023-12-05
4049,Sai Mart Vadodara,Vadodara,Retail,2023-03-30
4050,Orchid General Store Mumbai,Mumbai,Retail,2023-03-23
4051,Classic Caterers Mumbai,Mumbai,Hospitality,2025-04-13
4052,Blue Emporium Thane,Thane,Retail,2023-10-03
4053,Krishna Kitchenware Nagpur,Nagpur,Retail,2021-12-20
4054,Spice Garden Traders Visakhapatnam,Visakhapatnam,Retail,2020-05-29
4055,Heritage Supermarket Chennai,Chennai,Retail,2024-06-14
4056,Mahalaxmi Supermarket Kanpur,Kanpur,Retail,2025-10-18
4057,Silk Route Home Needs Nagpur,Nagpur,Retail,2023-05-25
4058,Vijay Kitchens Coimbatore,Coimbatore,Hospitality,2024-02-07
4059,Shree Kitchens Kolkata,Kolkata,Hospitality,2024-09-13
4060,United Supermarket Kochi,Kochi,Retail,2023-12-11
4061,Laxmi Provisions Bengaluru,Bengaluru,Retail,2021-05-24
4062,Royal Packaging,Hyderabad,Wholesale,2023-04-26
4063,Sapphire Restaurant Ahmedabad,Ahmedabad,Hospitality,2023-11-14
4064,Crystal Hotels Bengaluru,Bengaluru,Hospitality,2021-11-24
4065,Maple Restaurant,Madurai,Hospitality,2024-11-15
4066,Crystal Exports Noida,Noida,Wholesale,2024-02-20
4067,Galaxy Cafe Bengaluru,Bengaluru,Hospitality,2024-04-07
4068,Classic Stores Mysuru,Mysuru,Retail,2020-03-09
4069,Urban Lake View Traders,Raipur,Retail,2024-08-30
4070,Saffron Home Needs Noida,Noida,Retail,2022-11-03
4071,Krishna Stores Kanpur,Kanpur,Retail,2023-07-13
4072,Urban Supermarket Noida,Noida,Retail,2025-05-19
4073,Ganesh Banquets Surat,Surat,Hospitality,2023-01-30
4074,Coastal Tiffin Services,Kolkata,Hospitality,2025-09-12
4075,Balaji Provisions Kanpur,Kanpur,Retail,2024-02-23
4076,Hill View Enterprises Mysuru,Mysuru,Wholesale,2023-03-29
4077,Bharat Suppliers Chennai,,Wholesale,2025-07-05
4078,Galaxy Stores Pune,Pune,Retail,2023-11-20
4079,Palm Kitchenware Dehradun,Dehradun,Retail,2023-09-10
4080,Vijay Stores Kanpur,Kanpur,Retail,2025-02-17
4081,Ganesh Provisions Kanpur,Kanpur,Retail,2020-02-24
4082,Spice Garden Bazaar Raipur,Raipur,Retail,2020-06-30
4083,Krishna Supermarket Surat,Surat,Retail,2020-01-16
4084,Royal Stores Noida,Noida,Retail,2021-03-11
4085,Silk Route Caterers Mumbai,Mumbai,Hospitality,2022-01-30
4086,Silk Route Logistics Udaipur,Udaipur,Wholesale,2021-04-08
4087,Palm Traders Raipur,Raipur,Retail,2024-10-20
4088,Mahalaxmi Home Needs Dehradun,Dehradun,Retail,2020-05-15
4089,Coconut Grove Cafe Mumbai,Mumbai,Hospitality,2024-07-17
4090,Bharat Logistics Delhi,Delhi,Wholesale,2023-02-13
4091,Sunrise Depot Bengaluru,Bengaluru,Wholesale,2020-01-06
4092,Harbour United Traders,Ahmedabad,Retail,2023-12-13
4093,New Depot Aurangabad,Aurangabad,Wholesale,2021-06-28
4094,Sunrise Trading Co Hyderabad,Hyderabad,Wholesale,2020-07-24
4095,Balaji Foods Thane,Thane,Hospitality,2021-08-07
4096,Supreme Supermarket Jaipur,Jaipur,Retail,2020-06-28
4097,Classic Sai Kitchenware,Mumbai,Retail,2024-02-21
4098,Classic Krishna Foods,Lucknow,Hospitality,2025-02-20
4099,Pearl Suppliers Kolkata,Kolkata,Wholesale,2020-08-16
4100,River Side Mart Noida,Noida,Retail,2025-10-15
4101,Modern Traders Ludhiana,Ludhiana,Retail,2020-09-09
4102,Golden General Store Gurugram,Gurugram,Retail,2022-03-21
4103,Prime Suppliers Lucknow,,Wholesale,2022-06-05
4104,Modern Caterers Agra,Agra,Hospitality,2024-01-14
4105,Galaxy Home Needs Thiruvananthapuram,Thiruvananthapuram,Retail,2025-03-06
4106,Laxmi Kitchenware Ranchi,Ranchi,Retail,2024-03-06
4107,Heritage Classic Inn,Lucknow,Hospitality,2025-03-13
4108,Coconut Grove Home Needs Nagpur,Nagpur,Retail,2021-06-06
4109,Green Banquets Mumbai,Mumbai,Hospitality,2020-01-16
4110,Ganesh Supermarket Pune,Pune,Retail,2024-04-19
4111,Heritage Provisions Pune,Pune,Retail,2025-07-24
4112,Nandi Modern Mart,Delhi,Retail,2022-04-28
4113,Lake View Evergreen Packaging,Mumbai,Wholesale,2023-07-14
4114,Jai Hind Resorts Visakhapatnam,Visakhapatnam,Hospitality,2022-05-28
4115,Silk Route Kitchenware Goa,Goa,Retail,2023-04-18
4116,Bharat Banquets Lucknow,Lucknow,Hospitality,2020-10-16
4117,Ganesh Tiffin Services Surat,Surat,Hospitality,2024-02-05
4118,Blue Cafe Noida,Noida,Hospitality,2022-04-14
4119,Lake View Kitchenware Delhi,Delhi,Retail,2021-01-21
4120,Sai Inn Indore,Indore,Hospitality,2023-04-01
4121,Jai Hind New Cafe,Mumbai,Hospitality,2025-02-05
4122,Om Kitchens Kanpur,Kanpur,Hospitality,2022-03-19
4123,Harbour Resorts Agra,Agra,Hospitality,2025-04-11
4124,Pearl Bazaar Mumbai,Mumbai,Retail,2020-09-24
4125,Galaxy Suppliers Raipur,Raipur,Wholesale,2024-12-11
4126,Evergreen Provisions Agra,Agra,Retail,2023-06-13
4127,Rainbow Saffron Emporium,Chennai,Retail,2021-08-04
4128,Prime Emporium Dehradun,Dehradun,Retail,2024-03-08
4129,Spice Garden Supermarket Aurangabad,,Retail,2020-09-29
4130,Bharat Home Needs Ranchi,Ranchi,Retail,2020-03-10
4131,Classic Kitchenware Visakhapatnam,,Retail,2025-06-28
4132,Harbour Packaging Pune,Pune,Wholesale,2023-09-04
4133,Mahalaxmi Home Needs Visakhapatnam,Visakhapatnam,Retail,2025-08-04
4134,Orchid Mart Coimbatore,Coimbatore,Retail,2020-12-29
4135,City Tiffin Services Delhi,Delhi,Hospitality,2025-02-26
4136,Supreme Emporium Mumbai,Mumbai,Retail,2021-10-23
4137,Blue General Store Mumbai,Mumbai,Retail,2022-12-10
4138,Saffron Stores Bengaluru,Bengaluru,Retail,2024-07-12
4139,Nandi Inn Delhi,Delhi,Hospitality,2021-10-06
4140,Pearl Exports Delhi,Delhi,Wholesale,2025-07-21
4141,Jai Hind Hotels Goa,Goa,Hospitality,2023-10-05
4142,Bharat Stores Kolkata,Kolkata,Retail,2022-11-04
4143,Spice Garden Provisions Goa,Goa,Retail,2025-01-05
4144,Mahalaxmi Distributors,Gurugram,Wholesale,2023-12-15
4145,Nandi Traders Visakhapatnam,Visakhapatnam,Retail,2025-01-01
4146,Blue Shree Hotels,Pune,Hospitality,2024-03-13
4147,Modern Tiffin Services Agra,Agra,Hospitality,2025-01-04
4148,Pearl Traders Gurugram,Gurugram,Retail,2021-06-11
4149,Rainbow Blue Bazaar,Chennai,Retail,2024-11-30
4150,Krishna Enterprises Nagpur,Nagpur,Wholesale,2020-12-17
4151,Supreme Kitchens Ahmedabad,Ahmedabad,Hospitality,2020-03-21
4152,Tulsi Traders Bhubaneswar,Bhubaneswar,Retail,2020-09-25
4153,Classic Restaurant Agra,Agra,Hospitality,2023-07-19
4154,Golden Mart Madurai,Madurai,Retail,2023-06-01
4155,Lake View Provisions,Delhi,Retail,2022-01-26
4156,Palm Caterers Ranchi,Ranchi,Hospitality,2024-07-07
4157,Lotus Cafe Kolkata,Kolkata,Hospitality,2023-10-23
4158,Laxmi Traders Mumbai,Mumbai,Retail,2022-03-18
4159,Palm Enterprises Rajkot,Rajkot,Wholesale,2023-09-20
4160,Sai Traders Hyderabad,Hyderabad,Retail,2020-03-24
4161,Prime Restaurant Visakhapatnam,Visakhapatnam,Hospitality,2020-09-09
4162,Silver Provisions Thane,Thane,Retail,2025-03-18
4163,United Caterers Agra,Agra,Hospitality,2023-04-09
4164,Shree Emporium Delhi,Delhi,Retail,2023-07-28
4165,Spice Garden Kitchenware Bhubaneswar,Bhubaneswar,Retail,2023-12-05
4166,Bharat Emporium Delhi,Delhi,Retail,2025-03-29
4167,Lotus Mart Vadodara,Vadodara,Retail,2022-07-29
4168,Heritage Traders Agra,Agra,Retail,2020-09-19
4169,Supreme Home Needs Madurai,Madurai,Retail,2021-11-01
4170,Krishna Kitchens Visakhapatnam,Visakhapatnam,Hospitality,2022-06-17
4171,Royal Enterprises,Patna,Wholesale,2020-03-28
4172,Silk Route Provisions Ludhiana,Ludhiana,Retail,2021-05-18
4173,Bharat Provisions Bengaluru,Bengaluru,Retail,2022-08-09
4174,Heritage Distributors Madurai,Madurai,Wholesale,2020-08-31
4175,National Caterers Delhi,Delhi,Hospitality,2022-03-17
4176,Heritage Banquets Rajkot,Rajkot,Hospitality,2025-05-07
4177,Ganesh Hotels Ahmedabad,Ahmedabad,Hospitality,2021-08-30
4178,Nandi Supermarket Madurai,Madurai,Retail,2022-08-25
4179,Sai Restaurant Udaipur,Udaipur,Hospitality,2023-02-01
4180,Heritage General Store Bengaluru,Bengaluru,Retail,2021-10-24
4181,Coconut Grove Provisions Kochi,,Retail,2023-12-18
4182,City Home Needs Mysuru,Mysuru,Retail,2022-12-09
4183,Coastal Banquets Jaipur,Jaipur,Hospitality,2021-07-12
4184,United Distributors Mumbai,Mumbai,Wholesale,2020-01-10
4185,Silver Mart Chandigarh,Chandigarh,Retail,2020-08-30
4186,Royal Packaging Delhi,Delhi,Wholesale,2023-07-05
4187,Vijay Bazaar,Vadodara,Retail,2021-01-11
4188,Lake View Supermarket Pune,Pune,Retail,2023-04-16
4189,Green Kitchens Mumbai,Mumbai,Hospitality,2025-11-07
4190,Om Caterers Dehradun,Dehradun,Hospitality,2021-10-25
4191,Galaxy Logistics Indore,Indore,Wholesale,2023-06-27
4192,National Coconut Grove Home Needs,Kolkata,Retail,2021-01-18
4193,Lotus General Store Hyderabad,Hyderabad,Retail,2023-09-19
4194,Silk Route Tiffin Services Pune,Pune,Hospitality,2020-11-08
4195,Nandi Stores Delhi,Delhi,Retail,2023-10-29
4196,Sai Foods Dehradun,Dehradun,Hospitality,2022-11-26
4197,Blue Provisions Delhi,Delhi,Retail,2024-01-03
4198,Metro Traders Delhi,Delhi,Retail,2021-02-07
4199,National Tiffin Services Bengaluru,Bengaluru,Hospitality,2022-02-20
4200,Tulsi Lake View Traders,Delhi,Retail,2021-07-06
4201,Jai Hind Foods Chennai,Chennai,Hospitality,2020-12-08
4202,Lotus Supermarket Coimbatore,Coimbatore,Retail,2025-10-01
4203,Modern Supermarket Bhubaneswar,Bhubaneswar,Retail,2020-11-12
4204,Bharat Kitchenware Bengaluru,Bengaluru,Retail,2023-02-16
4205,Mahalaxmi Hotels Thane,Thane,Hospitality,2023-02-10
4206,Star Restaurant Kolkata,Kolkata,Hospitality,2022-02-09
4207,Sai Banquets Kolkata,Kolkata,Hospitality,2021-11-20
4208,Modern General Store Ranchi,Ranchi,Retail,2022-01-16
4209,Sapphire General Store Ahmedabad,Ahmedabad,Retail,2024-07-03
4210,Classic Mart Ahmedabad,Ahmedabad,Retail,2024-08-08
4211,New River Side Home Needs,Bengaluru,Retail,2024-02-26
4212,Urban Supermarket Goa,Goa,Retail,2024-12-28
4213,Ganesh Foods Bengaluru,Bengaluru,Hospitality,2020-12-14
4214,Sunrise Foods,Nagpur,Hospitality,2021-11-06
4215,Shree Provisions Kochi,Kochi,Retail,2023-05-08
4216,Saffron Inn Mumbai,Mumbai,Hospitality,2023-05-01
4217,Green Distributors Thane,Thane,Wholesale,2020-06-05
4218,Coconut Grove Supreme Kitchenware,Delhi,Retail,2025-09-09
4219,United Sunrise Emporium,Delhi,Retail,2023-12-17
4220,Spice Garden Provisions Pune,Pune,Retail,2022-04-19
4221,Spice Garden Traders Hyderabad,Hyderabad,Retail,2024-01-03
4222,Mahalaxmi Trading Co Guwahati,Guwahati,Wholesale,2021-11-04
4223,Coconut Grove Emporium Madurai,Madurai,Retail,2020-08-30
4224,Laxmi Galaxy Home Needs,Delhi,Retail,2024-01-15
4225,Royal Cafe Coimbatore,Coimbatore,Hospitality,2022-02-09
4226,Bharat Inn Delhi,Delhi,Hospitality,2022-10-22
4227,Classic Restaurant Pune,Pune,Hospitality,2020-09-22
4228,Laxmi Foods Kanpur,Kanpur,Hospitality,2023-07-28
4229,Coconut Grove Kitchenware Mangaluru,Mangaluru,Retail,2022-05-27
4230,Royal Kitchenware Rajkot,Rajkot,Retail,2025-08-31
4231,Sunrise Foods Gurugram,Gurugram,Hospitality,2023-12-29
4232,New Caterers Kolkata,Kolkata,Hospitality,2020-04-30
4233,Metro Kitchens Lucknow,Lucknow,Hospitality,2020-08-02
4234,Lotus Supermarket Raipur,Raipur,Retail,2020-08-28
4235,Star Mart Thane,Thane,Retail,2020-06-16
4236,Mahalaxmi Urban Provisions,Pune,Retail,2024-12-28
4237,Crystal Kitchenware Ahmedabad,Ahmedabad,Retail,2023-05-16
4238,National Restaurant Nagpur,Nagpur,Hospitality,2022-11-03
4239,Mahalaxmi Suppliers Ranchi,Ranchi,Wholesale,2024-04-21
4240,Silk Route Metro Inn,Mumbai,Hospitality,2023-12-02
4241,Silk Route Kitchenware Madurai,Madurai,Retail,2020-11-02
4242,Coconut Grove Banquets Aurangabad,Aurangabad,Hospitality,2023-12-20
4243,Heritage Kitchenware Delhi,Delhi,Retail,2022-03-05
4244,Classic Supermarket Mumbai,Mumbai,Retail,2021-09-25
4245,Silk Route Foods Ahmedabad,Ahmedabad,Hospitality,2024-05-04
4246,Lake View Home Needs Mangaluru,Mangaluru,Retail,2020-08-20
4247,Palm Mart Patna,Patna,Retail,2024-08-06
4248,Harbour Caterers Lucknow,Lucknow,Hospitality,2025-05-30
4249,City General Store Chennai,Chennai,Retail,2022-05-21
4250,Metro Emporium Kolkata,Kolkata,Retail,2025-10-13
4251,United Hotels Mumbai,Mumbai,Hospitality,2025-07-29
4252,Hill View Resorts Delhi,Delhi,Hospitality,2024-12-16
4253,City Bazaar Gurugram,Gurugram,Retail,2020-07-01
4254,Shree Bazaar Nashik,Nashik,Retail,2022-12-29
4255,Shree Caterers,Mumbai,Hospitality,2022-05-23
4256,Evergreen Krishna Resorts,Pune,Hospitality,2025-09-12
4257,Prime Home Needs Delhi,Delhi,Retail,2020-12-14
4258,Om Distributors Kolkata,Kolkata,Wholesale,2021-06-03
4259,Nandi Banquets Mumbai,Mumbai,Hospitality,2022-09-17
4260,Urban Stores Agra,Agra,Retail,2020-03-15
4261,Palm New Traders,Bengaluru,Retail,2025-05-24
4262,Jai Hind General Store Mumbai,Mumbai,Retail,2020-01-01
4263,Bharat Banquets Pune,Pune,Hospitality,2021-08-27
4264,Bharat Provisions Gurugram,Gurugram,Retail,2023-04-15
4265,Sunrise Emporium,Lucknow,Retail,2023-05-07
4266,Krishna Supermarket Kolkata,Kolkata,Retail,2021-02-26
4267,Harbour Distributors Mumbai,Mumbai,Wholesale,2023-07-29
4268,Pearl Supermarket Thane,Thane,Retail,2022-04-26
4269,Metro General Store Kochi,Kochi,Retail,2022-12-10
4270,Lake View Stores Ahmedabad,Ahmedabad,Retail,2022-08-16
4271,Prime Supermarket Raipur,Raipur,Retail,2021-07-19
4272,New Balaji Emporium,Pune,Retail,2022-12-18
4273,Rainbow Home Needs Surat,Surat,Retail,2025-01-02
4274,Crystal Emporium Chennai,Chennai,Retail,2024-01-22
4275,Rainbow Packaging Ahmedabad,Ahmedabad,Wholesale,2023-02-15
4276,Sapphire Foods Delhi,Delhi,Hospitality,2022-03-24
4277,Jai Hind Banquets Jaipur,Jaipur,Hospitality,2020-08-29
4278,Heritage Foods Ludhiana,Ludhiana,Hospitality,2020-11-10
4279,Shree Inn Hyderabad,Hyderabad,Hospitality,2022-01-21
4280,Evergreen Tiffin Services Nagpur,Nagpur,Hospitality,2020-09-04
4281,Sapphire Kitchenware Kanpur,Kanpur,Retail,2021-10-24
4282,Galaxy Resorts,Delhi,Hospitality,2022-11-27
4283,Supreme Banquets Visakhapatnam,Visakhapatnam,Hospitality,2020-01-21
4284,Om Banquets Kanpur,Kanpur,Hospitality,2023-01-29
4285,Saffron Emporium Thiruvananthapuram,Thiruvananthapuram,Retail,2022-03-28
4286,Tulsi Distributors,Goa,Wholesale,2025-10-22
4287,Modern Resorts,Chennai,Hospitality,2023-12-01
4288,Modern Stores Bengaluru,Bengaluru,Retail,2025-02-03
4289,Nandi Resorts Kolkata,Kolkata,Hospitality,2023-12-21
4290,Krishna Bazaar Dehradun,Dehradun,Retail,2020-01-13
4291,Palm Packaging Delhi,Delhi,Wholesale,2023-12-02
4292,Ganesh Tiffin Services Ranchi,Ranchi,Hospitality,2023-10-31
4293,Sapphire Supermarket Ludhiana,Ludhiana,Retail,2021-09-22
4294,Saffron Stores Thane,Thane,Retail,2022-04-15
4295,Palm General Store Mumbai,Mumbai,Retail,2024-07-01
4296,Om Emporium Bengaluru,Bengaluru,Retail,2023-07-22
4297,Laxmi Wholesale,Mumbai,Wholesale,2021-08-22
4298,Maple Cafe Raipur,Raipur,Hospitality,2024-03-01
4299,New Provisions Nagpur,Nagpur,Retail,2023-02-04
4300,Royal General Store Guwahati,Guwahati,Retail,2021-06-02
4301,Crystal Prime Traders,Hyderabad,Retail,2020-06-26
4302,Metro Rainbow Resorts,Mumbai,Hospitality,2021-04-18
4303,City Cafe Delhi,Delhi,Hospitality,2022-07-05
4304,Lake View Kitchenware Pune,Pune,Retail,2022-02-26
4305,Supreme Stores Bengaluru,Bengaluru,Retail,2022-10-01
4306,Lake View Emporium,Hyderabad,Retail,2023-12-10
4307,River Side Exports Ranchi,Ranchi,Wholesale,2024-10-11
4308,Crystal Stores Nagpur,Nagpur,Retail,2022-06-07
4309,Spice Garden General Store Delhi,Delhi,Retail,2021-11-21
4310,Jai Hind General Store Ludhiana,Ludhiana,Retail,2022-08-05
4311,Lotus Depot Bengaluru,Bengaluru,Wholesale,2025-02-03
4312,Hill View Traders Coimbatore,Coimbatore,Retail,2021-08-24
4313,New Emporium Nagpur,Nagpur,Retail,2025-01-25
4314,River Side Foods Chennai,Chennai,Hospitality,2020-12-20
4315,Royal Mart Hyderabad,Hyderabad,Retail,2025-05-26
4316,Bharat Enterprises,Bengaluru,Wholesale,2022-01-01
4317,Galaxy General Store Surat,Surat,Retail,2022-01-18
4318,Supreme Classic Provisions,Bengaluru,Retail,2025-04-26
4319,Balaji Hotels Chennai,Chennai,Hospitality,2023-08-11
4320,Orchid Banquets Bengaluru,Bengaluru,Hospitality,2020-02-10
4321,Rainbow Mart Thiruvananthapuram,Thiruvananthapuram,Retail,2021-12-24
4322,Green Coastal Traders,Hyderabad,Retail,2023-04-19
4323,Saffron Tiffin Services Kolkata,Kolkata,Hospitality,2024-10-12
4324,Lake View Emporium Mangaluru,Mangaluru,Retail,2024-05-05
4325,United Kitchenware Coimbatore,Coimbatore,Retail,2025-01-02
4326,Rainbow Bazaar Hyderabad,Hyderabad,Retail,2025-06-07
4327,Galaxy Mart Mumbai,Mumbai,Retail,2020-09-17
4328,Palm Laxmi Provisions,Hyderabad,Retail,2023-04-01
4329,Saffron Stores Ranchi,Ranchi,Retail,2023-10-14
4330,Ganesh Resorts Hyderabad,Hyderabad,Hospitality,2021-04-17
4331,River Side Hotels Delhi,Delhi,Hospitality,2023-08-16
4332,Saffron Traders Guwahati,Guwahati,Retail,2020-11-12
4333,Tulsi Home Needs Delhi,Delhi,Retail,2023-01-11
4334,Sapphire Wholesale Coimbatore,Coimbatore,Wholesale,2020-01-07
4335,Balaji Bazaar Pune,Pune,Retail,2023-10-14
4336,Laxmi Cafe Hyderabad,Hyderabad,Hospitality,2020-02-10
4337,Ganesh Provisions Lucknow,Lucknow,Retail,2023-06-11
4338,Shree Resorts Gurugram,Gurugram,Hospitality,2022-08-30
4339,City General Store Raipur,Raipur,Retail,2021-07-04
4340,Coconut Grove Mart Delhi,Delhi,Retail,2020-04-10
4341,Nandi Exports,Mysuru,Wholesale,2023-04-28
4342,Sapphire Restaurant Mangaluru,Mangaluru,Hospitality,2024-08-19
4343,United Kitchens Chandigarh,Chandigarh,Hospitality,2022-08-09
4344,Rainbow Caterers Kochi,Kochi,Hospitality,2023-02-15
4345,Laxmi Kitchenware Kochi,Kochi,Retail,2022-05-02
4346,Jai Hind Cafe Madurai,Madurai,Hospitality,2024-02-16
4347,Evergreen Suppliers Jaipur,Jaipur,Wholesale,2024-06-02
4348,Coastal Mart Hyderabad,Hyderabad,Retail,2021-10-22
4349,Golden Supermarket Patna,Patna,Retail,2024-01-15
4350,Spice Garden General Store Thane,Thane,Retail,2023-06-06
4351,Star General Store Chennai,Chennai,Retail,2023-03-06
4352,Blue Trading Co,Bengaluru,Wholesale,2022-06-17
4353,Sunrise Home Needs Ahmedabad,Ahmedabad,Retail,2021-12-28
4354,Lotus Hotels Delhi,Delhi,Hospitality,2020-06-09
4355,National Exports Noida,Noida,Wholesale,2025-07-07
4356,Vijay Caterers Noida,Noida,Hospitality,2020-07-03
4357,Galaxy Hotels Ahmedabad,Ahmedabad,Hospitality,2022-03-03
4358,Maple Cafe Agra,Agra,Hospitality,2020-03-18
4359,Star Bazaar Agra,Agra,Retail,2024-05-27
4360,Coconut Grove Enterprises Delhi,Delhi,Wholesale,2023-02-22
4361,Rainbow General Store Jaipur,Jaipur,Retail,2024-02-25
4362,City Kitchenware Pune,Pune,Retail,2024-03-03
4363,Prime Mart Mumbai,Mumbai,Retail,2025-03-18
4364,Star Inn Ludhiana,Ludhiana,Hospitality,2025-11-26
4365,Ganesh Blue Restaurant,Delhi,Hospitality,2025-06-22
4366,Rainbow Hotels Guwahati,Guwahati,Hospitality,2025-01-23
4367,Sunrise Enterprises Kolkata,Kolkata,Wholesale,2022-08-03
4368,Evergreen Bazaar Mumbai,Mumbai,Retail,2024-08-12
4369,Green Hotels Mysuru,Mysuru,Hospitality,2024-09-30
4370,Galaxy Green Provisions,Ahmedabad,Retail,2025-03-04
4371,Bharat Restaurant Kochi,Kochi,Hospitality,2024-11-16
4372,Orchid General Store Indore,Indore,Retail,2024-05-31
4373,Heritage Cafe Thane,Thane,Hospitality,2024-04-28
4374,Laxmi Trading Co Mysuru,Mysuru,Wholesale,2021-07-04
4375,Golden Suppliers,Ranchi,Wholesale,2024-09-03
4376,Coconut Grove Hotels Visakhapatnam,Visakhapatnam,Hospitality,2020-05-24
4377,Coconut Grove Wholesale,Agra,Wholesale,2022-11-08
4378,Palm Banquets,Mumbai,Hospitality,2021-06-01
4379,Palm Stores Mumbai,Mumbai,Retail,2025-01-11
4380,Metro Distributors Rajkot,Rajkot,Wholesale,2020-05-05
4381,Modern Kitchens Ahmedabad,Ahmedabad,Hospitality,2020-06-16
4382,Supreme Cafe Kolkata,Kolkata,Hospitality,2020-05-04
4383,Ganesh Agencies Lucknow,Lucknow,Wholesale,2023-03-02
4384,Shree Kitchenware Nagpur,Nagpur,Retail,2024-10-20
4385,Harbour Kitchenware Indore,Indore,Retail,2023-11-17
4386,National Palm Banquets,Bengaluru,Hospitality,2024-05-24
4387,Lotus Provisions Pune,Pune,Retail,2022-04-17
4388,Evergreen Caterers Nagpur,Nagpur,Hospitality,2025-02-28
4389,Heritage Provisions Aurangabad,Aurangabad,Retail,2020-10-12
4390,Urban Foods Aurangabad,Aurangabad,Hospitality,2025-06-08
4391,Nandi Supermarket Hyderabad,Hyderabad,Retail,2024-07-29
4392,Palm Supermarket Chennai,Chennai,Retail,2023-11-03
4393,Vijay Emporium Ahmedabad,Ahmedabad,Retail,2021-02-10
4394,Balaji Kitchenware Kolkata,Kolkata,Retail,2025-06-10
4395,Heritage Modern Emporium,Delhi,Retail,2021-01-09
4396,Royal Foods,Delhi,Hospitality,2025-04-12
4397,Coastal Mart Bhubaneswar,Bhubaneswar,Retail,2024-11-11
4398,Harbour Resorts Ahmedabad,Ahmedabad,Hospitality,2025-05-25
4399,River Side Logistics,Udaipur,Wholesale,2022-09-02
4400,Sapphire Inn Delhi,Delhi,Hospitality,2025-10-13
4401,Om Stores Surat,Surat,Retail,2023-05-15
4402,Supreme Resorts Kolkata,Kolkata,Hospitality,2021-02-13
4403,Coconut Grove Distributors,Delhi,Wholesale,2022-08-06
4404,Maple General Store Delhi,Delhi,Retail,2024-09-11
4405,New Cafe Mumbai,Mumbai,Hospitality,2021-10-06
4406,Pearl Wholesale Mumbai,,Wholesale,2025-02-03
4407,Palm Kitchenware Hyderabad,,Retail,2022-07-17
4408,Lake View Kitchenware Mumbai,Mumbai,Retail,2025-04-25
4409,Shree Classic Kitchenware,Delhi,Retail,2023-04-23
4410,Shree Resorts Madurai,Madurai,Hospitality,2025-07-19
4411,Mahalaxmi Emporium Madurai,Madurai,Retail,2020-12-10
4412,Rainbow Bazaar Kolkata,Kolkata,Retail,2021-01-23
4413,Harbour Caterers Chandigarh,Chandigarh,Hospitality,2025-07-19
4414,Lake View Pearl Inn,Mysuru,Hospitality,2020-08-13
4415,Vijay Traders Raipur,Raipur,Retail,2023-03-07
4416,Golden Bazaar Delhi,Delhi,Retail,2024-02-11
4417,Pearl Resorts Bengaluru,Bengaluru,Hospitality,2024-06-17
4418,Heritage Hotels,Mysuru,Hospitality,2025-05-17
4419,Maple Inn Rajkot,Rajkot,Hospitality,2023-11-18
4420,Galaxy Enterprises Madurai,Madurai,Wholesale,2025-05-16
4421,Green Distributors Nashik,Nashik,Wholesale,2025-05-05
4422,Golden General Store Guwahati,Guwahati,Retail,2025-09-26
4423,Modern Home Needs Delhi,Delhi,Retail,2023-12-23
4424,Sunrise Krishna Emporium,Bengaluru,Retail,2021-06-01
4425,Blue Stores Ahmedabad,Ahmedabad,Retail,2023-04-01
4426,Ganesh General Store Guwahati,Guwahati,Retail,2020-05-19
4427,United Inn Pune,Pune,Hospitality,2021-06-01
4428,Blue General Store Surat,Surat,Retail,2022-04-04
4429,Sunrise Banquets Mumbai,Mumbai,Hospitality,2025-11-26
4430,Blue Mart Agra,Agra,Retail,2023-06-17
4431,Galaxy Depot Hyderabad,Hyderabad,Wholesale,2021-08-07
4432,Nandi Tiffin Services Aurangabad,Aurangabad,Hospitality,2024-02-16
4433,New Enterprises,Surat,Wholesale,2025-03-17
4434,Classic Cafe,Visakhapatnam,Hospitality,2022-06-15
4435,Silk Route Resorts Pune,Pune,Hospitality,2025-09-14
4436,Krishna General Store Chennai,Chennai,Retail,2020-10-07
4437,Palm Tiffin Services Bengaluru,Bengaluru,Hospitality,2022-11-21
4438,Metro Supermarket Indore,Indore,Retail,2025-06-15
4439,Ganesh Home Needs Rajkot,Rajkot,Retail,2020-05-04
4440,Shree General Store Ahmedabad,Ahmedabad,Retail,2023-07-12
4441,Sai Bazaar Hyderabad,Hyderabad,Retail,2024-10-02
4442,Jai Hind Lotus General Store,Ranchi,Retail,2023-10-08
4443,Coconut Grove Exports Ahmedabad,Ahmedabad,Wholesale,2021-12-19
4444,Tulsi Hotels Bengaluru,Bengaluru,Hospitality,2025-04-06
4445,Blue Banquets Rajkot,Rajkot,Hospitality,2022-11-08
4446,Rainbow Foods Pune,Pune,Hospitality,2020-06-02
4447,Mahalaxmi Supreme Mart,Gurugram,Retail,2020-08-31
4448,Modern Mart Mangaluru,Mangaluru,Retail,2023-03-01
4449,Sai Kitchenware Chandigarh,Chandigarh,Retail,2024-07-11
4450,National Crystal Bazaar,Delhi,Retail,2021-08-06
4451,Classic Mart Vadodara,Vadodara,Retail,2025-01-28
4452,Silver United Traders,Indore,Retail,2020-11-06
4453,Maple Logistics Coimbatore,Coimbatore,Wholesale,2022-06-24
4454,Crystal Stores Kolkata,Kolkata,Retail,2024-11-12
4455,Saffron Kitchens Bengaluru,Bengaluru,Hospitality,2025-03-26
4456,Modern Hotels Rajkot,Rajkot,Hospitality,2021-09-09
4457,Heritage Cafe Bhubaneswar,Bhubaneswar,Hospitality,2023-02-25
4458,Saffron Cafe Thane,,Hospitality,2025-06-09
4459,Orchid Provisions Hyderabad,Hyderabad,Retail,2023-06-18
4460,Silver Supermarket Rajkot,Rajkot,Retail,2021-06-28
4461,Om General Store Raipur,Raipur,Retail,2020-10-26
4462,Saffron Kitchenware Aurangabad,Aurangabad,Retail,2024-06-27
4463,Laxmi Caterers Ahmedabad,Ahmedabad,Hospitality,2023-01-28
4464,Mahalaxmi Distributors Indore,Indore,Wholesale,2024-03-06
4465,Bharat Hotels Ahmedabad,Ahmedabad,Hospitality,2022-12-06
4466,Sunrise Pearl Supermarket,Bengaluru,Retail,2022-09-10
4467,Lotus Banquets Bengaluru,Bengaluru,Hospitality,2020-02-17
4468,United Home Needs Patna,Patna,Retail,2020-01-29
4469,Shree Prime Caterers,Lucknow,Hospitality,2022-10-09
4470,Harbour Hill View Supermarket,Chennai,Retail,2023-03-17
4471,City Traders Dehradun,Dehradun,Retail,2024-12-21
4472,Rainbow Hotels Pune,,Hospitality,2023-06-05
4473,Galaxy Hotels Thane,Thane,Hospitality,2024-05-27
4474,Shree Inn Delhi,Delhi,Hospitality,2024-08-14
4475,Spice Garden General Store Thiruvananthapuram,Thiruvananthapuram,Retail,2024-11-20
4476,Sunrise Bazaar Mumbai,Mumbai,Retail,2024-06-26
4477,Hill View Provisions Patna,Patna,Retail,2024-01-08
4478,Laxmi Suppliers Thane,Thane,Wholesale,2025-11-25
4479,Lake View Bharat Mart,Bengaluru,Retail,2020-07-17
4480,Sunrise Foods Pune,Pune,Hospitality,2023-01-17
4481,Harbour Mart Hyderabad,Hyderabad,Retail,2021-03-10
4482,Metro Lake View Home Needs,Delhi,Retail,2020-02-01
4483,Hill View General Store Chennai,Chennai,Retail,2023-09-25
4484,Green General Store Agra,Agra,Retail,2021-01-26
4485,New Banquets Mumbai,Mumbai,Hospitality,2021-09-27
4486,Royal Emporium Ahmedabad,Ahmedabad,Retail,2021-08-19
4487,Nandi General Store Mumbai,Mumbai,Retail,2023-10-25
4488,Blue Traders Chennai,Chennai,Retail,2021-04-08
4489,Golden Silver Restaurant,Delhi,Hospitality,2020-02-21
4490,Sunrise Traders Aurangabad,Aurangabad,Retail,2020-04-25
4491,Nandi Caterers Goa,Goa,Hospitality,2022-11-24
4492,Prime Depot Mumbai,Mumbai,Wholesale,2024-11-26
4493,Ganesh Tiffin Services Lucknow,Lucknow,Hospitality,2021-11-08
4494,Classic Home Needs Guwahati,Guwahati,Retail,2022-09-21
4495,City Kitchenware Madurai,,Retail,2023-08-27
4496,Galaxy Foods Pune,Pune,Hospitality,2020-05-27
4497,Mahalaxmi Stores Pune,Pune,Retail,2025-10-14
4498,Saffron Traders Rajkot,Rajkot,Retail,2023-06-18
4499,United General Store Kochi,Kochi,Retail,2023-04-23
4500,Evergreen Jai Hind General Store,Lucknow,Retail,2024-10-19
4501,Vijay Bharat General Store,Bengaluru,Retail,2024-05-24
4502,Palm Emporium Pune,Pune,Retail,2023-09-25
4503,City Ganesh Resorts,Mumbai,Hospitality,2023-03-17
4504,Om Caterers Surat,Surat,Hospitality,2023-02-01
4505,Coastal Kitchenware Mumbai,Mumbai,Retail,2022-03-07
4506,Rainbow General Store Kochi,Kochi,Retail,2023-06-02
4507,Shree Supermarket Delhi,Delhi,Retail,2024-02-29
4508,Modern Om Mart,Pune,Retail,2023-08-09
4509,Royal Kitchenware Visakhapatnam,Visakhapatnam,Retail,2024-01-28
4510,River Side Traders Ludhiana,Ludhiana,Retail,2024-02-10
4511,Golden Home Needs Mumbai,Mumbai,Retail,2025-07-05
4512,Metro Stores Coimbatore,Coimbatore,Retail,2021-07-26
4513,Palm Coconut Grove Traders,Delhi,Retail,2022-04-26
4514,Blue Tiffin Services Delhi,Delhi,Hospitality,2022-02-28
4515,Metro Supermarket Ahmedabad,Ahmedabad,Retail,2022-10-03
4516,Spice Garden Traders Goa,Goa,Retail,2022-11-19
4517,Ganesh Supermarket Hyderabad,Hyderabad,Retail,2021-12-13
4518,Lotus Home Needs Chandigarh,Chandigarh,Retail,2021-11-13
4519,United Enterprises,Pune,Wholesale,2020-12-30
4520,Modern Agencies Kochi,Kochi,Wholesale,2023-11-15
4521,Nandi Logistics Kochi,Kochi,Wholesale,2021-03-16
4522,Sapphire Bharat Enterprises,Hyderabad,Wholesale,2020-02-10
4523,Shree Cafe Pune,Pune,Hospitality,2021-02-11
4524,Maple Emporium Udaipur,Udaipur,Retail,2025-04-02
4525,Maple Traders Delhi,Delhi,Retail,2023-02-21
4526,Saffron Resorts Agra,Agra,Hospitality,2023-07-11
4527,Shree Foods,Chennai,Hospitality,2024-09-04
4528,Sai Stores Patna,Patna,Retail,2020-01-06
4529,Urban Restaurant Hyderabad,Hyderabad,Hospitality,2025-11-08
4530,Supreme Emporium Noida,Noida,Retail,2022-09-03
4531,Om General Store Indore,Indore,Retail,2024-06-23
4532,Maple Caterers Chennai,Chennai,Hospitality,2022-09-18
4533,Laxmi Supermarket Bhubaneswar,Bhubaneswar,Retail,2022-04-11
4534,Mahalaxmi Inn Thiruvananthapuram,Thiruvananthapuram,Hospitality,2024-12-24
4535,Rainbow Provisions Surat,,Retail,2024-02-13
4536,Sai Stores Mysuru,Mysuru,Retail,2023-07-27
4537,Shree Wholesale Delhi,Delhi,Wholesale,2025-09-02
4538,Evergreen Emporium Dehradun,Dehradun,Retail,2023-06-27
4539,Silver General Store Patna,Patna,Retail,2024-07-20
4540,Lake View Provisions Ahmedabad,,Retail,2025-01-09
4541,Star Kitchens Patna,Patna,Hospitality,2023-07-28
4542,Blue Kitchenware Thane,Thane,Retail,2021-02-28
4543,Silk Route Distributors,Agra,Wholesale,2024-04-26
4544,Krishna Mart Ahmedabad,Ahmedabad,Retail,2022-07-21
4545,Vijay Foods,Chennai,Hospitality,2024-01-27
4546,Lotus Home Needs Bengaluru,Bengaluru,Retail,2023-02-03
4547,Silver Mart Bengaluru,Bengaluru,Retail,2022-11-09
4548,Green Supermarket Ludhiana,Ludhiana,Retail,2021-12-15
4549,Green Supermarket Hyderabad,Hyderabad,Retail,2023-07-12
4550,Classic Traders Thiruvananthapuram,Thiruvananthapuram,Retail,2021-08-11
4551,Sapphire Mart Bengaluru,Bengaluru,Retail,2024-03-06
4552,Prime Kitchenware Thiruvananthapuram,Thiruvananthapuram,Retail,2024-07-05
4553,Blue Bazaar Goa,Goa,Retail,2024-11-19
4554,Tulsi Home Needs Hyderabad,Hyderabad,Retail,2023-06-16
4555,Metro Caterers Kolkata,Kolkata,Hospitality,2024-08-19
4556,Galaxy Home Needs Thane,Thane,Retail,2020-04-08
4557,Bharat Depot Delhi,Delhi,Wholesale,2024-04-01
4558,Nandi Distributors,Hyderabad,Wholesale,2024-11-14
4559,Palm Silk Route Emporium,Mumbai,Retail,2024-07-07
4560,Saffron New Inn,Delhi,Hospitality,2020-03-03
4561,Maple General Store Hyderabad,Hyderabad,Retail,2021-12-04
4562,Lotus Traders Ranchi,Ranchi,Retail,2024-11-21
4563,Heritage Traders Rajkot,Rajkot,Retail,2024-12-05
4564,Classic Agencies Coimbatore,Coimbatore,Wholesale,2020-04-19
4565,Spice Garden Tiffin Services Hyderabad,Hyderabad,Hospitality,2024-10-29
4566,New Mahalaxmi Tiffin Services,Thiruvananthapuram,Hospitality,2021-08-06
4567,Ganesh Depot,Hyderabad,Wholesale,2024-01-23
4568,Saffron Provisions Pune,Pune,Retail,2023-07-06
4569,Sunrise Heritage Emporium,Pune,Retail,2021-02-10
4570,Hill View Kitchens Bengaluru,Bengaluru,Hospitality,2023-03-03
4571,Urban Restaurant Kolkata,Kolkata,Hospitality,2023-05-23
4572,Supreme Suppliers Raipur,Raipur,Wholesale,2025-08-05
4573,Vijay Kitchenware Hyderabad,Hyderabad,Retail,2023-06-13
4574,Star Provisions Chennai,Chennai,Retail,2024-06-22
4575,City Enterprises,Kolkata,Wholesale,2020-09-11
4576,Spice Garden Krishna Cafe,Delhi,Hospitality,2024-06-09
4577,Bharat Supermarket Bhubaneswar,Bhubaneswar,Retail,2021-06-01
4578,Pearl Logistics Chennai,Chennai,Wholesale,2023-09-16
4579,Ganesh General Store Delhi,Delhi,Retail,2025-10-31
4580,Laxmi General Store Nagpur,Nagpur,Retail,2020-02-03
4581,Saffron Restaurant Ludhiana,Ludhiana,Hospitality,2024-11-21
4582,Laxmi Mart Kolkata,Kolkata,Retail,2020-11-06
4583,Krishna General Store Ludhiana,Ludhiana,Retail,2022-10-05
4584,Prime Tiffin Services Mysuru,Mysuru,Hospitality,2020-07-04
4585,Maple Suppliers Raipur,Raipur,Wholesale,2020-04-11
4586,Maple Supermarket Mumbai,Mumbai,Retail,2023-05-02
4587,Bharat Traders Nagpur,Nagpur,Retail,2023-08-30
4588,Balaji Cafe Hyderabad,Hyderabad,Hospitality,2023-02-27
4589,Rainbow Traders Bengaluru,Bengaluru,Retail,2025-08-09
4590,Golden Caterers Kolkata,Kolkata,Hospitality,2022-07-17
4591,Heritage United Bazaar,Hyderabad,Retail,2025-10-16
4592,Heritage Mart Ranchi,Ranchi,Retail,2022-10-10
4593,Green Supermarket Mangaluru,Mangaluru,Retail,2025-02-23
4594,New Distributors Chennai,Chennai,Wholesale,2020-01-11
4595,Blue Home Needs Chennai,Chennai,Retail,2024-11-07
4596,River Side Classic Foods,Bengaluru,Hospitality,2023-08-27
4597,Vijay Banquets Kolkata,Kolkata,Hospitality,2023-03-08
4598,Spice Garden Mart Nagpur,Nagpur,Retail,2021-04-07
4599,Heritage Mart Ahmedabad,Ahmedabad,Retail,2023-01-30
4600,City Mart Bengaluru,Bengaluru,Retail,2023-12-17
4601,Mahalaxmi Tulsi Hotels,Pune,Hospitality,2020-09-12
4602,Ganesh Supermarket Thiruvananthapuram,Thiruvananthapuram,Retail,2022-07-06
4603,Nandi Sunrise General Store,Pune,Retail,2024-06-09
4604,Supreme Restaurant Ludhiana,Ludhiana,Hospitality,2020-09-09
4605,Crystal Supermarket Aurangabad,Aurangabad,Retail,2022-01-13
4606,Pearl Bazaar Ahmedabad,Ahmedabad,Retail,2024-03-28
4607,Pearl Tiffin Services Kolkata,Kolkata,Hospitality,2023-03-28
4608,Silk Route Foods Delhi,Delhi,Hospitality,2024-04-11
4609,Bharat Bazaar Surat,Surat,Retail,2021-01-09
4610,Sai Home Needs Agra,Agra,Retail,2023-05-12
4611,Laxmi General Store Ranchi,Ranchi,Retail,2023-10-31
4612,Laxmi General Store Noida,Noida,Retail,2023-12-12
4613,United Provisions Hyderabad,Hyderabad,Retail,2021-06-27
4614,Sapphire General Store Madurai,Madurai,Retail,2020-06-13
4615,Classic Hill View Provisions,Raipur,Retail,2025-09-13
4616,Sunrise Wholesale,Madurai,Wholesale,2024-08-26
4617,Sunrise Supermarket Rajkot,Rajkot,Retail,2021-06-15
4618,Sapphire Pearl General Store,Mumbai,Retail,2021-06-25
4619,Vijay Metro General Store,Bengaluru,Retail,2020-02-06
4620,Laxmi Kitchens Mumbai,Mumbai,Hospitality,2021-09-09
4621,Metro Resorts Kolkata,Kolkata,Hospitality,2021-06-07
4622,Silver Cafe Nagpur,Nagpur,Hospitality,2025-08-14
4623,Spice Garden Trading Co Mumbai,Mumbai,Wholesale,2020-03-17
4624,River Side Kitchenware Gurugram,Gurugram,Retail,2025-06-10
4625,Sunrise General Store Kolkata,Kolkata,Retail,2022-04-09
4626,Hill View Inn,Lucknow,Hospitality,2025-03-09
4627,Pearl Maple Inn,Udaipur,Hospitality,2025-03-10
4628,Lotus Cafe Jaipur,Jaipur,Hospitality,2024-07-10
4629,Balaji Bazaar Indore,Indore,Retail,2022-12-24
4630,Sai Saffron Mart,Mumbai,Retail,2023-02-04
4631,Balaji Inn Bengaluru,Bengaluru,Hospitality,2022-05-01
4632,Coastal Traders Lucknow,Lucknow,Retail,2023-06-10
4633,Harbour Supermarket Thiruvananthapuram,Thiruvananthapuram,Retail,2025-06-25
4634,Silk Route Resorts Surat,Surat,Hospitality,2025-09-15
4635,Galaxy Supermarket Udaipur,Udaipur,Retail,2024-02-22
4636,Tulsi Mart Mangaluru,Mangaluru,Retail,2020-10-08
4637,Krishna Home Needs Dehradun,Dehradun,Retail,2021-09-06
4638,Silver Tiffin Services Lucknow,Lucknow,Hospitality,2023-08-10
4639,Heritage Traders Chandigarh,Chandigarh,Retail,2022-03-09
4640,Green Krishna Kitchenware,Delhi,Retail,2022-09-23
4641,Om Kitchens Surat,Surat,Hospitality,2024-08-07
4642,New Cafe Hyderabad,Hyderabad,Hospitality,2023-03-20
4643,Palm Bharat Resorts,Kanpur,Hospitality,2024-01-19
4644,Silver Provisions Indore,Indore,Retail,2022-08-28
4645,Galaxy Banquets Patna,Patna,Hospitality,2025-11-25
4646,Royal Emporium Delhi,Delhi,Retail,2022-12-25
4647,Tulsi Suppliers Pune,Pune,Wholesale,2021-09-19
4648,Om Enterprises Indore,Indore,Wholesale,2021-06-15
4649,Mahalaxmi Resorts Udaipur,Udaipur,Hospitality,2021-07-27
4650,Silver Enterprises Hyderabad,Hyderabad,Wholesale,2021-05-03
4651,Om Supermarket Thiruvananthapuram,Thiruvananthapuram,Retail,2020-07-16
4652,United General Store Chennai,Chennai,Retail,2022-01-16
4653,Pearl Golden Kitchenware,Mumbai,Retail,2024-06-20
4654,Classic Distributors Visakhapatnam,Visakhapatnam,Wholesale,2024-09-22
4655,Bharat Evergreen Cafe,Guwahati,Hospitality,2024-07-30
4656,Blue Green Emporium,Delhi,Retail,2021-03-03
4657,City Mart Pune,Pune,Retail,2025-10-26
4658,Modern Home Needs Kanpur,Kanpur,Retail,2024-08-06
4659,Star Stores Dehradun,Dehradun,Retail,2023-10-12
4660,Sapphire Banquets Kochi,Kochi,Hospitality,2025-03-06
4661,Tulsi Stores Kolkata,Kolkata,Retail,2020-06-04
4662,Nandi Nandi General Store,Delhi,Retail,2021-07-07
4663,Jai Hind Tiffin Services,Bhubaneswar,Hospitality,2020-03-03
4664,Coconut Grove Kitchenware Bengaluru,Bengaluru,Retail,2021-06-09
4665,Balaji Home Needs Goa,Goa,Retail,2023-09-30
4666,Pearl Hotels Pune,Pune,Hospitality,2022-12-29
4667,Harbour Resorts Chennai,Chennai,Hospitality,2022-06-11
4668,Spice Garden Provisions Agra,Agra,Retail,2023-03-27
4669,United Resorts Bhubaneswar,Bhubaneswar,Hospitality,2025-07-30
4670,Coconut Grove Tiffin Services Bengaluru,Bengaluru,Hospitality,2023-01-19
4671,Heritage Home Needs Aurangabad,Aurangabad,Retail,2022-08-13
4672,Tulsi Crystal Emporium,Kolkata,Retail,2025-10-21
4673,Lotus General Store Delhi,Delhi,Retail,2020-09-29
4674,Balaji Inn Indore,Indore,Hospitality,2022-12-06
4675,Palm Enterprises Bengaluru,Bengaluru,Wholesale,2022-04-08
4676,City Mahalaxmi Cafe,Kolkata,Hospitality,2021-01-27
4677,Silk Route Emporium Ahmedabad,Ahmedabad,Retail,2022-05-26
4678,Bharat Spice Garden Supermarket,Chandigarh,Retail,2022-04-22
4679,Sunrise Hotels Udaipur,Udaipur,Hospitality,2023-10-28
4680,Bharat Traders Madurai,Madurai,Retail,2021-06-04
4681,National Wholesale Kolkata,Kolkata,Wholesale,2023-08-04
4682,Lake View Trading Co Nagpur,Nagpur,Wholesale,2024-11-11
4683,Balaji Kitchens,Pune,Hospitality,2023-02-04
4684,Prime Emporium Kolkata,Kolkata,Retail,2022-11-09
4685,City Traders Chennai,Chennai,Retail,2022-10-26
4686,Harbour Depot Noida,Noida,Wholesale,2025-02-24
4687,Harbour Kitchenware Chennai,Chennai,Retail,2023-04-22
4688,Mahalaxmi Emporium Lucknow,Lucknow,Retail,2024-09-24
4689,Shree Kitchenware Goa,Goa,Retail,2021-02-15
4690,Orchid Silk Route Kitchenware,Delhi,Retail,2020-07-11
4691,Golden Rainbow Home Needs,Delhi,Retail,2020-08-16
4692,Hill View Kitchenware Bengaluru,Bengaluru,Retail,2023-09-19
4693,Heritage Bazaar Mumbai,,Retail,2021-03-16
4694,Lotus Caterers Pune,Pune,Hospitality,2023-12-13
4695,Spice Garden Hotels Mumbai,Mumbai,Hospitality,2021-08-01
4696,Lake View Enterprises Ranchi,Ranchi,Wholesale,2023-05-23
4697,Coastal Tiffin Services Aurangabad,Aurangabad,Hospitality,2025-11-26
4698,Silver Emporium Rajkot,Rajkot,Retail,2021-07-05
4699,Ganesh General Store Mysuru,Mysuru,Retail,2021-12-01
4700,City Cafe Aurangabad,Aurangabad,Hospitality,2020-09-14
4701,Urban Stores Thiruvananthapuram,Thiruvananthapuram,Retail,2023-11-01
4702,Silver Resorts Dehradun,Dehradun,Hospitality,2021-11-17
4703,Mahalaxmi Kitchenware Delhi,Delhi,Retail,2025-03-20
4704,Maple Sapphire Kitchenware,Mumbai,Retail,2020-09-28
4705,Galaxy Traders Mumbai,Mumbai,Retail,2025-04-03
4706,Royal Traders Pune,Pune,Retail,2022-02-27
4707,Ganesh Packaging Indore,Indore,Wholesale,2024-08-23
4708,Coconut Grove Mart Gurugram,Gurugram,Retail,2025-07-10
4709,Maple Exports,Hyderabad,Wholesale,2025-01-30
4710,Coastal Bazaar Hyderabad,Hyderabad,Retail,2021-08-02
4711,City Bazaar Mumbai,Mumbai,Retail,2020-08-03
4712,Galaxy Restaurant Ludhiana,Ludhiana,Hospitality,2020-02-09
4713,Coconut Grove Stores Mumbai,Mumbai,Retail,2021-12-03
4714,Jai Hind Emporium Agra,Agra,Retail,2021-09-24
4715,Bharat Provisions Ahmedabad,Ahmedabad,Retail,2022-11-27
4716,Shree Trading Co,Ahmedabad,Wholesale,2025-10-19
4717,Galaxy Enterprises Nashik,Nashik,Wholesale,2025-03-14
4718,Coconut Grove Restaurant Thiruvananthapuram,Thiruvananthapuram,Hospitality,2020-08-07
4719,Metro Trading Co,Madurai,Wholesale,2024-11-25
4720,Prime Stores Goa,Goa,Retail,2021-09-05
4721,Golden Caterers Bhubaneswar,Bhubaneswar,Hospitality,2020-11-11
4722,Shree Kitchens Hyderabad,Hyderabad,Hospitality,2024-07-12
4723,New Bazaar Indore,Indore,Retail,2021-03-18
4724,Royal Supermarket Rajkot,Rajkot,Retail,2024-09-30
4725,Supreme Foods Chandigarh,Chandigarh,Hospitality,2022-10-03
4726,Green Caterers Aurangabad,Aurangabad,Hospitality,2023-12-17
4727,Galaxy Provisions Kolkata,Kolkata,Retail,2020-10-30
4728,Spice Garden Traders Mumbai,Mumbai,Retail,2024-01-13
4729,Sapphire Cafe Ahmedabad,Ahmedabad,Hospitality,2021-06-01
4730,Laxmi Mart Visakhapatnam,Visakhapatnam,Retail,2020-03-30
4731,Supreme Home Needs Chandigarh,Chandigarh,Retail,2022-02-20
4732,Maple Logistics Goa,,Wholesale,2023-04-04
4733,Metro Bazaar Pune,Pune,Retail,2020-11-29
4734,Tulsi Resorts Lucknow,,Hospitality,2022-06-06
4735,Mahalaxmi General Store Ranchi,Ranchi,Retail,2025-08-06
4736,Nandi Foods Nashik,Nashik,Hospitality,2020-10-30
4737,Prime Traders Jaipur,Jaipur,Retail,2025-10-16
4738,Tulsi Supermarket Agra,Agra,Retail,2020-05-04
4739,Star Supermarket Rajkot,Rajkot,Retail,2024-01-20
4740,Golden Banquets Nashik,Nashik,Hospitality,2023-09-17
4741,Harbour Emporium Goa,Goa,Retail,2021-06-03
4742,City Stores Dehradun,Dehradun,Retail,2021-06-28
4743,River Side Stores Chennai,Chennai,Retail,2020-01-28
4744,Golden Distributors Coimbatore,Coimbatore,Wholesale,2025-11-12
4745,Prime Mart Pune,Pune,Retail,2022-07-07
4746,Blue Provisions Mumbai,Mumbai,Retail,2020-10-14
4747,Lotus Exports Ahmedabad,Ahmedabad,Wholesale,2024-03-02
4748,Silk Route Supreme Banquets,Chandigarh,Hospitality,2020-08-30
4749,Om Cafe Rajkot,Rajkot,Hospitality,2021-08-04
4750,Maple General Store Udaipur,Udaipur,Retail,2022-01-04
4751,New Banquets Raipur,Raipur,Hospitality,2022-02-02
4752,National Emporium Chennai,Chennai,Retail,2022-03-14
4753,Green Traders Dehradun,Dehradun,Retail,2023-12-16
4754,City Depot Ranchi,Ranchi,Wholesale,2023-04-22
4755,Supreme Foods Hyderabad,Hyderabad,Hospitality,2020-03-11
4756,Silver Emporium Ranchi,Ranchi,Retail,2025-04-03
4757,Hill View Inn Mumbai,Mumbai,Hospitality,2024-12-08
4758,Maple Provisions Mysuru,Mysuru,Retail,2022-07-01
4759,Supreme General Store Pune,Pune,Retail,2024-05-08
4760,Galaxy Emporium,Chandigarh,Retail,2020-07-04
4761,Prime Emporium Ahmedabad,Ahmedabad,Retail,2021-05-09
4762,Krishna Kitchenware Visakhapatnam,Visakhapatnam,Retail,2020-05-26
4763,Balaji Kitchens Ludhiana,Ludhiana,Hospitality,2023-04-05
4764,Crystal Inn,Indore,Hospitality,2021-12-01
4765,Coastal Caterers Chennai,Chennai,Hospitality,2023-05-29
4766,River Side General Store Mangaluru,Mangaluru,Retail,2025-08-17
4767,Blue Restaurant Chandigarh,Chandigarh,Hospitality,2024-04-28
4768,Hill View Emporium Ahmedabad,Ahmedabad,Retail,2021-07-11
4769,Prime Bazaar Ludhiana,Ludhiana,Retail,2024-03-29
4770,Royal Cafe Delhi,Delhi,Hospitality,2023-11-26
4771,Silver Resorts Delhi,Delhi,Hospitality,2024-02-27
4772,Laxmi Cafe Patna,Patna,Hospitality,2023-01-23
4773,Heritage Wholesale Ludhiana,Ludhiana,Wholesale,2020-09-11
4774,Palm Provisions Ranchi,Ranchi,Retail,2024-05-25
4775,Crystal Resorts Chandigarh,Chandigarh,Hospitality,2020-07-23
4776,Shree Restaurant Dehradun,Dehradun,Hospitality,2022-08-02
4777,River Side Provisions Kolkata,Kolkata,Retail,2022-10-04
4778,Crystal Traders Noida,Noida,Retail,2020-10-24
4779,Spice Garden Provisions Coimbatore,Coimbatore,Retail,2021-12-07
4780,Silk Route Mart Hyderabad,Hyderabad,Retail,2023-01-17
4781,Shree Supermarket Bengaluru,Bengaluru,Retail,2023-11-15
4782,Om Stores Visakhapatnam,Visakhapatnam,Retail,2025-10-28
4783,Supreme Restaurant Kolkata,Kolkata,Hospitality,2020-10-01
4784,Royal Traders Bengaluru,Bengaluru,Retail,2025-10-12
4785,River Side Cafe,Chandigarh,Hospitality,2024-04-05
4786,Rainbow Kitchenware Mumbai,Mumbai,Retail,2023-12-03
4787,Star Emporium Pune,Pune,Retail,2021-06-18
4788,Coastal Hotels Mumbai,Mumbai,Hospitality,2023-11-01
4789,Coconut Grove Hotels Thiruvananthapuram,Thiruvananthapuram,Hospitality,2023-08-30
4790,Harbour Exports Jaipur,Jaipur,Wholesale,2024-10-11
4791,Om Shree Stores,Kolkata,Retail,2025-09-08
4792,Shree Emporium Coimbatore,Coimbatore,Retail,2020-11-10
4793,Laxmi Mart Chennai,Chennai,Retail,2025-06-14
4794,Laxmi Kitchenware Mysuru,Mysuru,Retail,2020-05-08
4795,Shree Enterprises Mangaluru,Mangaluru,Wholesale,2022-03-01
4796,Heritage Packaging Bengaluru,Bengaluru,Wholesale,2025-02-25
4797,Sunrise Home Needs Noida,Noida,Retail,2021-07-28
4798,Lotus Classic Kitchenware,Hyderabad,Retail,2023-05-29
4799,Palm General Store Pune,Pune,Retail,2021-06-15
4800,Sai Mart Chennai,Chennai,Retail,2020-02-16
4801,Lotus General Store Jaipur,Jaipur,Retail,2023-08-19
4802,Lake View Foods Aurangabad,Aurangabad,Hospitality,2021-03-27
4803,Blue Orchid General Store,Mumbai,Retail,2021-08-11
4804,Laxmi Kitchenware Rajkot,Rajkot,Retail,2023-05-27
4805,Om General Store Delhi,Delhi,Retail,2022-06-17
4806,Metro Resorts Patna,Patna,Hospitality,2025-03-19
4807,Om Restaurant Bengaluru,Bengaluru,Hospitality,2020-01-17
4808,Lake View Mart Mumbai,Mumbai,Retail,2024-02-19
4809,Urban Home Needs Nagpur,Nagpur,Retail,2025-02-11
4810,Rainbow Supermarket Thiruvananthapuram,Thiruvananthapuram,Retail,2024-07-24
4811,Shree Packaging Kochi,Kochi,Wholesale,2025-04-05
4812,Evergreen Kitchenware Kanpur,Kanpur,Retail,2022-07-26
4813,Krishna Distributors,Mumbai,Wholesale,2022-04-11
4814,Mahalaxmi Hotels Noida,Noida,Hospitality,2020-11-28
4815,Vijay Golden Bazaar,Thane,Retail,2024-10-16
4816,Sai Logistics Jaipur,Jaipur,Wholesale,2022-06-05
4817,Sapphire Restaurant Hyderabad,Hyderabad,Hospitality,2023-08-17
4818,Lotus Coconut Grove Bazaar,Mumbai,Retail,2022-08-18
4819,Crystal Packaging,Mysuru,Wholesale,2021-02-11
4820,Jai Hind Supermarket Thiruvananthapuram,Thiruvananthapuram,Retail,2025-10-08
4821,National Spice Garden Home Needs,Kolkata,Retail,2022-01-07
4822,Silver Provisions Dehradun,Dehradun,Retail,2022-07-03
4823,Spice Garden Suppliers Kolkata,Kolkata,Wholesale,2023-06-08
4824,United Logistics,Patna,Wholesale,2023-07-04
4825,City Shree Emporium,Agra,Retail,2022-08-12
4826,Vijay Home Needs Indore,Indore,Retail,2021-03-15
4827,Jai Hind Emporium Dehradun,Dehradun,Retail,2021-01-11
4828,Coastal Provisions Agra,Agra,Retail,2025-07-13
4829,Ganesh Mart Lucknow,Lucknow,Retail,2025-03-11
4830,United General Store Bengaluru,Bengaluru,Retail,2022-04-29
4831,National Bazaar Pune,Pune,Retail,2025-04-26
4832,Jai Hind Restaurant Ranchi,Ranchi,Hospitality,2023-02-02
4833,Urban Banquets,Ludhiana,Hospitality,2021-04-13
4834,Pearl Inn,Patna,Hospitality,2024-10-25
4835,Silver Kitchenware Bengaluru,Bengaluru,Retail,2021-05-08
4836,Classic Logistics Mysuru,Mysuru,Wholesale,2025-08-14
4837,Ganesh Bazaar Chandigarh,Chandigarh,Retail,2023-08-14
4838,Green Stores Pune,Pune,Retail,2023-10-19
4839,Blue Kitchens Mumbai,Mumbai,Hospitality,2021-07-19
4840,Lotus Inn Goa,Goa,Hospitality,2025-11-18
4841,City Traders Gurugram,Gurugram,Retail,2022-04-10
4842,Balaji Traders Bengaluru,Bengaluru,Retail,2020-09-16
4843,Spice Garden Caterers Hyderabad,Hyderabad,Hospitality,2023-08-31
4844,Sai Traders Kochi,Kochi,Retail,2020-04-05
4845,Harbour Kitchenware Ranchi,Ranchi,Retail,2021-12-02
4846,Rainbow Traders Mysuru,Mysuru,Retail,2024-03-05
4847,Heritage General Store Nashik,Nashik,Retail,2023-04-13
4848,Coconut Grove Traders Chennai,Chennai,Retail,2020-01-04
4849,Urban Stores Coimbatore,Coimbatore,Retail,2021-07-07
4850,Coastal Supermarket Madurai,Madurai,Retail,2024-01-23
4851,Coastal Kitchenware Ahmedabad,Ahmedabad,Retail,2022-05-23
4852,Hill View Depot Udaipur,Udaipur,Wholesale,2020-05-08
4853,New Foods Madurai,Madurai,Hospitality,2025-01-04
4854,Rainbow Emporium Noida,Noida,Retail,2020-12-07
4855,Urban Mart Hyderabad,Hyderabad,Retail,2021-09-20
4856,Nandi Mart Aurangabad,Aurangabad,Retail,2023-07-04
4857,Prime Foods Pune,Pune,Hospitality,2025-06-28
4858,Star Kitchenware Mysuru,Mysuru,Retail,2024-08-12
4859,Metro Inn Bhubaneswar,Bhubaneswar,Hospitality,2020-10-11
4860,Rainbow Distributors Chandigarh,Chandigarh,Wholesale,2020-11-05
4861,Maple Metro Hotels,Mumbai,Hospitality,2023-12-09
4862,Sapphire Restaurant Lucknow,Lucknow,Hospitality,2020-06-23
4863,Star Traders Bengaluru,Bengaluru,Retail,2023-10-08
4864,Om Home Needs Delhi,Delhi,Retail,2023-09-17
4865,Om General Store Aurangabad,Aurangabad,Retail,2023-03-30
4866,Saffron Emporium Vadodara,Vadodara,Retail,2020-03-09
4867,Sunrise Banquets Patna,Patna,Hospitality,2024-02-29
4868,Laxmi Kitchens Dehradun,Dehradun,Hospitality,2022-10-14
4869,Blue Coconut Grove Kitchenware,Delhi,Retail,2022-05-30
4870,Rainbow Packaging Surat,Surat,Wholesale,2023-04-12
4871,Krishna Traders Hyderabad,Hyderabad,Retail,2025-04-11
4872,Spice Garden Cafe Rajkot,Rajkot,Hospitality,2021-06-09
4873,Supreme Emporium Chennai,Chennai,Retail,2023-03-31
4874,National Supermarket Thane,Thane,Retail,2021-08-16
4875,Pearl Home Needs Indore,Indore,Retail,2025-08-09
4876,Silver Emporium Hyderabad,Hyderabad,Retail,2020-11-10
4877,Metro Enterprises Noida,Noida,Wholesale,2020-10-20
4878,Sunrise Foods Surat,Surat,Hospitality,2023-08-12
4879,Om Supermarket Hyderabad,Hyderabad,Retail,2021-10-09
4880,Spice Garden Crystal Stores,Pune,Retail,2023-10-10
4881,Supreme Mart Raipur,Raipur,Retail,2022-01-26
4882,River Side Supermarket Pune,Pune,Retail,2023-09-15
4883,Urban Banquets Ludhiana,Ludhiana,Hospitality,2023-06-17
4884,Om Mart Chandigarh,Chandigarh,Retail,2020-09-17
4885,Silver General Store Kolkata,Kolkata,Retail,2021-02-15
4886,River Side Hotels Chennai,Chennai,Hospitality,2025-05-14
4887,Green Sai Home Needs,Chandigarh,Retail,2025-01-01
4888,Urban Bazaar Goa,,Retail,2022-05-23
4889,City Hotels Delhi,Delhi,Hospitality,2021-11-07
4890,Pearl Emporium Rajkot,Rajkot,Retail,2021-08-05
4891,Maple Green General Store,Pune,Retail,2023-03-13
4892,Spice Garden General Store Gurugram,Gurugram,Retail,2021-12-18
4893,Ganesh Trading Co Pune,Pune,Wholesale,2024-05-30
4894,Balaji Cafe Dehradun,Dehradun,Hospitality,2023-12-30
4895,Laxmi Foods Gurugram,Gurugram,Hospitality,2022-06-25
4896,Silk Route Exports,Delhi,Wholesale,2020-09-07
4897,Evergreen Kitchenware Chennai,Chennai,Retail,2020-11-21
4898,Blue Inn Lucknow,Lucknow,Hospitality,2022-05-02
4899,Coastal Hotels Dehradun,Dehradun,Hospitality,2024-11-11
4900,United Mart Ahmedabad,Ahmedabad,Retail,2023-01-02
4901,Om Caterers Gurugram,Gurugram,Hospitality,2022-03-09
4902,Supreme Distributors Hyderabad,Hyderabad,Wholesale,2025-07-06
4903,New Exports Hyderabad,Hyderabad,Wholesale,2021-07-10
4904,Pearl Traders Thiruvananthapuram,Thiruvananthapuram,Retail,2022-08-31
4905,Nandi Supermarket Agra,Agra,Retail,2025-10-19
4906,Om Hotels,Ahmedabad,Hospitality,2024-07-19
4907,Maple Tiffin Services Kolkata,Kolkata,Hospitality,2025-11-16
4908,Galaxy Stores Guwahati,Guwahati,Retail,2021-07-04
4909,Lotus Hotels Chandigarh,Chandigarh,Hospitality,2020-06-04
4910,Green Restaurant Guwahati,Guwahati,Hospitality,2022-09-30
4911,Om Foods Pune,Pune,Hospitality,2024-10-24
4912,Balaji General Store Mumbai,Mumbai,Retail,2025-01-27
4913,City Cafe Coimbatore,Coimbatore,Hospitality,2024-06-10
4914,Rainbow General Store Patna,Patna,Retail,2021-07-02
4915,Tulsi Emporium Guwahati,Guwahati,Retail,2024-01-20
4916,Laxmi Inn Hyderabad,Hyderabad,Hospitality,2023-06-20
4917,Ganesh Inn Dehradun,Dehradun,Hospitality,2024-11-02
4918,Urban Enterprises,Ahmedabad,Wholesale,2023-07-17
4919,Ganesh Traders Mumbai,Mumbai,Retail,2025-03-09
4920,Maple Resorts Hyderabad,Hyderabad,Hospitality,2020-03-30
4921,Prime Bharat Emporium,Bengaluru,Retail,2023-11-23
4922,Star General Store Raipur,Raipur,Retail,2021-05-27
4923,Jai Hind Stores Hyderabad,Hyderabad,Retail,2023-02-07
4924,Coastal General Store Mumbai,Mumbai,Retail,2024-04-22
4925,City Hotels Chennai,Chennai,Hospitality,2022-06-05
4926,River Side Agencies Hyderabad,Hyderabad,Wholesale,2024-10-01
4927,Om Caterers Mumbai,Mumbai,Hospitality,2023-10-14
4928,Metro Agencies Aurangabad,Aurangabad,Wholesale,2021-06-13
4929,Coastal Mart Mumbai,Mumbai,Retail,2023-03-04
4930,Coconut Grove Bazaar Hyderabad,Hyderabad,Retail,2021-12-23
4931,Orchid General Store Madurai,Madurai,Retail,2022-09-17
4932,Urban Caterers Kolkata,Kolkata,Hospitality,2020-08-18
4933,Supreme Inn Nashik,,Hospitality,2023-05-05
4934,Spice Garden City Stores,Delhi,Retail,2022-04-05
4935,Maple Cafe Delhi,Delhi,Hospitality,2020-03-20
4936,Maple Bharat Provisions,Mumbai,Retail,2022-02-20
4937,Saffron Sapphire Wholesale,Kolkata,Wholesale,2022-11-08
4938,Palm General Store Bengaluru,Bengaluru,Retail,2024-01-18
4939,Prime Restaurant Surat,Surat,Hospitality,2022-10-04
4940,Golden Supermarket Kolkata,Kolkata,Retail,2023-02-07
4941,Palm Caterers Kolkata,Kolkata,Hospitality,2020-06-22
4942,Jai Hind Emporium Delhi,Delhi,Retail,2022-01-20
4943,National Bazaar Rajkot,Rajkot,Retail,2025-05-30
4944,Urban Star Bazaar,Bengaluru,Retail,2020-06-11
4945,Coastal Resorts Mysuru,Mysuru,Hospitality,2023-04-28
4946,Krishna Trading Co,Chandigarh,Wholesale,2022-01-22
4947,City Mart Agra,Agra,Retail,2023-05-11
4948,Saffron Supermarket Nashik,Nashik,Retail,2025-04-09
4949,Laxmi Foods Bengaluru,Bengaluru,Hospitality,2021-05-19
4950,Krishna Supermarket Thiruvananthapuram,Thiruvananthapuram,Retail,2023-08-11
4951,Sapphire Laxmi Emporium,Dehradun,Retail,2024-03-25
4952,Royal Resorts Ahmedabad,Ahmedabad,Hospitality,2021-11-23
4953,Shree Emporium Goa,Goa,Retail,2024-06-12
4954,Tulsi Home Needs Pune,,Retail,2022-11-06
4955,Supreme Traders Coimbatore,Coimbatore,Retail,2025-10-30
4956,Maple Traders Visakhapatnam,Visakhapatnam,Retail,2022-10-06
4957,Krishna Inn Chennai,Chennai,Hospitality,2021-01-24
4958,Blue Banquets Kanpur,Kanpur,Hospitality,2023-07-25
4959,Classic Agencies Pune,Pune,Wholesale,2020-01-28
4960,Coastal General Store Aurangabad,Aurangabad,Retail,2025-06-30
4961,Maple Resorts Nashik,Nashik,Hospitality,2024-06-26
4962,Evergreen Mart Ahmedabad,Ahmedabad,Retail,2021-01-18
4963,Silver Cafe Pune,Pune,Hospitality,2024-11-25
4964,Urban Supermarket Udaipur,Udaipur,Retail,2023-03-28
4965,Metro Wholesale Chennai,Chennai,Wholesale,2023-11-18
4966,Hill View Kitchens Bhubaneswar,Bhubaneswar,Hospitality,2024-03-18
4967,Coastal Provisions Surat,Surat,Retail,2021-12-06
4968,Nandi Provisions Kolkata,Kolkata,Retail,2023-02-12
4969,Vijay Banquets Agra,Agra,Hospitality,2024-12-26
4970,Golden Emporium Guwahati,Guwahati,Retail,2024-09-26
4971,Sai Caterers Madurai,Madurai,Hospitality,2021-01-17
4972,Metro Foods,Nashik,Hospitality,2023-12-12
4973,Blue Agencies Mumbai,,Wholesale,2022-09-13
4974,Saffron Hotels Delhi,Delhi,Hospitality,2023-08-26
4975,Classic Mart Chennai,Chennai,Retail,2025-06-23
4976,Green Banquets Kochi,Kochi,Hospitality,2023-08-07
4977,River Side Stores Nashik,Nashik,Retail,2025-07-19
4978,Palm General Store Bhubaneswar,Bhubaneswar,Retail,2020-06-02
4979,Sapphire Bazaar Kochi,Kochi,Retail,2022-07-30
4980,GREEN HOTELS,Ahmedabad,Hospitality,2025-03-07
4981,Classic Emporium Pune ,,Retail,2024-03-13
4982,Bharat  General Store Thane,Thane,Retail,2025-04-09
4983,Modern Banquets Gurugram Pvt Ltd,Gurugram,Hospitality,2023-09-18
4984,Metro Resorts Nashik,Nashik,Hospitality,2023-04-15
4985,MAHALAXMI HOTELS PUNE,Pune,Hospitality,2021-03-14
4986,Sunrise Kitchenware ,Aurangabad,Retail,2024-03-14
4987,Coconut  Grove Mart Kanpur,Kanpur,Retail,2025-11-30
4988,Palm Supermarket Kolkata Pvt Ltd,Kolkata,Retail,2022-12-25
4989,Harbour Provisions Nagpur,Nagpur,Retail,2025-02-16
4990,COASTAL PROVISIONS AHMEDABAD,Ahmedabad,Retail,2024-12-28
4991,Silk Route Foods Ahmedabad ,Ahmedabad,Hospitality,2025-03-14
4992,Rainbow  Traders Bhubaneswar,Bhubaneswar,Retail,2022-03-23
4993,Crystal Prime Traders Pvt Ltd,Hyderabad,Retail,2020-11-27
4994,River Side Supermarket Mumbai,Mumbai,Retail,2022-02-09
4995,NEW PROVISIONS PUNE,Pune,Retail,2025-11-30
4996,Bharat Logistics Delhi ,Delhi,Wholesale,2023-09-22
4997,Spice  Garden Home Needs Hyderabad,Hyderabad,Retail,2020-11-15
4998,Saffron Agencies Pvt Ltd,Ahmedabad,Wholesale,2025-07-08
4999,Harbour Distributors Mumbai,Mumbai,Wholesale,2024-03-01
5000,LAKE VIEW GENERAL STORE GURUGRAM,Gurugram,Retail,2020-11-14
5001,Urban Restaurant Madurai ,Madurai,Hospitality,2022-11-15
5002,Coastal  Kitchenware Nashik,Nashik,Retail,2021-09-18
5003,River Side Mart Dehradun Pvt Ltd,Dehradun,Retail,2022-11-12
5004,River Side Tiffin Services,Hyderabad,Hospitality,2025-11-30
5005,MODERN KITCHENWARE RAJKOT,Rajkot,Retail,2022-11-22
5006,Metro Stores ,Thiruvananthapuram,Retail,2021-05-24
5007,New  Bazaar,Lucknow,Retail,2025-10-09
5008,Classic Supermarket Kanpur Pvt Ltd,Kanpur,Retail,2020-10-07
5009,Spice Garden General Store Ahmedabad,Ahmedabad,Retail,2020-06-20
5010,BALAJI DISTRIBUTORS,Delhi,Wholesale,2025-04-04
5011,Maple Bazaar Nagpur ,Nagpur,Retail,2020-10-31
5012,Tulsi  Traders Kochi,Kochi,Retail,2025-05-16
5013,Ganesh Provisions Lucknow Pvt Ltd,Lucknow,Retail,2023-10-13
5014,Sai Trading Co,Thiruvananthapuram,Wholesale,2022-02-23
5015,PRIME SILVER MART,Dehradun,Retail,2023-08-25
5016,Bharat Traders Pune ,Pune,Retail,2023-09-18
5017,Crystal  Provisions Ahmedabad,Ahmedabad,Retail,2025-11-15
5018,Sunrise Traders Pvt Ltd,Nagpur,Retail,2023-12-01
5019,Modern General Store Hyderabad,Hyderabad,Retail,2025-11-30
5020,BHARAT STORES AGRA,Agra,Retail,2025-11-30
5021,Bharat Supermarket Visakhapatnam ,Visakhapatnam,Retail,2024-08-15
5022,Vijay  Kitchens Coimbatore,Coimbatore,Hospitality,2024-08-29
5023,Bharat Silk Route Home Needs Pvt Ltd,Mumbai,Retail,2025-03-05
5024,Classic Provisions Guwahati,Guwahati,Retail,2025-02-13
5025,NANDI GENERAL STORE BHUBANESWAR,Bhubaneswar,Retail,2024-12-14
5026,Ganesh Home Needs Mumbai ,Mumbai,Retail,2025-11-30
5027,Ganesh  Traders Delhi,Delhi,Retail,2025-07-05
