timestamp,machine_id,temperature_c,pressure_bar,cycle_seconds,status
2025-03-03 00:00:00,M01,212.88,119.74,18.56,running
2025-03-03 00:01:00,M01,212.01,119.46,17.99,running
2025-03-03 00:02:00,M01,212.48,117.89,18.32,running
2025-03-03 00:03:00,M01,213.03,120.53,18.87,running
2025-03-03 00:04:00,M01,211.62,116.14,18.54,running
2025-03-03 00:05:00,M01,212.0,117.53,18.68,running
2025-03-03 00:06:00,M01,211.55,116.91,18.42,running
2025-03-03 00:07:00,M01,211.69,117.76,17.76,running
2025-03-03 00:08:00,M01,210.9,118.35,18.32,running
2025-03-03 00:09:00,M01,210.73,118.79,18.41,running
2025-03-03 00:10:00,M01,211.5,118.06,18.21,running
2025-03-03 00:11:00,M01,211.52,119.18,18.3,running
2025-03-03 00:12:00,M01,211.95,116.96,18.22,running
2025-03-03 00:13:00,M01,211.15,119.53,18.15,running
2025-03-03 00:14:00,M01,211.28,119.53,18.64,running
2025-03-03 00:15:00,M01,,117.56,18.46,running
2025-03-03 00:16:00,M01,212.25,118.35,18.0,running
2025-03-03 00:17:00,M01,212.12,115.26,18.31,running
2025-03-03 00:18:00,M01,211.93,118.71,18.33,running
2025-03-03 00:19:00,M01,212.63,117.44,18.63,running
2025-03-03 00:20:00,M01,212.61,117.96,18.59,running
2025-03-03 00:21:00,M01,213.09,119.63,18.03,running
2025-03-03 00:22:00,M01,213.18,120.26,18.6,running
2025-03-03 00:23:00,M01,213.61,119.92,18.68,running
2025-03-03 00:24:00,M01,212.52,116.48,18.17,running
2025-03-03 00:25:00,M01,212.17,117.45,18.52,running
2025-03-03 00:26:00,M01,211.71,118.49,18.57,running
2025-03-03 00:27:00,M01,212.78,118.68,18.38,running
2025-03-03 00:28:00,M01,212.69,118.38,18.59,running
2025-03-03 00:29:00,M01,212.71,115.73,18.5,running
2025-03-03 00:30:00,M01,212.66,118.07,17.96,running
2025-03-03 00:31:00,M01,211.48,116.4,18.35,running
2025-03-03 00:32:00,M01,211.17,117.08,17.88,running
2025-03-03 00:33:00,M01,210.97,115.58,18.51,running
2025-03-03 00:34:00,M01,211.35,119.64,18.67,running
2025-03-03 00:35:00,M01,209.74,115.78,17.96,running
2025-03-03 00:36:00,M01,210.67,117.6,18.44,running
2025-03-03 00:37:00,M01,210.88,116.48,18.59,running
2025-03-03 00:38:00,M01,211.39,116.35,18.21,running
2025-03-03 00:39:00,M01,210.62,116.67,18.83,running
2025-03-03 00:40:00,M01,210.94,115.65,18.27,running
2025-03-03 00:41:00,M01,210.32,117.67,18.18,running
2025-03-03 00:42:00,M01,210.29,119.13,18.23,running
2025-03-03 00:43:00,M01,209.6,118.94,18.81,running
2025-03-03 00:44:00,M01,210.52,118.67,18.35,running
2025-03-03 00:45:00,M01,210.77,117.44,18.49,running
2025-03-03 00:46:00,M01,210.64,118.49,18.43,running
2025-03-03 00:47:00,M01,211.27,116.33,18.38,running
2025-03-03 00:48:00,M01,211.13,117.18,18.38,running
2025-03-03 00:49:00,M01,211.65,118.76,18.29,running
2025-03-03 00:50:00,M01,211.84,117.79,18.43,running
2025-03-03 00:51:00,M01,212.29,116.83,18.87,running
2025-03-03 00:52:00,M01,211.88,117.44,18.01,running
2025-03-03 00:53:00,M01,212.61,120.11,18.72,running
2025-03-03 00:54:00,M01,213.15,117.93,18.35,running
2025-03-03 00:55:00,M01,213.17,118.98,18.8,running
2025-03-03 00:56:00,M01,212.9,118.07,18.76,running
2025-03-03 00:57:00,M01,213.21,116.84,18.44,running
2025-03-03 00:58:00,M01,213.06,119.15,18.23,running
2025-03-03 00:59:00,M01,212.67,117.56,18.22,running
2025-03-03 01:00:00,M01,212.16,116.43,18.53,running
2025-03-03 01:01:00,M01,212.01,117.96,18.51,running
2025-03-03 01:02:00,M01,212.26,117.38,18.34,running
2025-03-03 01:03:00,M01,212.42,118.94,18.3,running
2025-03-03 01:04:00,M01,213.42,119.65,18.12,running
2025-03-03 01:05:00,M01,212.94,118.61,18.57,running
2025-03-03 01:06:00,M01,211.97,117.59,18.3,running
2025-03-03 01:07:00,M01,212.73,119.07,18.52,running
2025-03-03 01:08:00,M01,213.27,118.07,18.63,running
2025-03-03 01:09:00,M01,213.38,116.0,18.35,running
2025-03-03 01:10:00,M01,212.8,116.81,18.28,running
2025-03-03 01:11:00,M01,212.54,117.83,18.33,running
2025-03-03 01:12:00,M01,213.16,116.26,18.04,running
2025-03-03 01:13:00,M01,212.57,115.54,18.51,running
2025-03-03 01:14:00,M01,212.79,117.33,18.52,running
2025-03-03 01:15:00,M01,213.56,119.35,18.62,running
2025-03-03 01:16:00,M01,213.31,115.02,17.83,running
2025-03-03 01:17:00,M01,213.24,116.66,18.12,running
2025-03-03 01:18:00,M01,214.35,116.22,18.54,running
2025-03-03 01:19:00,M01,213.83,115.82,18.74,running
2025-03-03 01:20:00,M01,213.36,119.11,18.34,running
2025-03-03 01:21:00,M01,213.53,121.24,18.11,running
2025-03-03 01:22:00,M01,212.76,122.13,18.51,running
2025-03-03 01:23:00,M01,212.03,116.01,18.63,running
2025-03-03 01:24:00,M01,211.99,116.46,17.94,running
2025-03-03 01:25:00,M01,212.21,120.07,18.66,running
2025-03-03 01:26:00,M01,212.34,118.28,18.44,running
2025-03-03 01:27:00,M01,213.1,117.26,18.53,running
2025-03-03 01:28:00,M01,212.84,118.34,18.33,running
2025-03-03 01:29:00,M01,212.46,116.49,18.36,running
2025-03-03 01:30:00,M01,213.15,117.17,18.72,running
2025-03-03 01:31:00,M01,214.48,119.59,18.69,running
2025-03-03 01:32:00,M01,214.25,119.33,18.42,running
2025-03-03 01:33:00,M01,213.35,119.5,18.66,running
2025-03-03 01:34:00,M01,213.59,113.44,18.32,running
2025-03-03 01:35:00,M01,213.84,118.55,18.52,running
2025-03-03 01:36:00,M01,213.5,117.98,18.48,running
2025-03-03 01:37:00,M01,213.6,118.63,18.56,running
2025-03-03 01:38:00,M01,214.67,116.69,18.46,running
2025-03-03 01:39:00,M01,213.47,115.97,18.65,running
2025-03-03 01:40:00,M01,212.94,117.59,18.15,running
2025-03-03 01:41:00,M01,212.36,119.46,18.51,running
2025-03-03 01:42:00,M01,211.91,119.9,18.96,running
2025-03-03 01:43:00,M01,212.1,117.76,18.48,running
2025-03-03 01:44:00,M01,212.48,117.27,18.44,running
2025-03-03 01:45:00,M01,213.22,117.53,18.56,running
2025-03-03 01:46:00,M01,212.35,115.44,18.24,running
2025-03-03 01:47:00,M01,213.25,117.09,18.58,running
2025-03-03 01:48:00,M01,213.06,117.91,18.62,running
2025-03-03 01:49:00,M01,212.68,122.71,18.25,running
2025-03-03 01:50:00,M01,212.15,118.75,18.29,running
2025-03-03 01:51:00,M01,212.04,116.12,18.25,running
2025-03-03 01:52:00,M01,211.71,118.87,18.35,running
2025-03-03 01:53:00,M01,211.1,120.69,18.24,running
2025-03-03 01:54:00,M01,211.18,115.96,18.66,running
2025-03-03 01:55:00,M01,211.61,114.59,18.64,running
2025-03-03 01:56:00,M01,213.27,117.75,17.84,running
2025-03-03 01:57:00,M01,213.38,118.98,17.98,running
2025-03-03 01:58:00,M01,213.27,117.18,18.19,running
2025-03-03 01:59:00,M01,212.7,117.65,18.46,running
2025-03-03 02:00:00,M01,212.18,116.45,18.52,running
2025-03-03 02:01:00,M01,212.88,117.89,17.9,running
2025-03-03 02:02:00,M01,212.57,117.28,18.58,running
2025-03-03 02:03:00,M01,212.31,118.03,18.45,running
2025-03-03 02:04:00,M01,212.64,117.11,18.15,running
2025-03-03 02:05:00,M01,212.44,118.35,18.6,running
2025-03-03 02:06:00,M01,213.92,118.91,18.54,running
2025-03-03 02:07:00,M01,212.83,117.83,18.03,running
2025-03-03 02:08:00,M01,213.55,120.03,18.6,running
2025-03-03 02:09:00,M01,212.7,118.05,18.27,running
2025-03-03 02:10:00,M01,213.19,114.33,18.32,running
2025-03-03 02:11:00,M01,213.67,117.55,17.96,running
2025-03-03 02:12:00,M01,213.48,113.52,18.94,running
2025-03-03 02:13:00,M01,213.42,117.65,18.33,running
2025-03-03 02:14:00,M01,213.31,118.09,18.5,running
2025-03-03 02:15:00,M01,212.52,115.76,18.55,running
2025-03-03 02:16:00,M01,212.37,117.33,17.97,running
2025-03-03 02:17:00,M01,211.25,118.55,18.35,running
2025-03-03 02:18:00,M01,212.58,117.18,18.29,running
2025-03-03 02:19:00,M01,212.58,115.74,18.74,running
2025-03-03 02:20:00,M01,212.62,115.86,18.12,running
2025-03-03 02:21:00,M01,212.88,119.25,18.32,running
2025-03-03 02:22:00,M01,213.03,117.43,19.02,running
2025-03-03 02:23:00,M01,212.54,118.56,18.56,running
2025-03-03 02:24:00,M01,213.06,117.09,18.5,running
2025-03-03 02:25:00,M01,211.97,117.11,18.43,running
2025-03-03 02:26:00,M01,212.06,119.36,18.63,running
2025-03-03 02:27:00,M01,212.45,113.42,18.28,running
2025-03-03 02:28:00,M01,,117.5,18.64,running
2025-03-03 02:29:00,M01,210.6,117.88,18.68,running
2025-03-03 02:30:00,M01,210.39,114.45,17.75,running
2025-03-03 02:31:00,M01,210.66,119.75,18.48,running
2025-03-03 02:32:00,M01,211.57,114.89,18.51,running
2025-03-03 02:33:00,M01,212.39,114.87,18.4,running
2025-03-03 02:34:00,M01,211.76,118.23,18.08,running
2025-03-03 02:35:00,M01,211.68,114.9,18.65,running
2025-03-03 02:36:00,M01,211.85,118.77,19.04,running
2025-03-03 02:37:00,M01,212.07,118.41,18.26,running
2025-03-03 02:38:00,M01,212.68,118.88,18.12,running
2025-03-03 02:39:00,M01,212.82,114.44,18.4,running
2025-03-03 02:40:00,M01,212.56,118.28,18.45,running
2025-03-03 02:41:00,M01,212.31,118.41,18.48,running
2025-03-03 02:42:00,M01,211.75,115.97,18.52,running
2025-03-03 02:43:00,M01,210.94,117.66,18.33,running
2025-03-03 02:44:00,M01,211.6,114.98,18.21,running
2025-03-03 02:45:00,M01,212.23,116.55,18.47,running
2025-03-03 02:46:00,M01,211.44,120.93,18.58,running
2025-03-03 02:47:00,M01,211.48,116.55,18.62,running
2025-03-03 02:48:00,M01,212.15,115.36,19.0,running
2025-03-03 02:49:00,M01,211.42,116.82,18.62,running
2025-03-03 02:50:00,M01,211.57,116.21,18.93,running
2025-03-03 02:51:00,M01,211.48,119.82,18.62,running
2025-03-03 02:52:00,M01,212.54,115.75,18.67,running
2025-03-03 02:53:00,M01,212.63,119.12,18.15,running
2025-03-03 02:54:00,M01,212.56,117.93,18.39,running
2025-03-03 02:55:00,M01,212.13,117.36,18.16,running
2025-03-03 02:56:00,M01,211.63,119.08,18.53,running
2025-03-03 02:57:00,M01,211.0,117.32,18.23,running
2025-03-03 02:58:00,M01,210.37,115.31,18.02,running
2025-03-03 02:59:00,M01,211.62,117.35,18.4,running
2025-03-03 03:00:00,M01,210.74,116.7,18.24,running
2025-03-03 03:01:00,M01,210.37,115.32,18.19,running
2025-03-03 03:02:00,M01,211.69,119.48,18.28,running
2025-03-03 03:03:00,M01,211.56,119.45,18.65,running
2025-03-03 03:04:00,M01,212.48,118.81,18.66,running
2025-03-03 03:05:00,M01,212.22,119.71,18.5,running
2025-03-03 03:06:00,M01,212.04,119.61,18.47,running
2025-03-03 03:07:00,M01,212.12,116.72,18.71,running
2025-03-03 03:08:00,M01,212.42,118.02,18.66,running
2025-03-03 03:09:00,M01,212.67,117.22,18.4,running
2025-03-03 03:10:00,M01,212.91,117.81,18.31,running
2025-03-03 03:11:00,M01,212.51,116.19,18.62,running
2025-03-03 03:12:00,M01,212.13,116.62,18.53,running
2025-03-03 03:13:00,M01,210.8,119.41,18.58,running
2025-03-03 03:14:00,M01,210.65,120.06,18.06,running
2025-03-03 03:15:00,M01,211.02,114.95,18.59,running
2025-03-03 03:16:00,M01,210.84,118.11,18.24,running
2025-03-03 03:17:00,M01,209.99,117.5,18.18,running
2025-03-03 03:18:00,M01,210.5,115.89,18.69,running
2025-03-03 03:19:00,M01,210.42,115.3,18.64,running
2025-03-03 03:20:00,M01,210.39,117.57,18.46,running
2025-03-03 03:21:00,M01,211.63,116.8,18.57,running
2025-03-03 03:22:00,M01,211.14,117.3,18.82,running
2025-03-03 03:23:00,M01,211.37,117.16,18.11,running
2025-03-03 03:24:00,M01,211.7,118.08,18.6,running
2025-03-03 03:25:00,M01,211.03,118.09,18.66,running
2025-03-03 03:26:00,M01,211.19,116.39,18.52,running
2025-03-03 03:27:00,M01,211.02,119.33,18.2,running
2025-03-03 03:28:00,M01,211.73,115.49,18.32,running
2025-03-03 03:29:00,M01,211.77,116.06,18.51,running
2025-03-03 03:30:00,M01,211.34,118.83,18.5,running
2025-03-03 03:31:00,M01,211.11,116.56,18.0,running
2025-03-03 03:32:00,M01,210.82,119.82,18.42,running
2025-03-03 03:33:00,M01,211.01,115.97,18.48,running
2025-03-03 03:34:00,M01,211.28,114.6,18.41,running
2025-03-03 03:35:00,M01,210.69,118.13,18.46,running
2025-03-03 03:36:00,M01,211.41,115.74,18.26,running
2025-03-03 03:37:00,M01,212.16,117.19,18.08,running
2025-03-03 03:38:00,M01,212.61,119.43,19.12,running
2025-03-03 03:39:00,M01,212.17,116.84,18.51,running
2025-03-03 03:40:00,M01,212.1,119.1,18.95,running
2025-03-03 03:41:00,M01,211.42,121.09,18.37,running
2025-03-03 03:42:00,M01,211.15,118.59,18.73,running
2025-03-03 03:43:00,M01,210.44,119.66,18.26,running
2025-03-03 03:44:00,M01,210.51,118.04,18.51,running
2025-03-03 03:45:00,M01,210.47,115.53,18.13,running
2025-03-03 03:46:00,M01,211.24,117.16,18.41,running
2025-03-03 03:47:00,M01,211.59,119.05,18.67,running
2025-03-03 03:48:00,M01,212.7,118.63,18.65,running
2025-03-03 03:49:00,M01,212.82,116.26,18.72,running
2025-03-03 03:50:00,M01,213.27,118.49,18.8,running
2025-03-03 03:51:00,M01,212.37,116.3,18.49,running
2025-03-03 03:52:00,M01,212.61,116.93,18.38,running
2025-03-03 03:53:00,M01,211.25,117.47,17.83,running
2025-03-03 03:54:00,M01,211.3,118.93,18.7,running
2025-03-03 03:55:00,M01,211.66,116.34,18.24,running
2025-03-03 03:56:00,M01,212.04,116.64,18.4,running
2025-03-03 03:57:00,M01,212.13,118.28,18.54,running
2025-03-03 03:58:00,M01,212.45,118.32,18.74,running
2025-03-03 03:59:00,M01,212.11,116.82,18.1,running
2025-03-03 04:00:00,M01,212.4,117.78,18.16,running
2025-03-03 04:01:00,M01,212.63,118.85,18.52,running
2025-03-03 04:02:00,M01,212.2,117.84,18.34,running
2025-03-03 04:03:00,M01,212.55,118.98,18.42,running
2025-03-03 04:04:00,M01,212.36,119.51,18.35,running
2025-03-03 04:05:00,M01,210.22,116.0,18.45,running
2025-03-03 04:06:00,M01,210.34,115.46,18.6,running
2025-03-03 04:07:00,M01,210.75,115.15,18.57,running
2025-03-03 04:08:00,M01,210.9,114.67,17.91,running
2025-03-03 04:09:00,M01,210.97,119.32,18.6,running
2025-03-03 04:10:00,M01,211.29,117.97,17.97,running
2025-03-03 04:11:00,M01,211.44,115.15,18.46,running
2025-03-03 04:12:00,M01,211.74,115.45,18.03,running
2025-03-03 04:13:00,M01,211.69,117.02,18.33,running
2025-03-03 04:14:00,M01,212.23,117.13,18.09,running
2025-03-03 04:15:00,M01,211.65,118.91,18.52,running
2025-03-03 04:16:00,M01,211.51,117.46,18.35,running
2025-03-03 04:17:00,M01,212.11,118.34,18.11,running
2025-03-03 04:18:00,M01,212.75,116.73,18.42,running
2025-03-03 04:19:00,M01,212.63,118.58,18.11,running
2025-03-03 04:20:00,M01,212.95,117.35,18.11,running
2025-03-03 04:21:00,M01,212.65,115.77,18.49,running
2025-03-03 04:22:00,M01,213.55,118.3,18.34,running
2025-03-03 04:23:00,M01,212.31,119.24,18.51,running
2025-03-03 04:24:00,M01,212.83,118.1,18.1,running
2025-03-03 04:25:00,M01,213.06,116.86,18.84,running
2025-03-03 04:26:00,M01,212.74,119.2,18.67,running
2025-03-03 04:27:00,M01,212.51,117.58,18.84,running
2025-03-03 04:28:00,M01,212.37,117.53,18.43,running
2025-03-03 04:29:00,M01,211.4,117.33,18.93,running
2025-03-03 04:30:00,M01,212.65,116.92,18.24,running
2025-03-03 04:31:00,M01,213.21,119.24,18.53,running
2025-03-03 04:32:00,M01,213.35,118.31,18.48,running
2025-03-03 04:33:00,M01,213.05,114.74,18.41,running
2025-03-03 04:34:00,M01,212.87,115.17,18.13,running
2025-03-03 04:35:00,M01,213.01,118.62,18.33,running
2025-03-03 04:36:00,M01,213.46,115.82,18.64,running
2025-03-03 04:37:00,M01,212.93,115.19,18.13,running
2025-03-03 04:38:00,M01,212.89,117.11,18.21,running
2025-03-03 04:39:00,M01,212.86,118.05,17.97,running
2025-03-03 04:40:00,M01,212.63,115.91,18.13,running
2025-03-03 04:41:00,M01,212.72,118.33,18.47,running
2025-03-03 04:42:00,M01,211.39,116.03,18.5,running
2025-03-03 04:43:00,M01,212.15,116.95,18.76,running
2025-03-03 04:44:00,M01,212.09,119.54,18.0,running
2025-03-03 04:45:00,M01,211.91,115.12,18.41,running
2025-03-03 04:46:00,M01,211.98,116.45,18.03,running
2025-03-03 04:47:00,M01,211.3,120.37,18.31,running
2025-03-03 04:48:00,M01,211.38,116.93,18.34,running
2025-03-03 04:49:00,M01,211.38,117.11,18.18,running
2025-03-03 04:50:00,M01,211.31,117.87,18.28,running
2025-03-03 04:51:00,M01,209.99,116.78,18.17,running
2025-03-03 04:52:00,M01,210.6,116.39,18.42,running
2025-03-03 04:53:00,M01,211.09,117.45,18.47,running
2025-03-03 04:54:00,M01,211.57,118.84,18.83,running
2025-03-03 04:55:00,M01,211.32,117.43,17.92,running
2025-03-03 04:56:00,M01,211.59,118.09,18.33,running
2025-03-03 04:57:00,M01,213.16,118.69,18.65,running
2025-03-03 04:58:00,M01,213.07,116.33,18.1,running
2025-03-03 04:59:00,M01,213.34,118.44,18.12,running
2025-03-03 05:00:00,M01,212.99,120.37,18.43,running
2025-03-03 05:01:00,M01,212.66,117.97,18.56,running
2025-03-03 05:02:00,M01,212.86,119.25,18.92,running
2025-03-03 05:03:00,M01,213.48,118.71,18.6,running
2025-03-03 05:04:00,M01,212.15,119.24,18.48,running
2025-03-03 05:05:00,M01,211.66,116.76,18.49,running
2025-03-03 05:06:00,M01,212.23,118.0,18.65,running
2025-03-03 05:07:00,M01,212.51,117.62,19.12,running
2025-03-03 05:08:00,M01,212.43,117.13,18.31,running
2025-03-03 05:09:00,M01,212.12,116.17,18.38,running
2025-03-03 05:10:00,M01,211.91,118.39,18.23,running
2025-03-03 05:11:00,M01,213.2,117.11,18.12,running
2025-03-03 05:12:00,M01,213.27,119.86,18.54,running
2025-03-03 05:13:00,M01,212.92,117.93,18.45,running
2025-03-03 05:14:00,M01,213.56,116.03,18.0,running
2025-03-03 05:15:00,M01,213.26,117.13,18.28,running
2025-03-03 05:16:00,M01,212.8,117.33,18.61,running
2025-03-03 05:17:00,M01,211.82,116.8,18.02,running
2025-03-03 05:18:00,M01,211.93,116.57,18.2,running
2025-03-03 05:19:00,M01,212.05,115.24,18.6,running
2025-03-03 05:20:00,M01,212.71,116.93,18.45,running
2025-03-03 05:21:00,M01,212.93,117.41,17.82,running
2025-03-03 05:22:00,M01,213.16,119.32,18.26,running
2025-03-03 05:23:00,M01,212.54,116.53,18.85,running
2025-03-03 05:24:00,M01,212.3,115.57,18.4,running
2025-03-03 05:25:00,M01,212.11,117.97,18.59,running
2025-03-03 05:26:00,M01,212.22,116.83,18.61,running
2025-03-03 05:27:00,M01,210.7,114.87,18.49,running
2025-03-03 05:28:00,M01,210.69,118.43,17.81,running
2025-03-03 05:29:00,M01,211.09,115.91,18.43,running
2025-03-03 05:30:00,M01,211.46,117.19,18.13,running
2025-03-03 05:31:00,M01,211.56,119.34,18.49,running
2025-03-03 05:32:00,M01,212.26,115.08,18.72,running
2025-03-03 05:33:00,M01,213.11,118.88,18.45,running
2025-03-03 05:34:00,M01,212.28,118.09,17.85,running
2025-03-03 05:35:00,M01,211.63,117.03,18.73,running
2025-03-03 05:36:00,M01,211.61,115.27,18.42,running
2025-03-03 05:37:00,M01,213.17,118.39,18.67,running
2025-03-03 05:38:00,M01,213.25,116.62,18.2,running
2025-03-03 05:39:00,M01,213.79,119.74,18.23,running
2025-03-03 05:40:00,M01,214.37,118.98,18.59,running
2025-03-03 05:41:00,M01,214.58,116.56,18.24,running
2025-03-03 05:42:00,M01,214.84,119.16,18.57,running
2025-03-03 05:43:00,M01,214.77,117.53,18.05,running
2025-03-03 05:44:00,M01,214.39,118.99,18.17,running
2025-03-03 05:45:00,M01,214.34,119.97,18.44,running
2025-03-03 05:46:00,M01,214.29,118.42,18.55,running
2025-03-03 05:47:00,M01,214.1,118.59,18.49,running
2025-03-03 05:48:00,M01,213.27,121.99,18.86,running
2025-03-03 05:49:00,M01,213.57,118.23,18.68,running
2025-03-03 05:50:00,M01,213.67,117.81,18.5,running
2025-03-03 05:51:00,M01,213.56,116.64,18.4,running
2025-03-03 05:52:00,M01,214.64,115.85,17.86,running
2025-03-03 05:53:00,M01,214.27,118.38,18.49,running
2025-03-03 05:54:00,M01,213.9,118.0,18.29,running
2025-03-03 05:55:00,M01,214.18,118.42,18.32,running
2025-03-03 05:56:00,M01,214.42,117.47,18.35,running
2025-03-03 05:57:00,M01,214.68,116.1,18.58,running
2025-03-03 05:58:00,M01,215.11,115.7,18.35,running
2025-03-03 05:59:00,M01,215.5,119.12,18.88,running
2025-03-03 06:00:00,M01,215.8,119.36,18.26,running
2025-03-03 06:01:00,M01,215.56,118.84,18.54,running
2025-03-03 06:02:00,M01,215.47,118.63,18.76,running
2025-03-03 06:03:00,M01,214.16,118.96,18.41,running
2025-03-03 06:04:00,M01,213.85,115.95,18.37,running
2025-03-03 06:05:00,M01,214.82,117.18,18.81,running
2025-03-03 06:06:00,M01,214.31,116.78,18.24,running
2025-03-03 06:07:00,M01,213.74,118.66,18.09,running
2025-03-03 06:08:00,M01,213.4,117.87,18.32,running
2025-03-03 06:09:00,M01,213.56,117.26,18.76,running
2025-03-03 06:10:00,M01,213.7,117.78,18.46,running
2025-03-03 06:11:00,M01,213.61,117.05,18.46,running
2025-03-03 06:12:00,M01,213.03,115.69,18.87,running
2025-03-03 06:13:00,M01,213.06,117.94,18.32,running
2025-03-03 06:14:00,M01,212.15,118.5,18.32,running
2025-03-03 06:15:00,M01,212.32,117.64,18.35,running
2025-03-03 06:16:00,M01,212.28,114.8,18.4,running
2025-03-03 06:17:00,M01,212.84,118.31,18.39,running
2025-03-03 06:18:00,M01,212.58,119.63,18.31,running
2025-03-03 06:19:00,M01,212.7,115.76,18.45,running
2025-03-03 06:20:00,M01,212.51,118.19,18.93,running
2025-03-03 06:21:00,M01,212.05,116.5,18.31,running
2025-03-03 06:22:00,M01,212.83,118.37,18.57,running
2025-03-03 06:23:00,M01,212.5,116.46,18.52,running
2025-03-03 06:24:00,M01,212.34,117.01,18.18,running
2025-03-03 06:25:00,M01,211.07,115.59,18.55,running
2025-03-03 06:26:00,M01,210.51,117.26,18.12,running
2025-03-03 06:27:00,M01,211.85,118.55,18.77,running
2025-03-03 06:28:00,M01,212.73,116.53,18.58,running
2025-03-03 06:29:00,M01,213.53,118.25,18.51,running
2025-03-03 06:30:00,M01,213.48,118.86,18.61,running
2025-03-03 06:31:00,M01,214.79,116.55,18.35,running
2025-03-03 06:32:00,M01,213.29,118.23,18.43,running
2025-03-03 06:33:00,M01,213.44,116.57,18.8,running
2025-03-03 06:34:00,M01,213.98,116.42,18.8,running
2025-03-03 06:35:00,M01,213.26,119.84,18.23,running
2025-03-03 06:36:00,M01,213.69,119.44,18.76,running
2025-03-03 06:37:00,M01,212.73,118.21,18.37,running
2025-03-03 06:38:00,M01,213.13,117.4,18.64,running
2025-03-03 06:39:00,M01,213.08,115.69,18.4,running
2025-03-03 06:40:00,M01,213.45,116.47,18.47,running
2025-03-03 06:41:00,M01,212.9,116.16,18.01,running
2025-03-03 06:42:00,M01,213.03,119.04,17.77,running
2025-03-03 06:43:00,M01,213.53,117.51,18.28,running
2025-03-03 06:44:00,M01,213.72,117.22,18.51,running
2025-03-03 06:45:00,M01,212.66,116.82,18.37,running
2025-03-03 06:46:00,M01,212.28,118.96,18.46,running
2025-03-03 06:47:00,M01,211.45,118.01,18.49,running
2025-03-03 06:48:00,M01,211.59,119.55,18.82,running
2025-03-03 06:49:00,M01,211.94,116.92,17.82,running
2025-03-03 06:50:00,M01,212.26,120.79,18.41,running
2025-03-03 06:51:00,M01,212.96,117.67,18.99,running
2025-03-03 06:52:00,M01,213.45,120.08,18.36,running
2025-03-03 06:53:00,M01,213.38,120.76,18.2,running
2025-03-03 06:54:00,M01,213.68,116.45,18.2,running
2025-03-03 06:55:00,M01,214.21,118.43,18.76,running
2025-03-03 06:56:00,M01,214.57,119.6,18.44,running
2025-03-03 06:57:00,M01,214.41,119.71,18.53,running
2025-03-03 06:58:00,M01,213.76,116.28,18.77,running
2025-03-03 06:59:00,M01,213.98,119.98,18.62,running
2025-03-03 07:00:00,M01,214.58,116.76,18.64,running
2025-03-03 07:01:00,M01,214.0,117.57,18.64,running
2025-03-03 07:02:00,M01,213.58,117.65,18.12,running
2025-03-03 07:03:00,M01,214.01,117.3,18.39,running
2025-03-03 07:04:00,M01,212.97,118.13,18.11,running
2025-03-03 07:05:00,M01,213.88,117.75,18.69,running
2025-03-03 07:06:00,M01,213.65,119.5,18.16,running
2025-03-03 07:07:00,M01,213.03,117.14,18.21,running
2025-03-03 07:08:00,M01,213.3,117.75,18.68,running
2025-03-03 07:09:00,M01,214.0,116.55,18.43,running
2025-03-03 07:10:00,M01,215.02,118.09,18.49,running
2025-03-03 07:11:00,M01,214.88,116.25,18.36,running
2025-03-03 07:12:00,M01,216.09,115.62,18.65,running
2025-03-03 07:13:00,M01,216.65,119.85,18.72,running
2025-03-03 07:14:00,M01,216.45,118.22,18.47,running
2025-03-03 07:15:00,M01,217.72,118.2,18.8,running
2025-03-03 07:16:00,M01,216.33,118.26,18.2,running
2025-03-03 07:17:00,M01,216.13,119.28,18.59,running
2025-03-03 07:18:00,M01,215.6,116.8,18.32,running
2025-03-03 07:19:00,M01,214.39,118.11,18.38,running
2025-03-03 07:20:00,M01,214.64,118.0,18.48,running
2025-03-03 07:21:00,M01,214.81,119.79,18.21,running
2025-03-03 07:22:00,M01,215.04,116.76,18.38,running
2025-03-03 07:23:00,M01,215.02,119.5,18.51,running
2025-03-03 07:24:00,M01,215.5,117.1,18.9,running
2025-03-03 07:25:00,M01,214.87,118.59,18.35,running
2025-03-03 07:26:00,M01,214.25,117.56,18.31,running
2025-03-03 07:27:00,M01,213.44,117.85,18.96,running
2025-03-03 07:28:00,M01,213.73,118.51,18.67,running
2025-03-03 07:29:00,M01,213.84,118.82,18.55,running
2025-03-03 07:30:00,M01,215.01,117.37,18.56,running
2025-03-03 07:31:00,M01,215.06,119.83,18.21,running
2025-03-03 07:32:00,M01,214.56,118.71,18.29,running
2025-03-03 07:33:00,M01,214.24,116.44,18.28,running
2025-03-03 07:34:00,M01,215.68,118.32,18.44,running
2025-03-03 07:35:00,M01,215.65,121.58,18.71,running
2025-03-03 07:36:00,M01,215.11,118.84,18.12,running
2025-03-03 07:37:00,M01,215.5,115.44,18.63,running
2025-03-03 07:38:00,M01,216.13,117.91,18.5,running
2025-03-03 07:39:00,M01,215.63,116.61,18.08,running
2025-03-03 07:40:00,M01,215.65,117.97,18.33,running
2025-03-03 07:41:00,M01,213.9,116.57,18.54,running
2025-03-03 07:42:00,M01,214.29,117.76,18.21,running
2025-03-03 07:43:00,M01,214.27,119.05,18.24,running
2025-03-03 07:44:00,M01,214.33,119.85,18.8,running
2025-03-03 07:45:00,M01,214.18,114.25,18.5,running
2025-03-03 07:46:00,M01,213.54,119.47,18.94,running
2025-03-03 07:47:00,M01,213.67,117.16,18.22,running
2025-03-03 07:48:00,M01,213.04,117.38,18.7,running
2025-03-03 07:49:00,M01,213.49,117.73,18.44,running
2025-03-03 07:50:00,M01,214.1,116.02,18.74,running
2025-03-03 07:51:00,M01,213.63,117.27,18.73,running
2025-03-03 07:52:00,M01,214.17,118.14,18.15,running
2025-03-03 07:53:00,M01,213.94,116.7,18.36,running
2025-03-03 07:54:00,M01,212.5,120.17,18.29,running
2025-03-03 07:55:00,M01,214.64,118.96,19.03,running
2025-03-03 07:56:00,M01,214.79,118.78,18.31,running
2025-03-03 07:57:00,M01,213.79,117.74,18.31,running
2025-03-03 07:58:00,M01,214.54,116.29,18.65,running
2025-03-03 07:59:00,M01,214.12,117.06,18.51,running
2025-03-03 08:00:00,M01,213.87,117.94,18.32,running
2025-03-03 08:01:00,M01,215.06,119.25,18.7,running
2025-03-03 08:02:00,M01,215.03,115.67,18.42,running
2025-03-03 08:03:00,M01,215.85,118.8,18.34,running
2025-03-03 08:04:00,M01,215.69,118.63,18.17,running
2025-03-03 08:05:00,M01,214.96,115.03,18.42,running
2025-03-03 08:06:00,M01,215.34,118.06,18.48,running
2025-03-03 08:07:00,M01,214.99,116.63,19.02,running
2025-03-03 08:08:00,M01,214.81,113.05,18.27,running
2025-03-03 08:09:00,M01,213.92,116.58,18.6,running
2025-03-03 08:10:00,M01,213.77,114.27,18.23,running
2025-03-03 08:11:00,M01,214.64,118.54,18.79,running
2025-03-03 08:12:00,M01,213.34,117.34,18.68,running
2025-03-03 08:13:00,M01,213.44,114.08,18.74,running
2025-03-03 08:14:00,M01,213.88,119.16,18.53,running
2025-03-03 08:15:00,M01,214.46,114.77,18.23,running
2025-03-03 08:16:00,M01,214.33,116.76,18.4,running
2025-03-03 08:17:00,M01,214.22,118.07,18.54,running
2025-03-03 08:18:00,M01,214.48,117.28,18.45,running
2025-03-03 08:19:00,M01,213.89,117.93,18.25,running
2025-03-03 08:20:00,M01,214.69,115.95,18.03,running
2025-03-03 08:21:00,M01,215.7,116.36,18.21,running
2025-03-03 08:22:00,M01,215.8,117.72,18.82,running
2025-03-03 08:23:00,M01,215.83,117.79,18.35,running
2025-03-03 08:24:00,M01,215.88,119.97,18.51,running
2025-03-03 08:25:00,M01,215.53,117.14,18.82,running
2025-03-03 08:26:00,M01,215.5,117.93,18.37,running
2025-03-03 08:27:00,M01,215.1,119.78,18.21,running
2025-03-03 08:28:00,M01,215.48,117.42,18.52,running
2025-03-03 08:29:00,M01,215.23,113.9,18.32,running
2025-03-03 08:30:00,M01,215.83,119.69,18.64,running
2025-03-03 08:31:00,M01,216.35,119.18,19.06,running
2025-03-03 08:32:00,M01,215.92,120.03,18.63,running
2025-03-03 08:33:00,M01,215.75,118.6,18.93,running
2025-03-03 08:34:00,M01,215.62,117.31,18.14,running
2025-03-03 08:35:00,M01,213.7,117.38,18.11,running
2025-03-03 08:36:00,M01,214.48,117.79,18.18,running
2025-03-03 08:37:00,M01,214.23,117.0,18.86,running
2025-03-03 08:38:00,M01,214.79,117.47,18.78,running
2025-03-03 08:39:00,M01,214.52,118.85,18.69,running
2025-03-03 08:40:00,M01,214.69,120.06,18.71,running
2025-03-03 08:41:00,M01,214.55,116.21,17.83,running
2025-03-03 08:42:00,M01,214.17,115.32,18.2,running
2025-03-03 08:43:00,M01,214.89,119.21,18.08,running
2025-03-03 08:44:00,M01,214.42,118.18,18.25,running
2025-03-03 08:45:00,M01,213.67,117.66,18.68,running
2025-03-03 08:46:00,M01,214.38,119.68,18.34,running
2025-03-03 08:47:00,M01,214.82,120.47,18.53,running
2025-03-03 08:48:00,M01,214.87,118.04,18.21,running
2025-03-03 08:49:00,M01,215.09,117.76,18.52,running
2025-03-03 08:50:00,M01,215.61,118.52,18.22,running
2025-03-03 08:51:00,M01,215.18,119.25,18.31,running
2025-03-03 08:52:00,M01,214.29,118.06,18.05,running
2025-03-03 08:53:00,M01,214.97,116.53,18.31,running
2025-03-03 08:54:00,M01,215.67,118.65,18.21,running
2025-03-03 08:55:00,M01,215.55,117.49,18.71,running
2025-03-03 08:56:00,M01,214.93,117.49,18.33,running
2025-03-03 08:57:00,M01,215.99,117.75,18.35,running
2025-03-03 08:58:00,M01,215.97,117.78,18.69,running
2025-03-03 08:59:00,M01,215.52,120.76,18.77,running
2025-03-03 09:00:00,M01,215.5,117.6,18.12,running
2025-03-03 09:01:00,M01,215.32,118.78,18.56,running
2025-03-03 09:02:00,M01,214.27,119.37,18.43,running
2025-03-03 09:03:00,M01,214.59,117.1,18.5,running
2025-03-03 09:04:00,M01,214.87,115.92,17.95,running
2025-03-03 09:05:00,M01,214.16,117.54,19.02,running
2025-03-03 09:06:00,M01,214.82,119.8,18.3,running
2025-03-03 09:07:00,M01,214.44,118.86,18.28,running
2025-03-03 09:08:00,M01,214.29,118.96,18.39,running
2025-03-03 09:09:00,M01,215.35,117.36,18.16,running
2025-03-03 09:10:00,M01,215.44,119.44,18.92,running
2025-03-03 09:11:00,M01,215.84,119.74,18.46,running
2025-03-03 09:12:00,M01,215.01,117.6,18.45,running
2025-03-03 09:13:00,M01,215.14,120.14,18.52,running
2025-03-03 09:14:00,M01,216.08,119.12,18.04,running
2025-03-03 09:15:00,M01,216.24,117.26,18.72,running
2025-03-03 09:16:00,M01,215.86,115.85,18.26,running
2025-03-03 09:17:00,M01,215.07,118.39,18.72,running
2025-03-03 09:18:00,M01,214.77,118.67,18.48,running
2025-03-03 09:19:00,M01,215.08,117.67,18.48,running
2025-03-03 09:20:00,M01,214.82,120.78,18.63,running
2025-03-03 09:21:00,M01,214.84,117.61,18.63,running
2025-03-03 09:22:00,M01,215.43,117.24,18.65,running
2025-03-03 09:23:00,M01,216.64,117.66,18.62,running
2025-03-03 09:24:00,M01,216.51,117.7,18.67,running
2025-03-03 09:25:00,M01,217.16,116.21,18.65,running
2025-03-03 09:26:00,M01,216.62,118.26,18.59,running
2025-03-03 09:27:00,M01,216.34,120.61,18.84,running
2025-03-03 09:28:00,M01,216.47,117.26,18.82,running
2025-03-03 09:29:00,M01,215.81,119.16,18.84,running
2025-03-03 09:30:00,M01,215.87,117.74,18.17,running
2025-03-03 09:31:00,M01,215.55,118.05,18.18,running
2025-03-03 09:32:00,M01,214.97,119.48,18.3,running
2025-03-03 09:33:00,M01,215.0,115.16,18.41,running
2025-03-03 09:34:00,M01,215.05,118.72,18.28,running
2025-03-03 09:35:00,M01,214.46,118.43,18.57,running
2025-03-03 09:36:00,M01,213.97,117.08,17.67,running
2025-03-03 09:37:00,M01,214.28,119.78,18.05,running
2025-03-03 09:38:00,M01,214.75,117.44,18.34,running
2025-03-03 09:39:00,M01,214.33,117.65,18.56,running
2025-03-03 09:40:00,M01,215.42,118.32,18.1,running
2025-03-03 09:41:00,M01,215.16,118.42,18.22,running
2025-03-03 09:42:00,M01,215.68,117.63,18.59,running
2025-03-03 09:43:00,M01,216.31,116.94,18.64,running
2025-03-03 09:44:00,M01,215.87,116.58,18.78,running
2025-03-03 09:45:00,M01,215.82,119.25,18.11,running
2025-03-03 09:46:00,M01,214.92,117.64,18.34,running
2025-03-03 09:47:00,M01,214.62,117.09,18.67,running
2025-03-03 09:48:00,M01,214.66,115.63,18.18,running
2025-03-03 09:49:00,M01,213.5,115.15,18.07,running
2025-03-03 09:50:00,M01,213.59,116.93,18.7,running
2025-03-03 09:51:00,M01,213.92,115.0,18.1,running
2025-03-03 09:52:00,M01,214.34,115.01,18.54,running
2025-03-03 09:53:00,M01,215.78,119.32,18.59,running
2025-03-03 09:54:00,M01,216.48,115.64,18.83,running
2025-03-03 09:55:00,M01,216.01,122.78,18.07,running
2025-03-03 09:56:00,M01,215.0,117.03,18.58,running
2025-03-03 09:57:00,M01,215.09,116.12,18.31,running
2025-03-03 09:58:00,M01,215.63,117.85,18.88,running
2025-03-03 09:59:00,M01,216.09,118.86,18.68,running
2025-03-03 10:00:00,M01,215.68,121.86,18.41,running
2025-03-03 10:01:00,M01,215.96,118.86,18.45,running
2025-03-03 10:02:00,M01,216.5,116.99,18.39,running
2025-03-03 10:03:00,M01,216.93,117.99,18.06,running
2025-03-03 10:04:00,M01,216.74,120.32,18.55,running
2025-03-03 10:05:00,M01,216.82,118.33,18.58,running
2025-03-03 10:06:00,M01,216.96,115.21,18.86,running
2025-03-03 10:07:00,M01,217.64,118.03,18.62,running
2025-03-03 10:08:00,M01,216.22,119.32,18.49,running
2025-03-03 10:09:00,M01,216.74,117.25,18.44,running
2025-03-03 10:10:00,M01,216.9,121.38,18.44,running
2025-03-03 10:11:00,M01,216.81,119.29,18.6,running
2025-03-03 10:12:00,M01,216.85,120.16,18.64,running
2025-03-03 10:13:00,M01,216.2,120.41,18.68,running
2025-03-03 10:14:00,M01,217.31,118.45,18.56,running
2025-03-03 10:15:00,M01,216.85,117.26,18.08,running
2025-03-03 10:16:00,M01,216.09,119.5,18.47,running
2025-03-03 10:17:00,M01,215.62,118.25,18.65,running
2025-03-03 10:18:00,M01,215.34,116.31,18.68,running
2025-03-03 10:19:00,M01,215.29,118.09,18.62,running
2025-03-03 10:20:00,M01,214.96,117.37,18.16,running
2025-03-03 10:21:00,M01,214.33,117.75,18.76,running
2025-03-03 10:22:00,M01,214.55,118.28,18.07,running
2025-03-03 10:23:00,M01,214.94,119.38,18.17,running
2025-03-03 10:24:00,M01,215.65,117.29,18.7,running
2025-03-03 10:25:00,M01,215.42,118.28,18.89,running
2025-03-03 10:26:00,M01,215.53,119.51,18.37,running
2025-03-03 10:27:00,M01,216.18,115.01,18.76,running
2025-03-03 10:28:00,M01,215.4,120.8,18.55,running
2025-03-03 10:29:00,M01,215.29,120.45,18.21,running
2025-03-03 10:30:00,M01,215.65,118.48,18.73,running
2025-03-03 10:31:00,M01,217.27,120.38,18.22,running
2025-03-03 10:32:00,M01,217.01,116.82,19.0,running
2025-03-03 10:33:00,M01,216.2,116.75,18.82,running
2025-03-03 10:34:00,M01,216.97,117.88,18.64,running
2025-03-03 10:35:00,M01,216.16,120.12,18.43,running
2025-03-03 10:36:00,M01,216.76,119.35,18.56,running
2025-03-03 10:37:00,M01,216.09,117.84,19.22,running
2025-03-03 10:38:00,M01,215.29,118.66,18.18,running
2025-03-03 10:39:00,M01,214.61,118.8,18.63,running
2025-03-03 10:40:00,M01,215.01,117.21,18.47,running
2025-03-03 10:41:00,M01,215.7,117.26,18.36,running
2025-03-03 10:42:00,M01,216.63,116.37,18.67,running
2025-03-03 10:43:00,M01,217.02,116.29,18.72,running
2025-03-03 10:44:00,M01,215.8,120.2,18.03,running
2025-03-03 10:45:00,M01,215.59,119.82,19.13,running
2025-03-03 10:46:00,M01,215.42,118.45,18.28,running
2025-03-03 10:47:00,M01,215.52,121.5,18.78,running
2025-03-03 10:48:00,M01,215.84,116.15,18.54,running
2025-03-03 10:49:00,M01,216.75,120.13,18.69,running
2025-03-03 10:50:00,M01,215.34,117.73,18.51,running
2025-03-03 10:51:00,M01,215.74,119.39,18.82,running
2025-03-03 10:52:00,M01,215.43,120.14,18.69,running
2025-03-03 10:53:00,M01,215.65,118.43,18.85,running
2025-03-03 10:54:00,M01,215.42,116.28,18.58,running
2025-03-03 10:55:00,M01,216.33,117.66,18.42,running
2025-03-03 10:56:00,M01,217.14,119.95,18.6,running
2025-03-03 10:57:00,M01,217.16,119.79,19.02,running
2025-03-03 10:58:00,M01,216.81,117.96,18.88,running
2025-03-03 10:59:00,M01,217.68,119.99,18.35,running
2025-03-03 11:00:00,M01,216.98,120.61,18.71,running
2025-03-03 11:01:00,M01,217.16,119.44,18.69,running
2025-03-03 11:02:00,M01,216.89,119.58,18.54,running
2025-03-03 11:03:00,M01,216.73,120.01,18.64,running
2025-03-03 11:04:00,M01,217.27,118.26,18.37,running
2025-03-03 11:05:00,M01,218.0,115.33,18.66,running
2025-03-03 11:06:00,M01,217.39,117.93,18.89,running
2025-03-03 11:07:00,M01,217.27,116.39,18.37,running
2025-03-03 11:08:00,M01,216.66,119.74,18.73,running
2025-03-03 11:09:00,M01,218.2,119.22,18.79,running
2025-03-03 11:10:00,M01,218.32,117.76,18.48,running
2025-03-03 11:11:00,M01,219.16,118.09,19.24,running
2025-03-03 11:12:00,M01,218.05,119.59,18.28,running
2025-03-03 11:13:00,M01,218.3,119.44,18.78,running
2025-03-03 11:14:00,M01,217.95,115.26,18.46,running
2025-03-03 11:15:00,M01,216.9,117.0,18.02,running
2025-03-03 11:16:00,M01,216.9,117.21,18.58,running
2025-03-03 11:17:00,M01,216.88,119.8,18.44,running
2025-03-03 11:18:00,M01,217.71,118.78,18.79,running
2025-03-03 11:19:00,M01,217.8,119.77,18.54,running
2025-03-03 11:20:00,M01,218.59,117.14,17.89,running
2025-03-03 11:21:00,M01,217.51,116.86,18.51,running
2025-03-03 11:22:00,M01,217.71,117.82,18.59,running
2025-03-03 11:23:00,M01,216.34,119.44,18.5,running
2025-03-03 11:24:00,M01,216.51,117.27,18.79,running
2025-03-03 11:25:00,M01,217.82,118.23,18.38,running
2025-03-03 11:26:00,M01,218.3,119.52,18.35,running
2025-03-03 11:27:00,M01,219.04,115.93,18.67,running
2025-03-03 11:28:00,M01,218.44,119.38,18.68,running
2025-03-03 11:29:00,M01,218.19,117.69,18.67,running
2025-03-03 11:30:00,M01,217.43,117.11,18.54,running
2025-03-03 11:31:00,M01,217.37,120.5,18.92,running
2025-03-03 11:32:00,M01,216.74,119.6,18.82,running
2025-03-03 11:33:00,M01,216.96,117.07,18.39,running
2025-03-03 11:34:00,M01,216.96,120.46,18.81,running
2025-03-03 11:35:00,M01,216.94,117.24,18.35,running
2025-03-03 11:36:00,M01,216.31,119.1,18.82,running
2025-03-03 11:37:00,M01,215.62,118.23,18.61,running
2025-03-03 11:38:00,M01,216.37,119.31,18.64,running
2025-03-03 11:39:00,M01,216.1,120.05,18.33,running
2025-03-03 11:40:00,M01,216.46,119.55,18.52,running
2025-03-03 11:41:00,M01,216.35,117.3,18.36,running
2025-03-03 11:42:00,M01,217.08,117.98,18.4,running
2025-03-03 11:43:00,M01,217.02,119.3,18.56,running
2025-03-03 11:44:00,M01,217.7,120.02,18.26,running
2025-03-03 11:45:00,M01,218.71,119.15,18.63,running
2025-03-03 11:46:00,M01,218.93,119.73,18.64,running
2025-03-03 11:47:00,M01,217.45,119.46,18.48,running
2025-03-03 11:48:00,M01,216.1,115.87,18.67,running
2025-03-03 11:49:00,M01,216.04,120.22,18.51,running
2025-03-03 11:50:00,M01,216.4,117.83,18.41,running
2025-03-03 11:51:00,M01,217.3,120.83,18.83,running
2025-03-03 11:52:00,M01,218.0,117.79,19.01,running
2025-03-03 11:53:00,M01,218.61,117.99,18.65,running
2025-03-03 11:54:00,M01,218.33,118.98,18.58,running
2025-03-03 11:55:00,M01,218.36,120.48,18.62,running
2025-03-03 11:56:00,M01,217.13,117.76,18.75,running
2025-03-03 11:57:00,M01,217.6,116.98,18.14,running
2025-03-03 11:58:00,M01,218.22,118.93,18.55,running
2025-03-03 11:59:00,M01,218.53,116.99,18.73,running
2025-03-03 12:00:00,M01,218.52,118.19,18.42,running
2025-03-03 12:01:00,M01,217.02,121.52,18.63,running
2025-03-03 12:02:00,M01,217.73,118.25,18.86,running
2025-03-03 12:03:00,M01,216.95,118.3,18.6,running
2025-03-03 12:04:00,M01,218.27,116.2,18.64,running
2025-03-03 12:05:00,M01,218.53,119.61,18.24,running
2025-03-03 12:06:00,M01,218.05,119.52,18.81,running
2025-03-03 12:07:00,M01,217.29,115.85,18.63,running
2025-03-03 12:08:00,M01,217.09,117.98,18.15,running
2025-03-03 12:09:00,M01,217.4,119.99,18.98,running
2025-03-03 12:10:00,M01,215.78,114.52,18.48,running
2025-03-03 12:11:00,M01,215.9,119.43,18.06,running
2025-03-03 12:12:00,M01,216.41,117.84,18.63,running
2025-03-03 12:13:00,M01,217.09,117.08,18.65,running
2025-03-03 12:14:00,M01,216.56,119.19,18.75,running
2025-03-03 12:15:00,M01,217.16,115.63,18.93,running
2025-03-03 12:16:00,M01,217.39,117.27,18.61,running
2025-03-03 12:17:00,M01,216.67,116.99,18.1,running
2025-03-03 12:18:00,M01,216.6,119.7,18.87,running
2025-03-03 12:19:00,M01,217.53,119.69,18.06,running
2025-03-03 12:20:00,M01,217.09,117.89,18.73,running
2025-03-03 12:21:00,M01,216.98,116.44,18.44,running
2025-03-03 12:22:00,M01,217.73,117.37,18.74,running
2025-03-03 12:23:00,M01,217.53,117.09,18.76,running
2025-03-03 12:24:00,M01,217.46,116.8,18.93,running
2025-03-03 12:25:00,M01,216.57,118.45,18.81,running
2025-03-03 12:26:00,M01,216.62,117.56,18.6,running
2025-03-03 12:27:00,M01,215.51,117.44,18.7,running
2025-03-03 12:28:00,M01,216.41,118.25,18.34,running
2025-03-03 12:29:00,M01,216.68,118.39,18.29,running
2025-03-03 12:30:00,M01,217.14,117.82,18.62,running
2025-03-03 12:31:00,M01,217.16,119.49,18.56,running
2025-03-03 12:32:00,M01,217.15,116.55,18.66,running
2025-03-03 12:33:00,M01,218.37,119.32,18.55,running
2025-03-03 12:34:00,M01,217.88,117.69,18.85,running
2025-03-03 12:35:00,M01,218.34,120.07,19.05,running
2025-03-03 12:36:00,M01,217.89,119.77,18.53,running
2025-03-03 12:37:00,M01,217.7,119.34,18.95,running
2025-03-03 12:38:00,M01,217.16,118.79,18.2,running
2025-03-03 12:39:00,M01,216.32,117.49,18.04,running
2025-03-03 12:40:00,M01,216.87,117.32,18.04,running
2025-03-03 12:41:00,M01,216.96,118.93,18.66,running
2025-03-03 12:42:00,M01,217.37,121.02,18.37,running
2025-03-03 12:43:00,M01,217.38,118.52,18.76,running
2025-03-03 12:44:00,M01,215.82,118.64,18.46,running
2025-03-03 12:45:00,M01,216.02,116.86,18.47,running
2025-03-03 12:46:00,M01,217.06,117.11,18.44,running
2025-03-03 12:47:00,M01,218.03,118.06,18.69,running
2025-03-03 12:48:00,M01,218.01,117.94,18.11,running
2025-03-03 12:49:00,M01,217.39,119.6,18.58,running
2025-03-03 12:50:00,M01,216.84,118.83,18.97,running
2025-03-03 12:51:00,M01,217.04,118.99,18.58,running
2025-03-03 12:52:00,M01,217.26,118.06,18.51,running
2025-03-03 12:53:00,M01,217.38,118.14,18.96,running
2025-03-03 12:54:00,M01,217.54,117.49,18.46,running
2025-03-03 12:55:00,M01,218.99,116.47,18.55,running
2025-03-03 12:56:00,M01,218.78,117.43,18.45,running
2025-03-03 12:57:00,M01,218.93,117.02,18.63,running
2025-03-03 12:58:00,M01,218.5,116.7,18.45,running
2025-03-03 12:59:00,M01,218.67,118.24,18.81,running
2025-03-03 13:00:00,M01,219.17,116.12,18.98,running
2025-03-03 13:01:00,M01,218.53,118.53,18.31,running
2025-03-03 13:02:00,M01,219.28,118.53,18.71,running
2025-03-03 13:03:00,M01,219.46,119.98,18.12,running
2025-03-03 13:04:00,M01,219.52,117.21,18.91,running
2025-03-03 13:05:00,M01,218.81,118.28,18.61,running
2025-03-03 13:06:00,M01,219.8,118.15,18.85,running
2025-03-03 13:07:00,M01,221.1,120.03,18.35,running
2025-03-03 13:08:00,M01,220.69,118.87,18.46,running
2025-03-03 13:09:00,M01,219.97,117.91,18.49,running
2025-03-03 13:10:00,M01,219.28,116.1,18.87,running
2025-03-03 13:11:00,M01,218.53,116.43,18.42,running
2025-03-03 13:12:00,M01,218.17,119.75,18.2,running
2025-03-03 13:13:00,M01,218.18,115.85,18.13,running
2025-03-03 13:14:00,M01,218.22,118.34,18.55,running
2025-03-03 13:15:00,M01,218.26,118.57,18.24,running
2025-03-03 13:16:00,M01,218.39,118.89,19.03,running
2025-03-03 13:17:00,M01,218.29,120.53,18.67,running
2025-03-03 13:18:00,M01,218.33,120.88,18.86,running
2025-03-03 13:19:00,M01,218.4,117.46,18.68,running
2025-03-03 13:20:00,M01,219.29,120.45,18.38,running
2025-03-03 13:21:00,M01,218.96,118.53,18.48,running
2025-03-03 13:22:00,M01,219.14,115.6,18.43,running
2025-03-03 13:23:00,M01,218.83,117.92,18.75,running
2025-03-03 13:24:00,M01,218.22,118.56,18.72,running
2025-03-03 13:25:00,M01,218.16,116.82,18.83,running
2025-03-03 13:26:00,M01,217.41,115.84,18.82,running
2025-03-03 13:27:00,M01,217.99,117.18,18.4,running
2025-03-03 13:28:00,M01,218.56,118.45,18.75,running
2025-03-03 13:29:00,M01,218.96,118.43,18.55,running
2025-03-03 13:30:00,M01,219.03,117.6,18.79,running
2025-03-03 13:31:00,M01,218.9,118.27,18.64,running
2025-03-03 13:32:00,M01,218.62,116.87,19.01,running
2025-03-03 13:33:00,M01,219.54,118.37,18.5,running
2025-03-03 13:34:00,M01,219.95,118.93,18.74,running
2025-03-03 13:35:00,M01,219.55,116.53,18.56,running
2025-03-03 13:36:00,M01,218.92,118.51,18.58,running
2025-03-03 13:37:00,M01,219.73,118.6,19.09,running
2025-03-03 13:38:00,M01,219.27,120.49,18.08,running
2025-03-03 13:39:00,M01,218.52,118.49,18.62,running
2025-03-03 13:40:00,M01,218.71,116.72,18.9,running
2025-03-03 13:41:00,M01,217.9,119.95,18.54,running
2025-03-03 13:42:00,M01,218.75,117.52,18.75,running
2025-03-03 13:43:00,M01,219.0,117.63,18.29,running
2025-03-03 13:44:00,M01,218.72,119.66,18.53,running
2025-03-03 13:45:00,M01,219.18,119.87,18.62,running
2025-03-03 13:46:00,M01,219.12,116.84,18.25,running
2025-03-03 13:47:00,M01,218.74,120.77,18.64,running
2025-03-03 13:48:00,M01,218.75,117.49,18.0,running
2025-03-03 13:49:00,M01,217.99,118.45,18.34,running
2025-03-03 13:50:00,M01,218.6,118.89,18.36,running
2025-03-03 13:51:00,M01,219.48,118.44,18.41,running
2025-03-03 13:52:00,M01,219.27,120.81,18.75,running
2025-03-03 13:53:00,M01,219.01,117.36,18.9,running
2025-03-03 13:54:00,M01,219.01,118.49,18.55,running
2025-03-03 13:55:00,M01,219.65,117.97,18.57,running
2025-03-03 13:56:00,M01,218.37,119.51,19.01,running
2025-03-03 13:57:00,M01,218.36,118.42,18.01,running
2025-03-03 13:58:00,M01,218.15,119.92,18.66,running
2025-03-03 13:59:00,M01,218.76,116.82,18.58,running
2025-03-03 14:00:00,M01,219.18,117.77,18.47,running
2025-03-03 14:01:00,M01,219.78,120.34,18.53,running
2025-03-03 14:02:00,M01,219.99,115.08,18.8,running
2025-03-03 14:03:00,M01,218.79,115.86,18.58,running
2025-03-03 14:04:00,M01,219.34,120.05,18.77,running
2025-03-03 14:05:00,M01,219.65,118.24,18.59,running
2025-03-03 14:06:00,M01,218.55,118.57,18.81,running
2025-03-03 14:07:00,M01,218.17,119.47,18.72,running
2025-03-03 14:08:00,M01,216.78,118.52,18.75,running
2025-03-03 14:09:00,M01,216.07,118.89,18.51,running
2025-03-03 14:10:00,M01,217.69,119.58,18.91,running
2025-03-03 14:11:00,M01,218.96,115.67,18.21,running
2025-03-03 14:12:00,M01,218.8,118.54,18.58,running
2025-03-03 14:13:00,M01,217.89,115.89,18.82,running
2025-03-03 14:14:00,M01,217.72,119.02,18.65,running
2025-03-03 14:15:00,M01,217.88,118.05,18.79,running
2025-03-03 14:16:00,M01,218.42,121.14,18.65,running
2025-03-03 14:17:00,M01,217.75,119.35,18.78,running
2025-03-03 14:18:00,M01,218.01,118.71,18.89,running
2025-03-03 14:19:00,M01,218.27,116.11,18.36,running
2025-03-03 14:20:00,M01,218.85,117.36,18.87,running
2025-03-03 14:21:00,M01,218.32,119.04,18.57,running
2025-03-03 14:22:00,M01,218.36,119.48,18.53,running
2025-03-03 14:23:00,M01,218.09,117.93,18.83,running
2025-03-03 14:24:00,M01,218.68,118.14,18.64,running
2025-03-03 14:25:00,M01,218.0,116.94,19.03,running
2025-03-03 14:26:00,M01,217.94,117.65,18.72,running
2025-03-03 14:27:00,M01,217.6,117.87,18.54,running
2025-03-03 14:28:00,M01,218.52,117.96,18.54,running
2025-03-03 14:29:00,M01,218.66,121.77,18.52,running
2025-03-03 14:30:00,M01,218.89,117.74,18.84,running
2025-03-03 14:31:00,M01,218.13,117.35,18.72,running
2025-03-03 14:32:00,M01,218.85,118.94,18.78,running
2025-03-03 14:33:00,M01,218.87,120.48,18.32,running
2025-03-03 14:34:00,M01,217.76,119.85,18.62,running
2025-03-03 14:35:00,M01,218.28,117.9,18.4,running
2025-03-03 14:36:00,M01,218.87,117.18,18.89,running
2025-03-03 14:37:00,M01,219.28,117.27,18.12,running
2025-03-03 14:38:00,M01,219.42,116.8,18.25,running
2025-03-03 14:39:00,M01,218.99,118.85,18.61,running
2025-03-03 14:40:00,M01,219.27,119.93,18.58,running
2025-03-03 14:41:00,M01,220.35,118.57,18.86,running
2025-03-03 14:42:00,M01,219.81,119.88,18.78,running
2025-03-03 14:43:00,M01,218.63,120.83,18.71,running
2025-03-03 14:44:00,M01,218.56,119.36,18.96,running
2025-03-03 14:45:00,M01,218.03,119.78,18.29,running
2025-03-03 14:46:00,M01,218.78,118.4,18.53,running
2025-03-03 14:47:00,M01,219.02,118.14,18.81,running
2025-03-03 14:48:00,M01,217.64,116.83,18.61,running
2025-03-03 14:49:00,M01,217.78,116.98,18.99,running
2025-03-03 14:50:00,M01,217.97,118.03,18.71,running
2025-03-03 14:51:00,M01,218.27,116.49,18.54,running
2025-03-03 14:52:00,M01,219.27,118.64,18.96,running
2025-03-03 14:53:00,M01,218.26,118.02,18.71,running
2025-03-03 14:54:00,M01,217.82,118.22,18.84,running
2025-03-03 14:55:00,M01,218.12,117.1,18.43,running
2025-03-03 14:56:00,M01,217.52,120.16,18.7,running
2025-03-03 14:57:00,M01,217.02,120.11,18.48,running
2025-03-03 14:58:00,M01,217.38,119.07,18.56,running
2025-03-03 14:59:00,M01,216.7,118.91,18.81,running
2025-03-03 15:00:00,M01,217.53,122.58,17.95,running
2025-03-03 15:01:00,M01,217.54,118.23,19.11,running
2025-03-03 15:02:00,M01,218.01,118.29,18.53,running
2025-03-03 15:03:00,M01,218.99,116.47,18.1,running
2025-03-03 15:04:00,M01,219.1,120.07,18.94,running
2025-03-03 15:05:00,M01,,121.63,18.83,running
2025-03-03 15:06:00,M01,218.57,118.48,18.75,running
2025-03-03 15:07:00,M01,219.29,118.15,18.74,running
2025-03-03 15:08:00,M01,218.52,117.58,18.15,running
2025-03-03 15:09:00,M01,218.47,116.78,18.44,running
2025-03-03 15:10:00,M01,218.8,118.25,19.61,running
2025-03-03 15:11:00,M01,218.22,119.78,18.43,running
2025-03-03 15:12:00,M01,219.28,117.96,18.93,running
2025-03-03 15:13:00,M01,218.81,118.02,18.83,running
2025-03-03 15:14:00,M01,219.1,118.02,18.87,running
2025-03-03 15:15:00,M01,218.71,116.23,18.74,running
2025-03-03 15:16:00,M01,218.15,122.58,18.23,running
2025-03-03 15:17:00,M01,216.5,119.01,17.97,running
2025-03-03 15:18:00,M01,217.28,119.42,18.19,running
2025-03-03 15:19:00,M01,218.1,117.89,18.6,running
2025-03-03 15:20:00,M01,217.75,117.61,19.08,running
2025-03-03 15:21:00,M01,217.75,116.48,18.22,running
2025-03-03 15:22:00,M01,217.97,117.61,18.89,running
2025-03-03 15:23:00,M01,217.42,117.64,18.82,running
2025-03-03 15:24:00,M01,217.84,116.52,18.78,running
2025-03-03 15:25:00,M01,218.23,116.21,18.6,running
2025-03-03 15:26:00,M01,218.57,117.28,18.83,running
2025-03-03 15:27:00,M01,218.82,118.44,18.67,running
2025-03-03 15:28:00,M01,217.97,118.14,18.48,running
2025-03-03 15:29:00,M01,217.85,120.69,18.55,running
2025-03-03 15:30:00,M01,218.54,120.67,18.49,running
2025-03-03 15:31:00,M01,218.75,118.49,18.27,running
2025-03-03 15:32:00,M01,219.22,118.22,18.54,running
2025-03-03 15:33:00,M01,220.21,118.1,18.56,running
2025-03-03 15:34:00,M01,219.46,119.02,18.27,running
2025-03-03 15:35:00,M01,218.98,117.21,18.76,running
2025-03-03 15:36:00,M01,219.65,121.08,18.66,running
2025-03-03 15:37:00,M01,219.88,119.08,18.67,running
2025-03-03 15:38:00,M01,219.64,117.42,18.78,running
2025-03-03 15:39:00,M01,220.2,121.1,19.11,running
2025-03-03 15:40:00,M01,219.36,117.59,18.87,running
2025-03-03 15:41:00,M01,219.63,120.14,18.66,running
2025-03-03 15:42:00,M01,219.38,119.12,18.31,running
2025-03-03 15:43:00,M01,219.29,120.57,18.74,running
2025-03-03 15:44:00,M01,218.81,117.15,18.89,running
2025-03-03 15:45:00,M01,219.29,119.25,18.53,running
2025-03-03 15:46:00,M01,218.89,119.84,18.79,running
2025-03-03 15:47:00,M01,219.72,118.6,19.04,running
2025-03-03 15:48:00,M01,219.47,118.94,18.54,running
2025-03-03 15:49:00,M01,218.81,118.42,18.41,running
2025-03-03 15:50:00,M01,219.66,119.19,18.2,running
2025-03-03 15:51:00,M01,219.78,115.42,18.88,running
2025-03-03 15:52:00,M01,220.26,120.25,18.39,running
2025-03-03 15:53:00,M01,220.26,117.52,18.79,running
2025-03-03 15:54:00,M01,219.99,120.38,18.73,running
2025-03-03 15:55:00,M01,218.08,118.77,18.28,running
2025-03-03 15:56:00,M01,218.19,119.26,18.38,running
2025-03-03 15:57:00,M01,218.24,117.42,18.77,running
2025-03-03 15:58:00,M01,218.85,120.01,18.97,running
2025-03-03 15:59:00,M01,218.83,120.67,18.61,running
2025-03-03 16:00:00,M01,218.46,117.27,18.62,running
2025-03-03 16:01:00,M01,219.23,118.26,18.4,running
2025-03-03 16:02:00,M01,219.96,119.43,18.43,running
2025-03-03 16:03:00,M01,220.89,119.35,18.41,running
2025-03-03 16:04:00,M01,219.89,118.11,18.92,running
2025-03-03 16:05:00,M01,219.31,120.89,18.91,running
2025-03-03 16:06:00,M01,217.83,117.38,18.63,running
2025-03-03 16:07:00,M01,217.29,116.91,19.19,running
2025-03-03 16:08:00,M01,216.53,117.98,18.42,running
2025-03-03 16:09:00,M01,217.02,119.53,18.81,running
2025-03-03 16:10:00,M01,216.6,118.25,18.41,running
2025-03-03 16:11:00,M01,216.62,116.03,18.59,running
2025-03-03 16:12:00,M01,217.37,115.61,18.81,running
2025-03-03 16:13:00,M01,218.24,120.41,18.47,running
2025-03-03 16:14:00,M01,218.55,118.92,18.76,running
2025-03-03 16:15:00,M01,217.14,117.64,18.41,running
2025-03-03 16:16:00,M01,217.38,114.85,18.18,running
2025-03-03 16:17:00,M01,217.93,118.91,18.94,running
2025-03-03 16:18:00,M01,218.13,116.67,18.56,running
2025-03-03 16:19:00,M01,217.37,117.66,18.69,running
2025-03-03 16:20:00,M01,216.85,118.79,18.61,running
2025-03-03 16:21:00,M01,217.68,120.04,18.69,running
2025-03-03 16:22:00,M01,218.68,119.8,18.2,running
2025-03-03 16:23:00,M01,219.29,121.81,18.47,running
2025-03-03 16:24:00,M01,219.11,118.75,18.31,running
2025-03-03 16:25:00,M01,218.09,117.98,18.73,running
2025-03-03 16:26:00,M01,218.62,118.48,18.62,running
2025-03-03 16:27:00,M01,218.24,119.85,18.65,running
2025-03-03 16:28:00,M01,217.91,118.75,18.4,running
2025-03-03 16:29:00,M01,217.27,119.05,18.62,running
2025-03-03 16:30:00,M01,216.56,117.41,18.53,running
2025-03-03 16:31:00,M01,216.95,116.78,18.81,running
2025-03-03 16:32:00,M01,218.01,119.61,18.64,running
2025-03-03 16:33:00,M01,219.14,120.05,19.03,running
2025-03-03 16:34:00,M01,218.05,119.38,18.13,running
2025-03-03 16:35:00,M01,218.3,116.79,18.78,running
2025-03-03 16:36:00,M01,218.6,116.14,18.51,running
2025-03-03 16:37:00,M01,217.63,118.62,18.42,running
2025-03-03 16:38:00,M01,217.86,120.39,18.59,running
2025-03-03 16:39:00,M01,218.0,116.38,18.77,running
2025-03-03 16:40:00,M01,217.38,121.22,18.43,running
2025-03-03 16:41:00,M01,217.75,117.7,18.34,running
2025-03-03 16:42:00,M01,218.38,115.87,18.8,running
2025-03-03 16:43:00,M01,218.58,121.8,18.81,running
2025-03-03 16:44:00,M01,218.38,116.46,17.99,running
2025-03-03 16:45:00,M01,218.53,116.98,18.72,running
2025-03-03 16:46:00,M01,219.91,117.34,18.41,running
2025-03-03 16:47:00,M01,218.27,116.62,18.15,running
2025-03-03 16:48:00,M01,217.67,120.33,18.55,running
2025-03-03 16:49:00,M01,216.83,117.01,18.42,running
2025-03-03 16:50:00,M01,218.11,119.24,18.08,running
2025-03-03 16:51:00,M01,218.75,118.23,18.41,running
2025-03-03 16:52:00,M01,217.35,119.03,18.59,running
2025-03-03 16:53:00,M01,217.47,119.58,18.49,running
2025-03-03 16:54:00,M01,217.41,117.41,18.48,running
2025-03-03 16:55:00,M01,217.52,118.54,18.17,running
2025-03-03 16:56:00,M01,216.39,117.45,18.05,running
2025-03-03 16:57:00,M01,215.88,116.39,18.67,running
2025-03-03 16:58:00,M01,217.01,117.59,18.15,running
2025-03-03 16:59:00,M01,216.55,118.12,19.16,running
2025-03-03 17:00:00,M01,216.54,118.19,18.5,running
2025-03-03 17:01:00,M01,217.43,121.55,19.06,running
2025-03-03 17:02:00,M01,217.0,118.0,18.8,running
2025-03-03 17:03:00,M01,216.8,115.86,18.57,running
2025-03-03 17:04:00,M01,216.38,121.79,18.8,running
2025-03-03 17:05:00,M01,217.41,119.71,18.71,running
2025-03-03 17:06:00,M01,217.52,118.55,18.6,running
2025-03-03 17:07:00,M01,217.48,118.5,18.77,running
2025-03-03 17:08:00,M01,215.66,114.93,18.37,running
2025-03-03 17:09:00,M01,215.07,116.48,18.5,running
2025-03-03 17:10:00,M01,214.9,120.0,18.77,running
2025-03-03 17:11:00,M01,215.1,118.03,18.37,running
2025-03-03 17:12:00,M01,215.69,114.62,18.6,running
2025-03-03 17:13:00,M01,215.4,116.87,18.66,running
2025-03-03 17:14:00,M01,215.73,117.51,18.8,running
2025-03-03 17:15:00,M01,215.84,118.82,18.86,running
2025-03-03 17:16:00,M01,216.84,117.4,18.58,running
2025-03-03 17:17:00,M01,217.24,114.29,18.25,running
2025-03-03 17:18:00,M01,217.46,118.81,18.18,running
2025-03-03 17:19:00,M01,217.44,120.34,18.56,running
2025-03-03 17:20:00,M01,217.75,117.97,18.91,running
2025-03-03 17:21:00,M01,217.49,119.79,18.62,running
2025-03-03 17:22:00,M01,218.06,121.66,18.54,running
2025-03-03 17:23:00,M01,218.32,119.41,18.75,running
2025-03-03 17:24:00,M01,219.02,121.26,19.03,running
2025-03-03 17:25:00,M01,218.87,119.52,18.61,running
2025-03-03 17:26:00,M01,217.88,118.42,18.5,running
2025-03-03 17:27:00,M01,218.31,115.01,18.57,running
2025-03-03 17:28:00,M01,218.36,119.92,18.56,running
2025-03-03 17:29:00,M01,218.19,117.84,18.85,running
2025-03-03 17:30:00,M01,218.65,116.91,18.55,running
2025-03-03 17:31:00,M01,218.56,117.27,18.76,running
2025-03-03 17:32:00,M01,218.66,118.7,18.92,running
2025-03-03 17:33:00,M01,219.05,117.26,18.66,running
2025-03-03 17:34:00,M01,218.64,116.07,18.51,running
2025-03-03 17:35:00,M01,218.45,117.68,18.68,running
2025-03-03 17:36:00,M01,218.19,117.7,18.94,running
2025-03-03 17:37:00,M01,218.37,120.08,18.84,running
2025-03-03 17:38:00,M01,218.46,118.72,18.48,running
2025-03-03 17:39:00,M01,218.61,116.76,18.66,running
2025-03-03 17:40:00,M01,217.39,117.01,18.64,running
2025-03-03 17:41:00,M01,217.35,119.45,18.1,running
2025-03-03 17:42:00,M01,217.39,118.97,18.95,running
2025-03-03 17:43:00,M01,216.81,117.1,18.32,running
2025-03-03 17:44:00,M01,216.98,118.37,18.46,running
2025-03-03 17:45:00,M01,217.8,116.98,18.64,running
2025-03-03 17:46:00,M01,217.85,117.47,18.78,running
2025-03-03 17:47:00,M01,218.39,118.08,18.79,running
2025-03-03 17:48:00,M01,217.15,120.5,18.56,running
2025-03-03 17:49:00,M01,217.61,120.37,19.15,running
2025-03-03 17:50:00,M01,218.04,116.62,18.63,running
2025-03-03 17:51:00,M01,218.4,117.24,18.74,running
2025-03-03 17:52:00,M01,218.53,116.21,18.63,running
2025-03-03 17:53:00,M01,218.71,119.0,18.93,running
2025-03-03 17:54:00,M01,219.75,119.74,18.71,running
2025-03-03 17:55:00,M01,219.54,117.54,18.64,running
2025-03-03 17:56:00,M01,219.07,118.68,18.71,running
2025-03-03 17:57:00,M01,218.01,120.81,18.87,running
2025-03-03 17:58:00,M01,218.67,117.47,18.04,running
2025-03-03 17:59:00,M01,218.23,117.38,18.58,running
2025-03-03 18:00:00,M01,218.87,116.09,18.86,running
2025-03-03 18:01:00,M01,218.57,120.24,18.8,running
2025-03-03 18:02:00,M01,217.22,118.08,18.65,running
2025-03-03 18:03:00,M01,216.81,120.04,18.72,running
2025-03-03 18:04:00,M01,216.31,117.3,18.76,running
2025-03-03 18:05:00,M01,216.04,117.72,18.41,running
2025-03-03 18:06:00,M01,216.49,118.16,18.47,running
2025-03-03 18:07:00,M01,216.46,120.01,18.65,running
2025-03-03 18:08:00,M01,216.15,117.03,18.59,running
2025-03-03 18:09:00,M01,216.14,118.09,18.93,running
2025-03-03 18:10:00,M01,216.41,117.48,18.68,running
2025-03-03 18:11:00,M01,216.06,118.02,17.92,running
2025-03-03 18:12:00,M01,214.88,116.54,18.43,running
2025-03-03 18:13:00,M01,215.37,116.22,18.62,running
2025-03-03 18:14:00,M01,215.26,118.73,18.28,running
2025-03-03 18:15:00,M01,216.67,120.55,18.77,running
2025-03-03 18:16:00,M01,216.8,116.53,18.44,running
2025-03-03 18:17:00,M01,216.54,117.59,18.71,running
2025-03-03 18:18:00,M01,216.21,119.71,18.64,running
2025-03-03 18:19:00,M01,215.82,120.03,18.28,running
2025-03-03 18:20:00,M01,215.7,118.25,18.88,running
2025-03-03 18:21:00,M01,215.27,118.72,18.62,running
2025-03-03 18:22:00,M01,216.81,117.76,18.37,running
2025-03-03 18:23:00,M01,216.39,118.65,18.29,running
2025-03-03 18:24:00,M01,216.43,117.52,18.43,running
2025-03-03 18:25:00,M01,216.34,119.36,18.28,running
2025-03-03 18:26:00,M01,217.21,119.0,18.71,running
2025-03-03 18:27:00,M01,217.64,117.65,18.7,running
2025-03-03 18:28:00,M01,216.4,117.76,18.92,running
2025-03-03 18:29:00,M01,216.86,118.73,18.6,running
2025-03-03 18:30:00,M01,217.18,118.87,18.38,running
2025-03-03 18:31:00,M01,217.02,114.57,18.12,running
2025-03-03 18:32:00,M01,215.87,117.12,18.46,running
2025-03-03 18:33:00,M01,216.58,119.51,18.86,running
2025-03-03 18:34:00,M01,217.74,118.2,18.35,running
2025-03-03 18:35:00,M01,217.39,118.49,18.42,running
2025-03-03 18:36:00,M01,218.13,118.49,18.72,running
2025-03-03 18:37:00,M01,217.29,117.06,18.71,running
2025-03-03 18:38:00,M01,217.28,118.29,18.61,running
2025-03-03 18:39:00,M01,218.0,121.7,18.64,running
2025-03-03 18:40:00,M01,218.33,119.07,18.57,running
2025-03-03 18:41:00,M01,218.78,116.59,18.61,running
2025-03-03 18:42:00,M01,217.87,119.96,18.63,running
2025-03-03 18:43:00,M01,217.52,119.06,18.77,running
2025-03-03 18:44:00,M01,218.07,120.4,18.13,running
2025-03-03 18:45:00,M01,218.25,117.25,18.85,running
2025-03-03 18:46:00,M01,218.35,117.92,18.35,running
2025-03-03 18:47:00,M01,217.98,121.38,18.53,running
2025-03-03 18:48:00,M01,217.98,120.02,18.83,running
2025-03-03 18:49:00,M01,216.46,117.51,18.71,running
2025-03-03 18:50:00,M01,217.3,119.44,18.13,running
2025-03-03 18:51:00,M01,217.82,115.97,18.84,running
2025-03-03 18:52:00,M01,217.76,116.78,18.79,running
2025-03-03 18:53:00,M01,217.74,117.78,18.24,running
2025-03-03 18:54:00,M01,217.05,119.54,18.83,running
2025-03-03 18:55:00,M01,216.38,116.64,18.62,running
2025-03-03 18:56:00,M01,216.37,120.37,18.38,running
2025-03-03 18:57:00,M01,216.73,121.56,18.15,running
2025-03-03 18:58:00,M01,216.42,118.05,18.41,running
2025-03-03 18:59:00,M01,216.38,117.6,18.57,running
2025-03-03 19:00:00,M01,216.28,117.68,18.34,running
2025-03-03 19:01:00,M01,216.33,118.66,18.1,running
2025-03-03 19:02:00,M01,216.43,118.12,18.97,running
2025-03-03 19:03:00,M01,216.91,116.84,18.65,running
2025-03-03 19:04:00,M01,216.34,118.24,18.39,running
2025-03-03 19:05:00,M01,216.93,119.29,18.38,running
2025-03-03 19:06:00,M01,218.18,117.82,18.63,running
2025-03-03 19:07:00,M01,217.96,116.02,18.38,running
2025-03-03 19:08:00,M01,217.51,120.15,18.23,running
2025-03-03 19:09:00,M01,216.47,118.1,18.51,running
2025-03-03 19:10:00,M01,217.47,120.44,18.46,running
2025-03-03 19:11:00,M01,216.85,118.54,18.39,running
2025-03-03 19:12:00,M01,217.47,118.23,18.32,running
2025-03-03 19:13:00,M01,217.82,120.93,18.34,running
2025-03-03 19:14:00,M01,218.27,115.3,18.11,running
2025-03-03 19:15:00,M01,217.98,120.6,18.54,running
2025-03-03 19:16:00,M01,217.59,118.6,18.28,running
2025-03-03 19:17:00,M01,216.69,116.64,18.9,running
2025-03-03 19:18:00,M01,216.11,119.3,18.37,running
2025-03-03 19:19:00,M01,215.81,116.67,18.8,running
2025-03-03 19:20:00,M01,215.44,118.62,18.68,running
2025-03-03 19:21:00,M01,216.32,117.48,18.51,running
2025-03-03 19:22:00,M01,216.63,119.1,18.17,running
2025-03-03 19:23:00,M01,215.96,119.82,18.24,running
2025-03-03 19:24:00,M01,216.32,117.71,18.32,running
2025-03-03 19:25:00,M01,216.61,118.54,18.62,running
2025-03-03 19:26:00,M01,217.34,118.05,18.8,running
2025-03-03 19:27:00,M01,216.89,118.28,18.45,running
2025-03-03 19:28:00,M01,216.85,118.4,18.65,running
2025-03-03 19:29:00,M01,216.39,116.56,18.4,running
2025-03-03 19:30:00,M01,217.58,117.81,18.49,running
2025-03-03 19:31:00,M01,217.03,118.0,18.46,running
2025-03-03 19:32:00,M01,216.96,118.07,19.04,running
2025-03-03 19:33:00,M01,215.9,117.21,18.64,running
2025-03-03 19:34:00,M01,215.45,117.76,18.26,running
2025-03-03 19:35:00,M01,215.79,118.07,18.64,running
2025-03-03 19:36:00,M01,216.29,118.07,18.51,running
2025-03-03 19:37:00,M01,215.27,115.36,18.67,running
2025-03-03 19:38:00,M01,214.66,116.71,18.39,running
2025-03-03 19:39:00,M01,214.71,119.03,18.5,running
2025-03-03 19:40:00,M01,216.09,118.36,18.0,running
2025-03-03 19:41:00,M01,215.78,118.3,18.67,running
2025-03-03 19:42:00,M01,216.29,116.62,18.41,running
2025-03-03 19:43:00,M01,216.16,117.65,18.43,running
2025-03-03 19:44:00,M01,216.2,118.12,18.28,running
2025-03-03 19:45:00,M01,216.75,119.39,18.26,running
2025-03-03 19:46:00,M01,216.56,117.64,19.06,running
2025-03-03 19:47:00,M01,216.28,119.46,18.19,running
2025-03-03 19:48:00,M01,216.17,118.5,18.54,running
2025-03-03 19:49:00,M01,216.19,118.61,18.36,running
2025-03-03 19:50:00,M01,215.63,115.72,18.56,running
2025-03-03 19:51:00,M01,217.01,118.51,18.6,running
2025-03-03 19:52:00,M01,217.73,118.91,18.65,running
2025-03-03 19:53:00,M01,218.41,117.38,18.37,running
2025-03-03 19:54:00,M01,218.45,118.45,18.65,running
2025-03-03 19:55:00,M01,218.2,119.32,18.64,running
2025-03-03 19:56:00,M01,217.54,115.63,18.73,running
2025-03-03 19:57:00,M01,219.11,117.55,18.96,running
2025-03-03 19:58:00,M01,219.29,118.16,18.75,running
2025-03-03 19:59:00,M01,218.9,118.3,18.56,running
2025-03-03 20:00:00,M01,218.78,117.13,18.59,running
2025-03-03 20:01:00,M01,218.92,117.01,18.78,running
2025-03-03 20:02:00,M01,217.78,116.47,18.58,running
2025-03-03 20:03:00,M01,216.55,117.45,18.9,running
2025-03-03 20:04:00,M01,216.67,116.88,18.54,running
2025-03-03 20:05:00,M01,217.24,117.97,18.38,running
2025-03-03 20:06:00,M01,216.61,117.35,18.66,running
2025-03-03 20:07:00,M01,216.79,117.09,18.13,running
2025-03-03 20:08:00,M01,216.25,115.85,18.86,running
2025-03-03 20:09:00,M01,214.64,119.19,18.38,running
2025-03-03 20:10:00,M01,214.7,117.12,18.54,running
2025-03-03 20:11:00,M01,215.87,116.43,18.5,running
2025-03-03 20:12:00,M01,215.44,119.52,18.58,running
2025-03-03 20:13:00,M01,215.38,118.12,18.12,running
2025-03-03 20:14:00,M01,216.28,117.04,18.64,running
2025-03-03 20:15:00,M01,216.97,119.11,18.34,running
2025-03-03 20:16:00,M01,217.01,118.76,18.31,running
2025-03-03 20:17:00,M01,216.27,117.42,18.53,running
2025-03-03 20:18:00,M01,216.44,119.2,18.58,running
2025-03-03 20:19:00,M01,217.5,118.17,18.39,running
2025-03-03 20:20:00,M01,217.37,117.46,17.79,running
2025-03-03 20:21:00,M01,217.38,118.79,18.44,running
2025-03-03 20:22:00,M01,217.2,119.4,18.55,running
2025-03-03 20:23:00,M01,216.91,116.57,18.3,running
2025-03-03 20:24:00,M01,218.25,121.18,18.68,running
2025-03-03 20:25:00,M01,217.33,118.28,18.71,running
2025-03-03 20:26:00,M01,216.87,116.15,18.41,running
2025-03-03 20:27:00,M01,217.21,117.31,18.5,running
2025-03-03 20:28:00,M01,216.1,116.8,18.56,running
2025-03-03 20:29:00,M01,216.58,118.44,18.12,running
2025-03-03 20:30:00,M01,216.57,117.66,18.69,running
2025-03-03 20:31:00,M01,216.17,116.8,18.45,running
2025-03-03 20:32:00,M01,216.4,115.86,18.61,running
2025-03-03 20:33:00,M01,216.3,116.43,18.66,running
2025-03-03 20:34:00,M01,215.76,114.93,18.51,running
2025-03-03 20:35:00,M01,215.73,119.29,18.11,running
2025-03-03 20:36:00,M01,215.49,120.29,18.88,running
2025-03-03 20:37:00,M01,216.15,116.3,18.09,running
2025-03-03 20:38:00,M01,215.86,119.04,18.4,running
2025-03-03 20:39:00,M01,216.35,119.68,18.82,running
2025-03-03 20:40:00,M01,216.06,119.26,18.35,running
2025-03-03 20:41:00,M01,215.94,118.14,18.66,running
2025-03-03 20:42:00,M01,215.9,119.16,18.6,running
2025-03-03 20:43:00,M01,216.2,118.75,19.04,running
2025-03-03 20:44:00,M01,215.77,117.84,18.77,running
2025-03-03 20:45:00,M01,215.98,117.47,18.33,running
2025-03-03 20:46:00,M01,216.24,122.27,18.2,running
2025-03-03 20:47:00,M01,215.54,117.27,19.03,running
2025-03-03 20:48:00,M01,215.26,117.49,18.21,running
2025-03-03 20:49:00,M01,216.07,117.39,18.48,running
2025-03-03 20:50:00,M01,215.81,119.53,17.97,running
2025-03-03 20:51:00,M01,215.0,119.14,18.48,running
2025-03-03 20:52:00,M01,215.66,117.57,18.32,running
2025-03-03 20:53:00,M01,215.68,118.32,18.81,running
2025-03-03 20:54:00,M01,216.38,118.1,18.47,running
2025-03-03 20:55:00,M01,215.41,116.38,18.18,running
2025-03-03 20:56:00,M01,214.27,120.36,18.18,running
2025-03-03 20:57:00,M01,215.25,116.73,18.36,running
2025-03-03 20:58:00,M01,215.08,120.51,18.49,running
2025-03-03 20:59:00,M01,214.89,117.85,19.05,running
2025-03-03 21:00:00,M01,214.46,118.2,18.66,running
2025-03-03 21:01:00,M01,214.1,121.18,18.5,running
2025-03-03 21:02:00,M01,214.04,116.05,17.88,running
2025-03-03 21:03:00,M01,214.3,119.32,18.13,running
2025-03-03 21:04:00,M01,215.47,117.01,18.68,running
2025-03-03 21:05:00,M01,215.23,118.73,18.63,running
2025-03-03 21:06:00,M01,214.79,117.92,18.84,running
2025-03-03 21:07:00,M01,214.14,115.92,18.09,running
2025-03-03 21:08:00,M01,214.04,119.22,18.87,running
2025-03-03 21:09:00,M01,212.77,116.6,18.19,running
2025-03-03 21:10:00,M01,213.28,119.11,18.2,running
2025-03-03 21:11:00,M01,214.35,120.41,18.61,running
2025-03-03 21:12:00,M01,215.18,118.49,18.55,running
2025-03-03 21:13:00,M01,214.96,117.33,18.61,running
2025-03-03 21:14:00,M01,215.38,116.44,18.65,running
2025-03-03 21:15:00,M01,216.21,118.1,18.46,running
2025-03-03 21:16:00,M01,215.25,117.33,18.28,running
2025-03-03 21:17:00,M01,214.77,118.86,18.76,running
2025-03-03 21:18:00,M01,214.42,116.38,18.13,running
2025-03-03 21:19:00,M01,214.87,119.04,18.45,running
2025-03-03 21:20:00,M01,216.52,115.91,18.37,running
2025-03-03 21:21:00,M01,215.96,120.25,18.36,running
2025-03-03 21:22:00,M01,216.76,120.27,18.67,running
2025-03-03 21:23:00,M01,216.6,117.57,18.32,running
2025-03-03 21:24:00,M01,216.95,113.98,18.57,running
2025-03-03 21:25:00,M01,216.24,120.06,18.59,running
2025-03-03 21:26:00,M01,215.52,119.72,18.42,running
2025-03-03 21:27:00,M01,215.96,115.87,18.55,running
2025-03-03 21:28:00,M01,215.24,118.89,18.4,running
2025-03-03 21:29:00,M01,215.2,116.99,18.62,running
2025-03-03 21:30:00,M01,214.77,116.25,18.37,running
2025-03-03 21:31:00,M01,214.37,116.44,18.6,running
2025-03-03 21:32:00,M01,214.21,119.14,18.24,running
2025-03-03 21:33:00,M01,214.08,117.68,18.42,running
2025-03-03 21:34:00,M01,212.94,119.29,18.56,running
2025-03-03 21:35:00,M01,213.15,118.06,18.67,running
2025-03-03 21:36:00,M01,215.1,117.95,18.19,running
2025-03-03 21:37:00,M01,215.25,116.15,18.1,running
2025-03-03 21:38:00,M01,214.98,118.22,18.34,running
2025-03-03 21:39:00,M01,213.89,120.3,18.43,running
2025-03-03 21:40:00,M01,213.28,118.02,18.52,running
2025-03-03 21:41:00,M01,214.53,116.67,18.27,running
2025-03-03 21:42:00,M01,214.04,118.68,18.26,running
2025-03-03 21:43:00,M01,213.76,116.8,18.52,running
2025-03-03 21:44:00,M01,215.41,118.66,18.47,running
2025-03-03 21:45:00,M01,214.46,116.32,17.92,running
2025-03-03 21:46:00,M01,215.02,120.6,18.65,running
2025-03-03 21:47:00,M01,215.7,117.18,18.81,running
2025-03-03 21:48:00,M01,216.2,119.28,18.54,running
2025-03-03 21:49:00,M01,214.94,121.88,18.83,running
2025-03-03 21:50:00,M01,215.03,117.94,18.21,running
2025-03-03 21:51:00,M01,214.65,116.9,18.44,running
2025-03-03 21:52:00,M01,214.56,119.36,18.77,running
2025-03-03 21:53:00,M01,214.31,117.09,18.5,running
2025-03-03 21:54:00,M01,215.27,117.14,18.78,running
2025-03-03 21:55:00,M01,215.9,120.3,18.39,running
2025-03-03 21:56:00,M01,215.39,116.83,18.47,running
2025-03-03 21:57:00,M01,215.23,119.22,18.66,running
2025-03-03 21:58:00,M01,214.02,117.55,18.13,running
2025-03-03 21:59:00,M01,214.45,117.58,18.63,running
2025-03-03 22:00:00,M01,214.13,116.15,18.42,running
2025-03-03 22:01:00,M01,213.6,117.33,18.17,running
2025-03-03 22:02:00,M01,215.03,118.13,18.65,running
2025-03-03 22:03:00,M01,213.81,116.54,18.51,running
2025-03-03 22:04:00,M01,214.29,118.99,18.09,running
2025-03-03 22:05:00,M01,213.9,115.1,18.63,running
2025-03-03 22:06:00,M01,213.87,117.99,17.94,running
2025-03-03 22:07:00,M01,212.8,119.11,18.76,running
2025-03-03 22:08:00,M01,212.56,116.76,18.53,running
2025-03-03 22:09:00,M01,213.5,116.68,18.36,running
2025-03-03 22:10:00,M01,213.26,117.27,18.57,running
2025-03-03 22:11:00,M01,213.61,120.42,18.19,running
2025-03-03 22:12:00,M01,213.56,118.74,18.59,running
2025-03-03 22:13:00,M01,213.53,117.02,18.21,running
2025-03-03 22:14:00,M01,214.13,118.04,18.94,running
2025-03-03 22:15:00,M01,214.36,115.7,18.23,running
2025-03-03 22:16:00,M01,215.08,118.52,18.81,running
2025-03-03 22:17:00,M01,214.53,116.32,18.53,running
2025-03-03 22:18:00,M01,214.41,120.3,18.58,running
2025-03-03 22:19:00,M01,214.65,118.23,18.24,running
2025-03-03 22:20:00,M01,215.03,118.69,18.63,running
2025-03-03 22:21:00,M01,214.34,118.85,18.35,running
2025-03-03 22:22:00,M01,213.86,117.13,18.37,running
2025-03-03 22:23:00,M01,214.23,118.41,18.51,running
2025-03-03 22:24:00,M01,215.35,121.12,18.4,running
2025-03-03 22:25:00,M01,215.48,117.13,18.32,running
2025-03-03 22:26:00,M01,214.87,118.68,18.94,running
2025-03-03 22:27:00,M01,214.28,116.01,18.9,running
2025-03-03 22:28:00,M01,215.24,118.31,18.41,running
2025-03-03 22:29:00,M01,215.04,115.32,18.11,running
2025-03-03 22:30:00,M01,214.63,120.57,18.45,running
2025-03-03 22:31:00,M01,212.94,117.3,18.55,running
2025-03-03 22:32:00,M01,213.37,116.17,17.87,running
2025-03-03 22:33:00,M01,213.98,118.0,18.43,running
2025-03-03 22:34:00,M01,213.66,118.6,18.65,running
2025-03-03 22:35:00,M01,214.16,114.37,18.62,running
2025-03-03 22:36:00,M01,214.41,118.83,18.59,running
2025-03-03 22:37:00,M01,214.38,118.52,18.44,running
2025-03-03 22:38:00,M01,214.09,117.15,18.14,running
2025-03-03 22:39:00,M01,214.48,118.24,18.44,running
2025-03-03 22:40:00,M01,214.02,116.97,18.45,running
2025-03-03 22:41:00,M01,213.49,114.88,18.45,running
2025-03-03 22:42:00,M01,212.84,118.75,18.88,running
2025-03-03 22:43:00,M01,213.65,119.95,18.24,running
2025-03-03 22:44:00,M01,213.88,115.68,19.04,running
2025-03-03 22:45:00,M01,214.13,117.58,18.49,running
2025-03-03 22:46:00,M01,214.43,118.29,18.64,running
2025-03-03 22:47:00,M01,214.61,118.37,18.77,running
2025-03-03 22:48:00,M01,213.83,117.89,18.61,running
2025-03-03 22:49:00,M01,213.99,117.69,18.2,running
2025-03-03 22:50:00,M01,214.49,116.63,18.0,running
2025-03-03 22:51:00,M01,214.18,117.55,18.57,running
2025-03-03 22:52:00,M01,213.92,119.96,18.37,running
2025-03-03 22:53:00,M01,213.26,116.2,18.37,running
2025-03-03 22:54:00,M01,213.61,118.49,18.52,running
2025-03-03 22:55:00,M01,213.68,117.73,18.07,running
2025-03-03 22:56:00,M01,213.86,118.59,18.73,running
2025-03-03 22:57:00,M01,212.35,118.27,18.42,running
2025-03-03 22:58:00,M01,212.07,120.17,18.45,running
2025-03-03 22:59:00,M01,211.46,115.54,18.06,running
2025-03-03 23:00:00,M01,211.59,117.38,18.63,running
2025-03-03 23:01:00,M01,211.37,116.94,18.35,running
2025-03-03 23:02:00,M01,211.96,117.12,18.68,running
2025-03-03 23:03:00,M01,212.7,115.66,18.54,running
2025-03-03 23:04:00,M01,212.63,120.0,18.87,running
2025-03-03 23:05:00,M01,214.48,117.99,18.26,running
2025-03-03 23:06:00,M01,214.94,117.93,18.58,running
2025-03-03 23:07:00,M01,214.46,119.47,18.42,running
2025-03-03 23:08:00,M01,213.79,115.53,18.53,running
2025-03-03 23:09:00,M01,214.38,120.28,18.42,running
2025-03-03 23:10:00,M01,214.2,118.53,18.23,running
2025-03-03 23:11:00,M01,215.2,118.49,18.69,running
2025-03-03 23:12:00,M01,214.59,117.92,18.16,running
2025-03-03 23:13:00,M01,213.85,119.9,18.17,running
2025-03-03 23:14:00,M01,213.62,118.67,18.1,running
2025-03-03 23:15:00,M01,213.53,116.64,18.12,running
2025-03-03 23:16:00,M01,214.02,119.69,18.5,running
2025-03-03 23:17:00,M01,213.38,119.19,18.82,running
2025-03-03 23:18:00,M01,213.74,118.01,18.22,running
2025-03-03 23:19:00,M01,213.57,117.23,18.96,running
2025-03-03 23:20:00,M01,213.11,119.25,18.29,running
2025-03-03 23:21:00,M01,211.96,114.86,18.1,running
2025-03-03 23:22:00,M01,212.41,117.39,18.42,running
2025-03-03 23:23:00,M01,212.06,116.85,18.02,running
2025-03-03 23:24:00,M01,213.71,117.72,18.6,running
2025-03-03 23:25:00,M01,214.01,117.69,18.71,running
2025-03-03 23:26:00,M01,213.55,117.16,18.42,running
2025-03-03 23:27:00,M01,213.25,118.2,18.71,running
2025-03-03 23:28:00,M01,214.03,116.18,18.37,running
2025-03-03 23:29:00,M01,212.92,117.98,17.99,running
2025-03-03 23:30:00,M01,212.13,117.83,18.17,running
2025-03-03 23:31:00,M01,212.56,116.67,17.85,running
2025-03-03 23:32:00,M01,213.89,119.94,18.32,running
2025-03-03 23:33:00,M01,214.25,117.91,17.86,running
2025-03-03 23:34:00,M01,213.17,116.57,18.41,running
2025-03-03 23:35:00,M01,212.6,118.94,18.28,running
2025-03-03 23:36:00,M01,213.44,118.72,18.52,running
2025-03-03 23:37:00,M01,212.45,118.75,18.8,running
2025-03-03 23:38:00,M01,212.91,120.3,19.11,running
2025-03-03 23:39:00,M01,212.72,116.85,18.37,running
2025-03-03 23:40:00,M01,213.61,115.17,18.07,running
2025-03-03 23:41:00,M01,212.51,116.05,19.03,running
2025-03-03 23:42:00,M01,213.17,121.0,18.79,running
2025-03-03 23:43:00,M01,213.3,117.2,18.23,running
2025-03-03 23:44:00,M01,212.41,115.31,18.39,running
2025-03-03 23:45:00,M01,211.56,116.22,18.77,running
2025-03-03 23:46:00,M01,212.49,116.16,18.33,running
2025-03-03 23:47:00,M01,212.29,117.54,18.59,running
2025-03-03 23:48:00,M01,212.12,116.35,18.15,running
2025-03-03 23:49:00,M01,211.62,119.15,18.24,running
2025-03-03 23:50:00,M01,211.71,120.2,18.39,running
2025-03-03 23:51:00,M01,213.35,116.99,18.66,running
2025-03-03 23:52:00,M01,213.91,117.96,18.37,running
2025-03-03 23:53:00,M01,212.81,118.52,18.49,running
2025-03-03 23:54:00,M01,212.98,119.46,18.42,running
2025-03-03 23:55:00,M01,213.78,119.01,18.6,running
2025-03-03 23:56:00,M01,214.28,118.32,18.2,running
2025-03-03 23:57:00,M01,215.1,116.05,18.32,running
2025-03-03 23:58:00,M01,214.09,115.88,18.71,running
2025-03-03 23:59:00,M01,215.09,119.29,18.35,running
2025-03-04 00:00:00,M01,215.0,117.14,18.26,running
2025-03-04 00:01:00,M01,214.1,118.92,18.27,running
2025-03-04 00:02:00,M01,212.91,118.15,18.3,running
2025-03-04 00:03:00,M01,212.98,117.33,19.11,running
2025-03-04 00:04:00,M01,213.54,116.89,18.97,running
2025-03-04 00:05:00,M01,211.98,117.82,18.39,running
2025-03-04 00:06:00,M01,211.45,118.57,18.36,running
2025-03-04 00:07:00,M01,212.37,116.29,18.21,running
2025-03-04 00:08:00,M01,213.35,118.62,18.02,running
2025-03-04 00:09:00,M01,212.31,115.74,18.73,running
2025-03-04 00:10:00,M01,212.02,117.54,18.17,running
2025-03-04 00:11:00,M01,212.23,118.43,18.68,running
2025-03-04 00:12:00,M01,212.33,116.3,17.88,running
2025-03-04 00:13:00,M01,212.84,118.64,18.31,running
2025-03-04 00:14:00,M01,213.16,114.99,18.15,running
2025-03-04 00:15:00,M01,213.18,118.66,18.66,running
2025-03-04 00:16:00,M01,213.57,117.4,18.49,running
2025-03-04 00:17:00,M01,212.58,116.89,17.87,running
2025-03-04 00:18:00,M01,212.61,120.98,18.17,running
2025-03-04 00:19:00,M01,212.7,115.69,18.36,running
2025-03-04 00:20:00,M01,211.85,120.28,18.67,running
2025-03-04 00:21:00,M01,212.48,115.65,18.16,running
2025-03-04 00:22:00,M01,212.44,117.98,18.56,running
2025-03-04 00:23:00,M01,213.19,117.93,18.17,running
2025-03-04 00:24:00,M01,213.44,117.2,18.72,running
2025-03-04 00:25:00,M01,213.95,118.55,18.24,running
2025-03-04 00:26:00,M01,214.01,118.27,18.65,running
2025-03-04 00:27:00,M01,214.1,116.95,18.54,running
2025-03-04 00:28:00,M01,213.15,116.93,18.15,running
2025-03-04 00:29:00,M01,212.67,119.95,19.05,running
2025-03-04 00:30:00,M01,211.96,114.97,18.31,running
2025-03-04 00:31:00,M01,212.15,117.14,18.35,running
2025-03-04 00:32:00,M01,210.93,117.63,18.54,running
2025-03-04 00:33:00,M01,211.49,119.05,18.54,running
2025-03-04 00:34:00,M01,211.69,116.84,18.25,running
2025-03-04 00:35:00,M01,211.39,115.16,18.01,running
2025-03-04 00:36:00,M01,212.05,117.34,18.08,running
2025-03-04 00:37:00,M01,211.42,116.45,18.28,running
2025-03-04 00:38:00,M01,211.6,116.27,18.67,running
2025-03-04 00:39:00,M01,212.47,119.55,18.32,running
2025-03-04 00:40:00,M01,212.48,119.07,18.74,running
2025-03-04 00:41:00,M01,212.99,117.11,18.79,running
2025-03-04 00:42:00,M01,212.73,116.79,18.73,running
2025-03-04 00:43:00,M01,213.02,119.31,18.67,running
2025-03-04 00:44:00,M01,214.47,117.48,18.76,running
2025-03-04 00:45:00,M01,213.8,116.94,18.11,running
2025-03-04 00:46:00,M01,213.86,116.62,18.55,running
2025-03-04 00:47:00,M01,213.26,119.05,18.48,running
2025-03-04 00:48:00,M01,213.5,119.86,18.45,running
2025-03-04 00:49:00,M01,212.64,118.22,18.69,running
2025-03-04 00:50:00,M01,212.25,117.7,18.75,running
2025-03-04 00:51:00,M01,211.88,116.08,18.59,running
2025-03-04 00:52:00,M01,211.61,117.03,18.59,running
2025-03-04 00:53:00,M01,211.3,117.8,18.28,running
2025-03-04 00:54:00,M01,212.91,120.86,18.18,running
2025-03-04 00:55:00,M01,212.88,115.46,18.78,running
2025-03-04 00:56:00,M01,212.11,118.91,18.41,running
2025-03-04 00:57:00,M01,212.23,119.22,18.21,running
2025-03-04 00:58:00,M01,212.9,118.91,18.08,running
2025-03-04 00:59:00,M01,212.33,116.55,18.34,running
2025-03-04 01:00:00,M01,211.42,119.86,18.18,running
2025-03-04 01:01:00,M01,210.58,115.82,18.27,running
2025-03-04 01:02:00,M01,210.7,117.54,18.19,running
2025-03-04 01:03:00,M01,211.4,117.25,18.61,running
2025-03-04 01:04:00,M01,212.02,120.26,18.42,running
2025-03-04 01:05:00,M01,211.13,119.8,18.33,running
2025-03-04 01:06:00,M01,211.98,118.38,18.44,running
2025-03-04 01:07:00,M01,212.63,114.89,18.7,running
2025-03-04 01:08:00,M01,212.89,118.09,18.39,running
2025-03-04 01:09:00,M01,213.96,116.41,18.41,running
2025-03-04 01:10:00,M01,214.99,115.76,18.68,running
2025-03-04 01:11:00,M01,214.48,115.25,18.42,running
2025-03-04 01:12:00,M01,213.55,116.78,18.48,running
2025-03-04 01:13:00,M01,213.33,117.89,18.37,running
2025-03-04 01:14:00,M01,213.71,119.38,18.88,running
2025-03-04 01:15:00,M01,213.74,116.82,18.4,running
2025-03-04 01:16:00,M01,213.21,119.27,17.74,running
2025-03-04 01:17:00,M01,211.61,117.99,18.59,running
2025-03-04 01:18:00,M01,212.11,116.3,18.64,running
2025-03-04 01:19:00,M01,212.72,117.97,18.46,running
2025-03-04 01:20:00,M01,212.76,116.29,18.25,running
2025-03-04 01:21:00,M01,212.79,116.07,18.53,running
2025-03-04 01:22:00,M01,212.23,116.22,18.24,running
2025-03-04 01:23:00,M01,211.46,119.86,18.16,running
2025-03-04 01:24:00,M01,211.08,117.65,18.31,running
2025-03-04 01:25:00,M01,210.47,118.68,17.93,running
2025-03-04 01:26:00,M01,210.96,114.36,18.46,running
2025-03-04 01:27:00,M01,211.38,117.26,18.48,running
2025-03-04 01:28:00,M01,211.75,117.45,18.6,running
2025-03-04 01:29:00,M01,211.17,116.14,18.42,running
2025-03-04 01:30:00,M01,211.3,121.64,18.08,running
2025-03-04 01:31:00,M01,211.56,117.83,18.35,running
2025-03-04 01:32:00,M01,210.83,117.67,18.17,running
2025-03-04 01:33:00,M01,210.52,117.37,18.42,running
2025-03-04 01:34:00,M01,211.03,116.64,18.35,running
2025-03-04 01:35:00,M01,210.98,116.21,18.71,running
2025-03-04 01:36:00,M01,211.89,117.4,18.27,running
2025-03-04 01:37:00,M01,212.33,116.38,17.85,running
2025-03-04 01:38:00,M01,211.83,116.78,18.54,running
2025-03-04 01:39:00,M01,211.18,118.25,18.79,running
2025-03-04 01:40:00,M01,210.81,119.61,18.44,running
2025-03-04 01:41:00,M01,211.09,118.06,18.31,running
2025-03-04 01:42:00,M01,212.01,120.38,18.79,running
2025-03-04 01:43:00,M01,212.16,117.86,18.43,running
2025-03-04 01:44:00,M01,212.23,118.15,18.31,running
2025-03-04 01:45:00,M01,212.05,117.63,18.07,running
2025-03-04 01:46:00,M01,212.51,118.03,18.33,running
2025-03-04 01:47:00,M01,212.58,118.41,18.11,running
2025-03-04 01:48:00,M01,213.43,115.74,18.81,running
2025-03-04 01:49:00,M01,212.09,114.89,18.62,running
2025-03-04 01:50:00,M01,212.33,118.23,18.59,running
2025-03-04 01:51:00,M01,212.52,116.25,18.92,running
2025-03-04 01:52:00,M01,211.36,118.65,18.61,running
2025-03-04 01:53:00,M01,212.4,118.31,18.16,running
2025-03-04 01:54:00,M01,212.69,117.02,18.26,running
2025-03-04 01:55:00,M01,213.28,117.56,17.97,running
2025-03-04 01:56:00,M01,211.68,119.46,18.88,running
2025-03-04 01:57:00,M01,212.07,119.45,18.13,running
2025-03-04 01:58:00,M01,211.48,118.0,18.18,running
2025-03-04 01:59:00,M01,211.89,117.59,18.68,running
2025-03-04 02:00:00,M01,211.56,115.18,18.34,running
2025-03-04 02:01:00,M01,211.35,118.98,18.18,running
2025-03-04 02:02:00,M01,211.2,120.04,18.17,running
2025-03-04 02:03:00,M01,211.37,120.61,17.94,running
2025-03-04 02:04:00,M01,212.06,117.54,18.09,running
2025-03-04 02:05:00,M01,213.27,119.0,18.41,running
2025-03-04 02:06:00,M01,213.5,117.48,18.37,running
2025-03-04 02:07:00,M01,212.85,115.6,18.57,running
2025-03-04 02:08:00,M01,212.24,117.84,18.67,running
2025-03-04 02:09:00,M01,212.01,115.68,18.39,running
2025-03-04 02:10:00,M01,211.97,119.81,18.4,running
2025-03-04 02:11:00,M01,213.17,117.87,18.87,running
2025-03-04 02:12:00,M01,211.8,115.54,18.77,running
2025-03-04 02:13:00,M01,212.05,118.51,18.17,running
2025-03-04 02:14:00,M01,212.5,118.31,18.46,running
2025-03-04 02:15:00,M01,212.43,116.37,18.33,running
2025-03-04 02:16:00,M01,212.69,118.42,18.15,running
2025-03-04 02:17:00,M01,211.32,118.19,18.41,running
2025-03-04 02:18:00,M01,211.26,117.42,18.34,running
2025-03-04 02:19:00,M01,211.5,116.38,18.29,running
2025-03-04 02:20:00,M01,211.51,118.85,18.06,running
2025-03-04 02:21:00,M01,211.93,119.71,18.38,running
2025-03-04 02:22:00,M01,211.05,116.62,18.45,running
2025-03-04 02:23:00,M01,210.74,114.99,18.9,running
2025-03-04 02:24:00,M01,210.67,118.89,18.63,running
2025-03-04 02:25:00,M01,209.84,119.8,18.15,running
2025-03-04 02:26:00,M01,210.04,116.67,18.21,running
2025-03-04 02:27:00,M01,210.92,116.89,18.47,running
2025-03-04 02:28:00,M01,211.95,116.57,18.75,running
2025-03-04 02:29:00,M01,212.04,117.79,18.42,running
2025-03-04 02:30:00,M01,211.86,114.91,17.96,running
2025-03-04 02:31:00,M01,211.53,117.0,18.2,running
2025-03-04 02:32:00,M01,212.66,118.23,17.96,running
2025-03-04 02:33:00,M01,213.43,116.74,18.01,running
2025-03-04 02:34:00,M01,213.33,119.3,18.01,running
2025-03-04 02:35:00,M01,213.0,118.89,18.21,running
2025-03-04 02:36:00,M01,212.39,118.46,18.54,running
2025-03-04 02:37:00,M01,212.24,115.93,18.56,running
2025-03-04 02:38:00,M01,212.81,118.53,18.54,running
2025-03-04 02:39:00,M01,212.9,120.05,18.29,running
2025-03-04 02:40:00,M01,212.46,118.24,18.15,running
2025-03-04 02:41:00,M01,212.14,118.93,18.24,running
2025-03-04 02:42:00,M01,212.51,115.72,18.39,running
2025-03-04 02:43:00,M01,213.25,115.14,18.47,running
2025-03-04 02:44:00,M01,212.61,116.71,18.19,running
2025-03-04 02:45:00,M01,212.81,117.39,18.09,running
2025-03-04 02:46:00,M01,212.25,117.46,18.41,running
2025-03-04 02:47:00,M01,211.84,118.79,18.4,running
2025-03-04 02:48:00,M01,211.58,116.99,18.14,running
2025-03-04 02:49:00,M01,211.59,114.77,18.17,running
2025-03-04 02:50:00,M01,210.28,117.47,18.14,running
2025-03-04 02:51:00,M01,211.07,117.96,18.86,running
2025-03-04 02:52:00,M01,212.27,115.07,18.31,running
2025-03-04 02:53:00,M01,213.15,118.21,17.79,running
2025-03-04 02:54:00,M01,213.24,118.31,18.72,running
2025-03-04 02:55:00,M01,213.57,120.96,18.31,running
2025-03-04 02:56:00,M01,213.52,118.07,18.54,running
2025-03-04 02:57:00,M01,213.51,118.86,18.5,running
2025-03-04 02:58:00,M01,212.69,118.66,18.24,running
2025-03-04 02:59:00,M01,211.59,118.72,17.63,running
2025-03-04 03:00:00,M01,211.35,115.91,18.83,running
2025-03-04 03:01:00,M01,211.11,116.72,18.72,running
2025-03-04 03:02:00,M01,211.35,119.71,18.14,running
2025-03-04 03:03:00,M01,211.76,116.8,18.23,running
2025-03-04 03:04:00,M01,210.46,119.61,18.12,running
2025-03-04 03:05:00,M01,211.46,114.72,18.81,running
2025-03-04 03:06:00,M01,211.49,118.53,18.35,running
2025-03-04 03:07:00,M01,211.63,116.92,18.33,running
2025-03-04 03:08:00,M01,212.04,119.52,18.4,running
2025-03-04 03:09:00,M01,212.46,120.41,18.54,running
2025-03-04 03:10:00,M01,212.92,119.38,18.35,running
2025-03-04 03:11:00,M01,212.06,118.53,18.28,running
2025-03-04 03:12:00,M01,212.22,115.2,18.63,running
2025-03-04 03:13:00,M01,212.17,117.98,18.39,running
2025-03-04 03:14:00,M01,211.18,116.2,18.29,running
2025-03-04 03:15:00,M01,211.03,117.45,18.41,running
2025-03-04 03:16:00,M01,211.01,118.19,18.25,running
2025-03-04 03:17:00,M01,210.99,119.24,18.18,running
2025-03-04 03:18:00,M01,211.61,118.03,18.66,running
2025-03-04 03:19:00,M01,212.38,117.77,18.31,running
2025-03-04 03:20:00,M01,211.68,116.76,18.32,running
2025-03-04 03:21:00,M01,212.58,116.5,18.36,running
2025-03-04 03:22:00,M01,212.82,119.1,18.57,running
2025-03-04 03:23:00,M01,213.6,118.76,18.11,running
2025-03-04 03:24:00,M01,213.28,118.6,18.46,running
2025-03-04 03:25:00,M01,213.78,116.91,18.87,running
2025-03-04 03:26:00,M01,213.62,119.42,18.22,running
2025-03-04 03:27:00,M01,214.3,118.87,18.13,running
2025-03-04 03:28:00,M01,214.51,116.98,18.1,running
2025-03-04 03:29:00,M01,214.15,118.47,18.61,running
2025-03-04 03:30:00,M01,214.3,118.1,18.2,running
2025-03-04 03:31:00,M01,213.56,118.74,18.62,running
2025-03-04 03:32:00,M01,213.27,118.36,18.65,running
2025-03-04 03:33:00,M01,213.57,118.36,18.46,running
2025-03-04 03:34:00,M01,214.16,119.11,18.31,running
2025-03-04 03:35:00,M01,,116.18,18.71,running
2025-03-04 03:36:00,M01,214.19,118.36,18.49,running
2025-03-04 03:37:00,M01,213.27,119.58,18.44,running
2025-03-04 03:38:00,M01,213.05,119.1,18.35,running
2025-03-04 03:39:00,M01,212.75,116.77,18.48,running
2025-03-04 03:40:00,M01,212.33,117.14,18.08,running
2025-03-04 03:41:00,M01,212.33,116.55,18.53,running
2025-03-04 03:42:00,M01,212.39,113.4,18.8,running
2025-03-04 03:43:00,M01,213.42,117.37,18.69,running
2025-03-04 03:44:00,M01,212.84,121.21,18.56,running
2025-03-04 03:45:00,M01,212.09,117.71,18.4,running
2025-03-04 03:46:00,M01,212.04,115.85,18.31,running
2025-03-04 03:47:00,M01,212.34,117.25,18.39,running
2025-03-04 03:48:00,M01,212.56,118.05,18.2,running
2025-03-04 03:49:00,M01,212.16,117.37,18.46,running
2025-03-04 03:50:00,M01,213.09,115.46,18.54,running
2025-03-04 03:51:00,M01,213.26,114.93,18.25,running
2025-03-04 03:52:00,M01,212.31,115.85,18.4,running
2025-03-04 03:53:00,M01,212.02,115.93,18.28,running
2025-03-04 03:54:00,M01,211.58,119.55,18.32,running
2025-03-04 03:55:00,M01,211.59,117.95,18.4,running
2025-03-04 03:56:00,M01,211.28,116.33,18.64,running
2025-03-04 03:57:00,M01,212.27,118.99,18.22,running
2025-03-04 03:58:00,M01,211.9,118.89,18.37,running
2025-03-04 03:59:00,M01,211.95,116.29,18.29,running
2025-03-04 04:00:00,M01,211.81,119.25,18.13,running
2025-03-04 04:01:00,M01,211.73,118.68,18.31,running
2025-03-04 04:02:00,M01,212.43,118.92,18.59,running
2025-03-04 04:03:00,M01,211.88,118.31,18.66,running
2025-03-04 04:04:00,M01,213.03,115.1,18.41,running
2025-03-04 04:05:00,M01,213.02,119.46,18.01,running
2025-03-04 04:06:00,M01,212.93,118.0,18.29,running
2025-03-04 04:07:00,M01,212.91,118.49,18.4,running
2025-03-04 04:08:00,M01,213.54,116.11,18.51,running
2025-03-04 04:09:00,M01,212.6,120.52,18.68,running
2025-03-04 04:10:00,M01,212.58,116.9,18.24,running
2025-03-04 04:11:00,M01,212.09,117.76,18.77,running
2025-03-04 04:12:00,M01,210.77,116.61,18.62,running
2025-03-04 04:13:00,M01,211.11,116.02,18.8,running
2025-03-04 04:14:00,M01,210.96,116.92,18.03,running
2025-03-04 04:15:00,M01,210.53,118.6,18.45,running
2025-03-04 04:16:00,M01,211.59,118.16,18.0,running
2025-03-04 04:17:00,M01,210.8,118.32,18.28,running
2025-03-04 04:18:00,M01,210.88,117.14,18.75,running
2025-03-04 04:19:00,M01,210.75,117.66,18.17,running
2025-03-04 04:20:00,M01,211.73,117.09,18.1,running
2025-03-04 04:21:00,M01,211.69,116.01,17.86,running
2025-03-04 04:22:00,M01,211.11,119.62,18.25,running
2025-03-04 04:23:00,M01,212.27,119.58,18.68,running
2025-03-04 04:24:00,M01,211.53,116.31,18.31,running
2025-03-04 04:25:00,M01,212.19,116.56,18.2,running
2025-03-04 04:26:00,M01,212.33,115.53,18.63,running
2025-03-04 04:27:00,M01,213.09,117.3,18.69,running
2025-03-04 04:28:00,M01,212.88,118.09,18.65,running
2025-03-04 04:29:00,M01,212.54,120.35,18.67,running
2025-03-04 04:30:00,M01,212.56,113.85,18.24,running
2025-03-04 04:31:00,M01,212.17,115.16,18.1,running
2025-03-04 04:32:00,M01,212.0,116.85,17.94,running
2025-03-04 04:33:00,M01,211.98,119.57,18.06,running
2025-03-04 04:34:00,M01,212.68,116.33,18.59,running
2025-03-04 04:35:00,M01,211.75,116.19,18.15,running
2025-03-04 04:36:00,M01,212.56,120.46,18.55,running
2025-03-04 04:37:00,M01,213.24,118.12,18.36,running
2025-03-04 04:38:00,M01,212.39,117.51,18.31,running
2025-03-04 04:39:00,M01,212.5,117.69,18.26,running
2025-03-04 04:40:00,M01,212.44,118.16,18.94,running
2025-03-04 04:41:00,M01,211.59,114.1,18.23,running
2025-03-04 04:42:00,M01,211.68,117.88,18.13,running
2025-03-04 04:43:00,M01,211.26,119.49,17.97,running
2025-03-04 04:44:00,M01,211.37,119.87,17.98,running
2025-03-04 04:45:00,M01,211.78,116.12,18.25,running
2025-03-04 04:46:00,M01,212.08,117.2,18.31,running
2025-03-04 04:47:00,M01,211.56,118.28,18.67,running
2025-03-04 04:48:00,M01,211.1,119.09,18.66,running
2025-03-04 04:49:00,M01,211.76,114.0,17.86,running
2025-03-04 04:50:00,M01,210.63,117.5,18.52,running
2025-03-04 04:51:00,M01,210.39,118.02,18.03,running
2025-03-04 04:52:00,M01,209.78,116.96,18.45,running
2025-03-04 04:53:00,M01,210.31,118.58,18.28,running
2025-03-04 04:54:00,M01,210.32,117.63,18.26,running
2025-03-04 04:55:00,M01,210.44,116.13,17.93,running
2025-03-04 04:56:00,M01,210.95,117.84,18.65,running
2025-03-04 04:57:00,M01,209.92,117.27,18.47,running
2025-03-04 04:58:00,M01,209.83,117.01,18.25,running
2025-03-04 04:59:00,M01,211.07,117.56,18.27,running
2025-03-04 05:00:00,M01,211.44,116.34,18.03,running
2025-03-04 05:01:00,M01,210.8,117.59,18.34,running
2025-03-04 05:02:00,M01,211.29,118.52,18.08,running
2025-03-04 05:03:00,M01,212.17,121.46,18.46,running
2025-03-04 05:04:00,M01,212.2,117.74,18.69,running
2025-03-04 05:05:00,M01,212.05,119.36,18.29,running
2025-03-04 05:06:00,M01,211.0,117.42,18.72,running
2025-03-04 05:07:00,M01,210.95,116.96,18.41,running
2025-03-04 05:08:00,M01,211.41,117.75,18.45,running
2025-03-04 05:09:00,M01,211.54,117.47,18.6,running
2025-03-04 05:10:00,M01,212.2,118.54,18.5,running
2025-03-04 05:11:00,M01,212.32,118.52,18.2,running
2025-03-04 05:12:00,M01,212.66,118.44,18.37,running
2025-03-04 05:13:00,M01,213.49,120.82,18.88,running
2025-03-04 05:14:00,M01,213.74,117.52,18.68,running
2025-03-04 05:15:00,M01,213.51,116.12,18.54,running
2025-03-04 05:16:00,M01,213.03,116.19,18.35,running
2025-03-04 05:17:00,M01,214.61,117.39,18.62,running
2025-03-04 05:18:00,M01,213.84,118.89,18.31,running
2025-03-04 05:19:00,M01,213.91,117.38,18.81,running
2025-03-04 05:20:00,M01,214.94,117.96,18.76,running
2025-03-04 05:21:00,M01,214.5,119.48,18.32,running
2025-03-04 05:22:00,M01,215.09,118.39,18.53,running
2025-03-04 05:23:00,M01,214.92,120.12,18.02,running
2025-03-04 05:24:00,M01,214.89,119.08,18.14,running
2025-03-04 05:25:00,M01,214.26,118.2,18.32,running
2025-03-04 05:26:00,M01,212.94,116.34,18.53,running
2025-03-04 05:27:00,M01,212.5,118.56,18.17,running
2025-03-04 05:28:00,M01,213.16,119.3,18.84,running
2025-03-04 05:29:00,M01,212.37,118.88,18.46,running
2025-03-04 05:30:00,M01,213.12,121.04,18.39,running
2025-03-04 05:31:00,M01,212.35,118.3,18.16,running
2025-03-04 05:32:00,M01,211.75,115.89,18.15,running
2025-03-04 05:33:00,M01,212.6,115.49,18.44,running
2025-03-04 05:34:00,M01,211.27,117.58,18.57,running
2025-03-04 05:35:00,M01,211.93,119.8,18.37,running
2025-03-04 05:36:00,M01,212.16,114.29,18.42,running
2025-03-04 05:37:00,M01,211.51,116.35,18.13,running
2025-03-04 05:38:00,M01,211.92,116.69,18.26,running
2025-03-04 05:39:00,M01,212.14,116.75,17.84,running
2025-03-04 05:40:00,M01,212.35,119.05,18.46,running
2025-03-04 05:41:00,M01,211.19,116.06,18.67,running
2025-03-04 05:42:00,M01,211.74,118.89,18.34,running
2025-03-04 05:43:00,M01,212.87,115.64,18.54,running
2025-03-04 05:44:00,M01,211.53,118.59,18.25,running
2025-03-04 05:45:00,M01,212.32,117.84,18.43,running
2025-03-04 05:46:00,M01,211.39,117.75,18.32,running
2025-03-04 05:47:00,M01,213.01,117.89,18.61,running
2025-03-04 05:48:00,M01,212.45,118.1,18.36,running
2025-03-04 05:49:00,M01,213.1,115.84,17.98,running
2025-03-04 05:50:00,M01,212.35,118.02,18.03,running
2025-03-04 05:51:00,M01,212.72,118.53,18.54,running
2025-03-04 05:52:00,M01,212.96,120.21,18.68,running
2025-03-04 05:53:00,M01,212.69,118.51,18.22,running
2025-03-04 05:54:00,M01,212.79,117.25,18.62,running
2025-03-04 05:55:00,M01,212.9,115.91,18.51,running
2025-03-04 05:56:00,M01,213.08,116.96,18.35,running
2025-03-04 05:57:00,M01,213.3,119.45,18.58,running
2025-03-04 05:58:00,M01,213.48,119.22,18.44,running
2025-03-04 05:59:00,M01,213.21,118.0,18.01,running
2025-03-04 06:00:00,M01,213.17,118.18,18.4,running
2025-03-04 06:01:00,M01,213.14,116.87,18.05,running
2025-03-04 06:02:00,M01,213.08,118.02,18.64,running
2025-03-04 06:03:00,M01,214.11,119.12,18.25,running
2025-03-04 06:04:00,M01,213.98,117.64,18.61,running
2025-03-04 06:05:00,M01,213.36,117.7,18.61,running
2025-03-04 06:06:00,M01,213.06,117.17,18.51,running
2025-03-04 06:07:00,M01,213.09,120.4,18.04,running
2025-03-04 06:08:00,M01,213.55,118.19,18.4,running
2025-03-04 06:09:00,M01,212.63,117.86,17.74,running
2025-03-04 06:10:00,M01,212.81,119.81,18.0,running
2025-03-04 06:11:00,M01,212.47,118.73,18.47,running
2025-03-04 06:12:00,M01,213.67,118.45,18.6,running
2025-03-04 06:13:00,M01,213.61,117.79,18.38,running
2025-03-04 06:14:00,M01,213.49,118.47,18.5,running
2025-03-04 06:15:00,M01,213.64,118.51,18.67,running
2025-03-04 06:16:00,M01,213.37,119.51,18.61,running
2025-03-04 06:17:00,M01,212.33,115.62,18.4,running
2025-03-04 06:18:00,M01,211.76,116.82,18.13,running
2025-03-04 06:19:00,M01,211.56,118.48,18.43,running
2025-03-04 06:20:00,M01,211.93,117.46,18.18,running
2025-03-04 06:21:00,M01,212.86,117.63,18.52,running
2025-03-04 06:22:00,M01,212.58,115.07,18.53,running
2025-03-04 06:23:00,M01,212.56,119.05,18.4,running
2025-03-04 06:24:00,M01,212.9,117.14,18.14,running
2025-03-04 06:25:00,M01,213.15,117.84,18.68,running
2025-03-04 06:26:00,M01,212.81,118.36,18.36,running
2025-03-04 06:27:00,M01,212.84,116.93,18.33,running
2025-03-04 06:28:00,M01,213.73,116.54,19.08,running
2025-03-04 06:29:00,M01,214.55,119.3,18.45,running
2025-03-04 06:30:00,M01,214.99,120.83,18.41,running
2025-03-04 06:31:00,M01,214.22,118.18,18.38,running
2025-03-04 06:32:00,M01,214.24,120.19,18.19,running
2025-03-04 06:33:00,M01,214.4,120.28,18.45,running
2025-03-04 06:34:00,M01,214.79,117.8,18.23,running
2025-03-04 06:35:00,M01,215.47,118.3,18.9,running
2025-03-04 06:36:00,M01,215.65,115.61,18.19,running
2025-03-04 06:37:00,M01,215.99,118.28,18.54,running
2025-03-04 06:38:00,M01,215.37,118.99,18.34,running
2025-03-04 06:39:00,M01,214.62,119.93,18.45,running
2025-03-04 06:40:00,M01,213.88,115.9,18.29,running
2025-03-04 06:41:00,M01,214.52,119.28,18.18,running
2025-03-04 06:42:00,M01,213.16,118.92,18.14,running
2025-03-04 06:43:00,M01,213.2,119.03,17.78,running
2025-03-04 06:44:00,M01,213.03,118.81,18.36,running
2025-03-04 06:45:00,M01,213.03,115.88,18.35,running
2025-03-04 06:46:00,M01,213.08,117.77,18.14,running
2025-03-04 06:47:00,M01,212.8,113.54,18.34,running
2025-03-04 06:48:00,M01,212.83,117.63,19.13,running
2025-03-04 06:49:00,M01,213.5,119.2,18.77,running
2025-03-04 06:50:00,M01,213.9,119.17,18.27,running
2025-03-04 06:51:00,M01,214.16,118.32,18.25,running
2025-03-04 06:52:00,M01,214.18,119.46,18.26,running
2025-03-04 06:53:00,M01,215.01,118.97,18.43,running
2025-03-04 06:54:00,M01,214.39,116.79,18.72,running
2025-03-04 06:55:00,M01,213.78,117.41,18.42,running
2025-03-04 06:56:00,M01,213.27,115.67,18.64,running
2025-03-04 06:57:00,M01,213.13,117.35,18.2,running
2025-03-04 06:58:00,M01,212.98,115.93,18.23,running
2025-03-04 06:59:00,M01,213.12,113.87,18.77,running
2025-03-04 07:00:00,M01,212.05,117.25,18.87,running
2025-03-04 07:01:00,M01,213.11,116.24,18.3,running
2025-03-04 07:02:00,M01,214.53,118.89,18.91,running
2025-03-04 07:03:00,M01,214.69,118.77,18.51,running
2025-03-04 07:04:00,M01,215.72,116.33,18.45,running
2025-03-04 07:05:00,M01,216.15,117.54,18.8,running
2025-03-04 07:06:00,M01,215.53,117.15,18.76,running
2025-03-04 07:07:00,M01,214.34,120.62,18.16,running
2025-03-04 07:08:00,M01,213.97,120.87,18.75,running
2025-03-04 07:09:00,M01,214.56,119.54,18.24,running
2025-03-04 07:10:00,M01,215.56,120.56,18.31,running
2025-03-04 07:11:00,M01,215.74,117.51,18.97,running
2025-03-04 07:12:00,M01,215.42,117.58,18.82,running
2025-03-04 07:13:00,M01,215.06,117.19,18.56,running
2025-03-04 07:14:00,M01,213.72,117.09,18.64,running
2025-03-04 07:15:00,M01,215.09,118.8,18.32,running
2025-03-04 07:16:00,M01,214.43,116.95,18.75,running
2025-03-04 07:17:00,M01,213.19,118.92,18.29,running
2025-03-04 07:18:00,M01,213.65,116.35,18.2,running
2025-03-04 07:19:00,M01,213.55,114.5,18.57,running
2025-03-04 07:20:00,M01,213.98,116.49,18.21,running
2025-03-04 07:21:00,M01,213.08,116.38,18.1,running
2025-03-04 07:22:00,M01,212.79,117.54,18.3,running
2025-03-04 07:23:00,M01,213.27,118.34,18.75,running
2025-03-04 07:24:00,M01,213.88,116.26,18.23,running
2025-03-04 07:25:00,M01,214.07,118.28,18.57,running
2025-03-04 07:26:00,M01,213.86,114.46,18.46,running
2025-03-04 07:27:00,M01,213.85,119.06,18.21,running
2025-03-04 07:28:00,M01,214.27,113.84,18.53,running
2025-03-04 07:29:00,M01,214.07,118.8,19.04,running
2025-03-04 07:30:00,M01,213.39,114.84,18.46,running
2025-03-04 07:31:00,M01,213.57,119.26,18.76,running
2025-03-04 07:32:00,M01,213.66,118.06,18.26,running
2025-03-04 07:33:00,M01,213.78,117.51,18.1,running
2025-03-04 07:34:00,M01,214.37,119.88,18.45,running
2025-03-04 07:35:00,M01,214.28,116.77,18.35,running
2025-03-04 07:36:00,M01,214.56,119.12,18.08,running
2025-03-04 07:37:00,M01,214.89,119.28,18.37,running
2025-03-04 07:38:00,M01,215.12,116.71,18.2,running
2025-03-04 07:39:00,M01,214.75,118.53,18.41,running
2025-03-04 07:40:00,M01,216.25,118.45,18.25,running
2025-03-04 07:41:00,M01,216.49,121.17,18.65,running
2025-03-04 07:42:00,M01,216.47,117.11,18.57,running
2025-03-04 07:43:00,M01,216.39,118.54,18.34,running
2025-03-04 07:44:00,M01,216.14,118.32,18.62,running
2025-03-04 07:45:00,M01,214.55,119.2,18.65,running
2025-03-04 07:46:00,M01,212.84,116.71,18.09,running
2025-03-04 07:47:00,M01,212.51,119.61,18.49,running
2025-03-04 07:48:00,M01,213.51,118.12,18.52,running
2025-03-04 07:49:00,M01,214.26,114.6,18.43,running
2025-03-04 07:50:00,M01,213.82,116.01,18.54,running
2025-03-04 07:51:00,M01,213.61,116.57,17.95,running
2025-03-04 07:52:00,M01,213.81,118.64,18.49,running
2025-03-04 07:53:00,M01,213.32,119.36,18.67,running
2025-03-04 07:54:00,M01,213.35,118.67,18.16,running
2025-03-04 07:55:00,M01,213.07,119.03,18.38,running
2025-03-04 07:56:00,M01,213.37,118.55,18.75,running
2025-03-04 07:57:00,M01,213.47,116.06,18.43,running
2025-03-04 07:58:00,M01,213.64,117.06,18.46,running
2025-03-04 07:59:00,M01,213.88,116.9,18.35,running
2025-03-04 08:00:00,M01,214.69,118.65,18.94,running
2025-03-04 08:01:00,M01,214.41,119.53,18.42,running
2025-03-04 08:02:00,M01,214.18,116.51,18.37,running
2025-03-04 08:03:00,M01,214.08,117.01,18.47,running
2025-03-04 08:04:00,M01,213.48,119.59,18.36,running
2025-03-04 08:05:00,M01,214.52,119.81,18.98,running
2025-03-04 08:06:00,M01,215.42,118.72,18.15,running
2025-03-04 08:07:00,M01,215.65,116.63,18.14,running
2025-03-04 08:08:00,M01,215.41,118.06,18.58,running
2025-03-04 08:09:00,M01,215.1,116.78,18.25,running
2025-03-04 08:10:00,M01,214.92,120.42,18.46,running
2025-03-04 08:11:00,M01,215.13,120.89,18.6,running
2025-03-04 08:12:00,M01,215.4,119.35,18.43,running
2025-03-04 08:13:00,M01,215.22,116.81,17.94,running
2025-03-04 08:14:00,M01,215.75,117.11,18.27,running
2025-03-04 08:15:00,M01,216.4,117.04,18.56,running
2025-03-04 08:16:00,M01,216.34,117.0,18.81,running
2025-03-04 08:17:00,M01,216.7,118.97,18.47,running
2025-03-04 08:18:00,M01,216.54,117.15,18.47,running
2025-03-04 08:19:00,M01,217.18,120.17,18.51,running
2025-03-04 08:20:00,M01,216.78,121.32,18.54,running
2025-03-04 08:21:00,M01,216.54,119.44,18.82,running
2025-03-04 08:22:00,M01,217.11,116.43,18.17,running
2025-03-04 08:23:00,M01,216.79,120.5,18.34,running
2025-03-04 08:24:00,M01,216.9,119.33,18.2,running
2025-03-04 08:25:00,M01,217.35,120.49,18.48,running
2025-03-04 08:26:00,M01,217.37,119.85,18.58,running
2025-03-04 08:27:00,M01,215.81,116.58,18.45,running
2025-03-04 08:28:00,M01,215.92,117.07,18.43,running
2025-03-04 08:29:00,M01,215.88,118.34,18.48,running
2025-03-04 08:30:00,M01,216.28,119.26,18.46,running
2025-03-04 08:31:00,M01,215.69,119.91,18.71,running
2025-03-04 08:32:00,M01,215.64,118.28,18.85,running
2025-03-04 08:33:00,M01,215.25,119.5,18.12,running
2025-03-04 08:34:00,M01,215.64,115.45,17.8,running
2025-03-04 08:35:00,M01,215.12,116.02,18.03,running
2025-03-04 08:36:00,M01,214.57,117.94,19.04,running
2025-03-04 08:37:00,M01,216.35,119.5,18.61,running
2025-03-04 08:38:00,M01,216.28,117.12,18.82,running
2025-03-04 08:39:00,M01,214.91,119.25,18.36,running
2025-03-04 08:40:00,M01,215.56,118.82,18.49,running
2025-03-04 08:41:00,M01,215.04,118.82,18.75,running
2025-03-04 08:42:00,M01,215.79,117.5,18.51,running
2025-03-04 08:43:00,M01,216.78,119.56,18.8,running
2025-03-04 08:44:00,M01,217.56,117.7,18.16,running
2025-03-04 08:45:00,M01,216.15,115.67,18.92,running
2025-03-04 08:46:00,M01,215.79,118.21,18.56,running
2025-03-04 08:47:00,M01,216.64,119.79,18.85,running
2025-03-04 08:48:00,M01,217.58,118.68,18.47,running
2025-03-04 08:49:00,M01,217.77,116.79,18.68,running
2025-03-04 08:50:00,M01,216.77,115.78,18.25,running
2025-03-04 08:51:00,M01,216.48,116.87,18.22,running
2025-03-04 08:52:00,M01,216.61,117.88,18.23,running
2025-03-04 08:53:00,M01,215.73,118.98,18.34,running
2025-03-04 08:54:00,M01,216.12,118.86,18.51,running
2025-03-04 08:55:00,M01,216.37,118.8,18.9,running
2025-03-04 08:56:00,M01,215.94,116.95,18.8,running
2025-03-04 08:57:00,M01,216.82,115.99,18.26,running
2025-03-04 08:58:00,M01,217.68,119.37,18.47,running
2025-03-04 08:59:00,M01,216.96,119.73,18.54,running
2025-03-04 09:00:00,M01,215.69,116.89,18.27,running
2025-03-04 09:01:00,M01,216.04,118.74,18.44,running
2025-03-04 09:02:00,M01,216.23,118.11,18.89,running
2025-03-04 09:03:00,M01,215.2,116.62,18.55,running
2025-03-04 09:04:00,M01,214.46,117.55,18.6,running
2025-03-04 09:05:00,M01,214.62,118.65,18.47,running
2025-03-04 09:06:00,M01,214.69,119.09,18.24,running
2025-03-04 09:07:00,M01,213.73,117.77,18.41,running
2025-03-04 09:08:00,M01,215.0,118.97,18.17,running
2025-03-04 09:09:00,M01,214.52,117.35,18.07,running
2025-03-04 09:10:00,M01,213.51,119.28,18.07,running
2025-03-04 09:11:00,M01,214.07,120.04,18.02,running
2025-03-04 09:12:00,M01,214.56,118.75,18.16,running
2025-03-04 09:13:00,M01,214.25,118.6,18.43,running
2025-03-04 09:14:00,M01,214.07,118.39,18.5,running
2025-03-04 09:15:00,M01,214.09,115.72,18.12,running
2025-03-04 09:16:00,M01,214.65,118.01,18.0,running
2025-03-04 09:17:00,M01,215.23,117.73,18.52,running
2025-03-04 09:18:00,M01,214.36,116.05,18.08,running
2025-03-04 09:19:00,M01,215.52,115.37,18.73,running
2025-03-04 09:20:00,M01,214.93,119.16,18.69,running
2025-03-04 09:21:00,M01,214.18,119.48,18.9,running
2025-03-04 09:22:00,M01,213.77,117.84,18.06,running
2025-03-04 09:23:00,M01,213.59,116.13,18.59,running
2025-03-04 09:24:00,M01,213.23,118.87,18.61,running
2025-03-04 09:25:00,M01,213.83,118.46,18.49,running
2025-03-04 09:26:00,M01,214.61,116.19,18.76,running
2025-03-04 09:27:00,M01,215.87,118.24,18.44,running
2025-03-04 09:28:00,M01,215.73,116.23,18.57,running
2025-03-04 09:29:00,M01,215.61,115.92,18.65,running
2025-03-04 09:30:00,M01,216.23,120.53,18.73,running
2025-03-04 09:31:00,M01,216.33,118.3,18.67,running
2025-03-04 09:32:00,M01,217.23,117.77,18.25,running
2025-03-04 09:33:00,M01,216.66,115.22,18.43,running
2025-03-04 09:34:00,M01,216.35,117.12,18.67,running
2025-03-04 09:35:00,M01,215.53,119.89,18.63,running
2025-03-04 09:36:00,M01,215.59,119.49,18.73,running
2025-03-04 09:37:00,M01,215.08,118.71,18.18,running
2025-03-04 09:38:00,M01,214.54,119.46,18.59,running
2025-03-04 09:39:00,M01,215.93,117.97,18.34,running
2025-03-04 09:40:00,M01,215.13,118.59,18.17,running
2025-03-04 09:41:00,M01,215.78,116.15,18.47,running
2025-03-04 09:42:00,M01,215.54,118.34,18.32,running
2025-03-04 09:43:00,M01,215.14,116.31,17.89,running
2025-03-04 09:44:00,M01,214.89,120.67,18.34,running
2025-03-04 09:45:00,M01,214.8,116.64,17.89,running
2025-03-04 09:46:00,M01,214.66,118.52,18.46,running
2025-03-04 09:47:00,M01,214.95,118.67,18.96,running
2025-03-04 09:48:00,M01,216.03,117.41,18.48,running
2025-03-04 09:49:00,M01,216.02,118.19,18.63,running
2025-03-04 09:50:00,M01,216.62,117.18,18.26,running
2025-03-04 09:51:00,M01,216.0,116.41,18.21,running
2025-03-04 09:52:00,M01,216.89,118.97,18.72,running
2025-03-04 09:53:00,M01,216.63,117.35,18.3,running
2025-03-04 09:54:00,M01,217.16,120.47,18.63,running
2025-03-04 09:55:00,M01,216.27,118.82,18.66,running
2025-03-04 09:56:00,M01,216.06,116.84,18.46,running
2025-03-04 09:57:00,M01,215.5,118.9,18.43,running
2025-03-04 09:58:00,M01,215.89,118.31,18.77,running
2025-03-04 09:59:00,M01,216.45,118.74,18.76,running
2025-03-04 10:00:00,M01,215.15,117.27,18.6,running
2025-03-04 10:01:00,M01,214.77,119.76,18.76,running
2025-03-04 10:02:00,M01,215.87,118.63,18.5,running
2025-03-04 10:03:00,M01,215.42,117.11,18.2,running
2025-03-04 10:04:00,M01,215.08,116.3,18.68,running
2025-03-04 10:05:00,M01,215.09,119.12,18.72,running
2025-03-04 10:06:00,M01,215.93,119.18,18.13,running
2025-03-04 10:07:00,M01,216.32,118.12,18.63,running
2025-03-04 10:08:00,M01,216.08,114.3,18.71,running
2025-03-04 10:09:00,M01,215.63,116.0,18.32,running
2025-03-04 10:10:00,M01,214.8,120.72,18.57,running
2025-03-04 10:11:00,M01,215.47,120.18,18.6,running
2025-03-04 10:12:00,M01,216.35,120.9,18.28,running
2025-03-04 10:13:00,M01,216.27,116.57,17.81,running
2025-03-04 10:14:00,M01,216.17,120.12,18.46,running
2025-03-04 10:15:00,M01,215.83,119.93,18.16,running
2025-03-04 10:16:00,M01,215.55,115.11,18.26,running
2025-03-04 10:17:00,M01,215.6,115.17,18.35,running
2025-03-04 10:18:00,M01,214.82,118.06,18.14,running
2025-03-04 10:19:00,M01,214.74,117.23,18.13,running
2025-03-04 10:20:00,M01,216.41,117.45,18.71,running
2025-03-04 10:21:00,M01,217.3,120.14,18.39,running
2025-03-04 10:22:00,M01,217.68,118.07,18.52,running
2025-03-04 10:23:00,M01,217.98,117.45,18.67,running
2025-03-04 10:24:00,M01,217.84,120.17,18.48,running
2025-03-04 10:25:00,M01,216.71,118.49,18.94,running
2025-03-04 10:26:00,M01,217.27,117.41,18.62,running
2025-03-04 10:27:00,M01,216.58,118.35,18.57,running
2025-03-04 10:28:00,M01,217.36,119.95,18.99,running
2025-03-04 10:29:00,M01,217.4,119.89,18.2,running
2025-03-04 10:30:00,M01,217.8,119.4,18.38,running
2025-03-04 10:31:00,M01,216.35,117.33,18.52,running
2025-03-04 10:32:00,M01,215.71,120.31,18.8,running
2025-03-04 10:33:00,M01,215.15,118.28,18.84,running
2025-03-04 10:34:00,M01,214.57,117.43,18.15,running
2025-03-04 10:35:00,M01,214.57,119.24,18.85,running
2025-03-04 10:36:00,M01,215.55,117.42,18.7,running
2025-03-04 10:37:00,M01,215.91,117.42,18.87,running
2025-03-04 10:38:00,M01,216.62,116.83,18.81,running
2025-03-04 10:39:00,M01,216.84,119.85,18.37,running
2025-03-04 10:40:00,M01,216.67,118.06,18.33,running
2025-03-04 10:41:00,M01,216.65,116.58,18.51,running
2025-03-04 10:42:00,M01,216.38,119.09,18.6,running
2025-03-04 10:43:00,M01,217.99,120.55,18.25,running
2025-03-04 10:44:00,M01,218.43,118.64,18.04,running
2025-03-04 10:45:00,M01,217.62,118.58,18.61,running
2025-03-04 10:46:00,M01,219.2,119.53,18.65,running
2025-03-04 10:47:00,M01,219.54,121.73,18.93,running
2025-03-04 10:48:00,M01,218.99,120.35,18.33,running
2025-03-04 10:49:00,M01,219.38,117.42,18.74,running
2025-03-04 10:50:00,M01,218.78,118.81,18.71,running
2025-03-04 10:51:00,M01,218.54,120.36,18.14,running
2025-03-04 10:52:00,M01,218.55,118.62,18.86,running
2025-03-04 10:53:00,M01,218.44,119.45,18.88,running
2025-03-04 10:54:00,M01,218.23,117.79,17.93,running
2025-03-04 10:55:00,M01,217.41,118.96,19.31,running
2025-03-04 10:56:00,M01,216.84,118.26,18.52,running
2025-03-04 10:57:00,M01,216.43,116.2,18.5,running
2025-03-04 10:58:00,M01,216.24,118.17,18.62,running
2025-03-04 10:59:00,M01,214.68,116.98,18.22,running
2025-03-04 11:00:00,M01,215.26,117.08,18.55,running
2025-03-04 11:01:00,M01,215.83,116.1,18.7,running
2025-03-04 11:02:00,M01,216.04,118.42,18.24,running
2025-03-04 11:03:00,M01,215.04,119.85,18.81,running
2025-03-04 11:04:00,M01,215.5,117.57,18.73,running
2025-03-04 11:05:00,M01,214.47,119.99,17.91,running
2025-03-04 11:06:00,M01,214.86,118.58,18.61,running
2025-03-04 11:07:00,M01,215.39,116.15,18.91,running
2025-03-04 11:08:00,M01,215.66,118.14,18.54,running
2025-03-04 11:09:00,M01,217.36,120.22,18.57,running
2025-03-04 11:10:00,M01,217.89,118.56,18.7,running
2025-03-04 11:11:00,M01,218.02,119.45,18.84,running
2025-03-04 11:12:00,M01,216.63,119.38,18.45,running
2025-03-04 11:13:00,M01,215.96,120.03,18.51,running
2025-03-04 11:14:00,M01,216.65,120.44,18.82,running
2025-03-04 11:15:00,M01,217.97,117.44,18.51,running
2025-03-04 11:16:00,M01,217.92,118.09,18.66,running
2025-03-04 11:17:00,M01,216.65,118.88,18.32,running
2025-03-04 11:18:00,M01,216.02,118.29,18.74,running
2025-03-04 11:19:00,M01,216.86,118.03,18.73,running
2025-03-04 11:20:00,M01,217.56,118.69,18.57,running
2025-03-04 11:21:00,M01,217.48,118.17,18.2,running
2025-03-04 11:22:00,M01,216.59,120.09,18.54,running
2025-03-04 11:23:00,M01,216.3,121.21,18.53,running
2025-03-04 11:24:00,M01,216.76,116.97,18.11,running
2025-03-04 11:25:00,M01,216.13,118.57,18.62,running
2025-03-04 11:26:00,M01,215.79,118.68,18.71,running
2025-03-04 11:27:00,M01,216.42,118.46,18.93,running
2025-03-04 11:28:00,M01,217.57,120.89,18.75,running
2025-03-04 11:29:00,M01,217.38,115.93,18.42,running
2025-03-04 11:30:00,M01,217.66,119.74,18.52,running
2025-03-04 11:31:00,M01,218.3,118.44,18.65,running
2025-03-04 11:32:00,M01,218.43,120.42,18.66,running
2025-03-04 11:33:00,M01,218.11,117.22,18.61,running
2025-03-04 11:34:00,M01,218.44,119.87,19.03,running
2025-03-04 11:35:00,M01,218.73,115.42,18.43,running
2025-03-04 11:36:00,M01,219.46,118.77,18.71,running
2025-03-04 11:37:00,M01,219.06,119.26,18.62,running
2025-03-04 11:38:00,M01,218.03,119.02,18.83,running
2025-03-04 11:39:00,M01,217.66,120.98,18.06,running
2025-03-04 11:40:00,M01,217.34,116.61,18.51,running
2025-03-04 11:41:00,M01,,117.93,18.74,running
2025-03-04 11:42:00,M01,218.83,119.87,18.52,running
2025-03-04 11:43:00,M01,219.04,118.75,18.53,running
2025-03-04 11:44:00,M01,218.36,117.57,18.64,running
2025-03-04 11:45:00,M01,218.25,117.03,18.53,running
2025-03-04 11:46:00,M01,217.84,118.31,18.61,running
2025-03-04 11:47:00,M01,216.56,117.01,18.61,running
2025-03-04 11:48:00,M01,217.95,118.99,18.27,running
2025-03-04 11:49:00,M01,217.27,116.94,18.36,running
2025-03-04 11:50:00,M01,218.2,120.69,19.14,running
2025-03-04 11:51:00,M01,217.84,119.18,19.0,running
2025-03-04 11:52:00,M01,217.63,119.2,18.27,running
2025-03-04 11:53:00,M01,217.53,117.19,18.9,running
2025-03-04 11:54:00,M01,216.99,117.4,18.43,running
2025-03-04 11:55:00,M01,217.13,118.39,18.31,running
2025-03-04 11:56:00,M01,218.09,118.48,19.12,running
2025-03-04 11:57:00,M01,218.99,119.53,18.8,running
2025-03-04 11:58:00,M01,218.7,118.54,18.5,running
2025-03-04 11:59:00,M01,217.9,119.93,18.39,running
2025-03-04 12:00:00,M01,218.64,144.15,18.29,running
2025-03-04 12:01:00,M01,218.02,150.98,18.85,running
2025-03-04 12:02:00,M01,217.44,149.1,19.14,running
2025-03-04 12:03:00,M01,217.77,115.45,18.74,running
2025-03-04 12:04:00,M01,217.14,118.93,18.25,running
2025-03-04 12:05:00,M01,217.01,121.0,18.73,running
2025-03-04 12:06:00,M01,217.1,116.87,18.62,running
2025-03-04 12:07:00,M01,217.58,119.26,18.95,running
2025-03-04 12:08:00,M01,217.34,117.47,18.7,running
2025-03-04 12:09:00,M01,216.68,117.58,18.5,running
2025-03-04 12:10:00,M01,216.59,116.56,19.17,running
2025-03-04 12:11:00,M01,215.55,116.45,18.11,running
2025-03-04 12:12:00,M01,215.0,118.42,18.73,running
2025-03-04 12:13:00,M01,215.07,117.02,18.36,running
2025-03-04 12:14:00,M01,214.65,118.29,18.23,running
2025-03-04 12:15:00,M01,214.95,117.72,18.64,running
2025-03-04 12:16:00,M01,216.48,117.99,18.94,running
2025-03-04 12:17:00,M01,217.12,116.72,18.51,running
2025-03-04 12:18:00,M01,217.38,118.64,18.38,running
2025-03-04 12:19:00,M01,217.36,118.48,18.46,running
2025-03-04 12:20:00,M01,217.72,118.75,18.94,running
2025-03-04 12:21:00,M01,217.95,120.15,18.67,running
2025-03-04 12:22:00,M01,219.03,118.67,18.87,running
2025-03-04 12:23:00,M01,218.37,116.5,18.34,running
2025-03-04 12:24:00,M01,218.54,117.94,18.7,running
2025-03-04 12:25:00,M01,218.8,118.15,18.6,running
2025-03-04 12:26:00,M01,218.84,117.4,18.89,running
2025-03-04 12:27:00,M01,218.99,120.4,19.01,running
2025-03-04 12:28:00,M01,218.88,119.42,18.73,running
2025-03-04 12:29:00,M01,218.42,117.54,18.64,running
2025-03-04 12:30:00,M01,218.67,116.63,19.17,running
2025-03-04 12:31:00,M01,217.98,118.91,18.88,running
2025-03-04 12:32:00,M01,218.37,116.32,18.48,running
2025-03-04 12:33:00,M01,219.35,117.47,18.14,running
2025-03-04 12:34:00,M01,218.95,120.12,18.13,running
2025-03-04 12:35:00,M01,218.39,120.22,18.57,running
2025-03-04 12:36:00,M01,217.12,118.3,18.63,running
2025-03-04 12:37:00,M01,217.75,118.03,18.54,running
2025-03-04 12:38:00,M01,218.06,118.13,18.68,running
2025-03-04 12:39:00,M01,218.86,117.39,18.43,running
2025-03-04 12:40:00,M01,218.54,119.1,18.92,running
2025-03-04 12:41:00,M01,218.85,116.08,18.45,running
2025-03-04 12:42:00,M01,219.01,117.0,18.74,running
2025-03-04 12:43:00,M01,218.9,118.67,18.49,running
2025-03-04 12:44:00,M01,219.02,119.19,18.65,running
2025-03-04 12:45:00,M01,218.37,118.7,18.61,running
2025-03-04 12:46:00,M01,218.96,116.3,18.5,running
2025-03-04 12:47:00,M01,219.23,119.6,18.76,running
2025-03-04 12:48:00,M01,219.04,116.85,18.61,running
2025-03-04 12:49:00,M01,218.15,117.91,18.25,running
2025-03-04 12:50:00,M01,217.83,120.27,18.51,running
2025-03-04 12:51:00,M01,218.67,119.44,18.56,running
2025-03-04 12:52:00,M01,219.24,123.54,18.17,running
2025-03-04 12:53:00,M01,219.15,120.37,19.03,running
2025-03-04 12:54:00,M01,218.26,119.21,18.74,running
2025-03-04 12:55:00,M01,217.69,118.97,17.93,running
2025-03-04 12:56:00,M01,217.48,118.73,18.85,running
2025-03-04 12:57:00,M01,217.9,115.33,17.97,running
2025-03-04 12:58:00,M01,218.34,119.78,18.47,running
2025-03-04 12:59:00,M01,217.31,117.11,18.6,running
2025-03-04 13:00:00,M01,216.96,117.65,18.6,running
2025-03-04 13:01:00,M01,216.16,117.24,19.4,running
2025-03-04 13:02:00,M01,216.89,120.05,18.42,running
2025-03-04 13:03:00,M01,216.18,117.18,18.69,running
2025-03-04 13:04:00,M01,216.04,118.03,18.07,running
2025-03-04 13:05:00,M01,217.21,117.1,18.34,running
2025-03-04 13:06:00,M01,218.11,115.45,18.48,running
2025-03-04 13:07:00,M01,217.72,118.18,19.1,running
2025-03-04 13:08:00,M01,219.38,120.18,18.36,running
2025-03-04 13:09:00,M01,218.44,118.41,18.56,running
2025-03-04 13:10:00,M01,220.12,117.82,18.58,running
2025-03-04 13:11:00,M01,219.77,117.13,18.76,running
2025-03-04 13:12:00,M01,219.21,119.38,19.18,running
2025-03-04 13:13:00,M01,219.11,116.23,18.71,running
2025-03-04 13:14:00,M01,217.83,117.76,18.28,running
2025-03-04 13:15:00,M01,218.12,115.62,18.8,running
2025-03-04 13:16:00,M01,218.35,119.0,18.85,running
2025-03-04 13:17:00,M01,217.68,117.12,18.64,running
2025-03-04 13:18:00,M01,219.18,117.71,18.61,running
2025-03-04 13:19:00,M01,219.04,116.44,18.52,running
2025-03-04 13:20:00,M01,218.8,117.74,18.66,running
2025-03-04 13:21:00,M01,218.8,119.39,18.5,running
2025-03-04 13:22:00,M01,218.16,117.81,18.51,running
2025-03-04 13:23:00,M01,218.9,120.17,18.36,running
2025-03-04 13:24:00,M01,218.8,115.8,18.65,running
2025-03-04 13:25:00,M01,219.0,119.66,18.99,running
2025-03-04 13:26:00,M01,218.04,118.62,18.92,running
2025-03-04 13:27:00,M01,217.18,120.96,18.68,running
2025-03-04 13:28:00,M01,216.99,118.52,18.56,running
2025-03-04 13:29:00,M01,216.57,118.57,18.55,running
2025-03-04 13:30:00,M01,217.08,117.66,18.73,running
2025-03-04 13:31:00,M01,217.15,118.2,18.9,running
2025-03-04 13:32:00,M01,217.12,117.58,19.0,running
2025-03-04 13:33:00,M01,217.64,117.91,18.52,running
2025-03-04 13:34:00,M01,217.55,121.9,18.53,running
2025-03-04 13:35:00,M01,216.95,119.28,18.65,running
2025-03-04 13:36:00,M01,216.42,118.67,18.68,running
2025-03-04 13:37:00,M01,218.43,119.08,19.0,running
2025-03-04 13:38:00,M01,217.75,119.65,18.22,running
2025-03-04 13:39:00,M01,218.02,117.26,18.87,running
2025-03-04 13:40:00,M01,217.79,120.76,18.54,running
2025-03-04 13:41:00,M01,217.54,117.76,18.93,running
2025-03-04 13:42:00,M01,217.83,117.63,18.55,running
2025-03-04 13:43:00,M01,218.17,114.76,18.31,running
2025-03-04 13:44:00,M01,217.87,119.07,18.57,running
2025-03-04 13:45:00,M01,217.72,115.78,18.39,running
2025-03-04 13:46:00,M01,218.05,121.84,18.65,running
2025-03-04 13:47:00,M01,217.42,121.69,18.83,running
2025-03-04 13:48:00,M01,218.46,119.31,18.4,running
2025-03-04 13:49:00,M01,218.71,116.26,18.44,running
2025-03-04 13:50:00,M01,218.0,120.25,18.64,running
2025-03-04 13:51:00,M01,218.46,118.49,18.08,running
2025-03-04 13:52:00,M01,219.32,117.32,18.78,running
2025-03-04 13:53:00,M01,218.19,118.92,18.57,running
2025-03-04 13:54:00,M01,217.52,119.12,18.72,running
2025-03-04 13:55:00,M01,218.07,115.78,19.1,running
2025-03-04 13:56:00,M01,217.99,117.32,18.19,running
2025-03-04 13:57:00,M01,217.99,116.48,19.03,running
2025-03-04 13:58:00,M01,218.39,119.88,18.47,running
2025-03-04 13:59:00,M01,220.08,117.55,19.12,running
2025-03-04 14:00:00,M01,219.63,117.63,19.03,running
2025-03-04 14:01:00,M01,219.44,117.26,18.35,running
2025-03-04 14:02:00,M01,218.41,115.94,18.29,running
2025-03-04 14:03:00,M01,218.92,119.48,18.05,running
2025-03-04 14:04:00,M01,218.73,117.09,19.02,running
2025-03-04 14:05:00,M01,218.37,117.42,18.67,running
2025-03-04 14:06:00,M01,218.73,117.22,18.43,running
2025-03-04 14:07:00,M01,217.95,117.79,18.36,running
2025-03-04 14:08:00,M01,218.28,120.81,18.61,running
2025-03-04 14:09:00,M01,217.74,118.98,18.54,running
2025-03-04 14:10:00,M01,217.77,121.68,18.78,running
2025-03-04 14:11:00,M01,218.08,121.44,18.52,running
2025-03-04 14:12:00,M01,219.17,117.38,18.47,running
2025-03-04 14:13:00,M01,219.68,118.25,17.96,running
2025-03-04 14:14:00,M01,219.46,116.93,18.94,running
2025-03-04 14:15:00,M01,219.33,119.56,18.86,running
2025-03-04 14:16:00,M01,219.41,117.46,17.95,running
2025-03-04 14:17:00,M01,220.09,121.17,18.74,running
2025-03-04 14:18:00,M01,220.36,116.85,19.08,running
2025-03-04 14:19:00,M01,220.18,120.57,18.48,running
2025-03-04 14:20:00,M01,219.95,120.09,18.26,running
2025-03-04 14:21:00,M01,219.67,118.12,18.63,running
2025-03-04 14:22:00,M01,219.28,118.46,18.6,running
2025-03-04 14:23:00,M01,219.72,119.49,18.33,running
2025-03-04 14:24:00,M01,218.84,116.78,18.79,running
2025-03-04 14:25:00,M01,219.21,118.15,18.54,running
2025-03-04 14:26:00,M01,218.34,117.49,18.96,running
2025-03-04 14:27:00,M01,218.37,117.33,19.04,running
2025-03-04 14:28:00,M01,218.57,119.18,18.6,running
2025-03-04 14:29:00,M01,218.7,118.63,18.66,running
2025-03-04 14:30:00,M01,219.0,116.6,18.37,running
2025-03-04 14:31:00,M01,219.14,118.58,18.88,running
2025-03-04 14:32:00,M01,218.68,116.79,18.76,running
2025-03-04 14:33:00,M01,217.59,120.33,18.25,running
2025-03-04 14:34:00,M01,217.98,117.84,18.61,running
2025-03-04 14:35:00,M01,218.54,117.04,18.38,running
2025-03-04 14:36:00,M01,219.1,117.14,18.9,running
2025-03-04 14:37:00,M01,218.1,119.91,18.23,running
2025-03-04 14:38:00,M01,217.59,117.7,18.49,running
2025-03-04 14:39:00,M01,217.57,120.14,18.07,running
2025-03-04 14:40:00,M01,216.36,116.08,18.39,running
2025-03-04 14:41:00,M01,216.89,116.93,18.61,running
2025-03-04 14:42:00,M01,217.56,115.82,18.83,running
2025-03-04 14:43:00,M01,217.31,119.34,19.31,running
2025-03-04 14:44:00,M01,218.34,117.54,18.54,running
2025-03-04 14:45:00,M01,217.53,119.11,18.17,running
2025-03-04 14:46:00,M01,217.98,117.57,18.23,running
2025-03-04 14:47:00,M01,217.63,120.18,18.26,running
2025-03-04 14:48:00,M01,217.34,116.47,18.67,running
2025-03-04 14:49:00,M01,218.11,118.82,18.53,running
2025-03-04 14:50:00,M01,218.01,119.36,18.77,running
2025-03-04 14:51:00,M01,217.4,115.58,18.66,running
2025-03-04 14:52:00,M01,217.77,119.7,18.06,running
2025-03-04 14:53:00,M01,218.55,120.13,18.68,running
2025-03-04 14:54:00,M01,218.71,118.46,18.48,running
2025-03-04 14:55:00,M01,219.4,120.08,18.5,running
2025-03-04 14:56:00,M01,218.5,119.75,18.75,running
2025-03-04 14:57:00,M01,218.12,117.7,18.53,running
2025-03-04 14:58:00,M01,217.99,117.12,18.22,running
2025-03-04 14:59:00,M01,218.32,119.21,18.17,running
2025-03-04 15:00:00,M01,218.52,117.1,18.24,running
2025-03-04 15:01:00,M01,218.51,118.89,18.63,running
2025-03-04 15:02:00,M01,218.62,117.01,18.53,running
2025-03-04 15:03:00,M01,217.65,118.27,18.62,running
2025-03-04 15:04:00,M01,218.76,120.58,18.81,running
2025-03-04 15:05:00,M01,219.46,117.34,19.06,running
2025-03-04 15:06:00,M01,219.07,121.62,18.94,running
2025-03-04 15:07:00,M01,219.77,120.49,19.17,running
2025-03-04 15:08:00,M01,219.13,119.54,18.87,running
2025-03-04 15:09:00,M01,219.57,118.28,18.93,running
2025-03-04 15:10:00,M01,220.0,119.87,18.69,running
2025-03-04 15:11:00,M01,220.0,123.99,18.49,running
2025-03-04 15:12:00,M01,218.99,119.49,18.51,running
2025-03-04 15:13:00,M01,218.4,119.45,18.65,running
2025-03-04 15:14:00,M01,217.79,119.19,18.54,running
2025-03-04 15:15:00,M01,217.72,120.18,18.45,running
2025-03-04 15:16:00,M01,216.95,119.74,18.34,running
2025-03-04 15:17:00,M01,217.38,119.93,18.49,running
2025-03-04 15:18:00,M01,218.13,119.45,18.74,running
2025-03-04 15:19:00,M01,218.47,117.56,18.85,running
2025-03-04 15:20:00,M01,217.52,120.54,18.49,running
2025-03-04 15:21:00,M01,218.08,121.02,18.59,running
2025-03-04 15:22:00,M01,218.69,119.42,18.64,running
2025-03-04 15:23:00,M01,218.99,122.01,18.85,running
2025-03-04 15:24:00,M01,220.01,117.35,18.39,running
2025-03-04 15:25:00,M01,219.93,115.45,19.05,running
2025-03-04 15:26:00,M01,218.52,116.78,18.35,running
2025-03-04 15:27:00,M01,218.24,118.23,18.8,running
2025-03-04 15:28:00,M01,218.71,115.61,18.7,running
2025-03-04 15:29:00,M01,218.81,118.81,18.45,running
2025-03-04 15:30:00,M01,218.63,120.46,18.53,running
2025-03-04 15:31:00,M01,219.38,117.67,18.42,running
2025-03-04 15:32:00,M01,219.78,115.98,18.6,running
2025-03-04 15:33:00,M01,218.58,116.35,18.33,running
2025-03-04 15:34:00,M01,219.17,119.04,18.57,running
2025-03-04 15:35:00,M01,219.24,117.97,18.75,running
2025-03-04 15:36:00,M01,219.26,118.22,18.81,running
2025-03-04 15:37:00,M01,219.08,119.12,18.86,running
2025-03-04 15:38:00,M01,218.87,116.11,18.62,running
2025-03-04 15:39:00,M01,218.24,118.76,18.41,running
2025-03-04 15:40:00,M01,219.3,117.8,18.26,running
2025-03-04 15:41:00,M01,218.59,121.03,18.48,running
2025-03-04 15:42:00,M01,218.18,118.47,18.42,running
2025-03-04 15:43:00,M01,217.62,119.73,18.67,running
2025-03-04 15:44:00,M01,217.73,116.5,18.35,running
2025-03-04 15:45:00,M01,218.75,117.58,18.31,running
2025-03-04 15:46:00,M01,218.27,121.54,18.23,running
2025-03-04 15:47:00,M01,218.35,116.83,18.83,running
2025-03-04 15:48:00,M01,218.19,119.25,18.62,running
2025-03-04 15:49:00,M01,218.33,117.51,18.61,running
2025-03-04 15:50:00,M01,219.41,115.8,18.28,running
2025-03-04 15:51:00,M01,220.51,118.09,18.8,running
2025-03-04 15:52:00,M01,220.21,119.46,18.19,running
2025-03-04 15:53:00,M01,219.0,118.09,18.83,running
2025-03-04 15:54:00,M01,218.23,117.2,18.84,running
2025-03-04 15:55:00,M01,218.71,117.31,18.52,running
2025-03-04 15:56:00,M01,218.01,120.37,18.38,running
2025-03-04 15:57:00,M01,217.96,119.3,18.48,running
2025-03-04 15:58:00,M01,218.29,118.24,18.45,running
2025-03-04 15:59:00,M01,218.6,119.85,18.26,running
2025-03-04 16:00:00,M01,219.06,117.48,18.74,running
2025-03-04 16:01:00,M01,219.26,119.42,18.81,running
2025-03-04 16:02:00,M01,218.85,117.23,18.38,running
2025-03-04 16:03:00,M01,218.9,117.11,17.95,running
2025-03-04 16:04:00,M01,219.05,121.67,18.63,running
2025-03-04 16:05:00,M01,218.59,117.16,18.92,running
2025-03-04 16:06:00,M01,219.25,118.01,18.14,running
2025-03-04 16:07:00,M01,219.34,118.61,19.0,running
2025-03-04 16:08:00,M01,218.94,119.75,18.42,running
2025-03-04 16:09:00,M01,219.43,114.74,18.86,running
2025-03-04 16:10:00,M01,219.7,119.1,18.1,running
2025-03-04 16:11:00,M01,218.7,119.17,18.6,running
2025-03-04 16:12:00,M01,218.72,118.79,18.29,running
2025-03-04 16:13:00,M01,218.5,119.59,18.64,running
2025-03-04 16:14:00,M01,219.19,120.35,18.3,running
2025-03-04 16:15:00,M01,218.38,119.36,18.48,running
2025-03-04 16:16:00,M01,218.27,119.52,18.87,running
2025-03-04 16:17:00,M01,218.65,115.63,18.58,running
2025-03-04 16:18:00,M01,217.75,118.19,18.56,running
2025-03-04 16:19:00,M01,219.03,117.42,18.61,running
2025-03-04 16:20:00,M01,219.23,120.61,18.67,running
2025-03-04 16:21:00,M01,218.38,120.22,18.97,running
2025-03-04 16:22:00,M01,219.16,119.14,18.72,running
2025-03-04 16:23:00,M01,218.82,120.04,19.04,running
2025-03-04 16:24:00,M01,217.87,117.63,18.34,running
2025-03-04 16:25:00,M01,217.9,118.0,18.27,running
2025-03-04 16:26:00,M01,218.27,119.01,18.28,running
2025-03-04 16:27:00,M01,217.65,119.19,18.79,running
2025-03-04 16:28:00,M01,217.86,117.56,18.4,running
2025-03-04 16:29:00,M01,218.32,115.75,19.09,running
2025-03-04 16:30:00,M01,218.74,115.53,18.64,running
2025-03-04 16:31:00,M01,218.06,119.04,18.59,running
2025-03-04 16:32:00,M01,218.18,118.46,18.73,running
2025-03-04 16:33:00,M01,218.26,120.06,18.31,running
2025-03-04 16:34:00,M01,218.52,120.42,18.75,running
2025-03-04 16:35:00,M01,218.11,118.69,19.07,running
2025-03-04 16:36:00,M01,218.08,118.45,18.21,running
2025-03-04 16:37:00,M01,218.08,118.24,18.51,running
2025-03-04 16:38:00,M01,217.8,119.69,18.59,running
2025-03-04 16:39:00,M01,217.28,117.54,18.64,running
2025-03-04 16:40:00,M01,217.95,119.89,18.53,running
2025-03-04 16:41:00,M01,218.46,120.44,18.46,running
2025-03-04 16:42:00,M01,218.02,118.14,18.46,running
2025-03-04 16:43:00,M01,217.49,118.23,18.62,running
2025-03-04 16:44:00,M01,217.27,116.42,18.77,running
2025-03-04 16:45:00,M01,216.5,118.49,18.65,running
2025-03-04 16:46:00,M01,217.04,122.0,18.55,running
2025-03-04 16:47:00,M01,216.46,115.66,18.14,running
2025-03-04 16:48:00,M01,217.58,117.14,18.51,running
2025-03-04 16:49:00,M01,217.19,118.65,18.4,running
2025-03-04 16:50:00,M01,217.13,120.36,18.57,running
2025-03-04 16:51:00,M01,217.67,118.77,18.38,running
2025-03-04 16:52:00,M01,218.24,118.31,19.02,running
2025-03-04 16:53:00,M01,218.45,119.36,18.31,running
2025-03-04 16:54:00,M01,217.22,119.79,18.74,running
2025-03-04 16:55:00,M01,217.42,116.46,18.22,running
2025-03-04 16:56:00,M01,216.31,117.82,18.29,running
2025-03-04 16:57:00,M01,216.54,118.38,18.64,running
2025-03-04 16:58:00,M01,216.69,120.36,18.75,running
2025-03-04 16:59:00,M01,217.45,123.27,18.36,running
2025-03-04 17:00:00,M01,217.25,117.04,18.55,running
2025-03-04 17:01:00,M01,216.23,116.44,18.49,running
2025-03-04 17:02:00,M01,217.74,118.98,18.57,running
2025-03-04 17:03:00,M01,218.42,118.63,18.08,running
2025-03-04 17:04:00,M01,218.49,119.89,18.7,running
2025-03-04 17:05:00,M01,217.64,117.93,18.68,running
2025-03-04 17:06:00,M01,217.56,116.76,18.78,running
2025-03-04 17:07:00,M01,218.39,120.12,18.99,running
2025-03-04 17:08:00,M01,217.96,118.37,18.34,running
2025-03-04 17:09:00,M01,217.24,117.65,18.27,running
2025-03-04 17:10:00,M01,216.39,118.8,18.44,running
2025-03-04 17:11:00,M01,217.35,116.81,18.29,running
2025-03-04 17:12:00,M01,218.3,118.13,18.84,running
2025-03-04 17:13:00,M01,218.11,120.25,18.27,running
2025-03-04 17:14:00,M01,217.92,118.89,18.87,running
2025-03-04 17:15:00,M01,216.88,118.03,18.42,running
2025-03-04 17:16:00,M01,216.74,122.08,18.83,running
2025-03-04 17:17:00,M01,217.41,119.08,18.12,running
2025-03-04 17:18:00,M01,218.2,119.22,18.6,running
2025-03-04 17:19:00,M01,218.35,120.11,18.67,running
2025-03-04 17:20:00,M01,218.06,119.66,18.69,running
2025-03-04 17:21:00,M01,217.77,120.29,18.94,running
2025-03-04 17:22:00,M01,217.05,120.74,18.74,running
2025-03-04 17:23:00,M01,217.36,119.84,18.34,running
2025-03-04 17:24:00,M01,216.85,119.15,18.8,running
2025-03-04 17:25:00,M01,217.61,117.11,18.33,running
2025-03-04 17:26:00,M01,217.4,119.54,18.39,running
2025-03-04 17:27:00,M01,217.08,121.6,18.35,running
2025-03-04 17:28:00,M01,217.41,116.96,18.83,running
2025-03-04 17:29:00,M01,217.98,117.71,18.41,running
2025-03-04 17:30:00,M01,217.01,121.91,18.11,running
2025-03-04 17:31:00,M01,217.21,118.11,18.51,running
2025-03-04 17:32:00,M01,217.26,119.47,18.36,running
2025-03-04 17:33:00,M01,216.78,116.65,18.3,running
2025-03-04 17:34:00,M01,217.45,119.19,18.6,running
2025-03-04 17:35:00,M01,218.06,117.97,18.6,running
2025-03-04 17:36:00,M01,217.77,115.89,19.06,running
2025-03-04 17:37:00,M01,217.17,117.28,18.49,running
2025-03-04 17:38:00,M01,217.04,116.53,18.4,running
2025-03-04 17:39:00,M01,216.85,120.36,18.36,running
2025-03-04 17:40:00,M01,216.87,118.41,18.23,running
2025-03-04 17:41:00,M01,217.63,116.89,18.29,running
2025-03-04 17:42:00,M01,217.17,114.73,18.9,running
2025-03-04 17:43:00,M01,217.92,118.75,18.64,running
2025-03-04 17:44:00,M01,217.72,117.76,18.49,running
2025-03-04 17:45:00,M01,217.15,118.89,18.26,running
2025-03-04 17:46:00,M01,216.15,116.14,18.36,running
2025-03-04 17:47:00,M01,216.71,117.08,18.03,running
2025-03-04 17:48:00,M01,216.36,118.45,18.61,running
2025-03-04 17:49:00,M01,217.22,118.93,18.59,running
2025-03-04 17:50:00,M01,218.21,117.36,18.74,running
2025-03-04 17:51:00,M01,217.09,118.49,18.52,running
2025-03-04 17:52:00,M01,217.36,120.58,18.77,running
2025-03-04 17:53:00,M01,217.12,118.13,18.16,running
2025-03-04 17:54:00,M01,217.1,117.67,18.54,running
2025-03-04 17:55:00,M01,217.28,118.11,18.51,running
2025-03-04 17:56:00,M01,217.4,117.13,18.77,running
2025-03-04 17:57:00,M01,218.04,119.16,19.02,running
2025-03-04 17:58:00,M01,218.15,117.82,18.1,running
2025-03-04 17:59:00,M01,217.57,119.76,18.7,running
2025-03-04 18:00:00,M01,218.05,119.57,18.5,running
2025-03-04 18:01:00,M01,218.05,119.09,18.04,running
2025-03-04 18:02:00,M01,217.35,120.93,18.47,running
2025-03-04 18:03:00,M01,218.06,118.92,18.22,running
2025-03-04 18:04:00,M01,217.67,119.56,18.78,running
2025-03-04 18:05:00,M01,217.93,115.06,18.88,running
2025-03-04 18:06:00,M01,218.64,116.16,18.27,running
2025-03-04 18:07:00,M01,218.65,116.65,18.91,running
2025-03-04 18:08:00,M01,218.45,118.25,18.29,running
2025-03-04 18:09:00,M01,218.34,115.53,18.68,running
2025-03-04 18:10:00,M01,217.2,120.37,18.68,running
2025-03-04 18:11:00,M01,217.56,117.49,18.29,running
2025-03-04 18:12:00,M01,217.04,117.97,18.79,running
2025-03-04 18:13:00,M01,216.81,116.47,18.46,running
2025-03-04 18:14:00,M01,216.62,119.21,18.71,running
2025-03-04 18:15:00,M01,217.72,119.99,18.67,running
2025-03-04 18:16:00,M01,216.89,117.97,18.52,running
2025-03-04 18:17:00,M01,217.34,117.66,18.6,running
2025-03-04 18:18:00,M01,217.16,118.63,18.29,running
2025-03-04 18:19:00,M01,216.22,117.68,18.37,running
2025-03-04 18:20:00,M01,216.61,116.47,18.46,running
2025-03-04 18:21:00,M01,216.85,120.04,18.56,running
2025-03-04 18:22:00,M01,216.97,118.04,18.26,running
2025-03-04 18:23:00,M01,217.58,117.47,18.38,running
2025-03-04 18:24:00,M01,217.57,120.02,18.28,running
2025-03-04 18:25:00,M01,216.59,118.94,18.75,running
2025-03-04 18:26:00,M01,216.03,119.25,18.37,running
2025-03-04 18:27:00,M01,217.25,117.58,19.11,running
2025-03-04 18:28:00,M01,217.94,118.04,18.48,running
2025-03-04 18:29:00,M01,217.4,117.85,18.31,running
2025-03-04 18:30:00,M01,218.54,116.21,18.23,running
2025-03-04 18:31:00,M01,217.99,118.02,18.7,running
2025-03-04 18:32:00,M01,219.12,115.76,19.02,running
2025-03-04 18:33:00,M01,219.08,118.76,18.16,running
2025-03-04 18:34:00,M01,218.79,118.87,18.79,running
2025-03-04 18:35:00,M01,219.4,122.64,19.08,running
2025-03-04 18:36:00,M01,219.44,114.96,18.42,running
2025-03-04 18:37:00,M01,219.24,117.16,19.05,running
2025-03-04 18:38:00,M01,219.78,117.46,18.58,running
2025-03-04 18:39:00,M01,218.97,119.0,18.6,running
2025-03-04 18:40:00,M01,218.29,118.94,18.32,running
2025-03-04 18:41:00,M01,218.47,119.48,18.79,running
2025-03-04 18:42:00,M01,218.32,115.84,18.32,running
2025-03-04 18:43:00,M01,216.88,118.39,18.44,running
2025-03-04 18:44:00,M01,216.22,116.1,18.63,running
2025-03-04 18:45:00,M01,217.31,117.04,18.65,running
2025-03-04 18:46:00,M01,217.27,118.24,18.64,running
2025-03-04 18:47:00,M01,218.03,119.39,18.06,running
2025-03-04 18:48:00,M01,217.99,121.15,18.72,running
2025-03-04 18:49:00,M01,217.83,119.73,18.48,running
2025-03-04 18:50:00,M01,217.39,117.07,18.74,running
2025-03-04 18:51:00,M01,217.6,117.61,18.53,running
2025-03-04 18:52:00,M01,217.63,120.64,18.34,running
2025-03-04 18:53:00,M01,217.8,116.72,18.64,running
2025-03-04 18:54:00,M01,217.54,118.7,18.73,running
2025-03-04 18:55:00,M01,218.05,118.9,18.59,running
2025-03-04 18:56:00,M01,217.52,119.85,18.4,running
2025-03-04 18:57:00,M01,216.46,118.02,18.53,running
2025-03-04 18:58:00,M01,215.5,121.6,18.45,running
2025-03-04 18:59:00,M01,215.66,116.28,18.8,running
2025-03-04 19:00:00,M01,217.0,118.56,18.37,running
2025-03-04 19:01:00,M01,216.03,118.91,18.34,running
2025-03-04 19:02:00,M01,216.0,118.14,18.7,running
2025-03-04 19:03:00,M01,215.87,117.9,18.4,running
2025-03-04 19:04:00,M01,216.4,118.13,18.26,running
2025-03-04 19:05:00,M01,217.32,118.1,18.42,running
2025-03-04 19:06:00,M01,217.05,116.64,18.73,running
2025-03-04 19:07:00,M01,216.25,119.29,18.39,running
2025-03-04 19:08:00,M01,217.22,116.92,18.38,running
2025-03-04 19:09:00,M01,218.05,122.63,18.84,running
2025-03-04 19:10:00,M01,218.35,117.16,18.37,running
2025-03-04 19:11:00,M01,218.52,119.79,18.43,running
2025-03-04 19:12:00,M01,216.63,119.12,18.52,running
2025-03-04 19:13:00,M01,216.72,119.47,18.4,running
2025-03-04 19:14:00,M01,217.45,117.02,18.53,running
2025-03-04 19:15:00,M01,217.17,120.98,18.31,running
2025-03-04 19:16:00,M01,215.99,119.67,18.57,running
2025-03-04 19:17:00,M01,216.6,117.49,18.47,running
2025-03-04 19:18:00,M01,216.38,119.33,18.85,running
2025-03-04 19:19:00,M01,215.98,117.88,18.57,running
2025-03-04 19:20:00,M01,215.72,119.2,18.04,running
2025-03-04 19:21:00,M01,216.44,117.84,18.37,running
2025-03-04 19:22:00,M01,215.06,120.58,18.77,running
2025-03-04 19:23:00,M01,214.97,118.83,18.29,running
2025-03-04 19:24:00,M01,214.66,118.26,18.31,running
2025-03-04 19:25:00,M01,215.23,119.7,18.27,running
2025-03-04 19:26:00,M01,214.32,116.3,18.21,running
2025-03-04 19:27:00,M01,215.73,118.33,18.39,running
2025-03-04 19:28:00,M01,216.76,119.69,18.34,running
2025-03-04 19:29:00,M01,216.23,120.43,18.53,running
2025-03-04 19:30:00,M01,216.96,117.17,18.65,running
2025-03-04 19:31:00,M01,217.71,117.32,18.57,running
2025-03-04 19:32:00,M01,217.58,118.66,18.18,running
2025-03-04 19:33:00,M01,217.9,118.93,18.56,running
2025-03-04 19:34:00,M01,217.55,118.54,18.42,running
2025-03-04 19:35:00,M01,218.28,118.76,18.78,running
2025-03-04 19:36:00,M01,217.8,118.22,18.5,running
2025-03-04 19:37:00,M01,217.2,118.53,18.7,running
2025-03-04 19:38:00,M01,216.31,116.7,18.78,running
2025-03-04 19:39:00,M01,215.76,118.15,18.53,running
2025-03-04 19:40:00,M01,216.0,120.09,18.69,running
2025-03-04 19:41:00,M01,215.76,117.02,18.54,running
2025-03-04 19:42:00,M01,215.59,117.35,18.28,running
2025-03-04 19:43:00,M01,215.57,118.61,18.08,running
2025-03-04 19:44:00,M01,215.45,118.01,18.48,running
2025-03-04 19:45:00,M01,215.72,118.8,18.42,running
2025-03-04 19:46:00,M01,216.02,119.02,18.4,running
2025-03-04 19:47:00,M01,215.5,116.91,18.51,running
2025-03-04 19:48:00,M01,214.93,118.2,18.44,running
2025-03-04 19:49:00,M01,214.31,118.56,18.54,running
2025-03-04 19:50:00,M01,215.21,116.89,18.6,running
2025-03-04 19:51:00,M01,215.2,114.89,18.16,running
2025-03-04 19:52:00,M01,214.81,117.03,18.45,running
2025-03-04 19:53:00,M01,214.3,119.15,18.28,running
2025-03-04 19:54:00,M01,214.67,117.21,18.59,running
2025-03-04 19:55:00,M01,215.1,116.73,18.38,running
2025-03-04 19:56:00,M01,215.16,117.21,18.8,running
2025-03-04 19:57:00,M01,215.56,117.34,18.28,running
2025-03-04 19:58:00,M01,215.3,118.44,18.63,running
2025-03-04 19:59:00,M01,216.46,117.64,18.46,running
2025-03-04 20:00:00,M01,216.16,117.07,18.7,running
2025-03-04 20:01:00,M01,215.48,121.03,18.77,running
2025-03-04 20:02:00,M01,215.85,118.93,18.21,running
2025-03-04 20:03:00,M01,216.59,117.75,18.3,running
2025-03-04 20:04:00,M01,216.56,118.07,18.81,running
2025-03-04 20:05:00,M01,215.6,117.38,18.53,running
2025-03-04 20:06:00,M01,215.67,117.02,18.18,running
2025-03-04 20:07:00,M01,216.08,116.52,18.28,running
2025-03-04 20:08:00,M01,216.54,117.45,18.29,running
2025-03-04 20:09:00,M01,216.02,118.02,17.98,running
2025-03-04 20:10:00,M01,215.89,117.25,18.44,running
2025-03-04 20:11:00,M01,216.25,116.44,18.66,running
2025-03-04 20:12:00,M01,216.18,117.47,18.3,running
2025-03-04 20:13:00,M01,216.75,116.42,18.23,running
2025-03-04 20:14:00,M01,217.53,120.08,18.56,running
2025-03-04 20:15:00,M01,216.92,117.83,18.6,running
2025-03-04 20:16:00,M01,217.26,117.22,18.89,running
2025-03-04 20:17:00,M01,217.35,120.42,18.59,running
2025-03-04 20:18:00,M01,216.86,117.88,18.15,running
2025-03-04 20:19:00,M01,215.61,118.25,18.7,running
2025-03-04 20:20:00,M01,215.21,116.2,18.25,running
2025-03-04 20:21:00,M01,215.65,118.45,18.34,running
2025-03-04 20:22:00,M01,215.02,117.38,18.93,running
2025-03-04 20:23:00,M01,214.87,116.04,18.26,running
2025-03-04 20:24:00,M01,215.02,119.97,18.69,running
2025-03-04 20:25:00,M01,214.4,118.91,18.19,running
2025-03-04 20:26:00,M01,214.22,117.82,18.6,running
2025-03-04 20:27:00,M01,213.56,118.05,17.91,running
2025-03-04 20:28:00,M01,213.92,119.16,18.57,running
2025-03-04 20:29:00,M01,213.8,116.37,18.71,running
2025-03-04 20:30:00,M01,,121.15,17.96,running
2025-03-04 20:31:00,M01,215.14,117.79,18.25,running
2025-03-04 20:32:00,M01,216.07,118.02,18.18,running
2025-03-04 20:33:00,M01,215.19,116.76,18.13,running
2025-03-04 20:34:00,M01,215.2,115.92,18.42,running
2025-03-04 20:35:00,M01,214.47,118.33,18.82,running
2025-03-04 20:36:00,M01,215.54,118.9,18.74,running
2025-03-04 20:37:00,M01,215.12,119.32,18.22,running
2025-03-04 20:38:00,M01,214.86,116.91,18.37,running
2025-03-04 20:39:00,M01,215.99,116.7,18.75,running
2025-03-04 20:40:00,M01,216.3,117.65,18.29,running
2025-03-04 20:41:00,M01,216.19,119.19,18.25,running
2025-03-04 20:42:00,M01,215.22,117.43,18.98,running
2025-03-04 20:43:00,M01,214.9,116.32,18.86,running
2025-03-04 20:44:00,M01,215.03,117.02,18.46,running
2025-03-04 20:45:00,M01,214.9,117.19,18.47,running
2025-03-04 20:46:00,M01,215.49,119.52,18.43,running
2025-03-04 20:47:00,M01,215.03,118.14,18.37,running
2025-03-04 20:48:00,M01,215.24,119.06,18.54,running
2025-03-04 20:49:00,M01,214.23,117.94,18.31,running
2025-03-04 20:50:00,M01,214.63,117.21,18.61,running
2025-03-04 20:51:00,M01,215.33,120.48,18.6,running
2025-03-04 20:52:00,M01,215.57,118.1,18.15,running
2025-03-04 20:53:00,M01,216.04,115.67,18.65,running
2025-03-04 20:54:00,M01,215.75,117.19,18.71,running
2025-03-04 20:55:00,M01,216.38,119.35,18.55,running
2025-03-04 20:56:00,M01,216.65,119.65,18.42,running
2025-03-04 20:57:00,M01,216.99,119.84,18.64,running
2025-03-04 20:58:00,M01,217.62,117.26,18.43,running
2025-03-04 20:59:00,M01,217.44,118.08,18.16,running
2025-03-04 21:00:00,M01,216.33,116.94,18.22,running
2025-03-04 21:01:00,M01,216.38,119.18,17.88,running
2025-03-04 21:02:00,M01,216.7,119.97,18.18,running
2025-03-04 21:03:00,M01,215.76,117.31,18.67,running
2025-03-04 21:04:00,M01,216.15,118.45,18.85,running
2025-03-04 21:05:00,M01,216.13,117.43,18.08,running
2025-03-04 21:06:00,M01,215.31,117.86,18.52,running
2025-03-04 21:07:00,M01,215.22,118.0,18.64,running
2025-03-04 21:08:00,M01,215.53,116.77,18.4,running
2025-03-04 21:09:00,M01,214.72,116.79,18.76,running
2025-03-04 21:10:00,M01,215.12,116.19,18.21,running
2025-03-04 21:11:00,M01,214.89,118.34,18.17,running
2025-03-04 21:12:00,M01,215.3,117.74,18.55,running
2025-03-04 21:13:00,M01,216.9,115.8,18.38,running
2025-03-04 21:14:00,M01,217.07,118.52,18.7,running
2025-03-04 21:15:00,M01,215.89,114.55,18.9,running
2025-03-04 21:16:00,M01,216.41,119.77,18.8,running
2025-03-04 21:17:00,M01,216.69,115.8,18.31,running
2025-03-04 21:18:00,M01,215.8,118.0,18.57,running
2025-03-04 21:19:00,M01,214.76,117.79,18.65,running
2025-03-04 21:20:00,M01,214.6,116.89,18.74,running
2025-03-04 21:21:00,M01,214.31,117.86,18.07,running
2025-03-04 21:22:00,M01,213.45,114.45,18.15,running
2025-03-04 21:23:00,M01,213.68,118.05,18.47,running
2025-03-04 21:24:00,M01,213.44,118.69,18.62,running
2025-03-04 21:25:00,M01,214.27,116.2,18.56,running
2025-03-04 21:26:00,M01,214.31,119.94,18.38,running
2025-03-04 21:27:00,M01,214.51,115.94,18.61,running
2025-03-04 21:28:00,M01,215.43,118.5,17.92,running
2025-03-04 21:29:00,M01,216.07,114.71,18.48,running
2025-03-04 21:30:00,M01,215.19,120.9,18.31,running
2025-03-04 21:31:00,M01,214.81,118.52,18.85,running
2025-03-04 21:32:00,M01,214.9,116.9,18.1,running
2025-03-04 21:33:00,M01,215.03,117.29,18.4,running
2025-03-04 21:34:00,M01,214.62,117.37,18.6,running
2025-03-04 21:35:00,M01,214.24,118.9,18.25,running
2025-03-04 21:36:00,M01,214.25,119.62,18.59,running
2025-03-04 21:37:00,M01,213.62,118.51,18.4,running
2025-03-04 21:38:00,M01,214.8,116.51,18.77,running
2025-03-04 21:39:00,M01,214.02,117.5,18.66,running
2025-03-04 21:40:00,M01,215.0,117.9,18.58,running
2025-03-04 21:41:00,M01,215.18,121.11,18.31,running
2025-03-04 21:42:00,M01,214.78,119.38,18.67,running
2025-03-04 21:43:00,M01,215.11,119.39,18.41,running
2025-03-04 21:44:00,M01,214.8,115.36,18.41,running
2025-03-04 21:45:00,M01,213.72,115.4,18.11,running
2025-03-04 21:46:00,M01,214.95,117.22,18.3,running
2025-03-04 21:47:00,M01,214.92,120.25,18.63,running
2025-03-04 21:48:00,M01,215.54,118.64,18.92,running
2025-03-04 21:49:00,M01,215.72,117.91,18.6,running
2025-03-04 21:50:00,M01,215.46,118.7,18.7,running
2025-03-04 21:51:00,M01,214.69,119.34,18.3,running
2025-03-04 21:52:00,M01,215.55,117.16,18.47,running
2025-03-04 21:53:00,M01,214.28,120.13,18.19,running
2025-03-04 21:54:00,M01,213.96,118.0,18.66,running
2025-03-04 21:55:00,M01,214.76,117.33,18.4,running
2025-03-04 21:56:00,M01,215.11,117.5,17.92,running
2025-03-04 21:57:00,M01,214.41,116.15,18.47,running
2025-03-04 21:58:00,M01,214.5,117.01,18.35,running
2025-03-04 21:59:00,M01,214.69,115.91,18.23,running
2025-03-04 22:00:00,M01,215.37,117.36,18.17,running
2025-03-04 22:01:00,M01,214.29,115.85,18.55,running
2025-03-04 22:02:00,M01,214.75,116.83,18.42,running
2025-03-04 22:03:00,M01,215.19,116.77,18.48,running
2025-03-04 22:04:00,M01,215.42,114.69,18.27,running
2025-03-04 22:05:00,M01,216.1,118.52,18.56,running
2025-03-04 22:06:00,M01,215.25,118.26,18.68,running
2025-03-04 22:07:00,M01,213.97,116.68,18.42,running
2025-03-04 22:08:00,M01,214.59,116.62,18.63,running
2025-03-04 22:09:00,M01,215.09,118.76,18.45,running
2025-03-04 22:10:00,M01,214.39,116.05,18.61,running
2025-03-04 22:11:00,M01,212.94,117.73,18.68,running
2025-03-04 22:12:00,M01,212.97,120.04,18.87,running
2025-03-04 22:13:00,M01,212.32,118.5,18.63,running
2025-03-04 22:14:00,M01,212.24,119.23,18.49,running
2025-03-04 22:15:00,M01,212.48,114.43,18.24,running
2025-03-04 22:16:00,M01,212.46,121.01,18.9,running
2025-03-04 22:17:00,M01,211.5,116.46,18.1,running
2025-03-04 22:18:00,M01,211.88,117.19,18.42,running
2025-03-04 22:19:00,M01,212.72,117.95,18.18,running
2025-03-04 22:20:00,M01,212.73,116.61,18.61,running
2025-03-04 22:21:00,M01,212.33,119.72,18.3,running
2025-03-04 22:22:00,M01,212.98,118.61,18.01,running
2025-03-04 22:23:00,M01,213.01,115.95,18.77,running
2025-03-04 22:24:00,M01,213.25,117.23,18.39,running
2025-03-04 22:25:00,M01,213.56,117.65,18.39,running
2025-03-04 22:26:00,M01,213.83,120.2,18.09,running
2025-03-04 22:27:00,M01,214.14,116.66,18.15,running
2025-03-04 22:28:00,M01,214.47,120.55,18.52,running
2025-03-04 22:29:00,M01,214.11,117.94,18.45,running
2025-03-04 22:30:00,M01,213.84,117.29,18.43,running
2025-03-04 22:31:00,M01,214.74,119.63,18.38,running
2025-03-04 22:32:00,M01,214.65,117.26,18.7,running
2025-03-04 22:33:00,M01,214.99,116.64,18.42,running
2025-03-04 22:34:00,M01,214.69,116.03,18.5,running
2025-03-04 22:35:00,M01,215.16,119.35,18.31,running
2025-03-04 22:36:00,M01,215.21,118.32,18.6,running
2025-03-04 22:37:00,M01,214.68,117.95,18.27,running
2025-03-04 22:38:00,M01,214.85,119.25,18.34,running
2025-03-04 22:39:00,M01,213.81,118.01,17.84,running
2025-03-04 22:40:00,M01,214.04,118.71,18.32,running
2025-03-04 22:41:00,M01,213.18,116.43,18.26,running
2025-03-04 22:42:00,M01,213.5,119.09,18.31,running
2025-03-04 22:43:00,M01,213.54,118.06,18.29,running
2025-03-04 22:44:00,M01,213.58,120.91,18.83,running
2025-03-04 22:45:00,M01,214.44,118.94,18.43,running
2025-03-04 22:46:00,M01,213.23,119.43,18.79,running
2025-03-04 22:47:00,M01,211.96,118.93,18.65,running
2025-03-04 22:48:00,M01,211.86,118.42,17.79,running
2025-03-04 22:49:00,M01,212.25,117.09,18.54,running
2025-03-04 22:50:00,M01,212.87,117.01,18.48,running
2025-03-04 22:51:00,M01,212.59,117.06,18.39,running
2025-03-04 22:52:00,M01,212.65,117.46,18.14,running
2025-03-04 22:53:00,M01,213.39,117.92,18.83,running
2025-03-04 22:54:00,M01,213.21,115.62,18.29,running
2025-03-04 22:55:00,M01,213.51,118.17,18.64,running
2025-03-04 22:56:00,M01,212.97,118.48,18.3,running
2025-03-04 22:57:00,M01,212.92,116.73,18.03,running
2025-03-04 22:58:00,M01,214.42,118.6,18.12,running
2025-03-04 22:59:00,M01,214.66,118.32,18.32,running
2025-03-04 23:00:00,M01,214.69,115.81,18.37,running
2025-03-04 23:01:00,M01,213.85,118.98,18.1,running
2025-03-04 23:02:00,M01,212.76,116.69,18.54,running
2025-03-04 23:03:00,M01,211.6,117.0,18.57,running
2025-03-04 23:04:00,M01,211.86,118.59,18.32,running
2025-03-04 23:05:00,M01,211.07,120.61,18.12,running
2025-03-04 23:06:00,M01,210.64,118.7,18.19,running
2025-03-04 23:07:00,M01,211.09,116.75,18.3,running
2025-03-04 23:08:00,M01,211.31,116.0,18.27,running
2025-03-04 23:09:00,M01,212.1,119.41,18.99,running
2025-03-04 23:10:00,M01,212.73,116.45,18.43,running
2025-03-04 23:11:00,M01,212.9,118.72,18.31,running
2025-03-04 23:12:00,M01,213.38,117.01,18.35,running
2025-03-04 23:13:00,M01,214.99,117.52,18.44,running
2025-03-04 23:14:00,M01,214.52,117.43,18.28,running
2025-03-04 23:15:00,M01,214.23,118.53,18.1,running
2025-03-04 23:16:00,M01,213.79,116.77,18.62,running
2025-03-04 23:17:00,M01,213.98,117.97,18.63,running
2025-03-04 23:18:00,M01,215.62,119.33,18.66,running
2025-03-04 23:19:00,M01,215.22,118.39,18.46,running
2025-03-04 23:20:00,M01,214.89,117.03,18.27,running
2025-03-04 23:21:00,M01,214.52,116.69,18.61,running
2025-03-04 23:22:00,M01,214.71,118.88,18.42,running
2025-03-04 23:23:00,M01,214.53,120.5,18.41,running
2025-03-04 23:24:00,M01,214.08,118.79,18.89,running
2025-03-04 23:25:00,M01,213.75,117.37,18.41,running
2025-03-04 23:26:00,M01,213.59,116.22,18.98,running
2025-03-04 23:27:00,M01,212.18,115.86,18.49,running
2025-03-04 23:28:00,M01,211.58,116.78,18.3,running
2025-03-04 23:29:00,M01,211.71,113.06,18.61,running
2025-03-04 23:30:00,M01,212.58,115.38,18.76,running
2025-03-04 23:31:00,M01,213.65,115.82,18.0,running
2025-03-04 23:32:00,M01,213.74,118.1,18.2,running
2025-03-04 23:33:00,M01,213.2,119.09,18.49,running
2025-03-04 23:34:00,M01,213.27,116.95,18.23,running
2025-03-04 23:35:00,M01,213.76,119.67,18.29,running
2025-03-04 23:36:00,M01,213.57,115.53,18.63,running
2025-03-04 23:37:00,M01,213.19,117.77,18.36,running
2025-03-04 23:38:00,M01,212.76,117.24,18.83,running
2025-03-04 23:39:00,M01,213.69,117.99,18.38,running
2025-03-04 23:40:00,M01,214.15,118.93,18.24,running
2025-03-04 23:41:00,M01,213.58,116.38,18.62,running
2025-03-04 23:42:00,M01,213.18,118.81,18.87,running
2025-03-04 23:43:00,M01,212.73,116.35,17.86,running
2025-03-04 23:44:00,M01,212.28,115.5,18.45,running
2025-03-04 23:45:00,M01,212.24,117.18,18.17,running
2025-03-04 23:46:00,M01,212.31,118.17,18.44,running
2025-03-04 23:47:00,M01,211.1,117.96,18.69,running
2025-03-04 23:48:00,M01,211.56,116.26,18.12,running
2025-03-04 23:49:00,M01,211.36,115.38,18.48,running
2025-03-04 23:50:00,M01,212.04,116.99,18.72,running
2025-03-04 23:51:00,M01,211.67,118.06,18.34,running
2025-03-04 23:52:00,M01,212.19,115.62,18.64,running
2025-03-04 23:53:00,M01,211.87,117.17,18.47,running
2025-03-04 23:54:00,M01,212.72,113.61,18.52,running
2025-03-04 23:55:00,M01,212.37,117.47,18.25,running
2025-03-04 23:56:00,M01,212.45,117.75,18.53,running
2025-03-04 23:57:00,M01,212.18,118.41,18.15,running
2025-03-04 23:58:00,M01,212.0,117.34,18.62,running
2025-03-04 23:59:00,M01,211.71,119.8,18.7,running
2025-03-05 00:00:00,M01,211.67,118.57,18.29,running
2025-03-05 00:01:00,M01,211.81,114.44,18.48,running
2025-03-05 00:02:00,M01,212.42,119.1,18.54,running
2025-03-05 00:03:00,M01,213.08,117.24,18.65,running
2025-03-05 00:04:00,M01,212.97,119.03,18.44,running
2025-03-05 00:05:00,M01,214.13,118.58,18.56,running
2025-03-05 00:06:00,M01,213.43,116.46,18.6,running
2025-03-05 00:07:00,M01,212.43,119.13,18.48,running
2025-03-05 00:08:00,M01,213.02,117.84,18.11,running
2025-03-05 00:09:00,M01,213.97,117.03,18.28,running
2025-03-05 00:10:00,M01,213.48,117.48,18.27,running
2025-03-05 00:11:00,M01,213.15,116.69,18.41,running
2025-03-05 00:12:00,M01,213.29,118.18,18.5,running
2025-03-05 00:13:00,M01,213.88,116.47,18.31,running
2025-03-05 00:14:00,M01,213.0,118.01,18.42,running
2025-03-05 00:15:00,M01,213.22,120.98,18.42,running
2025-03-05 00:16:00,M01,213.13,116.35,18.43,running
2025-03-05 00:17:00,M01,212.46,118.15,18.43,running
2025-03-05 00:18:00,M01,212.72,118.78,18.53,running
2025-03-05 00:19:00,M01,213.21,119.98,18.42,running
2025-03-05 00:20:00,M01,214.06,115.44,18.78,running
2025-03-05 00:21:00,M01,214.5,115.56,18.51,running
2025-03-05 00:22:00,M01,215.1,117.77,18.03,running
2025-03-05 00:23:00,M01,214.97,118.37,18.28,running
2025-03-05 00:24:00,M01,214.11,122.02,18.45,running
2025-03-05 00:25:00,M01,214.32,116.06,18.56,running
2025-03-05 00:26:00,M01,213.3,117.94,18.27,running
2025-03-05 00:27:00,M01,213.82,118.07,18.94,running
2025-03-05 00:28:00,M01,214.88,118.63,18.41,running
2025-03-05 00:29:00,M01,214.7,117.25,18.24,running
2025-03-05 00:30:00,M01,215.69,118.36,18.39,running
2025-03-05 00:31:00,M01,215.28,114.99,18.67,running
2025-03-05 00:32:00,M01,215.35,116.03,18.37,running
2025-03-05 00:33:00,M01,214.75,117.14,18.48,running
2025-03-05 00:34:00,M01,215.36,119.51,17.92,running
2025-03-05 00:35:00,M01,215.56,118.85,18.53,running
2025-03-05 00:36:00,M01,215.8,119.26,18.57,running
2025-03-05 00:37:00,M01,215.51,119.61,18.23,running
2025-03-05 00:38:00,M01,214.23,123.04,18.61,running
2025-03-05 00:39:00,M01,214.56,116.57,18.95,running
2025-03-05 00:40:00,M01,213.23,116.12,18.34,running
2025-03-05 00:41:00,M01,212.65,119.07,18.4,running
2025-03-05 00:42:00,M01,212.59,118.05,18.17,running
2025-03-05 00:43:00,M01,212.61,114.63,18.37,running
2025-03-05 00:44:00,M01,213.38,119.57,18.21,running
2025-03-05 00:45:00,M01,213.15,120.5,18.77,running
2025-03-05 00:46:00,M01,213.7,117.68,18.1,running
2025-03-05 00:47:00,M01,213.5,118.32,18.56,running
2025-03-05 00:48:00,M01,214.76,118.77,18.68,running
2025-03-05 00:49:00,M01,214.02,120.08,19.37,running
2025-03-05 00:50:00,M01,214.28,118.54,18.88,running
2025-03-05 00:51:00,M01,214.31,117.36,18.92,running
2025-03-05 00:52:00,M01,214.77,118.1,18.27,running
2025-03-05 00:53:00,M01,214.6,114.69,18.17,running
2025-03-05 00:54:00,M01,214.53,116.15,18.07,running
2025-03-05 00:55:00,M01,213.13,117.2,18.42,running
2025-03-05 00:56:00,M01,212.35,117.7,18.72,running
2025-03-05 00:57:00,M01,212.26,117.27,18.5,running
2025-03-05 00:58:00,M01,212.2,118.54,18.56,running
2025-03-05 00:59:00,M01,211.68,116.87,18.55,running
2025-03-05 01:00:00,M01,211.72,116.9,18.81,running
2025-03-05 01:01:00,M01,212.63,119.73,18.24,running
2025-03-05 01:02:00,M01,211.31,117.31,18.21,running
2025-03-05 01:03:00,M01,211.61,120.37,18.68,running
2025-03-05 01:04:00,M01,212.1,114.68,18.54,running
2025-03-05 01:05:00,M01,212.5,116.73,18.27,running
2025-03-05 01:06:00,M01,212.85,116.73,18.5,running
2025-03-05 01:07:00,M01,212.09,117.53,18.66,running
2025-03-05 01:08:00,M01,211.14,116.42,18.44,running
2025-03-05 01:09:00,M01,210.66,117.55,18.57,running
2025-03-05 01:10:00,M01,209.6,116.8,17.92,running
2025-03-05 01:11:00,M01,209.48,118.2,18.22,running
2025-03-05 01:12:00,M01,210.23,120.57,18.26,running
2025-03-05 01:13:00,M01,211.15,116.51,18.78,running
2025-03-05 01:14:00,M01,211.43,116.19,17.82,running
2025-03-05 01:15:00,M01,211.82,118.46,17.96,running
2025-03-05 01:16:00,M01,212.53,117.23,18.41,running
2025-03-05 01:17:00,M01,212.31,117.11,17.92,running
2025-03-05 01:18:00,M01,213.07,119.64,18.61,running
2025-03-05 01:19:00,M01,212.6,118.2,18.26,running
2025-03-05 01:20:00,M01,212.15,115.75,18.73,running
2025-03-05 01:21:00,M01,212.67,116.23,18.63,running
2025-03-05 01:22:00,M01,211.93,116.87,18.3,running
2025-03-05 01:23:00,M01,212.36,117.06,18.46,running
2025-03-05 01:24:00,M01,212.08,119.91,18.32,running
2025-03-05 01:25:00,M01,212.49,118.31,18.59,running
2025-03-05 01:26:00,M01,211.71,118.02,18.5,running
2025-03-05 01:27:00,M01,211.17,122.18,18.14,running
2025-03-05 01:28:00,M01,212.22,118.65,18.16,running
2025-03-05 01:29:00,M01,212.76,117.68,18.21,running
2025-03-05 01:30:00,M01,213.5,119.36,18.15,running
2025-03-05 01:31:00,M01,213.94,119.67,18.6,running
2025-03-05 01:32:00,M01,213.4,120.11,18.09,running
2025-03-05 01:33:00,M01,213.82,117.81,18.49,running
2025-03-05 01:34:00,M01,213.66,117.66,18.32,running
2025-03-05 01:35:00,M01,213.6,117.45,18.24,running
2025-03-05 01:36:00,M01,212.88,116.21,18.44,running
2025-03-05 01:37:00,M01,213.29,118.39,18.37,running
2025-03-05 01:38:00,M01,212.53,119.44,18.3,running
2025-03-05 01:39:00,M01,212.23,117.72,18.69,running
2025-03-05 01:40:00,M01,211.53,120.0,17.74,running
2025-03-05 01:41:00,M01,210.49,117.54,18.47,running
2025-03-05 01:42:00,M01,210.83,119.74,18.19,running
2025-03-05 01:43:00,M01,209.43,117.25,18.31,running
2025-03-05 01:44:00,M01,210.9,117.06,18.26,running
2025-03-05 01:45:00,M01,210.54,116.22,18.22,running
2025-03-05 01:46:00,M01,210.43,115.51,18.24,running
2025-03-05 01:47:00,M01,210.39,116.86,18.68,running
2025-03-05 01:48:00,M01,209.76,116.44,18.38,running
2025-03-05 01:49:00,M01,209.33,116.43,18.5,running
2025-03-05 01:50:00,M01,210.07,116.93,18.35,running
2025-03-05 01:51:00,M01,210.53,119.83,18.09,running
2025-03-05 01:52:00,M01,209.84,117.23,18.45,running
2025-03-05 01:53:00,M01,210.49,117.94,18.67,running
2025-03-05 01:54:00,M01,210.53,117.77,18.26,running
2025-03-05 01:55:00,M01,211.61,114.86,18.42,running
2025-03-05 01:56:00,M01,211.82,116.1,18.3,running
2025-03-05 01:57:00,M01,211.38,117.35,17.94,running
2025-03-05 01:58:00,M01,211.73,115.82,18.72,running
2025-03-05 01:59:00,M01,212.31,119.03,18.21,running
2025-03-05 02:00:00,M01,212.45,119.32,18.68,running
2025-03-05 02:01:00,M01,212.93,116.76,18.77,running
2025-03-05 02:02:00,M01,212.55,117.91,18.48,running
2025-03-05 02:03:00,M01,212.98,118.81,18.39,running
2025-03-05 02:04:00,M01,213.18,116.15,18.53,running
2025-03-05 02:05:00,M01,212.66,117.56,18.43,running
2025-03-05 02:06:00,M01,212.15,117.37,18.37,running
2025-03-05 02:07:00,M01,211.48,118.26,18.27,running
2025-03-05 02:08:00,M01,212.46,117.27,18.44,running
2025-03-05 02:09:00,M01,213.2,119.21,18.37,running
2025-03-05 02:10:00,M01,213.1,116.48,18.58,running
2025-03-05 02:11:00,M01,212.91,115.74,18.26,running
2025-03-05 02:12:00,M01,212.14,117.73,18.25,running
2025-03-05 02:13:00,M01,211.77,116.61,18.42,running
2025-03-05 02:14:00,M01,211.96,116.49,18.38,running
2025-03-05 02:15:00,M01,211.3,116.82,18.67,running
2025-03-05 02:16:00,M01,211.54,117.73,17.83,running
2025-03-05 02:17:00,M01,211.67,117.15,18.33,running
2025-03-05 02:18:00,M01,211.74,121.52,18.36,running
2025-03-05 02:19:00,M01,213.06,118.34,18.77,running
2025-03-05 02:20:00,M01,212.72,119.18,18.5,running
2025-03-05 02:21:00,M01,213.22,118.63,18.03,running
2025-03-05 02:22:00,M01,213.19,118.22,18.53,running
2025-03-05 02:23:00,M01,213.39,118.2,18.32,running
2025-03-05 02:24:00,M01,212.22,118.5,18.46,running
2025-03-05 02:25:00,M01,212.65,115.92,18.49,running
2025-03-05 02:26:00,M01,212.0,116.32,18.5,running
2025-03-05 02:27:00,M01,212.47,118.06,18.4,running
2025-03-05 02:28:00,M01,213.06,116.25,18.33,running
2025-03-05 02:29:00,M01,213.33,118.73,18.9,running
2025-03-05 02:30:00,M01,212.34,116.52,18.16,running
2025-03-05 02:31:00,M01,211.39,116.99,18.61,running
2025-03-05 02:32:00,M01,211.85,118.67,18.46,running
2025-03-05 02:33:00,M01,211.89,118.23,18.57,running
2025-03-05 02:34:00,M01,211.85,116.61,18.83,running
2025-03-05 02:35:00,M01,212.28,117.71,18.25,running
2025-03-05 02:36:00,M01,212.89,117.91,19.07,running
2025-03-05 02:37:00,M01,211.8,117.55,18.38,running
2025-03-05 02:38:00,M01,211.46,119.19,18.52,running
2025-03-05 02:39:00,M01,211.22,118.76,18.32,running
2025-03-05 02:40:00,M01,211.18,116.25,18.95,running
2025-03-05 02:41:00,M01,210.56,115.11,18.45,running
2025-03-05 02:42:00,M01,211.45,117.65,18.27,running
2025-03-05 02:43:00,M01,211.74,118.82,18.52,running
2025-03-05 02:44:00,M01,212.15,119.71,18.62,running
2025-03-05 02:45:00,M01,211.69,118.15,18.72,running
2025-03-05 02:46:00,M01,211.87,120.24,18.33,running
2025-03-05 02:47:00,M01,211.28,119.28,17.96,running
2025-03-05 02:48:00,M01,211.05,120.05,18.53,running
2025-03-05 02:49:00,M01,211.64,116.1,18.38,running
2025-03-05 02:50:00,M01,212.08,117.24,18.03,running
2025-03-05 02:51:00,M01,211.89,118.55,18.41,running
2025-03-05 02:52:00,M01,212.77,116.21,18.41,running
2025-03-05 02:53:00,M01,212.81,119.73,18.55,running
2025-03-05 02:54:00,M01,212.75,116.13,18.41,running
2025-03-05 02:55:00,M01,213.18,119.51,18.35,running
2025-03-05 02:56:00,M01,213.86,117.19,18.6,running
2025-03-05 02:57:00,M01,213.47,119.27,18.52,running
2025-03-05 02:58:00,M01,213.8,117.47,18.5,running
2025-03-05 02:59:00,M01,213.89,116.92,18.13,running
2025-03-05 03:00:00,M01,212.96,116.21,18.47,running
2025-03-05 03:01:00,M01,211.74,117.38,18.46,running
2025-03-05 03:02:00,M01,211.22,114.79,18.34,running
2025-03-05 03:03:00,M01,211.74,119.48,18.35,running
2025-03-05 03:04:00,M01,211.1,117.43,18.7,running
2025-03-05 03:05:00,M01,210.75,115.09,18.91,running
2025-03-05 03:06:00,M01,210.62,116.42,18.31,running
2025-03-05 03:07:00,M01,210.17,116.5,17.78,running
2025-03-05 03:08:00,M01,210.97,118.01,18.34,running
2025-03-05 03:09:00,M01,210.49,115.09,18.08,running
2025-03-05 03:10:00,M01,,117.11,18.61,running
2025-03-05 03:11:00,M01,210.13,116.19,18.2,running
2025-03-05 03:12:00,M01,210.08,117.38,18.72,running
2025-03-05 03:13:00,M01,211.44,116.58,18.47,running
2025-03-05 03:14:00,M01,211.27,117.63,17.78,running
2025-03-05 03:15:00,M01,211.28,117.34,17.98,running
2025-03-05 03:16:00,M01,210.42,117.96,17.9,running
2025-03-05 03:17:00,M01,210.62,115.39,18.38,running
2025-03-05 03:18:00,M01,211.19,117.75,18.62,running
2025-03-05 03:19:00,M01,210.81,119.75,18.12,running
2025-03-05 03:20:00,M01,211.44,117.65,18.46,running
2025-03-05 03:21:00,M01,212.02,116.3,18.09,running
2025-03-05 03:22:00,M01,211.67,118.99,18.44,running
2025-03-05 03:23:00,M01,212.82,115.38,18.32,running
2025-03-05 03:24:00,M01,211.71,116.73,18.58,running
2025-03-05 03:25:00,M01,212.95,116.25,18.68,running
2025-03-05 03:26:00,M01,212.26,117.63,18.45,running
2025-03-05 03:27:00,M01,212.6,115.36,17.93,running
2025-03-05 03:28:00,M01,213.23,118.91,18.51,running
2025-03-05 03:29:00,M01,213.01,115.71,18.41,running
2025-03-05 03:30:00,M01,212.02,122.63,18.65,running
2025-03-05 03:31:00,M01,211.89,119.15,18.15,running
2025-03-05 03:32:00,M01,211.99,116.89,18.05,running
2025-03-05 03:33:00,M01,211.84,116.29,18.38,running
2025-03-05 03:34:00,M01,211.78,116.43,18.38,running
2025-03-05 03:35:00,M01,212.2,118.4,18.45,running
2025-03-05 03:36:00,M01,211.65,117.4,18.42,running
2025-03-05 03:37:00,M01,211.9,116.28,18.53,running
2025-03-05 03:38:00,M01,212.68,116.12,18.25,running
2025-03-05 03:39:00,M01,212.7,117.92,18.32,running
2025-03-05 03:40:00,M01,211.37,117.4,19.05,running
2025-03-05 03:41:00,M01,212.2,118.66,18.25,running
2025-03-05 03:42:00,M01,212.16,116.6,18.11,running
2025-03-05 03:43:00,M01,211.55,116.35,18.6,running
2025-03-05 03:44:00,M01,212.36,118.46,18.42,running
2025-03-05 03:45:00,M01,211.42,119.9,18.68,running
2025-03-05 03:46:00,M01,212.72,118.74,18.22,running
2025-03-05 03:47:00,M01,211.93,117.73,18.54,running
2025-03-05 03:48:00,M01,212.04,118.42,18.59,running
2025-03-05 03:49:00,M01,212.33,119.06,18.36,running
2025-03-05 03:50:00,M01,211.79,117.65,18.22,running
2025-03-05 03:51:00,M01,212.44,117.73,18.37,running
2025-03-05 03:52:00,M01,213.18,117.86,18.5,running
2025-03-05 03:53:00,M01,213.16,120.48,18.31,running
2025-03-05 03:54:00,M01,212.48,115.71,18.78,running
2025-03-05 03:55:00,M01,212.11,116.84,17.88,running
2025-03-05 03:56:00,M01,212.18,119.08,18.09,running
2025-03-05 03:57:00,M01,211.76,115.75,18.61,running
2025-03-05 03:58:00,M01,211.98,115.29,18.46,running
2025-03-05 03:59:00,M01,212.52,117.11,18.41,running
2025-03-05 04:00:00,M01,211.86,117.31,18.17,running
2025-03-05 04:01:00,M01,211.13,116.76,18.52,running
2025-03-05 04:02:00,M01,210.71,118.04,18.64,running
2025-03-05 04:03:00,M01,210.74,115.86,18.24,running
2025-03-05 04:04:00,M01,212.73,119.71,18.36,running
2025-03-05 04:05:00,M01,212.03,119.13,18.98,running
2025-03-05 04:06:00,M01,213.36,120.15,18.85,running
2025-03-05 04:07:00,M01,214.19,120.42,18.68,running
2025-03-05 04:08:00,M01,213.56,119.81,18.36,running
2025-03-05 04:09:00,M01,213.67,117.61,18.54,running
2025-03-05 04:10:00,M01,213.29,119.87,18.85,running
2025-03-05 04:11:00,M01,212.29,119.49,18.24,running
2025-03-05 04:12:00,M01,212.29,117.69,18.35,running
2025-03-05 04:13:00,M01,211.05,120.81,18.61,running
2025-03-05 04:14:00,M01,211.22,114.28,18.88,running
2025-03-05 04:15:00,M01,210.73,118.44,18.57,running
2025-03-05 04:16:00,M01,211.33,116.27,17.95,running
2025-03-05 04:17:00,M01,210.6,119.56,18.46,running
2025-03-05 04:18:00,M01,210.38,118.9,18.17,running
2025-03-05 04:19:00,M01,211.92,118.7,18.46,running
2025-03-05 04:20:00,M01,212.6,117.47,18.62,running
2025-03-05 04:21:00,M01,212.67,118.43,18.42,running
2025-03-05 04:22:00,M01,212.25,118.02,18.15,running
2025-03-05 04:23:00,M01,211.32,116.36,18.13,running
2025-03-05 04:24:00,M01,211.31,117.43,18.13,running
2025-03-05 04:25:00,M01,211.28,117.21,18.65,running
2025-03-05 04:26:00,M01,210.93,116.37,18.37,running
2025-03-05 04:27:00,M01,210.48,115.45,18.59,running
2025-03-05 04:28:00,M01,210.24,116.2,18.25,running
2025-03-05 04:29:00,M01,210.37,118.07,18.66,running
2025-03-05 04:30:00,M01,210.04,116.94,18.56,running
2025-03-05 04:31:00,M01,210.11,117.98,18.58,running
2025-03-05 04:32:00,M01,210.68,117.44,18.51,running
2025-03-05 04:33:00,M01,210.62,116.72,18.55,running
2025-03-05 04:34:00,M01,211.23,115.76,17.87,running
2025-03-05 04:35:00,M01,209.8,119.74,18.8,running
2025-03-05 04:36:00,M01,210.81,117.54,18.54,running
2025-03-05 04:37:00,M01,211.43,118.18,18.3,running
2025-03-05 04:38:00,M01,211.71,117.34,18.63,running
2025-03-05 04:39:00,M01,212.12,118.11,18.34,running
2025-03-05 04:40:00,M01,211.82,117.39,18.43,running
2025-03-05 04:41:00,M01,211.47,117.93,18.29,running
2025-03-05 04:42:00,M01,211.43,118.81,18.51,running
2025-03-05 04:43:00,M01,211.17,119.37,18.48,running
2025-03-05 04:44:00,M01,211.23,115.56,18.48,running
2025-03-05 04:45:00,M01,210.6,115.91,18.45,running
2025-03-05 04:46:00,M01,210.2,116.1,18.22,running
2025-03-05 04:47:00,M01,211.28,117.02,18.06,running
2025-03-05 04:48:00,M01,212.55,116.89,18.43,running
2025-03-05 04:49:00,M01,211.68,117.04,17.92,running
2025-03-05 04:50:00,M01,211.24,117.61,17.98,running
2025-03-05 04:51:00,M01,210.84,117.66,18.6,running
2025-03-05 04:52:00,M01,211.6,118.34,18.71,running
2025-03-05 04:53:00,M01,210.9,115.62,18.45,running
2025-03-05 04:54:00,M01,212.34,119.23,18.56,running
2025-03-05 04:55:00,M01,212.44,117.14,18.44,running
2025-03-05 04:56:00,M01,213.3,116.93,18.51,running
2025-03-05 04:57:00,M01,214.12,118.32,18.75,running
2025-03-05 04:58:00,M01,214.72,120.99,18.04,running
2025-03-05 04:59:00,M01,213.8,117.32,18.43,running
2025-03-05 05:00:00,M01,213.15,120.43,18.23,running
2025-03-05 05:01:00,M01,212.98,120.77,18.83,running
2025-03-05 05:02:00,M01,213.68,117.37,18.5,running
2025-03-05 05:03:00,M01,212.61,117.35,18.57,running
2025-03-05 05:04:00,M01,212.87,114.71,18.39,running
2025-03-05 05:05:00,M01,213.06,116.8,18.4,running
2025-03-05 05:06:00,M01,213.08,120.04,18.34,running
2025-03-05 05:07:00,M01,213.36,120.99,18.38,running
2025-03-05 05:08:00,M01,212.75,118.69,18.66,running
2025-03-05 05:09:00,M01,213.09,119.36,18.58,running
2025-03-05 05:10:00,M01,213.44,116.14,18.65,running
2025-03-05 05:11:00,M01,213.37,119.19,18.5,running
2025-03-05 05:12:00,M01,213.6,117.1,18.4,running
2025-03-05 05:13:00,M01,212.9,116.86,18.35,running
2025-03-05 05:14:00,M01,212.18,115.87,18.52,running
2025-03-05 05:15:00,M01,211.93,119.32,18.15,running
2025-03-05 05:16:00,M01,212.08,117.37,18.24,running
2025-03-05 05:17:00,M01,212.39,116.27,18.79,running
2025-03-05 05:18:00,M01,212.99,119.34,18.93,running
2025-03-05 05:19:00,M01,213.0,119.19,18.7,running
2025-03-05 05:20:00,M01,211.79,119.36,17.89,running
2025-03-05 05:21:00,M01,212.1,118.15,18.72,running
2025-03-05 05:22:00,M01,211.58,117.38,18.41,running
2025-03-05 05:23:00,M01,211.94,118.54,18.36,running
2025-03-05 05:24:00,M01,213.19,117.36,18.6,running
2025-03-05 05:25:00,M01,212.86,119.29,18.6,running
2025-03-05 05:26:00,M01,213.54,116.5,18.65,running
2025-03-05 05:27:00,M01,213.95,118.57,18.78,running
2025-03-05 05:28:00,M01,215.11,117.31,18.63,running
2025-03-05 05:29:00,M01,214.27,118.4,18.45,running
2025-03-05 05:30:00,M01,213.6,116.75,18.25,running
2025-03-05 05:31:00,M01,214.63,121.39,18.72,running
2025-03-05 05:32:00,M01,214.67,119.57,18.63,running
2025-03-05 05:33:00,M01,212.94,119.55,18.11,running
2025-03-05 05:34:00,M01,212.89,117.03,18.27,running
2025-03-05 05:35:00,M01,212.31,117.55,17.99,running
2025-03-05 05:36:00,M01,212.38,117.39,18.52,running
2025-03-05 05:37:00,M01,212.36,117.27,18.18,running
2025-03-05 05:38:00,M01,212.1,118.11,18.15,running
2025-03-05 05:39:00,M01,212.44,118.35,18.21,running
2025-03-05 05:40:00,M01,213.12,118.96,18.34,running
2025-03-05 05:41:00,M01,212.88,116.12,18.58,running
2025-03-05 05:42:00,M01,212.13,118.83,18.68,running
2025-03-05 05:43:00,M01,211.7,117.56,18.44,running
2025-03-05 05:44:00,M01,212.15,116.43,18.64,running
2025-03-05 05:45:00,M01,212.38,117.81,18.59,running
2025-03-05 05:46:00,M01,212.32,119.48,18.46,running
2025-03-05 05:47:00,M01,211.68,119.4,17.97,running
2025-03-05 05:48:00,M01,211.1,117.11,18.11,running
2025-03-05 05:49:00,M01,210.99,117.21,18.65,running
2025-03-05 05:50:00,M01,212.46,118.31,18.84,running
2025-03-05 05:51:00,M01,212.13,119.24,18.82,running
2025-03-05 05:52:00,M01,212.16,119.06,18.57,running
2025-03-05 05:53:00,M01,212.13,117.11,18.68,running
2025-03-05 05:54:00,M01,213.56,114.66,18.92,running
2025-03-05 05:55:00,M01,212.97,120.33,18.39,running
2025-03-05 05:56:00,M01,212.18,119.83,18.29,running
2025-03-05 05:57:00,M01,211.71,117.84,17.89,running
2025-03-05 05:58:00,M01,212.18,116.12,18.92,running
2025-03-05 05:59:00,M01,212.37,114.49,18.27,running
2025-03-05 06:00:00,M01,213.42,120.16,18.27,running
2025-03-05 06:01:00,M01,213.25,117.99,18.72,running
2025-03-05 06:02:00,M01,213.05,117.76,18.33,running
2025-03-05 06:03:00,M01,212.93,117.63,18.41,running
2025-03-05 06:04:00,M01,213.03,119.52,18.18,running
2025-03-05 06:05:00,M01,213.78,120.93,18.47,running
2025-03-05 06:06:00,M01,212.76,115.96,18.54,running
2025-03-05 06:07:00,M01,213.35,115.72,18.38,running
2025-03-05 06:08:00,M01,213.95,116.69,18.27,running
2025-03-05 06:09:00,M01,214.56,116.44,18.51,running
2025-03-05 06:10:00,M01,214.32,116.64,18.49,running
2025-03-05 06:11:00,M01,213.6,120.5,18.54,running
2025-03-05 06:12:00,M01,212.8,116.74,17.94,running
2025-03-05 06:13:00,M01,213.36,117.46,18.4,running
2025-03-05 06:14:00,M01,213.82,120.64,18.48,running
2025-03-05 06:15:00,M01,213.76,118.18,18.05,running
2025-03-05 06:16:00,M01,213.7,117.3,18.84,running
2025-03-05 06:17:00,M01,213.79,121.94,18.28,running
2025-03-05 06:18:00,M01,212.03,115.53,18.57,running
2025-03-05 06:19:00,M01,213.01,118.25,18.3,running
2025-03-05 06:20:00,M01,213.53,119.56,18.72,running
2025-03-05 06:21:00,M01,213.2,115.46,18.08,running
2025-03-05 06:22:00,M01,213.73,120.54,18.58,running
2025-03-05 06:23:00,M01,213.31,118.57,18.33,running
2025-03-05 06:24:00,M01,214.38,119.58,18.47,running
2025-03-05 06:25:00,M01,213.9,116.53,18.5,running
2025-03-05 06:26:00,M01,213.09,118.88,18.59,running
2025-03-05 06:27:00,M01,213.66,118.13,18.25,running
2025-03-05 06:28:00,M01,213.76,118.75,18.48,running
2025-03-05 06:29:00,M01,213.15,118.47,18.69,running
2025-03-05 06:30:00,M01,212.43,117.93,18.67,running
2025-03-05 06:31:00,M01,212.52,120.54,18.38,running
2025-03-05 06:32:00,M01,214.26,116.77,18.38,running
2025-03-05 06:33:00,M01,212.95,117.89,18.39,running
2025-03-05 06:34:00,M01,213.24,115.65,18.66,running
2025-03-05 06:35:00,M01,213.51,119.61,18.41,running
2025-03-05 06:36:00,M01,212.64,117.63,18.8,running
2025-03-05 06:37:00,M01,212.31,117.4,18.86,running
2025-03-05 06:38:00,M01,212.69,119.43,18.33,running
2025-03-05 06:39:00,M01,213.03,118.75,18.37,running
2025-03-05 06:40:00,M01,213.29,118.16,18.81,running
2025-03-05 06:41:00,M01,213.21,117.01,18.21,running
2025-03-05 06:42:00,M01,212.9,118.69,18.79,running
2025-03-05 06:43:00,M01,212.57,118.22,18.49,running
2025-03-05 06:44:00,M01,213.13,113.9,18.06,running
2025-03-05 06:45:00,M01,212.72,118.51,18.21,running
2025-03-05 06:46:00,M01,213.16,117.36,18.7,running
2025-03-05 06:47:00,M01,213.1,117.03,18.28,running
2025-03-05 06:48:00,M01,212.14,114.36,18.6,running
2025-03-05 06:49:00,M01,212.11,120.97,18.46,running
2025-03-05 06:50:00,M01,211.63,117.03,18.65,running
2025-03-05 06:51:00,M01,212.04,118.01,18.37,running
2025-03-05 06:52:00,M01,212.41,116.9,18.5,running
2025-03-05 06:53:00,M01,213.24,118.37,18.6,running
2025-03-05 06:54:00,M01,213.54,118.0,18.23,running
2025-03-05 06:55:00,M01,213.83,115.98,18.66,running
2025-03-05 06:56:00,M01,213.17,117.74,18.12,running
2025-03-05 06:57:00,M01,212.6,117.83,18.41,running
2025-03-05 06:58:00,M01,213.03,116.49,18.38,running
2025-03-05 06:59:00,M01,212.41,117.98,18.72,running
2025-03-05 07:00:00,M01,212.26,117.48,17.94,running
2025-03-05 07:01:00,M01,212.18,119.4,18.32,running
2025-03-05 07:02:00,M01,211.78,118.53,18.55,running
2025-03-05 07:03:00,M01,210.76,116.95,18.21,running
2025-03-05 07:04:00,M01,211.26,116.27,18.05,running
2025-03-05 07:05:00,M01,211.57,115.75,18.7,running
2025-03-05 07:06:00,M01,211.75,120.22,18.15,running
2025-03-05 07:07:00,M01,212.93,116.69,18.56,running
2025-03-05 07:08:00,M01,213.51,116.16,18.34,running
2025-03-05 07:09:00,M01,213.99,119.37,19.1,running
2025-03-05 07:10:00,M01,214.24,117.1,18.16,running
2025-03-05 07:11:00,M01,213.6,117.84,18.82,running
2025-03-05 07:12:00,M01,213.42,118.48,18.21,running
2025-03-05 07:13:00,M01,213.33,120.4,18.4,running
2025-03-05 07:14:00,M01,214.85,116.92,18.42,running
2025-03-05 07:15:00,M01,214.78,116.47,18.59,running
2025-03-05 07:16:00,M01,214.66,118.32,18.04,running
2025-03-05 07:17:00,M01,214.26,115.15,18.91,running
2025-03-05 07:18:00,M01,215.23,117.73,18.75,running
2025-03-05 07:19:00,M01,214.59,116.18,18.02,running
2025-03-05 07:20:00,M01,214.47,119.11,18.72,running
2025-03-05 07:21:00,M01,215.52,117.81,18.72,running
2025-03-05 07:22:00,M01,215.59,114.83,18.5,running
2025-03-05 07:23:00,M01,215.73,117.46,18.31,running
2025-03-05 07:24:00,M01,216.15,115.53,18.87,running
2025-03-05 07:25:00,M01,215.26,117.0,18.5,running
2025-03-05 07:26:00,M01,214.51,116.75,18.37,running
2025-03-05 07:27:00,M01,213.53,115.25,18.15,running
2025-03-05 07:28:00,M01,213.52,117.85,18.51,running
2025-03-05 07:29:00,M01,211.84,118.63,18.54,running
2025-03-05 07:30:00,M01,212.14,116.69,18.93,running
2025-03-05 07:31:00,M01,212.55,114.78,18.52,running
2025-03-05 07:32:00,M01,212.64,117.49,18.45,running
2025-03-05 07:33:00,M01,212.91,115.3,18.23,running
2025-03-05 07:34:00,M01,213.17,117.87,18.68,running
2025-03-05 07:35:00,M01,213.42,118.48,18.56,running
2025-03-05 07:36:00,M01,213.5,118.53,18.19,running
2025-03-05 07:37:00,M01,215.25,118.19,18.88,running
2025-03-05 07:38:00,M01,214.41,117.75,18.33,running
2025-03-05 07:39:00,M01,213.01,118.48,18.25,running
2025-03-05 07:40:00,M01,212.89,118.05,18.2,running
2025-03-05 07:41:00,M01,213.41,115.79,18.59,running
2025-03-05 07:42:00,M01,214.15,118.71,18.55,running
2025-03-05 07:43:00,M01,214.62,117.11,18.39,running
2025-03-05 07:44:00,M01,214.03,116.14,18.35,running
2025-03-05 07:45:00,M01,214.55,118.05,18.42,running
2025-03-05 07:46:00,M01,213.5,117.46,18.58,running
2025-03-05 07:47:00,M01,213.07,116.4,18.62,running
2025-03-05 07:48:00,M01,213.08,119.19,18.36,running
2025-03-05 07:49:00,M01,212.81,118.96,18.49,running
2025-03-05 07:50:00,M01,213.4,115.42,17.94,running
2025-03-05 07:51:00,M01,213.11,119.47,18.23,running
2025-03-05 07:52:00,M01,213.49,119.52,18.63,running
2025-03-05 07:53:00,M01,214.28,117.24,18.65,running
2025-03-05 07:54:00,M01,213.58,117.63,19.01,running
2025-03-05 07:55:00,M01,212.92,119.4,18.33,running
2025-03-05 07:56:00,M01,212.83,116.02,18.37,running
2025-03-05 07:57:00,M01,212.17,116.42,18.41,running
2025-03-05 07:58:00,M01,212.41,119.96,18.52,running
2025-03-05 07:59:00,M01,211.6,119.61,18.39,running
2025-03-05 08:00:00,M01,212.79,120.35,18.2,running
2025-03-05 08:01:00,M01,213.05,117.08,18.18,running
2025-03-05 08:02:00,M01,213.53,119.18,18.5,running
2025-03-05 08:03:00,M01,215.5,119.71,18.54,running
2025-03-05 08:04:00,M01,215.72,118.53,18.81,running
2025-03-05 08:05:00,M01,214.49,118.58,18.1,running
2025-03-05 08:06:00,M01,214.43,116.62,18.22,running
2025-03-05 08:07:00,M01,215.39,117.34,18.64,running
2025-03-05 08:08:00,M01,215.53,119.2,18.39,running
2025-03-05 08:09:00,M01,214.87,119.71,18.45,running
2025-03-05 08:10:00,M01,215.56,117.87,18.3,running
2025-03-05 08:11:00,M01,215.6,116.12,18.95,running
2025-03-05 08:12:00,M01,215.65,117.46,19.26,running
2025-03-05 08:13:00,M01,215.77,118.98,18.54,running
2025-03-05 08:14:00,M01,215.59,116.91,18.39,running
2025-03-05 08:15:00,M01,215.1,116.78,18.54,running
2025-03-05 08:16:00,M01,215.46,119.0,18.62,running
2025-03-05 08:17:00,M01,214.59,117.35,18.63,running
2025-03-05 08:18:00,M01,213.41,117.03,18.73,running
2025-03-05 08:19:00,M01,214.33,117.46,18.64,running
2025-03-05 08:20:00,M01,214.13,119.57,18.07,running
2025-03-05 08:21:00,M01,214.12,116.42,18.33,running
2025-03-05 08:22:00,M01,214.54,118.16,18.24,running
2025-03-05 08:23:00,M01,214.33,116.17,18.26,running
2025-03-05 08:24:00,M01,214.26,116.95,18.82,running
2025-03-05 08:25:00,M01,213.9,118.28,18.82,running
2025-03-05 08:26:00,M01,214.31,118.08,18.65,running
2025-03-05 08:27:00,M01,214.32,119.69,18.47,running
2025-03-05 08:28:00,M01,215.41,117.99,18.96,running
2025-03-05 08:29:00,M01,216.3,116.4,18.52,running
2025-03-05 08:30:00,M01,215.0,119.7,18.48,running
2025-03-05 08:31:00,M01,214.27,118.62,18.54,running
2025-03-05 08:32:00,M01,215.38,117.35,18.81,running
2025-03-05 08:33:00,M01,214.89,120.31,18.45,running
2025-03-05 08:34:00,M01,214.93,120.04,18.53,running
2025-03-05 08:35:00,M01,215.05,116.25,18.65,running
2025-03-05 08:36:00,M01,214.67,119.65,18.26,running
2025-03-05 08:37:00,M01,214.18,118.43,18.17,running
2025-03-05 08:38:00,M01,214.23,118.1,18.48,running
2025-03-05 08:39:00,M01,215.32,120.12,18.29,running
2025-03-05 08:40:00,M01,215.6,117.86,18.25,running
2025-03-05 08:41:00,M01,215.92,117.23,18.32,running
2025-03-05 08:42:00,M01,216.09,117.8,18.37,running
2025-03-05 08:43:00,M01,215.66,117.94,18.66,running
2025-03-05 08:44:00,M01,215.68,120.12,18.54,running
2025-03-05 08:45:00,M01,214.95,115.73,18.46,running
2025-03-05 08:46:00,M01,214.88,117.6,18.24,running
2025-03-05 08:47:00,M01,216.04,118.27,18.39,running
2025-03-05 08:48:00,M01,215.35,119.27,18.12,running
2025-03-05 08:49:00,M01,214.47,117.84,18.16,running
2025-03-05 08:50:00,M01,215.17,116.69,18.65,running
2025-03-05 08:51:00,M01,214.79,119.92,18.34,running
2025-03-05 08:52:00,M01,215.49,121.79,18.69,running
2025-03-05 08:53:00,M01,215.16,116.06,18.44,running
2025-03-05 08:54:00,M01,213.61,121.47,18.46,running
2025-03-05 08:55:00,M01,213.62,118.18,19.0,running
2025-03-05 08:56:00,M01,214.04,117.41,18.66,running
2025-03-05 08:57:00,M01,213.3,118.16,18.01,running
2025-03-05 08:58:00,M01,213.02,118.29,18.73,running
2025-03-05 08:59:00,M01,213.14,117.79,18.43,running
2025-03-05 09:00:00,M01,212.87,115.89,18.29,running
2025-03-05 09:01:00,M01,212.27,117.38,18.53,running
2025-03-05 09:02:00,M01,212.21,117.84,18.17,running
2025-03-05 09:03:00,M01,212.05,117.92,18.28,running
2025-03-05 09:04:00,M01,212.14,118.18,18.36,running
2025-03-05 09:05:00,M01,212.84,117.15,17.82,running
2025-03-05 09:06:00,M01,213.21,114.72,18.54,running
2025-03-05 09:07:00,M01,212.88,117.87,18.71,running
2025-03-05 09:08:00,M01,213.87,120.88,18.56,running
2025-03-05 09:09:00,M01,214.16,117.41,18.59,running
2025-03-05 09:10:00,M01,213.82,117.24,18.87,running
2025-03-05 09:11:00,M01,213.67,118.82,18.93,running
2025-03-05 09:12:00,M01,214.88,119.11,18.54,running
2025-03-05 09:13:00,M01,214.57,117.9,18.15,running
2025-03-05 09:14:00,M01,214.73,118.01,18.64,running
2025-03-05 09:15:00,M01,215.55,118.95,18.51,running
2025-03-05 09:16:00,M01,216.01,117.41,18.36,running
2025-03-05 09:17:00,M01,216.4,119.33,18.3,running
2025-03-05 09:18:00,M01,217.08,119.54,17.94,running
2025-03-05 09:19:00,M01,215.81,117.42,18.97,running
2025-03-05 09:20:00,M01,214.79,118.02,18.32,running
2025-03-05 09:21:00,M01,215.29,118.63,18.37,running
2025-03-05 09:22:00,M01,215.71,117.07,18.5,running
2025-03-05 09:23:00,M01,216.68,118.81,18.24,running
2025-03-05 09:24:00,M01,216.76,117.68,18.39,running
2025-03-05 09:25:00,M01,215.7,118.6,18.68,running
2025-03-05 09:26:00,M01,215.1,116.69,18.49,running
2025-03-05 09:27:00,M01,215.34,116.74,18.52,running
2025-03-05 09:28:00,M01,215.73,117.46,18.32,running
2025-03-05 09:29:00,M01,215.92,118.01,18.32,running
2025-03-05 09:30:00,M01,217.04,117.47,18.46,running
2025-03-05 09:31:00,M01,216.34,119.43,18.51,running
2025-03-05 09:32:00,M01,215.35,114.26,19.01,running
2025-03-05 09:33:00,M01,213.86,118.62,18.21,running
2025-03-05 09:34:00,M01,213.99,118.71,18.35,running
2025-03-05 09:35:00,M01,214.1,117.57,18.42,running
2025-03-05 09:36:00,M01,213.59,119.8,18.68,running
2025-03-05 09:37:00,M01,213.78,119.52,18.23,running
2025-03-05 09:38:00,M01,214.27,119.55,18.36,running
2025-03-05 09:39:00,M01,214.18,119.39,18.52,running
2025-03-05 09:40:00,M01,214.69,120.44,18.64,running
2025-03-05 09:41:00,M01,215.36,119.88,18.62,running
2025-03-05 09:42:00,M01,215.61,117.33,18.34,running
2025-03-05 09:43:00,M01,215.99,116.59,18.84,running
2025-03-05 09:44:00,M01,216.22,118.66,18.86,running
2025-03-05 09:45:00,M01,216.58,117.58,17.87,running
2025-03-05 09:46:00,M01,216.81,118.88,18.65,running
2025-03-05 09:47:00,M01,216.78,116.89,18.69,running
2025-03-05 09:48:00,M01,216.79,118.3,18.53,running
2025-03-05 09:49:00,M01,217.31,119.73,18.82,running
2025-03-05 09:50:00,M01,216.04,116.9,18.75,running
2025-03-05 09:51:00,M01,216.57,118.63,18.15,running
2025-03-05 09:52:00,M01,217.03,119.7,18.5,running
2025-03-05 09:53:00,M01,216.36,118.98,18.43,running
2025-03-05 09:54:00,M01,217.09,118.94,18.29,running
2025-03-05 09:55:00,M01,217.29,119.37,18.68,running
2025-03-05 09:56:00,M01,217.41,117.61,18.48,running
2025-03-05 09:57:00,M01,216.86,118.84,18.5,running
2025-03-05 09:58:00,M01,216.57,117.46,18.09,running
2025-03-05 09:59:00,M01,215.7,116.14,18.53,running
2025-03-05 10:00:00,M01,215.95,118.43,18.77,running
2025-03-05 10:01:00,M01,215.57,118.44,18.5,running
2025-03-05 10:02:00,M01,215.36,113.53,18.66,running
2025-03-05 10:03:00,M01,214.91,116.06,18.17,running
2025-03-05 10:04:00,M01,214.98,118.32,18.56,running
2025-03-05 10:05:00,M01,215.4,118.51,18.29,running
2025-03-05 10:06:00,M01,216.27,119.01,18.56,running
2025-03-05 10:07:00,M01,217.88,115.76,18.34,running
2025-03-05 10:08:00,M01,218.21,119.14,19.09,running
2025-03-05 10:09:00,M01,218.32,123.17,18.42,running
2025-03-05 10:10:00,M01,217.88,115.71,18.43,running
2025-03-05 10:11:00,M01,217.44,119.03,18.68,running
2025-03-05 10:12:00,M01,217.43,118.2,18.4,running
2025-03-05 10:13:00,M01,216.25,119.94,18.41,running
2025-03-05 10:14:00,M01,217.09,118.8,18.7,running
2025-03-05 10:15:00,M01,217.25,122.76,18.88,running
2025-03-05 10:16:00,M01,218.38,118.91,18.73,running
2025-03-05 10:17:00,M01,217.68,117.11,18.71,running
2025-03-05 10:18:00,M01,217.69,117.04,18.55,running
2025-03-05 10:19:00,M01,218.2,119.29,18.66,running
2025-03-05 10:20:00,M01,217.34,117.77,18.44,running
2025-03-05 10:21:00,M01,217.34,117.55,18.35,running
2025-03-05 10:22:00,M01,217.13,120.62,19.03,running
2025-03-05 10:23:00,M01,218.47,117.01,18.93,running
2025-03-05 10:24:00,M01,218.2,118.89,18.6,running
2025-03-05 10:25:00,M01,218.16,118.96,18.45,running
2025-03-05 10:26:00,M01,218.71,120.81,18.62,running
2025-03-05 10:27:00,M01,217.83,117.87,18.66,running
2025-03-05 10:28:00,M01,216.57,116.79,18.64,running
2025-03-05 10:29:00,M01,216.29,118.29,18.63,running
2025-03-05 10:30:00,M01,215.98,115.85,18.57,running
2025-03-05 10:31:00,M01,216.62,118.94,18.57,running
2025-03-05 10:32:00,M01,217.45,117.75,18.21,running
2025-03-05 10:33:00,M01,217.57,121.04,18.36,running
2025-03-05 10:34:00,M01,218.14,116.28,18.38,running
2025-03-05 10:35:00,M01,217.49,120.14,18.47,running
2025-03-05 10:36:00,M01,216.9,116.87,18.77,running
2025-03-05 10:37:00,M01,217.04,117.21,18.86,running
2025-03-05 10:38:00,M01,216.79,118.3,18.89,running
2025-03-05 10:39:00,M01,217.33,118.94,18.2,running
2025-03-05 10:40:00,M01,217.52,119.84,18.69,running
2025-03-05 10:41:00,M01,216.71,117.03,18.92,running
2025-03-05 10:42:00,M01,216.73,119.25,18.62,running
2025-03-05 10:43:00,M01,216.45,115.82,18.35,running
2025-03-05 10:44:00,M01,216.03,120.9,19.08,running
2025-03-05 10:45:00,M01,216.61,120.3,18.68,running
2025-03-05 10:46:00,M01,217.08,117.02,18.73,running
2025-03-05 10:47:00,M01,217.47,117.31,19.06,running
2025-03-05 10:48:00,M01,217.83,119.91,18.64,running
2025-03-05 10:49:00,M01,217.7,119.25,18.44,running
2025-03-05 10:50:00,M01,218.86,119.43,19.02,running
2025-03-05 10:51:00,M01,218.09,118.9,18.85,running
2025-03-05 10:52:00,M01,216.64,118.85,18.36,running
2025-03-05 10:53:00,M01,215.94,118.77,18.25,running
2025-03-05 10:54:00,M01,215.77,119.1,18.3,running
2025-03-05 10:55:00,M01,215.7,119.87,18.16,running
2025-03-05 10:56:00,M01,216.61,117.95,18.13,running
2025-03-05 10:57:00,M01,216.56,117.99,18.41,running
2025-03-05 10:58:00,M01,216.74,115.14,18.47,running
2025-03-05 10:59:00,M01,217.01,118.72,18.31,running
2025-03-05 11:00:00,M01,217.22,119.25,19.02,running
2025-03-05 11:01:00,M01,217.58,118.71,18.29,running
2025-03-05 11:02:00,M01,217.66,119.24,18.57,running
2025-03-05 11:03:00,M01,217.99,117.52,18.6,running
2025-03-05 11:04:00,M01,217.99,119.39,18.63,running
2025-03-05 11:05:00,M01,217.89,118.33,18.69,running
2025-03-05 11:06:00,M01,217.7,121.31,18.48,running
2025-03-05 11:07:00,M01,218.38,118.32,18.72,running
2025-03-05 11:08:00,M01,217.81,118.87,18.64,running
2025-03-05 11:09:00,M01,217.53,118.6,18.82,running
2025-03-05 11:10:00,M01,217.57,117.89,18.79,running
2025-03-05 11:11:00,M01,218.23,118.65,18.2,running
2025-03-05 11:12:00,M01,217.89,119.41,18.78,running
2025-03-05 11:13:00,M01,217.37,117.65,18.51,running
2025-03-05 11:14:00,M01,217.65,117.74,18.79,running
2025-03-05 11:15:00,M01,216.49,118.73,18.4,running
2025-03-05 11:16:00,M01,216.44,118.01,18.67,running
2025-03-05 11:17:00,M01,216.67,119.78,18.44,running
2025-03-05 11:18:00,M01,216.87,115.34,18.95,running
2025-03-05 11:19:00,M01,216.6,117.25,18.2,running
2025-03-05 11:20:00,M01,216.75,117.96,18.45,running
2025-03-05 11:21:00,M01,216.09,120.64,18.52,running
2025-03-05 11:22:00,M01,216.05,117.31,18.22,running
2025-03-05 11:23:00,M01,215.55,116.82,18.91,running
2025-03-05 11:24:00,M01,216.04,116.9,18.45,running
2025-03-05 11:25:00,M01,216.08,118.56,18.93,running
2025-03-05 11:26:00,M01,216.94,117.85,18.35,running
2025-03-05 11:27:00,M01,217.52,118.28,18.28,running
2025-03-05 11:28:00,M01,218.18,118.29,18.93,running
2025-03-05 11:29:00,M01,218.36,119.59,18.88,running
2025-03-05 11:30:00,M01,219.24,116.59,18.48,running
2025-03-05 11:31:00,M01,218.78,117.98,18.24,running
2025-03-05 11:32:00,M01,217.67,118.96,18.66,running
2025-03-05 11:33:00,M01,217.01,118.11,18.6,running
2025-03-05 11:34:00,M01,217.95,121.99,18.11,running
2025-03-05 11:35:00,M01,217.83,115.56,18.62,running
2025-03-05 11:36:00,M01,216.79,116.73,18.51,running
2025-03-05 11:37:00,M01,216.84,116.89,18.54,running
2025-03-05 11:38:00,M01,217.01,117.27,18.48,running
2025-03-05 11:39:00,M01,215.72,116.6,18.49,running
2025-03-05 11:40:00,M01,216.75,118.43,18.95,running
2025-03-05 11:41:00,M01,217.18,117.84,18.64,running
2025-03-05 11:42:00,M01,217.25,116.56,18.11,running
2025-03-05 11:43:00,M01,217.88,116.81,18.62,running
2025-03-05 11:44:00,M01,217.71,118.64,18.71,running
2025-03-05 11:45:00,M01,217.33,119.75,18.74,running
2025-03-05 11:46:00,M01,218.02,119.43,18.34,running
2025-03-05 11:47:00,M01,217.34,118.03,18.12,running
2025-03-05 11:48:00,M01,217.36,120.1,18.59,running
2025-03-05 11:49:00,M01,,117.71,18.8,running
2025-03-05 11:50:00,M01,218.04,118.01,18.82,running
2025-03-05 11:51:00,M01,216.67,120.14,18.62,running
2025-03-05 11:52:00,M01,216.78,117.61,18.15,running
2025-03-05 11:53:00,M01,216.9,117.36,18.47,running
2025-03-05 11:54:00,M01,218.16,119.28,18.63,running
2025-03-05 11:55:00,M01,218.14,117.57,18.8,running
2025-03-05 11:56:00,M01,217.16,117.44,18.59,running
2025-03-05 11:57:00,M01,217.42,119.01,18.24,running
2025-03-05 11:58:00,M01,217.2,115.18,18.54,running
2025-03-05 11:59:00,M01,216.95,119.99,18.28,running
2025-03-05 12:00:00,M01,217.65,116.77,18.43,running
2025-03-05 12:01:00,M01,217.62,117.03,18.6,running
2025-03-05 12:02:00,M01,218.66,118.51,18.08,running
2025-03-05 12:03:00,M01,218.83,119.33,18.8,running
2025-03-05 12:04:00,M01,219.04,116.78,18.4,running
2025-03-05 12:05:00,M01,218.82,115.03,18.29,running
2025-03-05 12:06:00,M01,218.76,121.29,18.57,running
2025-03-05 12:07:00,M01,218.86,119.97,18.11,running
2025-03-05 12:08:00,M01,218.88,118.44,18.16,running
2025-03-05 12:09:00,M01,218.35,120.11,18.4,running
2025-03-05 12:10:00,M01,218.72,118.32,18.34,running
2025-03-05 12:11:00,M01,218.62,117.96,18.47,running
2025-03-05 12:12:00,M01,218.45,121.53,18.34,running
2025-03-05 12:13:00,M01,218.13,120.48,18.52,running
2025-03-05 12:14:00,M01,218.76,119.77,18.8,running
2025-03-05 12:15:00,M01,217.67,117.05,18.66,running
2025-03-05 12:16:00,M01,217.72,116.77,18.97,running
2025-03-05 12:17:00,M01,218.38,115.69,18.57,running
2025-03-05 12:18:00,M01,217.09,118.44,17.84,running
2025-03-05 12:19:00,M01,218.05,118.37,19.0,running
2025-03-05 12:20:00,M01,218.5,120.53,18.34,running
2025-03-05 12:21:00,M01,218.93,118.05,19.21,running
2025-03-05 12:22:00,M01,218.77,114.7,18.52,running
2025-03-05 12:23:00,M01,218.93,118.86,18.76,running
2025-03-05 12:24:00,M01,219.26,115.82,19.05,running
2025-03-05 12:25:00,M01,219.67,120.35,18.17,running
2025-03-05 12:26:00,M01,218.79,119.05,18.85,running
2025-03-05 12:27:00,M01,217.86,119.98,18.9,running
2025-03-05 12:28:00,M01,218.72,116.56,18.73,running
2025-03-05 12:29:00,M01,218.42,119.64,18.81,running
2025-03-05 12:30:00,M01,218.57,118.38,18.58,running
2025-03-05 12:31:00,M01,218.21,118.83,18.77,running
2025-03-05 12:32:00,M01,216.37,118.94,18.52,running
2025-03-05 12:33:00,M01,216.72,117.76,18.48,running
2025-03-05 12:34:00,M01,216.67,119.51,18.22,running
2025-03-05 12:35:00,M01,216.82,120.66,18.45,running
2025-03-05 12:36:00,M01,216.42,118.13,18.33,running
2025-03-05 12:37:00,M01,215.64,118.46,18.55,running
2025-03-05 12:38:00,M01,215.83,120.59,18.59,running
2025-03-05 12:39:00,M01,216.23,118.48,18.78,running
2025-03-05 12:40:00,M01,216.74,118.61,18.68,running
2025-03-05 12:41:00,M01,215.65,119.95,18.32,running
2025-03-05 12:42:00,M01,215.69,118.67,18.65,running
2025-03-05 12:43:00,M01,215.83,117.9,18.0,running
2025-03-05 12:44:00,M01,214.9,120.27,18.98,running
2025-03-05 12:45:00,M01,215.45,116.8,18.91,running
2025-03-05 12:46:00,M01,216.66,115.72,18.42,running
2025-03-05 12:47:00,M01,216.07,118.0,18.85,running
2025-03-05 12:48:00,M01,216.59,117.38,18.86,running
2025-03-05 12:49:00,M01,216.38,119.59,18.57,running
2025-03-05 12:50:00,M01,216.54,118.73,18.51,running
2025-03-05 12:51:00,M01,216.79,117.77,18.53,running
2025-03-05 12:52:00,M01,217.03,115.94,18.38,running
2025-03-05 12:53:00,M01,216.87,118.59,18.04,running
2025-03-05 12:54:00,M01,217.86,118.99,18.57,running
2025-03-05 12:55:00,M01,218.32,118.37,18.7,running
2025-03-05 12:56:00,M01,217.34,118.31,18.25,running
2025-03-05 12:57:00,M01,217.6,117.67,18.15,running
2025-03-05 12:58:00,M01,218.2,117.65,19.0,running
2025-03-05 12:59:00,M01,219.04,116.41,18.69,running
2025-03-05 13:00:00,M01,218.4,118.59,18.33,running
2025-03-05 13:01:00,M01,218.08,118.3,19.01,running
2025-03-05 13:02:00,M01,218.52,118.34,18.68,running
2025-03-05 13:03:00,M01,218.2,119.55,18.55,running
2025-03-05 13:04:00,M01,219.38,119.37,18.62,running
2025-03-05 13:05:00,M01,219.44,119.51,19.04,running
2025-03-05 13:06:00,M01,218.52,115.88,18.65,running
2025-03-05 13:07:00,M01,219.5,121.54,18.52,running
2025-03-05 13:08:00,M01,219.03,115.4,18.58,running
2025-03-05 13:09:00,M01,219.01,119.18,18.62,running
2025-03-05 13:10:00,M01,218.65,118.32,18.26,running
2025-03-05 13:11:00,M01,218.68,118.08,18.17,running
2025-03-05 13:12:00,M01,218.33,118.22,19.05,running
2025-03-05 13:13:00,M01,218.12,118.15,18.16,running
2025-03-05 13:14:00,M01,218.12,118.31,18.8,running
2025-03-05 13:15:00,M01,216.78,117.88,18.41,running
2025-03-05 13:16:00,M01,216.58,117.49,18.59,running
2025-03-05 13:17:00,M01,217.41,118.32,18.48,running
2025-03-05 13:18:00,M01,217.54,117.72,18.27,running
2025-03-05 13:19:00,M01,218.18,118.15,18.58,running
2025-03-05 13:20:00,M01,218.5,119.85,18.08,running
2025-03-05 13:21:00,M01,218.12,118.42,18.72,running
2025-03-05 13:22:00,M01,218.58,118.96,18.55,running
2025-03-05 13:23:00,M01,218.63,118.67,18.91,running
2025-03-05 13:24:00,M01,219.57,118.16,18.54,running
2025-03-05 13:25:00,M01,219.51,118.94,18.88,running
2025-03-05 13:26:00,M01,219.5,120.13,18.75,running
2025-03-05 13:27:00,M01,218.97,117.82,18.52,running
2025-03-05 13:28:00,M01,219.56,121.16,19.15,running
2025-03-05 13:29:00,M01,218.8,118.06,18.77,running
2025-03-05 13:30:00,M01,219.51,116.95,18.45,running
2025-03-05 13:31:00,M01,220.12,118.12,18.3,running
2025-03-05 13:32:00,M01,218.97,116.3,18.53,running
2025-03-05 13:33:00,M01,219.0,120.08,18.89,running
2025-03-05 13:34:00,M01,218.49,119.76,18.94,running
2025-03-05 13:35:00,M01,218.2,117.8,18.65,running
2025-03-05 13:36:00,M01,218.08,118.97,18.61,running
2025-03-05 13:37:00,M01,217.25,116.88,18.76,running
2025-03-05 13:38:00,M01,218.75,118.14,18.33,running
2025-03-05 13:39:00,M01,218.23,116.9,18.73,running
2025-03-05 13:40:00,M01,218.82,117.35,18.7,running
2025-03-05 13:41:00,M01,217.93,118.16,18.53,running
2025-03-05 13:42:00,M01,217.78,115.66,18.55,running
2025-03-05 13:43:00,M01,217.94,117.59,18.94,running
2025-03-05 13:44:00,M01,218.27,118.23,18.65,running
2025-03-05 13:45:00,M01,218.71,120.45,18.68,running
2025-03-05 13:46:00,M01,219.13,119.97,18.68,running
2025-03-05 13:47:00,M01,218.77,118.82,18.53,running
2025-03-05 13:48:00,M01,219.91,118.98,18.89,running
2025-03-05 13:49:00,M01,219.53,117.56,18.65,running
2025-03-05 13:50:00,M01,218.56,120.25,18.7,running
2025-03-05 13:51:00,M01,218.2,118.99,18.61,running
2025-03-05 13:52:00,M01,218.42,118.48,18.4,running
2025-03-05 13:53:00,M01,218.99,117.9,18.24,running
2025-03-05 13:54:00,M01,219.14,116.66,18.61,running
2025-03-05 13:55:00,M01,219.94,119.64,18.62,running
2025-03-05 13:56:00,M01,220.67,117.81,18.91,running
2025-03-05 13:57:00,M01,220.02,116.41,19.28,running
2025-03-05 13:58:00,M01,220.64,117.82,18.71,running
2025-03-05 13:59:00,M01,220.75,118.83,18.6,running
2025-03-05 14:00:00,M01,221.29,119.54,18.76,running
2025-03-05 14:01:00,M01,219.88,121.55,18.87,running
2025-03-05 14:02:00,M01,219.15,118.26,18.89,running
2025-03-05 14:03:00,M01,218.07,117.72,18.98,running
2025-03-05 14:04:00,M01,217.89,117.8,18.51,running
2025-03-05 14:05:00,M01,218.68,120.29,18.38,running
2025-03-05 14:06:00,M01,218.27,117.37,18.53,running
2025-03-05 14:07:00,M01,218.23,118.13,18.65,running
2025-03-05 14:08:00,M01,218.35,117.3,19.04,running
2025-03-05 14:09:00,M01,219.79,116.76,18.43,running
2025-03-05 14:10:00,M01,219.59,116.49,18.69,running
2025-03-05 14:11:00,M01,219.26,117.51,18.89,running
2025-03-05 14:12:00,M01,219.17,116.66,18.49,running
2025-03-05 14:13:00,M01,218.05,117.05,18.47,running
2025-03-05 14:14:00,M01,218.03,120.22,18.48,running
2025-03-05 14:15:00,M01,218.03,120.48,18.66,running
2025-03-05 14:16:00,M01,217.99,118.44,18.64,running
2025-03-05 14:17:00,M01,219.01,120.47,18.57,running
2025-03-05 14:18:00,M01,218.86,122.04,18.4,running
2025-03-05 14:19:00,M01,219.14,118.19,18.8,running
2025-03-05 14:20:00,M01,218.19,117.65,18.29,running
2025-03-05 14:21:00,M01,218.85,120.39,18.49,running
2025-03-05 14:22:00,M01,220.03,119.93,18.72,running
2025-03-05 14:23:00,M01,220.69,116.87,18.4,running
2025-03-05 14:24:00,M01,219.43,116.78,18.73,running
2025-03-05 14:25:00,M01,218.13,117.08,18.85,running
2025-03-05 14:26:00,M01,217.37,120.15,18.56,running
2025-03-05 14:27:00,M01,217.44,116.38,18.37,running
2025-03-05 14:28:00,M01,217.58,117.24,18.4,running
2025-03-05 14:29:00,M01,217.65,121.77,18.09,running
2025-03-05 14:30:00,M01,217.02,116.89,18.56,running
2025-03-05 14:31:00,M01,217.64,121.14,18.05,running
2025-03-05 14:32:00,M01,218.2,117.78,18.55,running
2025-03-05 14:33:00,M01,218.55,119.51,18.9,running
2025-03-05 14:34:00,M01,218.66,117.89,19.0,running
2025-03-05 14:35:00,M01,217.85,113.85,18.71,running
2025-03-05 14:36:00,M01,217.36,115.14,18.81,running
2025-03-05 14:37:00,M01,217.64,117.54,18.85,running
2025-03-05 14:38:00,M01,219.11,119.61,18.6,running
2025-03-05 14:39:00,M01,218.5,119.81,18.36,running
2025-03-05 14:40:00,M01,218.48,119.28,18.75,running
2025-03-05 14:41:00,M01,217.91,118.15,18.7,running
2025-03-05 14:42:00,M01,217.71,118.09,18.19,running
2025-03-05 14:43:00,M01,217.4,116.26,18.85,running
2025-03-05 14:44:00,M01,217.17,119.3,18.37,running
2025-03-05 14:45:00,M01,218.05,119.16,18.33,running
2025-03-05 14:46:00,M01,217.93,119.77,18.68,running
2025-03-05 14:47:00,M01,218.6,116.46,18.61,running
2025-03-05 14:48:00,M01,218.55,118.2,18.26,running
2025-03-05 14:49:00,M01,219.59,117.07,18.77,running
2025-03-05 14:50:00,M01,219.89,116.45,18.38,running
2025-03-05 14:51:00,M01,218.54,116.14,18.65,running
2025-03-05 14:52:00,M01,218.62,118.85,18.65,running
2025-03-05 14:53:00,M01,218.75,117.18,18.68,running
2025-03-05 14:54:00,M01,218.85,119.08,18.7,running
2025-03-05 14:55:00,M01,218.76,117.29,18.49,running
2025-03-05 14:56:00,M01,219.13,118.16,18.46,running
2025-03-05 14:57:00,M01,218.78,119.65,18.41,running
2025-03-05 14:58:00,M01,220.18,118.76,18.7,running
2025-03-05 14:59:00,M01,219.58,118.96,18.37,running
2025-03-05 15:00:00,M01,219.03,120.04,18.72,running
2025-03-05 15:01:00,M01,218.27,119.48,18.42,running
2025-03-05 15:02:00,M01,218.92,115.81,18.21,running
2025-03-05 15:03:00,M01,218.35,117.06,18.36,running
2025-03-05 15:04:00,M01,218.36,118.15,18.48,running
2025-03-05 15:05:00,M01,219.13,119.84,19.34,running
2025-03-05 15:06:00,M01,218.71,118.74,18.36,running
2025-03-05 15:07:00,M01,217.1,119.94,18.65,running
2025-03-05 15:08:00,M01,217.62,119.93,18.51,running
2025-03-05 15:09:00,M01,218.13,117.93,18.53,running
2025-03-05 15:10:00,M01,217.77,119.32,18.81,running
2025-03-05 15:11:00,M01,217.95,119.87,18.35,running
2025-03-05 15:12:00,M01,216.59,115.17,18.19,running
2025-03-05 15:13:00,M01,216.8,120.5,18.71,running
2025-03-05 15:14:00,M01,216.86,119.88,18.83,running
2025-03-05 15:15:00,M01,216.56,115.87,17.87,running
2025-03-05 15:16:00,M01,217.85,118.75,18.99,running
2025-03-05 15:17:00,M01,218.83,117.26,18.46,running
2025-03-05 15:18:00,M01,219.17,121.21,18.46,running
2025-03-05 15:19:00,M01,219.24,118.21,18.63,running
2025-03-05 15:20:00,M01,219.78,118.29,18.73,running
2025-03-05 15:21:00,M01,219.71,119.15,18.39,running
2025-03-05 15:22:00,M01,219.08,118.59,18.81,running
2025-03-05 15:23:00,M01,218.34,121.28,18.81,running
2025-03-05 15:24:00,M01,218.11,117.5,18.6,running
2025-03-05 15:25:00,M01,218.27,119.21,18.6,running
2025-03-05 15:26:00,M01,219.39,120.41,18.8,running
2025-03-05 15:27:00,M01,218.91,117.16,18.61,running
2025-03-05 15:28:00,M01,219.14,119.35,18.73,running
2025-03-05 15:29:00,M01,219.66,119.48,18.93,running
2025-03-05 15:30:00,M01,219.45,117.85,18.29,running
2025-03-05 15:31:00,M01,218.9,115.06,18.64,running
2025-03-05 15:32:00,M01,219.14,117.95,18.84,running
2025-03-05 15:33:00,M01,217.97,120.54,18.71,running
2025-03-05 15:34:00,M01,219.12,119.64,18.78,running
2025-03-05 15:35:00,M01,219.26,118.53,18.5,running
2025-03-05 15:36:00,M01,220.38,118.04,18.64,running
2025-03-05 15:37:00,M01,218.84,120.16,18.47,running
2025-03-05 15:38:00,M01,218.69,118.26,18.38,running
2025-03-05 15:39:00,M01,218.51,117.69,18.09,running
2025-03-05 15:40:00,M01,218.27,116.38,19.07,running
2025-03-05 15:41:00,M01,217.58,117.8,18.5,running
2025-03-05 15:42:00,M01,217.45,120.23,18.6,running
2025-03-05 15:43:00,M01,217.03,118.91,18.57,running
2025-03-05 15:44:00,M01,218.02,117.29,19.0,running
2025-03-05 15:45:00,M01,217.94,119.1,18.75,running
2025-03-05 15:46:00,M01,216.86,114.53,18.27,running
2025-03-05 15:47:00,M01,216.43,119.65,18.49,running
2025-03-05 15:48:00,M01,216.38,120.61,18.17,running
2025-03-05 15:49:00,M01,215.97,122.32,19.05,running
2025-03-05 15:50:00,M01,215.42,117.82,18.23,running
2025-03-05 15:51:00,M01,215.99,117.42,18.7,running
2025-03-05 15:52:00,M01,216.51,119.14,18.85,running
2025-03-05 15:53:00,M01,217.57,116.91,18.48,running
2025-03-05 15:54:00,M01,218.03,117.1,18.4,running
2025-03-05 15:55:00,M01,217.84,114.48,18.41,running
2025-03-05 15:56:00,M01,217.59,114.8,18.65,running
2025-03-05 15:57:00,M01,217.65,116.73,18.73,running
2025-03-05 15:58:00,M01,216.95,118.64,18.79,running
2025-03-05 15:59:00,M01,217.43,118.65,18.54,running
2025-03-05 16:00:00,M01,217.56,116.44,18.67,running
2025-03-05 16:01:00,M01,217.14,120.15,18.94,running
2025-03-05 16:02:00,M01,218.07,117.46,18.57,running
2025-03-05 16:03:00,M01,217.63,115.12,18.13,running
2025-03-05 16:04:00,M01,218.18,116.93,18.75,running
2025-03-05 16:05:00,M01,217.71,119.32,18.83,running
2025-03-05 16:06:00,M01,218.64,120.04,18.12,running
2025-03-05 16:07:00,M01,218.41,116.09,18.62,running
2025-03-05 16:08:00,M01,217.47,116.66,18.32,running
2025-03-05 16:09:00,M01,218.94,116.38,18.69,running
2025-03-05 16:10:00,M01,217.83,119.09,18.79,running
2025-03-05 16:11:00,M01,217.88,116.36,18.65,running
2025-03-05 16:12:00,M01,218.23,117.04,18.36,running
2025-03-05 16:13:00,M01,217.69,115.87,19.03,running
2025-03-05 16:14:00,M01,218.76,116.98,18.34,running
2025-03-05 16:15:00,M01,218.77,119.1,18.79,running
2025-03-05 16:16:00,M01,218.71,116.23,18.54,running
2025-03-05 16:17:00,M01,217.67,117.84,18.26,running
2025-03-05 16:18:00,M01,217.39,119.9,18.96,running
2025-03-05 16:19:00,M01,216.92,118.47,18.35,running
2025-03-05 16:20:00,M01,216.92,119.16,18.11,running
2025-03-05 16:21:00,M01,216.69,116.79,18.26,running
2025-03-05 16:22:00,M01,217.75,119.93,18.73,running
2025-03-05 16:23:00,M01,218.14,118.7,18.64,running
2025-03-05 16:24:00,M01,217.62,118.66,18.97,running
2025-03-05 16:25:00,M01,217.88,118.57,18.63,running
2025-03-05 16:26:00,M01,217.66,118.73,18.77,running
2025-03-05 16:27:00,M01,218.26,116.81,18.9,running
2025-03-05 16:28:00,M01,217.79,118.25,18.09,running
2025-03-05 16:29:00,M01,217.74,120.05,18.39,running
2025-03-05 16:30:00,M01,217.88,119.37,18.77,running
2025-03-05 16:31:00,M01,218.22,120.43,18.14,running
2025-03-05 16:32:00,M01,218.97,120.54,18.63,running
2025-03-05 16:33:00,M01,219.33,117.56,18.58,running
2025-03-05 16:34:00,M01,219.03,117.91,18.9,running
2025-03-05 16:35:00,M01,218.61,118.64,18.48,running
2025-03-05 16:36:00,M01,218.86,120.36,18.56,running
2025-03-05 16:37:00,M01,218.96,119.89,18.43,running
2025-03-05 16:38:00,M01,218.54,117.31,18.58,running
2025-03-05 16:39:00,M01,219.19,121.66,18.28,running
2025-03-05 16:40:00,M01,219.66,121.66,18.76,running
2025-03-05 16:41:00,M01,218.98,121.02,19.0,running
2025-03-05 16:42:00,M01,219.13,118.27,18.2,running
2025-03-05 16:43:00,M01,218.31,119.15,18.96,running
2025-03-05 16:44:00,M01,217.94,118.83,18.62,running
2025-03-05 16:45:00,M01,218.32,117.86,18.47,running
2025-03-05 16:46:00,M01,218.65,120.83,18.32,running
2025-03-05 16:47:00,M01,217.1,121.04,18.35,running
2025-03-05 16:48:00,M01,217.69,118.27,18.53,running
2025-03-05 16:49:00,M01,217.67,118.99,18.4,running
2025-03-05 16:50:00,M01,216.95,117.21,18.91,running
2025-03-05 16:51:00,M01,217.28,118.85,18.83,running
2025-03-05 16:52:00,M01,218.28,118.44,18.31,running
2025-03-05 16:53:00,M01,218.63,115.33,18.69,running
2025-03-05 16:54:00,M01,218.85,119.52,18.56,running
2025-03-05 16:55:00,M01,218.31,117.85,19.0,running
2025-03-05 16:56:00,M01,219.2,118.24,18.93,running
2025-03-05 16:57:00,M01,219.29,119.49,19.04,running
2025-03-05 16:58:00,M01,219.63,116.32,18.87,running
2025-03-05 16:59:00,M01,217.77,118.49,18.64,running
2025-03-05 17:00:00,M01,218.4,117.26,18.59,running
2025-03-05 17:01:00,M01,219.04,116.75,18.78,running
2025-03-05 17:02:00,M01,219.02,118.33,18.48,running
2025-03-05 17:03:00,M01,218.73,117.76,18.72,running
2025-03-05 17:04:00,M01,218.27,118.93,18.35,running
2025-03-05 17:05:00,M01,217.78,119.61,18.69,running
2025-03-05 17:06:00,M01,217.95,118.34,18.91,running
2025-03-05 17:07:00,M01,217.21,118.05,18.56,running
2025-03-05 17:08:00,M01,216.68,121.84,18.76,running
2025-03-05 17:09:00,M01,216.9,121.1,18.84,running
2025-03-05 17:10:00,M01,216.81,118.04,18.39,running
2025-03-05 17:11:00,M01,217.93,120.14,18.13,running
2025-03-05 17:12:00,M01,217.43,119.65,18.61,running
2025-03-05 17:13:00,M01,217.55,117.75,18.4,running
2025-03-05 17:14:00,M01,217.69,119.53,18.6,running
2025-03-05 17:15:00,M01,217.13,117.16,18.42,running
2025-03-05 17:16:00,M01,216.88,118.65,18.61,running
2025-03-05 17:17:00,M01,216.31,119.84,18.78,running
2025-03-05 17:18:00,M01,217.11,116.94,18.62,running
2025-03-05 17:19:00,M01,216.97,120.21,18.64,running
2025-03-05 17:20:00,M01,216.9,118.73,18.9,running
2025-03-05 17:21:00,M01,216.78,119.11,18.75,running
2025-03-05 17:22:00,M01,217.81,117.0,18.5,running
2025-03-05 17:23:00,M01,218.67,117.98,18.5,running
2025-03-05 17:24:00,M01,218.75,117.93,18.64,running
2025-03-05 17:25:00,M01,218.26,119.38,18.78,running
2025-03-05 17:26:00,M01,217.85,120.19,18.33,running
2025-03-05 17:27:00,M01,217.98,117.63,18.5,running
2025-03-05 17:28:00,M01,218.23,116.49,18.67,running
2025-03-05 17:29:00,M01,217.93,118.08,18.4,running
2025-03-05 17:30:00,M01,217.58,119.14,18.61,running
2025-03-05 17:31:00,M01,217.35,118.58,18.84,running
2025-03-05 17:32:00,M01,217.95,120.09,18.41,running
2025-03-05 17:33:00,M01,217.18,119.03,18.64,running
2025-03-05 17:34:00,M01,218.16,120.42,18.5,running
2025-03-05 17:35:00,M01,218.25,116.54,19.04,running
2025-03-05 17:36:00,M01,217.71,116.88,18.82,running
2025-03-05 17:37:00,M01,217.77,118.3,18.57,running
2025-03-05 17:38:00,M01,218.48,118.11,18.75,running
2025-03-05 17:39:00,M01,219.25,117.0,18.58,running
2025-03-05 17:40:00,M01,219.54,116.99,18.28,running
2025-03-05 17:41:00,M01,218.83,116.63,18.81,running
2025-03-05 17:42:00,M01,218.77,119.13,19.19,running
2025-03-05 17:43:00,M01,217.96,118.8,19.12,running
2025-03-05 17:44:00,M01,216.73,120.78,18.45,running
2025-03-05 17:45:00,M01,216.74,118.56,18.76,running
2025-03-05 17:46:00,M01,215.94,116.39,18.43,running
2025-03-05 17:47:00,M01,216.8,120.81,19.15,running
2025-03-05 17:48:00,M01,217.95,118.16,18.83,running
2025-03-05 17:49:00,M01,217.82,120.0,18.11,running
2025-03-05 17:50:00,M01,217.61,118.97,18.98,running
2025-03-05 17:51:00,M01,216.89,118.87,18.64,running
2025-03-05 17:52:00,M01,217.5,115.52,18.36,running
2025-03-05 17:53:00,M01,217.0,118.99,18.37,running
2025-03-05 17:54:00,M01,217.34,115.99,18.82,running
2025-03-05 17:55:00,M01,218.4,118.31,18.84,running
2025-03-05 17:56:00,M01,218.48,119.66,18.68,running
2025-03-05 17:57:00,M01,218.46,116.96,18.33,running
2025-03-05 17:58:00,M01,218.62,120.4,18.62,running
2025-03-05 17:59:00,M01,219.33,117.54,18.83,running
2025-03-05 18:00:00,M01,218.49,117.34,18.26,running
2025-03-05 18:01:00,M01,219.03,116.25,18.85,running
2025-03-05 18:02:00,M01,218.45,120.87,18.79,running
2025-03-05 18:03:00,M01,219.03,120.89,18.75,running
2025-03-05 18:04:00,M01,218.58,120.67,18.56,running
2025-03-05 18:05:00,M01,218.2,119.32,18.26,running
2025-03-05 18:06:00,M01,218.26,118.85,18.87,running
2025-03-05 18:07:00,M01,218.77,116.75,19.11,running
2025-03-05 18:08:00,M01,217.29,118.24,18.61,running
2025-03-05 18:09:00,M01,216.77,119.56,18.67,running
2025-03-05 18:10:00,M01,216.84,117.24,18.75,running
2025-03-05 18:11:00,M01,218.0,118.58,18.55,running
2025-03-05 18:12:00,M01,218.03,117.14,18.82,running
2025-03-05 18:13:00,M01,218.92,118.83,18.78,running
2025-03-05 18:14:00,M01,217.87,117.87,18.55,running
2025-03-05 18:15:00,M01,218.46,119.49,18.55,running
2025-03-05 18:16:00,M01,218.87,118.36,18.37,running
2025-03-05 18:17:00,M01,218.1,119.66,18.45,running
2025-03-05 18:18:00,M01,218.75,115.78,18.68,running
2025-03-05 18:19:00,M01,217.17,119.86,18.53,running
2025-03-05 18:20:00,M01,215.96,116.54,18.89,running
2025-03-05 18:21:00,M01,217.65,118.79,18.44,running
2025-03-05 18:22:00,M01,217.28,120.58,18.55,running
2025-03-05 18:23:00,M01,216.56,116.66,18.44,running
2025-03-05 18:24:00,M01,217.33,119.05,18.85,running
2025-03-05 18:25:00,M01,217.59,118.1,18.79,running
2025-03-05 18:26:00,M01,218.82,120.36,18.58,running
2025-03-05 18:27:00,M01,217.51,123.34,18.85,running
2025-03-05 18:28:00,M01,217.48,117.47,18.82,running
2025-03-05 18:29:00,M01,218.0,116.35,19.16,running
2025-03-05 18:30:00,M01,218.5,119.06,18.45,running
2025-03-05 18:31:00,M01,217.41,118.12,18.69,running
2025-03-05 18:32:00,M01,218.22,116.73,18.25,running
2025-03-05 18:33:00,M01,217.54,119.26,18.66,running
2025-03-05 18:34:00,M01,216.91,117.43,18.94,running
2025-03-05 18:35:00,M01,216.81,118.09,18.33,running
2025-03-05 18:36:00,M01,216.95,120.26,18.49,running
2025-03-05 18:37:00,M01,216.61,117.51,18.76,running
2025-03-05 18:38:00,M01,216.57,119.17,18.49,running
2025-03-05 18:39:00,M01,216.94,116.71,18.67,running
2025-03-05 18:40:00,M01,216.9,120.8,18.99,running
2025-03-05 18:41:00,M01,216.4,118.95,18.46,running
2025-03-05 18:42:00,M01,216.12,117.81,18.51,running
2025-03-05 18:43:00,M01,216.49,117.8,18.87,running
2025-03-05 18:44:00,M01,216.53,120.92,18.2,running
2025-03-05 18:45:00,M01,217.29,117.13,18.93,running
2025-03-05 18:46:00,M01,217.79,119.42,18.83,running
2025-03-05 18:47:00,M01,217.05,121.67,18.28,running
2025-03-05 18:48:00,M01,217.18,115.8,18.48,running
2025-03-05 18:49:00,M01,217.73,118.97,18.81,running
2025-03-05 18:50:00,M01,217.33,120.23,18.19,running
2025-03-05 18:51:00,M01,216.52,122.6,18.39,running
2025-03-05 18:52:00,M01,216.02,118.71,18.42,running
2025-03-05 18:53:00,M01,215.65,119.81,18.55,running
2025-03-05 18:54:00,M01,215.46,118.44,18.16,running
2025-03-05 18:55:00,M01,214.13,117.23,18.54,running
2025-03-05 18:56:00,M01,215.87,118.84,18.39,running
2025-03-05 18:57:00,M01,215.26,120.16,18.64,running
2025-03-05 18:58:00,M01,215.3,117.87,19.03,running
2025-03-05 18:59:00,M01,215.69,119.09,18.36,running
2025-03-05 19:00:00,M01,216.32,119.12,18.24,running
2025-03-05 19:01:00,M01,215.53,117.85,18.41,running
2025-03-05 19:02:00,M01,216.09,117.69,18.41,running
2025-03-05 19:03:00,M01,216.03,117.1,18.31,running
2025-03-05 19:04:00,M01,215.95,117.92,18.45,running
2025-03-05 19:05:00,M01,216.6,119.71,18.72,running
2025-03-05 19:06:00,M01,216.23,116.69,18.47,running
2025-03-05 19:07:00,M01,216.46,117.69,18.27,running
2025-03-05 19:08:00,M01,216.88,119.32,18.67,running
2025-03-05 19:09:00,M01,217.8,119.08,18.67,running
2025-03-05 19:10:00,M01,217.04,118.47,18.68,running
2025-03-05 19:11:00,M01,216.19,118.42,18.28,running
2025-03-05 19:12:00,M01,215.17,118.75,18.81,running
2025-03-05 19:13:00,M01,214.34,117.87,18.45,running
2025-03-05 19:14:00,M01,214.64,116.55,18.76,running
2025-03-05 19:15:00,M01,215.04,116.81,18.82,running
2025-03-05 19:16:00,M01,215.53,118.94,18.6,running
2025-03-05 19:17:00,M01,216.12,119.31,18.13,running
2025-03-05 19:18:00,M01,217.15,117.64,18.94,running
2025-03-05 19:19:00,M01,216.41,118.21,18.23,running
2025-03-05 19:20:00,M01,216.44,116.44,17.83,running
2025-03-05 19:21:00,M01,216.45,117.24,18.39,running
2025-03-05 19:22:00,M01,215.56,117.64,18.31,running
2025-03-05 19:23:00,M01,215.54,119.09,18.5,running
2025-03-05 19:24:00,M01,214.93,118.23,18.05,running
2025-03-05 19:25:00,M01,214.03,117.4,18.33,running
2025-03-05 19:26:00,M01,214.09,118.23,18.33,running
2025-03-05 19:27:00,M01,214.65,117.17,19.0,running
2025-03-05 19:28:00,M01,215.37,119.8,18.3,running
2025-03-05 19:29:00,M01,216.63,115.9,18.65,running
2025-03-05 19:30:00,M01,216.3,117.81,19.13,running
2025-03-05 19:31:00,M01,215.17,118.86,19.25,running
2025-03-05 19:32:00,M01,215.74,117.09,18.49,running
2025-03-05 19:33:00,M01,215.52,118.49,18.0,running
2025-03-05 19:34:00,M01,216.01,117.58,18.46,running
2025-03-05 19:35:00,M01,215.14,118.6,18.53,running
2025-03-05 19:36:00,M01,214.88,118.82,18.29,running
2025-03-05 19:37:00,M01,215.28,116.83,18.59,running
2025-03-05 19:38:00,M01,216.54,120.44,18.22,running
2025-03-05 19:39:00,M01,216.76,119.7,19.16,running
2025-03-05 19:40:00,M01,217.45,117.34,18.76,running
2025-03-05 19:41:00,M01,216.82,115.56,18.4,running
2025-03-05 19:42:00,M01,216.85,116.98,18.69,running
2025-03-05 19:43:00,M01,216.98,118.73,18.54,running
2025-03-05 19:44:00,M01,216.39,119.18,18.77,running
2025-03-05 19:45:00,M01,216.72,117.56,18.52,running
2025-03-05 19:46:00,M01,216.91,118.06,18.67,running
2025-03-05 19:47:00,M01,216.74,118.3,18.49,running
2025-03-05 19:48:00,M01,218.14,120.5,18.59,running
2025-03-05 19:49:00,M01,218.34,117.11,18.33,running
2025-03-05 19:50:00,M01,218.05,116.84,18.63,running
2025-03-05 19:51:00,M01,218.16,115.77,18.65,running
2025-03-05 19:52:00,M01,217.53,116.41,18.39,running
2025-03-05 19:53:00,M01,216.73,116.14,18.71,running
2025-03-05 19:54:00,M01,216.52,119.13,18.32,running
2025-03-05 19:55:00,M01,216.42,116.44,18.54,running
2025-03-05 19:56:00,M01,217.18,119.47,18.3,running
2025-03-05 19:57:00,M01,216.58,118.36,18.85,running
2025-03-05 19:58:00,M01,214.98,118.55,18.43,running
2025-03-05 19:59:00,M01,215.33,116.5,18.36,running
2025-03-05 20:00:00,M01,216.28,116.69,18.55,running
2025-03-05 20:01:00,M01,215.28,121.43,18.54,running
2025-03-05 20:02:00,M01,217.09,119.4,19.2,running
2025-03-05 20:03:00,M01,216.23,119.97,18.76,running
2025-03-05 20:04:00,M01,216.2,117.73,18.6,running
2025-03-05 20:05:00,M01,216.6,119.77,18.34,running
2025-03-05 20:06:00,M01,216.18,117.11,18.79,running
2025-03-05 20:07:00,M01,215.99,117.06,18.27,running
2025-03-05 20:08:00,M01,215.93,118.91,18.49,running
2025-03-05 20:09:00,M01,215.41,119.67,18.71,running
2025-03-05 20:10:00,M01,216.06,117.86,18.31,running
2025-03-05 20:11:00,M01,216.6,119.27,19.03,running
2025-03-05 20:12:00,M01,216.85,117.11,18.55,running
2025-03-05 20:13:00,M01,216.11,118.01,18.99,running
2025-03-05 20:14:00,M01,215.9,117.54,18.46,running
2025-03-05 20:15:00,M01,216.62,119.07,18.64,running
2025-03-05 20:16:00,M01,216.79,118.01,18.6,running
2025-03-05 20:17:00,M01,217.3,118.69,18.44,running
2025-03-05 20:18:00,M01,216.6,121.18,18.92,running
2025-03-05 20:19:00,M01,215.81,119.03,18.19,running
2025-03-05 20:20:00,M01,215.58,116.83,18.83,running
2025-03-05 20:21:00,M01,215.23,116.03,18.08,running
2025-03-05 20:22:00,M01,215.33,117.24,18.22,running
2025-03-05 20:23:00,M01,215.41,119.13,18.37,running
2025-03-05 20:24:00,M01,214.52,117.88,18.32,running
2025-03-05 20:25:00,M01,214.98,118.47,18.44,running
2025-03-05 20:26:00,M01,215.59,118.36,17.93,running
2025-03-05 20:27:00,M01,216.28,118.71,17.83,running
2025-03-05 20:28:00,M01,216.85,117.67,18.1,running
2025-03-05 20:29:00,M01,216.32,117.69,18.63,running
2025-03-05 20:30:00,M01,216.32,117.5,18.51,running
2025-03-05 20:31:00,M01,216.25,119.28,18.46,running
2025-03-05 20:32:00,M01,216.07,118.35,18.01,running
2025-03-05 20:33:00,M01,216.48,116.86,18.58,running
2025-03-05 20:34:00,M01,215.39,117.8,18.78,running
2025-03-05 20:35:00,M01,214.69,120.52,18.62,running
2025-03-05 20:36:00,M01,215.8,117.58,18.32,running
2025-03-05 20:37:00,M01,216.25,115.54,18.25,running
2025-03-05 20:38:00,M01,217.3,119.74,18.12,running
2025-03-05 20:39:00,M01,215.85,119.27,18.58,running
2025-03-05 20:40:00,M01,215.84,119.16,18.77,running
2025-03-05 20:41:00,M01,215.9,116.63,18.16,running
2025-03-05 20:42:00,M01,216.53,116.73,18.43,running
2025-03-05 20:43:00,M01,216.29,116.43,18.54,running
2025-03-05 20:44:00,M01,215.71,120.72,18.42,running
2025-03-05 20:45:00,M01,215.57,117.45,18.46,running
2025-03-05 20:46:00,M01,215.23,116.55,18.32,running
2025-03-05 20:47:00,M01,215.71,118.89,18.63,running
2025-03-05 20:48:00,M01,216.15,119.01,18.88,running
2025-03-05 20:49:00,M01,215.5,117.3,18.2,running
2025-03-05 20:50:00,M01,215.83,117.37,18.38,running
2025-03-05 20:51:00,M01,216.05,118.15,18.24,running
2025-03-05 20:52:00,M01,215.07,116.54,18.28,running
2025-03-05 20:53:00,M01,214.85,117.76,18.51,running
2025-03-05 20:54:00,M01,215.27,118.5,18.26,running
2025-03-05 20:55:00,M01,215.5,116.89,18.88,running
2025-03-05 20:56:00,M01,216.12,121.29,18.71,running
2025-03-05 20:57:00,M01,215.96,115.63,18.91,running
2025-03-05 20:58:00,M01,216.08,117.46,18.2,running
2025-03-05 20:59:00,M01,216.53,117.04,18.55,running
2025-03-05 21:00:00,M01,215.79,116.69,18.02,running
2025-03-05 21:01:00,M01,215.2,117.07,18.76,running
2025-03-05 21:02:00,M01,214.25,116.18,18.99,running
2025-03-05 21:03:00,M01,214.96,116.1,18.54,running
2025-03-05 21:04:00,M01,214.76,118.43,18.42,running
2025-03-05 21:05:00,M01,215.88,118.06,18.33,running
2025-03-05 21:06:00,M01,215.6,116.93,18.42,running
2025-03-05 21:07:00,M01,216.07,116.32,18.88,running
2025-03-05 21:08:00,M01,215.86,119.37,18.54,running
2025-03-05 21:09:00,M01,215.35,117.81,18.83,running
2025-03-05 21:10:00,M01,215.82,118.18,18.65,running
2025-03-05 21:11:00,M01,214.48,118.83,18.43,running
2025-03-05 21:12:00,M01,215.71,117.46,18.36,running
2025-03-05 21:13:00,M01,214.9,119.3,18.85,running
2025-03-05 21:14:00,M01,215.65,117.46,18.29,running
2025-03-05 21:15:00,M01,215.31,118.37,18.41,running
2025-03-05 21:16:00,M01,215.57,119.17,18.35,running
2025-03-05 21:17:00,M01,214.85,118.0,18.5,running
2025-03-05 21:18:00,M01,214.95,119.9,18.48,running
2025-03-05 21:19:00,M01,214.46,117.65,18.29,running
2025-03-05 21:20:00,M01,213.7,117.8,18.42,running
2025-03-05 21:21:00,M01,213.27,116.75,18.23,running
2025-03-05 21:22:00,M01,214.03,115.66,18.39,running
2025-03-05 21:23:00,M01,214.05,117.53,18.52,running
2025-03-05 21:24:00,M01,214.45,118.89,18.6,running
2025-03-05 21:25:00,M01,213.65,116.42,18.36,running
2025-03-05 21:26:00,M01,213.08,117.98,18.55,running
2025-03-05 21:27:00,M01,213.38,119.02,18.4,running
2025-03-05 21:28:00,M01,213.18,118.46,19.08,running
2025-03-05 21:29:00,M01,212.97,120.72,18.11,running
2025-03-05 21:30:00,M01,212.8,118.96,18.47,running
2025-03-05 21:31:00,M01,213.18,118.05,18.16,running
2025-03-05 21:32:00,M01,213.31,116.89,18.58,running
2025-03-05 21:33:00,M01,213.42,119.34,18.25,running
2025-03-05 21:34:00,M01,215.16,118.29,18.81,running
2025-03-05 21:35:00,M01,215.89,119.83,18.6,running
2025-03-05 21:36:00,M01,216.97,119.2,18.66,running
2025-03-05 21:37:00,M01,216.53,116.8,18.77,running
2025-03-05 21:38:00,M01,216.53,118.19,18.57,running
2025-03-05 21:39:00,M01,216.11,118.09,18.43,running
2025-03-05 21:40:00,M01,215.53,120.36,18.71,running
2025-03-05 21:41:00,M01,214.77,117.54,18.29,running
2025-03-05 21:42:00,M01,215.76,116.93,18.64,running
2025-03-05 21:43:00,M01,215.33,120.05,18.95,running
2025-03-05 21:44:00,M01,214.62,117.33,17.69,running
2025-03-05 21:45:00,M01,213.3,116.09,18.37,running
2025-03-05 21:46:00,M01,213.3,119.28,18.69,running
2025-03-05 21:47:00,M01,213.56,119.19,18.5,running
2025-03-05 21:48:00,M01,212.64,119.15,18.28,running
2025-03-05 21:49:00,M01,213.16,115.82,17.99,running
2025-03-05 21:50:00,M01,212.77,116.19,18.77,running
2025-03-05 21:51:00,M01,212.34,118.89,18.21,running
2025-03-05 21:52:00,M01,212.72,118.18,18.24,running
2025-03-05 21:53:00,M01,212.66,118.12,18.42,running
2025-03-05 21:54:00,M01,213.67,117.76,18.91,running
2025-03-05 21:55:00,M01,213.11,122.63,18.45,running
2025-03-05 21:56:00,M01,214.41,117.48,18.45,running
2025-03-05 21:57:00,M01,215.24,115.32,18.41,running
2025-03-05 21:58:00,M01,216.16,115.91,18.15,running
2025-03-05 21:59:00,M01,215.56,117.83,18.61,running
2025-03-05 22:00:00,M01,215.92,118.22,18.71,running
2025-03-05 22:01:00,M01,215.69,117.83,17.89,running
2025-03-05 22:02:00,M01,215.73,0.0,,stopped
2025-03-05 22:03:00,M01,216.28,0.0,,stopped
2025-03-05 22:04:00,M01,215.86,0.0,,stopped
2025-03-05 22:05:00,M01,214.49,0.0,,stopped
2025-03-05 22:06:00,M01,214.83,0.0,,stopped
2025-03-05 22:07:00,M01,214.34,0.0,,stopped
2025-03-05 22:08:00,M01,215.42,0.0,,stopped
2025-03-05 22:09:00,M01,215.01,0.0,,stopped
2025-03-05 22:10:00,M01,216.65,0.0,,stopped
2025-03-05 22:11:00,M01,216.1,0.0,,stopped
2025-03-05 22:12:00,M01,216.22,0.0,,stopped
2025-03-05 22:13:00,M01,216.1,0.0,,stopped
2025-03-05 22:14:00,M01,215.78,0.0,,stopped
2025-03-05 22:15:00,M01,215.97,0.0,,stopped
2025-03-05 22:16:00,M01,216.61,0.0,,stopped
2025-03-05 22:17:00,M01,217.57,0.0,,stopped
2025-03-05 22:18:00,M01,217.62,0.0,,stopped
2025-03-05 22:19:00,M01,218.48,0.0,,stopped
2025-03-05 22:20:00,M01,219.25,0.0,,stopped
2025-03-05 22:21:00,M01,218.62,0.0,,stopped
2025-03-05 22:22:00,M01,218.05,0.0,,stopped
2025-03-05 22:23:00,M01,218.08,0.0,,stopped
2025-03-05 22:24:00,M01,216.73,0.0,,stopped
2025-03-05 22:25:00,M01,217.91,0.0,,stopped
2025-03-05 22:26:00,M01,218.3,0.0,,stopped
2025-03-05 22:27:00,M01,217.68,0.0,,stopped
2025-03-05 22:28:00,M01,218.46,0.0,,stopped
2025-03-05 22:29:00,M01,218.16,0.0,,stopped
2025-03-05 22:30:00,M01,218.6,0.0,,stopped
2025-03-05 22:31:00,M01,218.6,0.0,,stopped
2025-03-05 22:32:00,M01,219.53,0.0,,stopped
2025-03-05 22:33:00,M01,219.9,0.0,,stopped
2025-03-05 22:34:00,M01,219.34,116.1,18.5,running
2025-03-05 22:35:00,M01,220.41,115.16,18.3,running
2025-03-05 22:36:00,M01,221.28,119.89,18.34,running
2025-03-05 22:37:00,M01,222.48,118.23,18.18,running
2025-03-05 22:38:00,M01,221.9,119.36,18.31,running
2025-03-05 22:39:00,M01,221.87,115.06,17.83,running
2025-03-05 22:40:00,M01,,116.13,18.3,running
2025-03-05 22:41:00,M01,221.19,116.45,18.03,running
2025-03-05 22:42:00,M01,222.16,117.22,18.57,running
2025-03-05 22:43:00,M01,222.44,119.11,18.49,running
2025-03-05 22:44:00,M01,,120.08,18.58,running
2025-03-05 22:45:00,M01,223.07,115.73,18.18,running
2025-03-05 22:46:00,M01,223.56,117.93,18.71,running
2025-03-05 22:47:00,M01,224.03,118.61,18.23,running
2025-03-05 22:48:00,M01,224.47,119.62,18.67,running
2025-03-05 22:49:00,M01,224.33,117.94,18.83,running
2025-03-05 22:50:00,M01,224.06,117.11,18.63,running
2025-03-05 22:51:00,M01,224.18,115.43,18.23,running
2025-03-05 22:52:00,M01,225.04,118.23,18.39,running
2025-03-05 22:53:00,M01,225.25,115.74,18.35,running
2025-03-05 22:54:00,M01,224.55,121.69,18.18,running
2025-03-05 22:55:00,M01,224.27,119.37,18.17,running
2025-03-05 22:56:00,M01,225.0,118.06,18.13,running
2025-03-05 22:57:00,M01,224.76,116.96,18.59,running
2025-03-05 22:58:00,M01,224.6,120.94,18.13,running
2025-03-05 22:59:00,M01,224.16,116.83,18.98,running
2025-03-05 23:00:00,M01,224.47,119.26,17.96,running
2025-03-05 23:01:00,M01,223.94,116.49,17.91,running
2025-03-05 23:02:00,M01,223.69,119.96,18.46,running
2025-03-05 23:03:00,M01,222.79,117.29,18.44,running
2025-03-05 23:04:00,M01,222.24,116.93,18.4,running
2025-03-05 23:05:00,M01,220.91,116.54,18.05,running
2025-03-05 23:06:00,M01,220.21,118.54,18.72,running
2025-03-05 23:07:00,M01,221.27,118.28,18.31,running
2025-03-05 23:08:00,M01,220.08,117.49,18.36,running
2025-03-05 23:09:00,M01,220.6,116.44,18.53,running
2025-03-05 23:10:00,M01,219.66,116.04,18.65,running
2025-03-05 23:11:00,M01,219.11,117.4,17.97,running
2025-03-05 23:12:00,M01,218.76,117.66,18.21,running
2025-03-05 23:13:00,M01,218.05,116.96,18.86,running
2025-03-05 23:14:00,M01,217.57,114.31,18.1,running
2025-03-05 23:15:00,M01,218.89,121.58,18.39,running
2025-03-05 23:16:00,M01,218.81,119.03,18.72,running
2025-03-05 23:17:00,M01,218.45,117.16,18.42,running
2025-03-05 23:18:00,M01,218.11,115.94,18.52,running
2025-03-05 23:19:00,M01,217.33,114.08,18.41,running
2025-03-05 23:20:00,M01,217.97,117.67,18.83,running
2025-03-05 23:21:00,M01,218.09,119.07,18.45,running
2025-03-05 23:22:00,M01,217.39,116.24,18.35,running
2025-03-05 23:23:00,M01,216.63,117.19,18.21,running
2025-03-05 23:24:00,M01,216.88,114.33,18.5,running
2025-03-05 23:25:00,M01,216.12,118.97,18.17,running
2025-03-05 23:26:00,M01,215.55,116.48,18.99,running
2025-03-05 23:27:00,M01,216.29,118.26,18.67,running
2025-03-05 23:28:00,M01,215.46,117.85,18.77,running
2025-03-05 23:29:00,M01,215.12,118.66,17.95,running
2025-03-05 23:30:00,M01,215.26,120.14,18.51,running
2025-03-05 23:31:00,M01,214.18,116.79,18.84,running
2025-03-05 23:32:00,M01,213.88,115.27,18.33,running
2025-03-05 23:33:00,M01,213.65,117.38,18.03,running
2025-03-05 23:34:00,M01,213.28,117.48,18.89,running
2025-03-05 23:35:00,M01,212.61,116.45,18.97,running
2025-03-05 23:36:00,M01,211.88,117.33,18.09,running
2025-03-05 23:37:00,M01,212.61,117.56,18.65,running
2025-03-05 23:38:00,M01,211.63,118.89,18.8,running
2025-03-05 23:39:00,M01,214.06,115.64,18.2,running
2025-03-05 23:40:00,M01,214.87,118.34,18.98,running
2025-03-05 23:41:00,M01,214.67,118.35,18.75,running
2025-03-05 23:42:00,M01,214.44,115.88,18.3,running
2025-03-05 23:43:00,M01,214.76,115.74,18.31,running
2025-03-05 23:44:00,M01,213.81,115.88,18.46,running
2025-03-05 23:45:00,M01,213.61,120.42,18.47,running
2025-03-05 23:46:00,M01,214.05,118.29,18.63,running
2025-03-05 23:47:00,M01,213.6,116.4,18.44,running
2025-03-05 23:48:00,M01,214.04,118.11,18.48,running
2025-03-05 23:49:00,M01,214.06,117.59,18.99,running
2025-03-05 23:50:00,M01,214.58,115.32,18.58,running
2025-03-05 23:51:00,M01,214.56,119.66,18.28,running
2025-03-05 23:52:00,M01,214.41,119.91,18.18,running
2025-03-05 23:53:00,M01,213.89,115.94,18.42,running
2025-03-05 23:54:00,M01,214.03,117.28,18.72,running
2025-03-05 23:55:00,M01,213.33,118.46,18.62,running
2025-03-05 23:56:00,M01,213.74,117.02,18.43,running
2025-03-05 23:57:00,M01,214.71,115.77,18.31,running
2025-03-05 23:58:00,M01,214.88,119.06,18.83,running
2025-03-05 23:59:00,M01,215.4,116.4,18.58,running
2025-03-06 00:00:00,M01,214.84,116.2,18.41,running
2025-03-06 00:01:00,M01,213.8,120.32,18.6,running
2025-03-06 00:02:00,M01,214.25,117.8,18.76,running
2025-03-06 00:03:00,M01,214.81,119.6,18.54,running
2025-03-06 00:04:00,M01,213.91,114.45,18.38,running
2025-03-06 00:05:00,M01,214.15,117.53,18.92,running
2025-03-06 00:06:00,M01,214.85,117.09,18.26,running
2025-03-06 00:07:00,M01,214.77,117.35,18.67,running
2025-03-06 00:08:00,M01,214.37,119.84,18.82,running
2025-03-06 00:09:00,M01,213.88,117.17,18.38,running
2025-03-06 00:10:00,M01,213.17,117.03,18.53,running
2025-03-06 00:11:00,M01,212.58,118.03,18.56,running
2025-03-06 00:12:00,M01,212.67,118.31,18.78,running
2025-03-06 00:13:00,M01,212.8,117.92,18.47,running
2025-03-06 00:14:00,M01,212.79,115.75,18.47,running
2025-03-06 00:15:00,M01,212.38,117.14,18.39,running
2025-03-06 00:16:00,M01,212.51,117.9,18.64,running
2025-03-06 00:17:00,M01,212.21,118.65,18.43,running
2025-03-06 00:18:00,M01,212.56,117.26,18.61,running
2025-03-06 00:19:00,M01,213.53,117.7,18.31,running
2025-03-06 00:20:00,M01,213.07,117.96,18.66,running
2025-03-06 00:21:00,M01,212.12,114.83,18.38,running
2025-03-06 00:22:00,M01,212.53,115.44,18.21,running
2025-03-06 00:23:00,M01,212.32,118.12,17.86,running
2025-03-06 00:24:00,M01,213.09,118.32,18.23,running
2025-03-06 00:25:00,M01,213.55,113.96,18.5,running
2025-03-06 00:26:00,M01,212.97,117.46,18.26,running
2025-03-06 00:27:00,M01,212.58,117.2,18.54,running
2025-03-06 00:28:00,M01,212.0,117.08,18.26,running
2025-03-06 00:29:00,M01,212.1,118.08,18.59,running
2025-03-06 00:30:00,M01,212.04,115.21,18.19,running
2025-03-06 00:31:00,M01,212.07,119.87,18.63,running
2025-03-06 00:32:00,M01,213.26,116.56,18.63,running
2025-03-06 00:33:00,M01,212.94,121.01,18.41,running
2025-03-06 00:34:00,M01,214.22,118.09,18.58,running
2025-03-06 00:35:00,M01,214.22,118.26,18.51,running
2025-03-06 00:36:00,M01,214.01,116.87,18.38,running
2025-03-06 00:37:00,M01,213.5,117.61,18.54,running
2025-03-06 00:38:00,M01,213.83,116.68,18.29,running
2025-03-06 00:39:00,M01,212.11,117.61,18.01,running
2025-03-06 00:40:00,M01,212.32,117.28,18.44,running
2025-03-06 00:41:00,M01,213.31,119.94,18.89,running
2025-03-06 00:42:00,M01,212.66,117.74,18.77,running
2025-03-06 00:43:00,M01,213.31,119.14,18.35,running
2025-03-06 00:44:00,M01,213.62,120.02,18.46,running
2025-03-06 00:45:00,M01,213.67,117.76,18.18,running
2025-03-06 00:46:00,M01,213.32,117.01,18.18,running
2025-03-06 00:47:00,M01,213.51,115.08,18.26,running
2025-03-06 00:48:00,M01,212.45,118.49,18.11,running
2025-03-06 00:49:00,M01,212.59,116.89,18.64,running
2025-03-06 00:50:00,M01,211.83,117.75,18.39,running
2025-03-06 00:51:00,M01,212.15,117.94,18.77,running
2025-03-06 00:52:00,M01,211.58,118.28,18.73,running
2025-03-06 00:53:00,M01,212.76,117.18,18.11,running
2025-03-06 00:54:00,M01,212.82,117.23,18.16,running
2025-03-06 00:55:00,M01,213.8,120.89,18.23,running
2025-03-06 00:56:00,M01,213.92,116.61,18.41,running
2025-03-06 00:57:00,M01,212.74,115.07,18.41,running
2025-03-06 00:58:00,M01,212.53,115.76,18.31,running
2025-03-06 00:59:00,M01,212.28,117.1,18.68,running
2025-03-06 01:00:00,M01,211.14,116.25,18.48,running
2025-03-06 01:01:00,M01,211.54,120.57,18.39,running
2025-03-06 01:02:00,M01,210.47,117.26,18.43,running
2025-03-06 01:03:00,M01,211.0,113.54,18.31,running
2025-03-06 01:04:00,M01,212.59,119.07,18.78,running
2025-03-06 01:05:00,M01,212.5,116.44,17.9,running
2025-03-06 01:06:00,M01,212.74,117.56,18.4,running
2025-03-06 01:07:00,M01,212.61,117.73,17.85,running
2025-03-06 01:08:00,M01,212.72,115.98,18.38,running
2025-03-06 01:09:00,M01,213.31,119.12,18.75,running
2025-03-06 01:10:00,M01,212.5,113.87,18.56,running
2025-03-06 01:11:00,M01,212.25,118.04,18.58,running
2025-03-06 01:12:00,M01,212.81,117.15,18.19,running
2025-03-06 01:13:00,M01,212.97,116.66,18.4,running
2025-03-06 01:14:00,M01,212.76,115.68,18.99,running
2025-03-06 01:15:00,M01,213.09,117.98,18.25,running
2025-03-06 01:16:00,M01,214.25,117.3,18.57,running
2025-03-06 01:17:00,M01,214.17,117.49,18.12,running
2025-03-06 01:18:00,M01,213.69,119.96,18.35,running
2025-03-06 01:19:00,M01,214.07,118.2,17.98,running
2025-03-06 01:20:00,M01,214.9,115.9,18.61,running
2025-03-06 01:21:00,M01,214.98,118.5,18.58,running
2025-03-06 01:22:00,M01,215.56,117.89,18.25,running
2025-03-06 01:23:00,M01,214.09,118.43,18.24,running
2025-03-06 01:24:00,M01,213.21,118.93,18.61,running
2025-03-06 01:25:00,M01,211.62,116.56,18.19,running
2025-03-06 01:26:00,M01,211.99,114.69,18.69,running
2025-03-06 01:27:00,M01,212.02,119.69,18.54,running
2025-03-06 01:28:00,M01,212.38,116.74,18.48,running
2025-03-06 01:29:00,M01,212.34,118.6,17.98,running
2025-03-06 01:30:00,M01,212.06,117.16,18.36,running
2025-03-06 01:31:00,M01,211.76,116.22,18.02,running
2025-03-06 01:32:00,M01,211.79,115.35,18.33,running
2025-03-06 01:33:00,M01,211.45,116.39,18.44,running
2025-03-06 01:34:00,M01,211.5,119.06,18.47,running
2025-03-06 01:35:00,M01,211.74,119.22,18.33,running
2025-03-06 01:36:00,M01,212.04,116.92,18.42,running
2025-03-06 01:37:00,M01,211.68,117.46,18.26,running
2025-03-06 01:38:00,M01,211.2,117.25,18.58,running
2025-03-06 01:39:00,M01,211.38,116.49,18.62,running
2025-03-06 01:40:00,M01,211.36,119.13,17.99,running
2025-03-06 01:41:00,M01,211.84,116.97,18.33,running
2025-03-06 01:42:00,M01,212.1,116.79,18.15,running
2025-03-06 01:43:00,M01,212.2,118.61,18.52,running
2025-03-06 01:44:00,M01,211.77,116.33,18.61,running
2025-03-06 01:45:00,M01,211.45,119.42,18.0,running
2025-03-06 01:46:00,M01,212.27,118.2,18.2,running
2025-03-06 01:47:00,M01,212.12,119.69,18.47,running
2025-03-06 01:48:00,M01,211.48,116.88,18.18,running
2025-03-06 01:49:00,M01,211.29,115.27,18.52,running
2025-03-06 01:50:00,M01,211.62,115.51,18.45,running
2025-03-06 01:51:00,M01,212.29,117.9,18.61,running
2025-03-06 01:52:00,M01,212.12,116.03,18.64,running
2025-03-06 01:53:00,M01,212.0,116.96,18.48,running
2025-03-06 01:54:00,M01,212.14,118.15,18.67,running
2025-03-06 01:55:00,M01,212.53,119.42,18.18,running
2025-03-06 01:56:00,M01,212.16,115.98,18.35,running
2025-03-06 01:57:00,M01,212.3,116.52,18.5,running
2025-03-06 01:58:00,M01,213.12,117.75,18.49,running
2025-03-06 01:59:00,M01,213.03,117.6,18.52,running
2025-03-06 02:00:00,M01,212.87,119.54,18.18,running
2025-03-06 02:01:00,M01,212.72,119.38,18.58,running
2025-03-06 02:02:00,M01,212.79,117.12,18.22,running
2025-03-06 02:03:00,M01,212.66,116.35,18.07,running
2025-03-06 02:04:00,M01,212.72,118.05,18.54,running
2025-03-06 02:05:00,M01,211.65,114.21,18.12,running
2025-03-06 02:06:00,M01,212.94,117.23,18.3,running
2025-03-06 02:07:00,M01,212.42,118.74,18.0,running
2025-03-06 02:08:00,M01,212.02,118.32,18.48,running
2025-03-06 02:09:00,M01,211.47,116.86,18.5,running
2025-03-06 02:10:00,M01,211.6,118.04,18.73,running
2025-03-06 02:11:00,M01,212.11,117.08,18.59,running
2025-03-06 02:12:00,M01,212.17,117.97,18.53,running
2025-03-06 02:13:00,M01,211.78,116.91,17.96,running
2025-03-06 02:14:00,M01,212.47,116.03,18.82,running
2025-03-06 02:15:00,M01,212.96,116.65,18.67,running
2025-03-06 02:16:00,M01,212.33,117.21,18.81,running
2025-03-06 02:17:00,M01,211.71,117.83,18.57,running
2025-03-06 02:18:00,M01,212.75,119.56,18.11,running
2025-03-06 02:19:00,M01,212.33,117.06,17.9,running
2025-03-06 02:20:00,M01,212.44,118.27,18.77,running
2025-03-06 02:21:00,M01,212.02,116.99,18.59,running
2025-03-06 02:22:00,M01,211.26,119.96,18.3,running
2025-03-06 02:23:00,M01,211.76,117.78,18.49,running
2025-03-06 02:24:00,M01,211.25,119.83,18.46,running
2025-03-06 02:25:00,M01,210.98,116.98,18.26,running
2025-03-06 02:26:00,M01,212.19,117.15,18.76,running
2025-03-06 02:27:00,M01,212.02,116.02,18.33,running
2025-03-06 02:28:00,M01,212.82,120.28,18.58,running
2025-03-06 02:29:00,M01,213.75,118.47,18.37,running
2025-03-06 02:30:00,M01,214.01,118.36,18.69,running
2025-03-06 02:31:00,M01,213.07,117.22,18.59,running
2025-03-06 02:32:00,M01,212.75,117.17,18.84,running
2025-03-06 02:33:00,M01,213.37,116.34,18.1,running
2025-03-06 02:34:00,M01,213.57,118.23,18.48,running
2025-03-06 02:35:00,M01,212.24,117.53,18.34,running
2025-03-06 02:36:00,M01,212.12,117.43,18.23,running
2025-03-06 02:37:00,M01,211.84,118.6,18.27,running
2025-03-06 02:38:00,M01,210.88,119.33,18.33,running
2025-03-06 02:39:00,M01,212.09,113.91,18.22,running
2025-03-06 02:40:00,M01,212.27,119.69,18.16,running
2025-03-06 02:41:00,M01,211.84,115.99,18.15,running
2025-03-06 02:42:00,M01,212.56,116.93,18.41,running
2025-03-06 02:43:00,M01,212.66,118.7,18.64,running
2025-03-06 02:44:00,M01,212.04,118.96,17.91,running
2025-03-06 02:45:00,M01,210.73,118.42,18.53,running
2025-03-06 02:46:00,M01,211.65,118.95,18.2,running
2025-03-06 02:47:00,M01,212.65,114.34,18.55,running
2025-03-06 02:48:00,M01,213.1,118.86,18.53,running
2025-03-06 02:49:00,M01,213.42,115.36,18.18,running
2025-03-06 02:50:00,M01,214.16,117.71,18.67,running
2025-03-06 02:51:00,M01,213.42,118.0,18.73,running
2025-03-06 02:52:00,M01,211.74,118.91,18.44,running
2025-03-06 02:53:00,M01,212.42,117.91,18.47,running
2025-03-06 02:54:00,M01,212.79,117.84,18.33,running
2025-03-06 02:55:00,M01,212.5,119.15,18.27,running
2025-03-06 02:56:00,M01,213.48,117.26,18.6,running
2025-03-06 02:57:00,M01,213.69,117.65,18.44,running
2025-03-06 02:58:00,M01,212.7,116.3,18.63,running
2025-03-06 02:59:00,M01,212.75,114.57,18.37,running
2025-03-06 03:00:00,M01,213.13,118.25,18.63,running
2025-03-06 03:01:00,M01,212.77,115.64,18.9,running
2025-03-06 03:02:00,M01,211.74,119.0,18.47,running
2025-03-06 03:03:00,M01,211.73,119.73,18.75,running
2025-03-06 03:04:00,M01,211.83,116.85,18.44,running
2025-03-06 03:05:00,M01,211.62,116.43,18.12,running
2025-03-06 03:06:00,M01,213.09,117.26,17.96,running
2025-03-06 03:07:00,M01,212.99,117.42,18.66,running
2025-03-06 03:08:00,M01,212.45,116.45,18.95,running
2025-03-06 03:09:00,M01,212.14,118.42,18.48,running
2025-03-06 03:10:00,M01,212.27,116.46,18.87,running
2025-03-06 03:11:00,M01,211.25,117.19,18.11,running
2025-03-06 03:12:00,M01,210.91,118.67,18.68,running
2025-03-06 03:13:00,M01,210.71,116.79,18.51,running
2025-03-06 03:14:00,M01,212.08,121.86,18.14,running
2025-03-06 03:15:00,M01,211.21,119.07,18.88,running
2025-03-06 03:16:00,M01,210.71,116.52,18.46,running
2025-03-06 03:17:00,M01,210.96,118.01,18.2,running
2025-03-06 03:18:00,M01,209.95,116.8,18.55,running
2025-03-06 03:19:00,M01,210.18,117.63,18.66,running
2025-03-06 03:20:00,M01,209.79,116.58,18.94,running
2025-03-06 03:21:00,M01,209.84,117.15,18.09,running
2025-03-06 03:22:00,M01,211.1,118.13,18.39,running
2025-03-06 03:23:00,M01,210.92,116.54,18.49,running
2025-03-06 03:24:00,M01,210.64,120.83,18.66,running
2025-03-06 03:25:00,M01,211.19,116.38,18.32,running
2025-03-06 03:26:00,M01,211.41,118.39,18.89,running
2025-03-06 03:27:00,M01,210.62,118.11,18.33,running
2025-03-06 03:28:00,M01,210.77,118.89,18.34,running
2025-03-06 03:29:00,M01,210.34,115.91,17.88,running
2025-03-06 03:30:00,M01,211.82,116.82,18.04,running
2025-03-06 03:31:00,M01,210.84,120.63,18.23,running
2025-03-06 03:32:00,M01,211.28,116.91,18.8,running
2025-03-06 03:33:00,M01,212.09,119.31,18.68,running
2025-03-06 03:34:00,M01,211.95,115.89,18.43,running
2025-03-06 03:35:00,M01,212.51,115.34,18.03,running
2025-03-06 03:36:00,M01,212.28,120.03,18.42,running
2025-03-06 03:37:00,M01,211.74,116.92,18.57,running
2025-03-06 03:38:00,M01,212.7,115.93,18.92,running
2025-03-06 03:39:00,M01,211.89,117.8,18.67,running
2025-03-06 03:40:00,M01,211.61,117.33,18.35,running
2025-03-06 03:41:00,M01,212.26,118.15,18.22,running
2025-03-06 03:42:00,M01,212.46,119.29,18.16,running
2025-03-06 03:43:00,M01,213.06,117.97,18.46,running
2025-03-06 03:44:00,M01,213.66,117.47,18.34,running
2025-03-06 03:45:00,M01,212.74,117.84,18.37,running
2025-03-06 03:46:00,M01,212.91,117.2,18.55,running
2025-03-06 03:47:00,M01,212.54,118.64,18.69,running
2025-03-06 03:48:00,M01,212.59,116.71,18.51,running
2025-03-06 03:49:00,M01,211.52,117.27,18.37,running
2025-03-06 03:50:00,M01,211.81,117.82,18.61,running
2025-03-06 03:51:00,M01,212.06,119.52,18.29,running
2025-03-06 03:52:00,M01,211.58,118.84,18.4,running
2025-03-06 03:53:00,M01,211.98,117.24,18.28,running
2025-03-06 03:54:00,M01,211.54,119.06,18.17,running
2025-03-06 03:55:00,M01,211.58,116.98,18.72,running
2025-03-06 03:56:00,M01,212.1,116.21,19.16,running
2025-03-06 03:57:00,M01,212.55,117.19,18.69,running
2025-03-06 03:58:00,M01,213.09,118.3,18.45,running
2025-03-06 03:59:00,M01,212.71,118.23,18.51,running
2025-03-06 04:00:00,M01,211.46,117.74,18.43,running
2025-03-06 04:01:00,M01,211.61,117.59,19.04,running
2025-03-06 04:02:00,M01,211.33,115.92,18.62,running
2025-03-06 04:03:00,M01,211.7,118.46,18.16,running
2025-03-06 04:04:00,M01,212.76,119.59,18.16,running
2025-03-06 04:05:00,M01,212.95,116.38,18.24,running
2025-03-06 04:06:00,M01,213.16,115.69,18.25,running
2025-03-06 04:07:00,M01,213.38,115.35,18.71,running
2025-03-06 04:08:00,M01,213.13,117.24,18.33,running
2025-03-06 04:09:00,M01,213.23,117.95,18.5,running
2025-03-06 04:10:00,M01,213.7,115.45,18.26,running
2025-03-06 04:11:00,M01,214.45,118.63,18.46,running
2025-03-06 04:12:00,M01,213.65,119.36,18.85,running
2025-03-06 04:13:00,M01,214.31,119.57,18.12,running
2025-03-06 04:14:00,M01,213.31,116.36,18.55,running
2025-03-06 04:15:00,M01,212.72,118.34,18.5,running
2025-03-06 04:16:00,M01,212.88,118.63,18.3,running
2025-03-06 04:17:00,M01,213.5,118.73,17.97,running
2025-03-06 04:18:00,M01,213.31,118.9,18.5,running
2025-03-06 04:19:00,M01,212.06,119.37,18.37,running
2025-03-06 04:20:00,M01,211.26,120.76,18.2,running
2025-03-06 04:21:00,M01,211.87,119.15,17.97,running
2025-03-06 04:22:00,M01,212.64,115.87,18.67,running
2025-03-06 04:23:00,M01,212.33,115.3,18.43,running
2025-03-06 04:24:00,M01,213.21,115.32,18.67,running
2025-03-06 04:25:00,M01,212.9,118.74,18.37,running
2025-03-06 04:26:00,M01,213.64,118.9,18.35,running
2025-03-06 04:27:00,M01,213.33,118.28,18.29,running
2025-03-06 04:28:00,M01,212.77,115.73,18.3,running
2025-03-06 04:29:00,M01,213.84,117.41,18.25,running
2025-03-06 04:30:00,M01,213.84,116.78,17.91,running
2025-03-06 04:31:00,M01,214.32,118.83,18.76,running
2025-03-06 04:32:00,M01,214.38,119.27,18.23,running
2025-03-06 04:33:00,M01,214.35,118.72,18.47,running
2025-03-06 04:34:00,M01,214.33,118.05,18.35,running
2025-03-06 04:35:00,M01,214.36,118.3,18.2,running
2025-03-06 04:36:00,M01,214.29,118.6,18.51,running
2025-03-06 04:37:00,M01,213.83,117.24,18.48,running
2025-03-06 04:38:00,M01,213.17,117.9,18.25,running
2025-03-06 04:39:00,M01,213.22,116.3,18.51,running
2025-03-06 04:40:00,M01,212.51,119.88,18.4,running
2025-03-06 04:41:00,M01,212.02,119.18,18.21,running
2025-03-06 04:42:00,M01,212.33,117.43,18.6,running
2025-03-06 04:43:00,M01,211.88,113.65,18.59,running
2025-03-06 04:44:00,M01,212.12,117.15,18.47,running
2025-03-06 04:45:00,M01,211.93,117.48,18.6,running
2025-03-06 04:46:00,M01,212.1,117.69,18.3,running
2025-03-06 04:47:00,M01,212.04,119.79,18.27,running
2025-03-06 04:48:00,M01,212.77,118.79,18.32,running
2025-03-06 04:49:00,M01,212.05,117.94,18.63,running
2025-03-06 04:50:00,M01,212.88,118.11,18.35,running
2025-03-06 04:51:00,M01,211.81,116.78,18.04,running
2025-03-06 04:52:00,M01,212.35,117.41,18.23,running
2025-03-06 04:53:00,M01,212.47,118.79,18.37,running
2025-03-06 04:54:00,M01,211.61,116.52,18.42,running
2025-03-06 04:55:00,M01,212.06,119.22,18.79,running
2025-03-06 04:56:00,M01,212.69,118.05,18.82,running
2025-03-06 04:57:00,M01,212.17,121.08,18.15,running
2025-03-06 04:58:00,M01,212.35,117.7,18.42,running
2025-03-06 04:59:00,M01,212.75,116.29,18.25,running
2025-03-06 05:00:00,M01,212.95,114.72,18.32,running
2025-03-06 05:01:00,M01,213.0,118.4,18.28,running
2025-03-06 05:02:00,M01,213.13,117.38,18.48,running
2025-03-06 05:03:00,M01,212.93,117.6,18.57,running
2025-03-06 05:04:00,M01,212.97,115.63,18.22,running
2025-03-06 05:05:00,M01,213.19,120.36,17.86,running
2025-03-06 05:06:00,M01,211.88,117.16,18.51,running
2025-03-06 05:07:00,M01,211.8,117.96,18.24,running
2025-03-06 05:08:00,M01,211.63,115.91,18.65,running
2025-03-06 05:09:00,M01,212.13,116.76,18.61,running
2025-03-06 05:10:00,M01,212.47,119.7,18.35,running
2025-03-06 05:11:00,M01,212.2,118.57,17.92,running
2025-03-06 05:12:00,M01,212.44,118.21,18.77,running
2025-03-06 05:13:00,M01,212.91,116.09,18.15,running
2025-03-06 05:14:00,M01,212.85,120.39,18.73,running
2025-03-06 05:15:00,M01,212.42,118.69,18.17,running
2025-03-06 05:16:00,M01,212.74,118.12,18.46,running
2025-03-06 05:17:00,M01,212.88,115.49,18.63,running
2025-03-06 05:18:00,M01,212.91,117.47,18.11,running
2025-03-06 05:19:00,M01,212.1,112.42,17.98,running
2025-03-06 05:20:00,M01,211.52,117.53,18.95,running
2025-03-06 05:21:00,M01,212.82,119.36,18.47,running
2025-03-06 05:22:00,M01,212.6,118.91,18.19,running
2025-03-06 05:23:00,M01,212.63,117.51,18.73,running
2025-03-06 05:24:00,M01,212.08,115.04,18.33,running
2025-03-06 05:25:00,M01,212.12,115.59,18.52,running
2025-03-06 05:26:00,M01,211.8,117.59,18.18,running
2025-03-06 05:27:00,M01,213.06,116.36,18.32,running
2025-03-06 05:28:00,M01,213.4,117.65,18.65,running
2025-03-06 05:29:00,M01,213.83,118.19,18.29,running
2025-03-06 05:30:00,M01,214.08,116.53,18.91,running
2025-03-06 05:31:00,M01,214.45,118.98,18.24,running
2025-03-06 05:32:00,M01,215.29,117.81,18.58,running
2025-03-06 05:33:00,M01,215.11,117.22,18.7,running
2025-03-06 05:34:00,M01,213.95,118.31,18.61,running
2025-03-06 05:35:00,M01,213.19,118.65,18.5,running
2025-03-06 05:36:00,M01,213.19,116.66,18.85,running
2025-03-06 05:37:00,M01,213.18,119.98,18.41,running
2025-03-06 05:38:00,M01,214.21,119.32,18.35,running
2025-03-06 05:39:00,M01,212.82,116.2,19.03,running
2025-03-06 05:40:00,M01,212.1,116.4,18.41,running
2025-03-06 05:41:00,M01,211.83,115.67,18.44,running
2025-03-06 05:42:00,M01,212.23,115.81,18.69,running
2025-03-06 05:43:00,M01,212.49,118.85,18.35,running
2025-03-06 05:44:00,M01,213.6,118.21,18.5,running
2025-03-06 05:45:00,M01,213.6,117.23,18.42,running
2025-03-06 05:46:00,M01,214.11,116.59,18.81,running
2025-03-06 05:47:00,M01,213.87,115.09,18.31,running
2025-03-06 05:48:00,M01,213.6,116.48,18.09,running
2025-03-06 05:49:00,M01,212.26,117.56,18.39,running
2025-03-06 05:50:00,M01,214.09,117.27,18.22,running
2025-03-06 05:51:00,M01,213.48,119.6,18.62,running
2025-03-06 05:52:00,M01,213.62,116.87,18.7,running
2025-03-06 05:53:00,M01,213.85,117.5,18.61,running
2025-03-06 05:54:00,M01,214.81,117.64,18.41,running
2025-03-06 05:55:00,M01,214.77,118.0,18.37,running
2025-03-06 05:56:00,M01,214.54,117.4,18.75,running
2025-03-06 05:57:00,M01,212.98,118.93,18.09,running
2025-03-06 05:58:00,M01,213.11,118.04,18.32,running
2025-03-06 05:59:00,M01,212.55,118.64,18.3,running
2025-03-06 06:00:00,M01,212.46,117.45,18.72,running
2025-03-06 06:01:00,M01,213.22,120.08,18.46,running
2025-03-06 06:02:00,M01,212.67,118.32,18.52,running
2025-03-06 06:03:00,M01,212.49,114.92,18.83,running
2025-03-06 06:04:00,M01,212.5,115.45,18.43,running
2025-03-06 06:05:00,M01,213.19,117.5,18.61,running
2025-03-06 06:06:00,M01,212.58,120.29,18.78,running
2025-03-06 06:07:00,M01,212.36,117.04,18.0,running
2025-03-06 06:08:00,M01,211.41,117.82,18.51,running
2025-03-06 06:09:00,M01,212.08,119.36,18.42,running
2025-03-06 06:10:00,M01,210.92,115.25,17.86,running
2025-03-06 06:11:00,M01,211.85,117.17,18.59,running
2025-03-06 06:12:00,M01,212.62,117.4,18.32,running
2025-03-06 06:13:00,M01,212.56,120.04,18.18,running
2025-03-06 06:14:00,M01,212.49,118.33,18.82,running
2025-03-06 06:15:00,M01,212.55,120.0,17.97,running
2025-03-06 06:16:00,M01,212.0,115.75,18.62,running
2025-03-06 06:17:00,M01,212.25,119.45,17.98,running
2025-03-06 06:18:00,M01,212.13,117.74,18.36,running
2025-03-06 06:19:00,M01,212.95,114.08,18.91,running
2025-03-06 06:20:00,M01,212.41,120.18,18.2,running
2025-03-06 06:21:00,M01,212.25,116.06,18.47,running
2025-03-06 06:22:00,M01,212.69,118.65,18.23,running
2025-03-06 06:23:00,M01,213.74,116.98,18.33,running
2025-03-06 06:24:00,M01,214.63,115.22,18.27,running
2025-03-06 06:25:00,M01,214.51,118.18,18.48,running
2025-03-06 06:26:00,M01,214.51,117.64,18.16,running
2025-03-06 06:27:00,M01,213.68,118.65,18.44,running
2025-03-06 06:28:00,M01,213.33,119.54,18.98,running
2025-03-06 06:29:00,M01,213.36,115.5,18.55,running
2025-03-06 06:30:00,M01,213.36,118.41,18.59,running
2025-03-06 06:31:00,M01,212.76,117.24,18.92,running
2025-03-06 06:32:00,M01,212.84,117.93,18.27,running
2025-03-06 06:33:00,M01,213.2,117.75,18.64,running
2025-03-06 06:34:00,M01,214.69,116.16,18.28,running
2025-03-06 06:35:00,M01,215.11,118.03,19.0,running
2025-03-06 06:36:00,M01,214.17,118.77,18.08,running
2025-03-06 06:37:00,M01,213.34,118.66,18.36,running
2025-03-06 06:38:00,M01,214.02,122.09,18.14,running
2025-03-06 06:39:00,M01,213.45,118.57,18.27,running
2025-03-06 06:40:00,M01,213.56,118.16,18.3,running
2025-03-06 06:41:00,M01,213.49,118.59,18.56,running
2025-03-06 06:42:00,M01,213.42,119.4,18.11,running
2025-03-06 06:43:00,M01,213.87,120.4,18.68,running
2025-03-06 06:44:00,M01,214.07,118.13,18.59,running
2025-03-06 06:45:00,M01,215.69,117.35,18.6,running
2025-03-06 06:46:00,M01,214.76,117.53,18.29,running
2025-03-06 06:47:00,M01,214.47,113.16,17.92,running
2025-03-06 06:48:00,M01,214.7,118.4,18.51,running
2025-03-06 06:49:00,M01,214.47,120.22,18.37,running
2025-03-06 06:50:00,M01,214.47,116.52,18.09,running
2025-03-06 06:51:00,M01,213.71,118.61,18.18,running
2025-03-06 06:52:00,M01,214.09,117.9,18.29,running
2025-03-06 06:53:00,M01,213.26,116.77,18.36,running
2025-03-06 06:54:00,M01,213.19,117.16,18.39,running
2025-03-06 06:55:00,M01,212.92,117.72,18.26,running
2025-03-06 06:56:00,M01,213.01,116.15,18.71,running
2025-03-06 06:57:00,M01,213.45,118.07,18.63,running
2025-03-06 06:58:00,M01,213.14,116.31,18.42,running
2025-03-06 06:59:00,M01,213.02,119.82,19.04,running
2025-03-06 07:00:00,M01,214.53,116.9,18.78,running
2025-03-06 07:01:00,M01,213.37,120.15,18.08,running
2025-03-06 07:02:00,M01,213.38,117.47,18.81,running
2025-03-06 07:03:00,M01,212.56,120.17,18.64,running
2025-03-06 07:04:00,M01,212.25,118.41,18.03,running
2025-03-06 07:05:00,M01,211.7,117.75,18.32,running
2025-03-06 07:06:00,M01,211.62,119.24,18.59,running
2025-03-06 07:07:00,M01,212.78,119.38,18.81,running
2025-03-06 07:08:00,M01,212.51,117.63,18.11,running
2025-03-06 07:09:00,M01,212.79,117.1,18.64,running
2025-03-06 07:10:00,M01,213.08,117.57,18.43,running
2025-03-06 07:11:00,M01,214.52,116.89,18.41,running
2025-03-06 07:12:00,M01,214.46,116.1,18.38,running
2025-03-06 07:13:00,M01,214.46,120.96,18.29,running
2025-03-06 07:14:00,M01,214.35,118.17,17.91,running
2025-03-06 07:15:00,M01,215.04,118.06,18.33,running
2025-03-06 07:16:00,M01,214.89,117.54,18.45,running
2025-03-06 07:17:00,M01,214.55,117.46,18.59,running
2025-03-06 07:18:00,M01,214.91,117.54,18.93,running
2025-03-06 07:19:00,M01,214.78,116.59,18.23,running
2025-03-06 07:20:00,M01,215.56,119.25,18.53,running
2025-03-06 07:21:00,M01,215.31,118.05,18.99,running
2025-03-06 07:22:00,M01,214.52,118.06,18.39,running
2025-03-06 07:23:00,M01,214.44,117.18,18.02,running
2025-03-06 07:24:00,M01,215.45,117.63,18.53,running
2025-03-06 07:25:00,M01,214.9,118.4,18.67,running
2025-03-06 07:26:00,M01,215.22,115.17,18.44,running
2025-03-06 07:27:00,M01,214.75,117.32,18.73,running
2025-03-06 07:28:00,M01,214.64,114.35,18.23,running
2025-03-06 07:29:00,M01,213.78,118.01,18.32,running
2025-03-06 07:30:00,M01,214.44,120.1,18.47,running
2025-03-06 07:31:00,M01,214.47,121.61,18.47,running
2025-03-06 07:32:00,M01,214.52,118.13,18.21,running
2025-03-06 07:33:00,M01,214.11,119.76,18.98,running
2025-03-06 07:34:00,M01,215.39,118.84,18.49,running
2025-03-06 07:35:00,M01,214.42,120.06,18.5,running
2025-03-06 07:36:00,M01,214.84,117.41,19.09,running
2025-03-06 07:37:00,M01,214.37,119.93,17.89,running
2025-03-06 07:38:00,M01,214.57,120.9,18.8,running
2025-03-06 07:39:00,M01,215.42,119.16,18.41,running
2025-03-06 07:40:00,M01,215.13,118.51,18.53,running
2025-03-06 07:41:00,M01,215.49,116.9,18.3,running
2025-03-06 07:42:00,M01,214.82,119.84,18.75,running
2025-03-06 07:43:00,M01,214.66,118.55,18.91,running
2025-03-06 07:44:00,M01,214.2,119.77,18.23,running
2025-03-06 07:45:00,M01,214.6,116.94,18.88,running
2025-03-06 07:46:00,M01,215.82,118.03,18.52,running
2025-03-06 07:47:00,M01,215.49,118.33,18.74,running
2025-03-06 07:48:00,M01,214.02,116.31,18.65,running
2025-03-06 07:49:00,M01,213.79,117.33,18.59,running
2025-03-06 07:50:00,M01,213.68,118.02,18.29,running
2025-03-06 07:51:00,M01,214.29,118.94,18.81,running
2025-03-06 07:52:00,M01,214.51,118.37,18.59,running
2025-03-06 07:53:00,M01,214.94,118.36,18.4,running
2025-03-06 07:54:00,M01,214.43,113.82,18.7,running
2025-03-06 07:55:00,M01,213.08,116.91,18.69,running
2025-03-06 07:56:00,M01,213.54,118.15,18.67,running
2025-03-06 07:57:00,M01,215.26,117.15,18.63,running
2025-03-06 07:58:00,M01,216.36,120.11,17.92,running
2025-03-06 07:59:00,M01,215.52,116.71,18.42,running
2025-03-06 08:00:00,M01,215.11,119.34,17.94,running
2025-03-06 08:01:00,M01,214.62,117.29,18.5,running
2025-03-06 08:02:00,M01,214.69,119.44,18.49,running
2025-03-06 08:03:00,M01,215.34,119.42,18.33,running
2025-03-06 08:04:00,M01,215.38,115.54,18.8,running
2025-03-06 08:05:00,M01,215.33,117.48,18.46,running
2025-03-06 08:06:00,M01,215.56,118.47,18.29,running
2025-03-06 08:07:00,M01,215.57,120.11,18.55,running
2025-03-06 08:08:00,M01,214.96,119.03,18.74,running
2025-03-06 08:09:00,M01,215.82,117.64,18.85,running
2025-03-06 08:10:00,M01,214.53,115.79,18.61,running
2025-03-06 08:11:00,M01,215.44,117.72,18.53,running
2025-03-06 08:12:00,M01,215.12,118.68,18.55,running
2025-03-06 08:13:00,M01,215.46,117.91,18.55,running
2025-03-06 08:14:00,M01,214.98,117.24,18.75,running
2025-03-06 08:15:00,M01,214.83,121.92,18.13,running
2025-03-06 08:16:00,M01,215.91,119.84,18.88,running
2025-03-06 08:17:00,M01,216.39,118.72,18.66,running
2025-03-06 08:18:00,M01,216.04,116.91,18.33,running
2025-03-06 08:19:00,M01,215.5,116.89,18.39,running
2025-03-06 08:20:00,M01,215.81,118.35,18.62,running
2025-03-06 08:21:00,M01,215.26,114.72,18.14,running
2025-03-06 08:22:00,M01,214.81,119.97,18.81,running
2025-03-06 08:23:00,M01,215.34,114.44,18.62,running
2025-03-06 08:24:00,M01,215.43,117.72,18.34,running
2025-03-06 08:25:00,M01,215.4,120.08,18.77,running
2025-03-06 08:26:00,M01,215.15,117.12,19.32,running
2025-03-06 08:27:00,M01,215.94,114.39,17.91,running
2025-03-06 08:28:00,M01,,117.36,18.55,running
2025-03-06 08:29:00,M01,215.5,116.16,18.63,running
2025-03-06 08:30:00,M01,215.98,119.16,18.51,running
2025-03-06 08:31:00,M01,216.04,119.5,18.77,running
2025-03-06 08:32:00,M01,216.93,117.8,18.4,running
2025-03-06 08:33:00,M01,216.52,120.67,18.3,running
2025-03-06 08:34:00,M01,215.93,118.4,18.45,running
2025-03-06 08:35:00,M01,215.18,118.0,18.31,running
2025-03-06 08:36:00,M01,215.08,115.33,18.55,running
2025-03-06 08:37:00,M01,214.36,117.99,18.27,running
2025-03-06 08:38:00,M01,214.82,117.51,18.88,running
2025-03-06 08:39:00,M01,214.53,118.4,18.91,running
2025-03-06 08:40:00,M01,214.82,116.08,18.85,running
2025-03-06 08:41:00,M01,215.01,116.36,18.61,running
2025-03-06 08:42:00,M01,215.45,115.72,18.34,running
2025-03-06 08:43:00,M01,214.89,120.08,18.34,running
2025-03-06 08:44:00,M01,215.36,120.02,18.67,running
2025-03-06 08:45:00,M01,214.94,120.24,18.02,running
2025-03-06 08:46:00,M01,215.5,117.85,18.37,running
2025-03-06 08:47:00,M01,215.24,119.56,18.78,running
2025-03-06 08:48:00,M01,215.18,117.41,17.9,running
2025-03-06 08:49:00,M01,215.17,116.85,18.03,running
2025-03-06 08:50:00,M01,215.48,119.74,18.43,running
2025-03-06 08:51:00,M01,216.62,118.25,18.63,running
2025-03-06 08:52:00,M01,216.11,116.43,18.32,running
2025-03-06 08:53:00,M01,216.47,117.88,18.99,running
2025-03-06 08:54:00,M01,216.29,118.12,18.76,running
2025-03-06 08:55:00,M01,216.83,118.36,18.76,running
2025-03-06 08:56:00,M01,215.89,118.18,18.07,running
2025-03-06 08:57:00,M01,215.7,117.17,18.27,running
2025-03-06 08:58:00,M01,215.37,117.88,18.38,running
2025-03-06 08:59:00,M01,215.81,117.0,18.45,running
2025-03-06 09:00:00,M01,215.97,118.88,18.44,running
2025-03-06 09:01:00,M01,215.08,119.55,18.49,running
2025-03-06 09:02:00,M01,215.14,118.27,18.85,running
2025-03-06 09:03:00,M01,214.3,118.46,18.47,running
2025-03-06 09:04:00,M01,215.12,120.54,18.29,running
2025-03-06 09:05:00,M01,214.62,120.42,18.5,running
2025-03-06 09:06:00,M01,215.06,117.45,18.59,running
2025-03-06 09:07:00,M01,215.08,119.69,18.46,running
2025-03-06 09:08:00,M01,214.58,116.13,19.01,running
2025-03-06 09:09:00,M01,213.76,116.05,18.5,running
2025-03-06 09:10:00,M01,213.96,117.18,18.21,running
2025-03-06 09:11:00,M01,213.75,117.28,18.13,running
2025-03-06 09:12:00,M01,215.13,118.48,18.34,running
2025-03-06 09:13:00,M01,214.47,119.41,18.02,running
2025-03-06 09:14:00,M01,214.61,119.48,18.5,running
2025-03-06 09:15:00,M01,215.82,116.16,18.6,running
2025-03-06 09:16:00,M01,217.08,117.71,18.71,running
2025-03-06 09:17:00,M01,216.67,115.3,19.1,running
2025-03-06 09:18:00,M01,217.29,118.62,19.01,running
2025-03-06 09:19:00,M01,216.07,118.44,18.19,running
2025-03-06 09:20:00,M01,216.71,118.65,18.59,running
2025-03-06 09:21:00,M01,215.96,119.62,18.72,running
2025-03-06 09:22:00,M01,216.35,119.4,18.92,running
2025-03-06 09:23:00,M01,216.98,119.12,18.66,running
2025-03-06 09:24:00,M01,216.35,118.28,18.48,running
2025-03-06 09:25:00,M01,215.9,117.56,18.78,running
2025-03-06 09:26:00,M01,216.54,117.92,18.23,running
2025-03-06 09:27:00,M01,216.47,118.6,18.06,running
2025-03-06 09:28:00,M01,216.24,117.7,19.34,running
2025-03-06 09:29:00,M01,215.42,116.69,18.8,running
2025-03-06 09:30:00,M01,214.97,118.82,18.67,running
2025-03-06 09:31:00,M01,214.97,116.0,18.64,running
2025-03-06 09:32:00,M01,215.52,120.25,19.03,running
2025-03-06 09:33:00,M01,215.1,116.83,18.59,running
2025-03-06 09:34:00,M01,216.01,117.55,18.32,running
2025-03-06 09:35:00,M01,216.01,119.85,18.56,running
2025-03-06 09:36:00,M01,216.1,117.95,18.79,running
2025-03-06 09:37:00,M01,215.94,116.38,18.5,running
2025-03-06 09:38:00,M01,216.0,118.32,18.57,running
2025-03-06 09:39:00,M01,217.11,116.88,18.85,running
2025-03-06 09:40:00,M01,216.91,118.57,18.59,running
2025-03-06 09:41:00,M01,216.96,120.44,18.32,running
2025-03-06 09:42:00,M01,215.65,119.3,18.65,running
2025-03-06 09:43:00,M01,216.2,118.32,18.27,running
2025-03-06 09:44:00,M01,215.88,119.31,18.49,running
2025-03-06 09:45:00,M01,215.73,118.66,18.53,running
2025-03-06 09:46:00,M01,215.44,115.62,18.76,running
2025-03-06 09:47:00,M01,215.89,117.97,18.92,running
2025-03-06 09:48:00,M01,216.41,116.91,18.27,running
2025-03-06 09:49:00,M01,216.01,119.5,18.42,running
2025-03-06 09:50:00,M01,215.96,120.95,18.3,running
2025-03-06 09:51:00,M01,215.48,119.72,18.14,running
2025-03-06 09:52:00,M01,214.85,117.74,18.97,running
2025-03-06 09:53:00,M01,214.43,117.41,18.32,running
2025-03-06 09:54:00,M01,214.92,115.47,18.75,running
2025-03-06 09:55:00,M01,214.82,116.34,18.72,running
2025-03-06 09:56:00,M01,215.69,117.86,18.68,running
2025-03-06 09:57:00,M01,215.98,117.58,18.81,running
2025-03-06 09:58:00,M01,216.82,117.12,18.48,running
2025-03-06 09:59:00,M01,216.34,119.33,18.23,running
2025-03-06 10:00:00,M01,215.95,116.06,18.39,running
2025-03-06 10:01:00,M01,216.09,119.72,18.59,running
2025-03-06 10:02:00,M01,216.15,115.67,18.56,running
2025-03-06 10:03:00,M01,216.62,117.33,18.79,running
2025-03-06 10:04:00,M01,217.05,116.91,18.51,running
2025-03-06 10:05:00,M01,216.57,118.95,18.31,running
2025-03-06 10:06:00,M01,216.9,116.74,18.26,running
2025-03-06 10:07:00,M01,217.89,118.96,18.7,running
2025-03-06 10:08:00,M01,216.22,117.73,18.56,running
2025-03-06 10:09:00,M01,215.76,117.94,18.86,running
2025-03-06 10:10:00,M01,216.69,114.18,18.41,running
2025-03-06 10:11:00,M01,217.36,119.4,18.4,running
2025-03-06 10:12:00,M01,216.47,117.79,18.45,running
2025-03-06 10:13:00,M01,216.44,118.37,18.58,running
2025-03-06 10:14:00,M01,216.52,116.51,18.71,running
2025-03-06 10:15:00,M01,218.29,118.77,18.34,running
2025-03-06 10:16:00,M01,218.85,117.59,19.17,running
2025-03-06 10:17:00,M01,218.7,118.32,18.45,running
2025-03-06 10:18:00,M01,219.06,118.49,18.29,running
2025-03-06 10:19:00,M01,219.11,118.07,18.7,running
2025-03-06 10:20:00,M01,218.43,118.84,18.36,running
2025-03-06 10:21:00,M01,218.73,118.78,18.97,running
2025-03-06 10:22:00,M01,218.31,118.84,18.87,running
2025-03-06 10:23:00,M01,218.21,120.6,18.69,running
2025-03-06 10:24:00,M01,218.35,119.75,18.51,running
2025-03-06 10:25:00,M01,218.9,119.56,18.6,running
2025-03-06 10:26:00,M01,219.38,117.99,18.45,running
2025-03-06 10:27:00,M01,218.61,121.63,18.52,running
2025-03-06 10:28:00,M01,218.92,122.63,18.63,running
2025-03-06 10:29:00,M01,218.06,117.83,18.83,running
2025-03-06 10:30:00,M01,216.56,119.56,18.6,running
2025-03-06 10:31:00,M01,216.27,117.31,18.75,running
2025-03-06 10:32:00,M01,217.16,115.22,18.7,running
2025-03-06 10:33:00,M01,216.21,118.13,18.71,running
2025-03-06 10:34:00,M01,216.32,117.45,18.73,running
2025-03-06 10:35:00,M01,215.95,119.46,18.6,running
2025-03-06 10:36:00,M01,216.06,118.58,18.78,running
2025-03-06 10:37:00,M01,215.64,118.22,18.3,running
2025-03-06 10:38:00,M01,214.85,120.57,18.16,running
2025-03-06 10:39:00,M01,215.08,119.04,18.68,running
2025-03-06 10:40:00,M01,216.19,120.05,18.73,running
2025-03-06 10:41:00,M01,215.28,119.06,18.68,running
2025-03-06 10:42:00,M01,215.08,117.6,18.53,running
2025-03-06 10:43:00,M01,215.86,119.78,18.75,running
2025-03-06 10:44:00,M01,214.91,115.54,18.41,running
2025-03-06 10:45:00,M01,214.77,116.66,18.45,running
2025-03-06 10:46:00,M01,215.16,116.69,18.7,running
2025-03-06 10:47:00,M01,215.47,121.23,18.52,running
2025-03-06 10:48:00,M01,216.11,116.22,18.85,running
2025-03-06 10:49:00,M01,216.51,118.23,18.39,running
2025-03-06 10:50:00,M01,216.48,119.46,18.34,running
2025-03-06 10:51:00,M01,215.34,117.03,18.31,running
2025-03-06 10:52:00,M01,215.23,118.82,18.6,running
2025-03-06 10:53:00,M01,214.54,118.38,18.92,running
2025-03-06 10:54:00,M01,215.27,118.53,18.48,running
2025-03-06 10:55:00,M01,216.03,115.47,18.31,running
2025-03-06 10:56:00,M01,215.61,116.73,18.24,running
2025-03-06 10:57:00,M01,215.08,117.14,18.14,running
2025-03-06 10:58:00,M01,214.4,114.19,18.39,running
2025-03-06 10:59:00,M01,214.56,119.96,18.31,running
2025-03-06 11:00:00,M01,215.91,117.88,18.62,running
2025-03-06 11:01:00,M01,215.64,117.88,19.11,running
2025-03-06 11:02:00,M01,215.3,117.36,18.84,running
2025-03-06 11:03:00,M01,215.76,120.38,18.48,running
2025-03-06 11:04:00,M01,216.38,119.9,18.4,running
2025-03-06 11:05:00,M01,217.01,119.38,18.42,running
2025-03-06 11:06:00,M01,216.57,120.14,18.6,running
2025-03-06 11:07:00,M01,217.43,119.5,18.81,running
2025-03-06 11:08:00,M01,217.03,118.9,18.75,running
2025-03-06 11:09:00,M01,216.93,119.58,18.2,running
2025-03-06 11:10:00,M01,217.44,121.06,18.28,running
2025-03-06 11:11:00,M01,217.56,116.99,18.22,running
2025-03-06 11:12:00,M01,217.33,118.5,18.5,running
2025-03-06 11:13:00,M01,217.51,122.19,18.6,running
2025-03-06 11:14:00,M01,217.99,119.4,19.18,running
2025-03-06 11:15:00,M01,219.19,120.68,18.68,running
2025-03-06 11:16:00,M01,218.94,119.85,18.93,running
2025-03-06 11:17:00,M01,218.74,117.82,18.6,running
2025-03-06 11:18:00,M01,218.73,120.01,18.96,running
2025-03-06 11:19:00,M01,218.12,118.1,18.24,running
2025-03-06 11:20:00,M01,218.64,120.54,18.76,running
2025-03-06 11:21:00,M01,219.13,118.77,18.56,running
2025-03-06 11:22:00,M01,217.9,117.31,18.34,running
2025-03-06 11:23:00,M01,218.45,117.91,18.6,running
2025-03-06 11:24:00,M01,218.47,115.33,18.24,running
2025-03-06 11:25:00,M01,218.93,117.01,18.27,running
2025-03-06 11:26:00,M01,218.52,117.19,18.55,running
2025-03-06 11:27:00,M01,218.0,116.61,18.75,running
2025-03-06 11:28:00,M01,217.74,119.55,18.54,running
2025-03-06 11:29:00,M01,216.84,119.6,18.45,running
2025-03-06 11:30:00,M01,216.14,119.1,18.39,running
2025-03-06 11:31:00,M01,215.84,116.86,18.15,running
2025-03-06 11:32:00,M01,216.05,116.98,18.69,running
2025-03-06 11:33:00,M01,216.21,117.9,18.27,running
2025-03-06 11:34:00,M01,217.22,119.46,18.77,running
2025-03-06 11:35:00,M01,216.47,118.61,18.6,running
2025-03-06 11:36:00,M01,216.01,119.23,18.53,running
2025-03-06 11:37:00,M01,216.3,119.53,18.57,running
2025-03-06 11:38:00,M01,216.44,118.36,18.04,running
2025-03-06 11:39:00,M01,216.33,118.42,18.86,running
2025-03-06 11:40:00,M01,215.64,115.38,18.67,running
2025-03-06 11:41:00,M01,216.24,119.13,18.67,running
2025-03-06 11:42:00,M01,216.67,119.12,18.42,running
2025-03-06 11:43:00,M01,216.93,117.49,18.43,running
2025-03-06 11:44:00,M01,217.69,118.5,18.66,running
2025-03-06 11:45:00,M01,218.06,120.48,18.67,running
2025-03-06 11:46:00,M01,217.49,119.09,18.63,running
2025-03-06 11:47:00,M01,217.48,121.33,18.51,running
2025-03-06 11:48:00,M01,216.72,119.36,18.66,running
2025-03-06 11:49:00,M01,217.03,119.53,18.7,running
2025-03-06 11:50:00,M01,217.09,117.17,18.2,running
2025-03-06 11:51:00,M01,218.52,116.52,19.0,running
2025-03-06 11:52:00,M01,217.55,118.99,18.8,running
2025-03-06 11:53:00,M01,216.93,117.11,18.4,running
2025-03-06 11:54:00,M01,217.41,116.77,18.56,running
2025-03-06 11:55:00,M01,216.96,119.82,18.89,running
2025-03-06 11:56:00,M01,217.52,119.16,18.77,running
2025-03-06 11:57:00,M01,216.92,119.86,18.43,running
2025-03-06 11:58:00,M01,217.1,116.38,18.42,running
2025-03-06 11:59:00,M01,217.18,116.35,18.75,running
2025-03-06 12:00:00,M01,217.6,117.77,18.54,running
2025-03-06 12:01:00,M01,217.64,118.55,19.01,running
2025-03-06 12:02:00,M01,216.92,116.02,18.76,running
2025-03-06 12:03:00,M01,217.4,118.21,18.49,running
2025-03-06 12:04:00,M01,216.76,114.27,18.61,running
2025-03-06 12:05:00,M01,216.52,118.02,19.19,running
2025-03-06 12:06:00,M01,217.69,116.38,18.92,running
2025-03-06 12:07:00,M01,217.12,117.78,18.71,running
2025-03-06 12:08:00,M01,217.64,120.13,18.59,running
2025-03-06 12:09:00,M01,216.9,118.68,18.24,running
2025-03-06 12:10:00,M01,217.59,120.13,18.82,running
2025-03-06 12:11:00,M01,216.87,116.23,19.25,running
2025-03-06 12:12:00,M01,216.17,115.12,18.52,running
2025-03-06 12:13:00,M01,216.64,117.74,18.62,running
2025-03-06 12:14:00,M01,215.84,117.39,18.32,running
2025-03-06 12:15:00,M01,216.57,117.2,19.04,running
2025-03-06 12:16:00,M01,217.95,118.99,18.62,running
2025-03-06 12:17:00,M01,218.17,120.0,18.77,running
2025-03-06 12:18:00,M01,218.58,118.45,18.93,running
2025-03-06 12:19:00,M01,218.25,115.69,18.49,running
2025-03-06 12:20:00,M01,217.87,118.34,18.82,running
2025-03-06 12:21:00,M01,216.85,120.27,18.36,running
2025-03-06 12:22:00,M01,216.62,117.21,18.6,running
2025-03-06 12:23:00,M01,217.1,117.73,18.74,running
2025-03-06 12:24:00,M01,217.59,119.64,18.75,running
2025-03-06 12:25:00,M01,217.72,116.41,18.95,running
2025-03-06 12:26:00,M01,217.1,117.68,18.39,running
2025-03-06 12:27:00,M01,217.63,122.26,18.65,running
2025-03-06 12:28:00,M01,216.79,115.84,18.43,running
2025-03-06 12:29:00,M01,217.5,120.33,18.93,running
2025-03-06 12:30:00,M01,216.92,118.9,18.89,running
2025-03-06 12:31:00,M01,217.25,117.6,18.79,running
2025-03-06 12:32:00,M01,217.68,119.28,19.01,running
2025-03-06 12:33:00,M01,218.25,118.64,18.57,running
2025-03-06 12:34:00,M01,217.55,115.95,18.45,running
2025-03-06 12:35:00,M01,217.16,114.84,18.32,running
2025-03-06 12:36:00,M01,216.15,118.48,18.53,running
2025-03-06 12:37:00,M01,216.55,115.58,18.48,running
2025-03-06 12:38:00,M01,217.42,116.96,18.4,running
2025-03-06 12:39:00,M01,217.69,117.63,19.1,running
2025-03-06 12:40:00,M01,218.14,118.11,18.21,running
2025-03-06 12:41:00,M01,218.23,116.53,19.01,running
2025-03-06 12:42:00,M01,218.74,120.02,18.38,running
2025-03-06 12:43:00,M01,219.32,117.67,18.67,running
2025-03-06 12:44:00,M01,218.22,118.24,18.6,running
2025-03-06 12:45:00,M01,218.38,117.86,18.8,running
2025-03-06 12:46:00,M01,217.49,117.51,18.64,running
2025-03-06 12:47:00,M01,218.13,116.57,18.72,running
2025-03-06 12:48:00,M01,217.55,114.93,18.57,running
2025-03-06 12:49:00,M01,217.69,117.38,17.84,running
2025-03-06 12:50:00,M01,217.01,115.41,18.54,running
2025-03-06 12:51:00,M01,218.49,119.24,18.58,running
2025-03-06 12:52:00,M01,217.77,119.0,18.71,running
2025-03-06 12:53:00,M01,218.1,117.4,18.59,running
2025-03-06 12:54:00,M01,219.13,117.58,18.64,running
2025-03-06 12:55:00,M01,219.18,113.72,18.73,running
2025-03-06 12:56:00,M01,218.29,118.62,18.59,running
2025-03-06 12:57:00,M01,217.24,116.83,18.61,running
2025-03-06 12:58:00,M01,217.5,119.01,18.33,running
2025-03-06 12:59:00,M01,218.83,116.82,18.92,running
2025-03-06 13:00:00,M01,218.45,114.75,18.74,running
2025-03-06 13:01:00,M01,218.06,120.9,18.16,running
2025-03-06 13:02:00,M01,218.26,119.46,18.7,running
2025-03-06 13:03:00,M01,217.67,116.12,18.91,running
2025-03-06 13:04:00,M01,217.18,118.29,18.7,running
2025-03-06 13:05:00,M01,217.38,116.53,18.3,running
2025-03-06 13:06:00,M01,217.12,118.65,18.97,running
2025-03-06 13:07:00,M01,216.79,116.76,18.94,running
2025-03-06 13:08:00,M01,217.76,117.36,18.45,running
2025-03-06 13:09:00,M01,217.08,120.05,18.57,running
2025-03-06 13:10:00,M01,217.21,118.81,18.32,running
2025-03-06 13:11:00,M01,217.02,117.7,18.83,running
2025-03-06 13:12:00,M01,216.79,119.07,18.14,running
2025-03-06 13:13:00,M01,216.79,117.79,18.74,running
2025-03-06 13:14:00,M01,216.46,117.96,18.67,running
2025-03-06 13:15:00,M01,217.79,118.11,18.5,running
2025-03-06 13:16:00,M01,217.46,118.19,18.86,running
2025-03-06 13:17:00,M01,217.29,117.78,18.34,running
2025-03-06 13:18:00,M01,217.58,115.92,18.16,running
2025-03-06 13:19:00,M01,216.66,119.22,18.02,running
2025-03-06 13:20:00,M01,217.59,117.19,18.58,running
2025-03-06 13:21:00,M01,218.52,117.04,18.62,running
2025-03-06 13:22:00,M01,219.29,119.45,19.1,running
2025-03-06 13:23:00,M01,218.39,121.41,18.93,running
2025-03-06 13:24:00,M01,218.6,119.28,18.77,running
2025-03-06 13:25:00,M01,218.92,116.99,18.48,running
2025-03-06 13:26:00,M01,217.53,117.22,18.72,running
2025-03-06 13:27:00,M01,218.21,117.52,18.14,running
2025-03-06 13:28:00,M01,219.14,119.5,18.42,running
2025-03-06 13:29:00,M01,219.06,118.08,18.64,running
2025-03-06 13:30:00,M01,219.49,119.3,18.78,running
2025-03-06 13:31:00,M01,218.79,121.65,18.3,running
2025-03-06 13:32:00,M01,218.6,116.86,18.42,running
2025-03-06 13:33:00,M01,219.72,116.16,18.68,running
2025-03-06 13:34:00,M01,219.31,120.34,18.65,running
2025-03-06 13:35:00,M01,218.93,118.25,18.66,running
2025-03-06 13:36:00,M01,219.05,116.53,18.76,running
2025-03-06 13:37:00,M01,218.65,118.58,18.46,running
2025-03-06 13:38:00,M01,218.64,117.61,18.82,running
2025-03-06 13:39:00,M01,218.39,120.85,18.18,running
2025-03-06 13:40:00,M01,218.42,117.29,18.72,running
2025-03-06 13:41:00,M01,219.19,119.2,18.28,running
2025-03-06 13:42:00,M01,218.8,119.49,18.7,running
2025-03-06 13:43:00,M01,217.7,119.1,18.83,running
2025-03-06 13:44:00,M01,218.16,118.68,18.49,running
2025-03-06 13:45:00,M01,218.23,116.91,18.79,running
2025-03-06 13:46:00,M01,218.6,117.01,18.44,running
2025-03-06 13:47:00,M01,218.18,118.6,18.89,running
2025-03-06 13:48:00,M01,218.4,118.55,18.37,running
2025-03-06 13:49:00,M01,217.39,118.85,18.33,running
2025-03-06 13:50:00,M01,217.32,119.44,18.62,running
2025-03-06 13:51:00,M01,217.79,117.46,18.46,running
2025-03-06 13:52:00,M01,216.8,120.32,18.84,running
2025-03-06 13:53:00,M01,216.35,115.16,18.72,running
2025-03-06 13:54:00,M01,217.98,117.66,18.57,running
2025-03-06 13:55:00,M01,218.13,119.33,18.21,running
2025-03-06 13:56:00,M01,218.46,120.33,18.83,running
2025-03-06 13:57:00,M01,218.16,120.05,18.47,running
2025-03-06 13:58:00,M01,217.49,115.95,18.39,running
2025-03-06 13:59:00,M01,217.99,117.65,18.46,running
2025-03-06 14:00:00,M01,218.08,118.94,18.37,running
2025-03-06 14:01:00,M01,217.68,121.1,18.26,running
2025-03-06 14:02:00,M01,218.8,118.54,18.72,running
2025-03-06 14:03:00,M01,218.67,119.83,18.45,running
2025-03-06 14:04:00,M01,219.01,120.44,18.76,running
2025-03-06 14:05:00,M01,219.05,119.1,18.45,running
2025-03-06 14:06:00,M01,217.99,116.57,18.43,running
2025-03-06 14:07:00,M01,217.93,116.03,18.58,running
2025-03-06 14:08:00,M01,219.31,116.13,18.09,running
2025-03-06 14:09:00,M01,220.43,118.89,18.32,running
2025-03-06 14:10:00,M01,220.65,118.86,18.85,running
2025-03-06 14:11:00,M01,219.5,117.78,18.5,running
2025-03-06 14:12:00,M01,218.69,116.99,18.58,running
2025-03-06 14:13:00,M01,218.62,120.5,18.78,running
2025-03-06 14:14:00,M01,219.67,120.09,18.68,running
2025-03-06 14:15:00,M01,220.16,120.02,18.89,running
2025-03-06 14:16:00,M01,219.39,121.03,18.89,running
2025-03-06 14:17:00,M01,219.96,115.3,18.54,running
2025-03-06 14:18:00,M01,219.22,117.33,18.55,running
2025-03-06 14:19:00,M01,219.36,117.88,18.2,running
2025-03-06 14:20:00,M01,218.8,117.98,18.71,running
2025-03-06 14:21:00,M01,217.86,116.39,18.67,running
2025-03-06 14:22:00,M01,217.48,115.96,18.63,running
2025-03-06 14:23:00,M01,216.93,117.64,18.14,running
2025-03-06 14:24:00,M01,217.92,115.73,18.39,running
2025-03-06 14:25:00,M01,216.41,119.43,18.58,running
2025-03-06 14:26:00,M01,216.57,117.06,19.03,running
2025-03-06 14:27:00,M01,216.12,116.9,18.69,running
2025-03-06 14:28:00,M01,216.75,119.16,18.3,running
2025-03-06 14:29:00,M01,216.62,119.35,18.46,running
2025-03-06 14:30:00,M01,217.39,119.13,18.56,running
2025-03-06 14:31:00,M01,217.4,118.73,18.43,running
2025-03-06 14:32:00,M01,217.51,119.11,18.29,running
2025-03-06 14:33:00,M01,218.9,118.4,18.46,running
2025-03-06 14:34:00,M01,218.92,116.97,18.9,running
2025-03-06 14:35:00,M01,218.75,118.26,18.77,running
2025-03-06 14:36:00,M01,218.18,118.86,18.92,running
2025-03-06 14:37:00,M01,218.17,118.7,18.97,running
2025-03-06 14:38:00,M01,217.85,118.97,18.84,running
2025-03-06 14:39:00,M01,218.52,119.02,18.79,running
2025-03-06 14:40:00,M01,219.5,119.69,18.67,running
2025-03-06 14:41:00,M01,220.13,118.79,18.71,running
2025-03-06 14:42:00,M01,220.29,120.48,18.43,running
2025-03-06 14:43:00,M01,220.66,119.89,18.53,running
2025-03-06 14:44:00,M01,221.34,118.56,18.5,running
2025-03-06 14:45:00,M01,219.89,118.68,18.39,running
2025-03-06 14:46:00,M01,220.64,118.42,18.87,running
2025-03-06 14:47:00,M01,220.07,119.89,18.71,running
2025-03-06 14:48:00,M01,220.42,121.25,19.1,running
2025-03-06 14:49:00,M01,219.32,118.52,18.62,running
2025-03-06 14:50:00,M01,218.02,117.0,18.11,running
2025-03-06 14:51:00,M01,217.99,114.86,18.24,running
2025-03-06 14:52:00,M01,217.7,119.21,18.89,running
2025-03-06 14:53:00,M01,217.77,120.91,18.34,running
2025-03-06 14:54:00,M01,218.14,116.68,18.3,running
2025-03-06 14:55:00,M01,218.05,118.68,19.19,running
2025-03-06 14:56:00,M01,217.4,116.37,18.68,running
2025-03-06 14:57:00,M01,217.95,117.6,18.48,running
2025-03-06 14:58:00,M01,218.88,118.85,18.82,running
2025-03-06 14:59:00,M01,219.03,118.49,18.5,running
2025-03-06 15:00:00,M01,218.86,115.57,18.82,running
2025-03-06 15:01:00,M01,218.57,118.14,18.62,running
2025-03-06 15:02:00,M01,217.4,118.27,19.02,running
2025-03-06 15:03:00,M01,217.84,118.7,18.82,running
2025-03-06 15:04:00,M01,218.71,119.61,18.5,running
2025-03-06 15:05:00,M01,218.97,118.05,19.28,running
2025-03-06 15:06:00,M01,218.69,116.58,18.9,running
2025-03-06 15:07:00,M01,218.67,120.6,18.79,running
2025-03-06 15:08:00,M01,219.86,117.86,18.51,running
2025-03-06 15:09:00,M01,218.63,121.0,18.49,running
2025-03-06 15:10:00,M01,218.29,116.32,18.24,running
2025-03-06 15:11:00,M01,217.56,118.07,19.04,running
2025-03-06 15:12:00,M01,217.63,117.07,18.9,running
2025-03-06 15:13:00,M01,217.43,119.68,18.59,running
2025-03-06 15:14:00,M01,218.34,119.15,18.46,running
2025-03-06 15:15:00,M01,217.87,119.37,18.47,running
2025-03-06 15:16:00,M01,217.05,118.77,19.05,running
2025-03-06 15:17:00,M01,217.79,117.71,18.96,running
2025-03-06 15:18:00,M01,218.26,116.26,18.71,running
2025-03-06 15:19:00,M01,218.73,118.04,18.88,running
2025-03-06 15:20:00,M01,219.2,117.61,18.56,running
2025-03-06 15:21:00,M01,218.53,119.42,18.36,running
2025-03-06 15:22:00,M01,218.51,118.05,18.84,running
2025-03-06 15:23:00,M01,218.97,115.92,18.69,running
2025-03-06 15:24:00,M01,218.75,114.8,18.35,running
2025-03-06 15:25:00,M01,218.39,117.37,18.61,running
2025-03-06 15:26:00,M01,218.39,117.42,18.48,running
2025-03-06 15:27:00,M01,218.88,116.38,18.47,running
2025-03-06 15:28:00,M01,217.91,117.98,18.22,running
2025-03-06 15:29:00,M01,218.04,119.66,18.87,running
2025-03-06 15:30:00,M01,218.2,118.49,18.8,running
2025-03-06 15:31:00,M01,217.68,118.22,18.25,running
2025-03-06 15:32:00,M01,216.83,119.37,18.89,running
2025-03-06 15:33:00,M01,218.27,121.05,18.77,running
2025-03-06 15:34:00,M01,219.47,117.75,18.52,running
2025-03-06 15:35:00,M01,219.57,118.49,18.75,running
2025-03-06 15:36:00,M01,219.28,116.74,18.68,running
2025-03-06 15:37:00,M01,219.3,119.32,18.5,running
2025-03-06 15:38:00,M01,218.25,120.42,17.93,running
2025-03-06 15:39:00,M01,218.82,120.67,18.13,running
2025-03-06 15:40:00,M01,218.43,118.34,18.57,running
2025-03-06 15:41:00,M01,219.04,119.1,19.02,running
2025-03-06 15:42:00,M01,218.27,117.21,18.51,running
2025-03-06 15:43:00,M01,218.74,118.38,19.09,running
2025-03-06 15:44:00,M01,219.09,116.39,18.31,running
2025-03-06 15:45:00,M01,218.87,118.27,18.24,running
2025-03-06 15:46:00,M01,218.28,116.44,18.42,running
2025-03-06 15:47:00,M01,218.58,120.42,18.56,running
2025-03-06 15:48:00,M01,218.05,115.14,18.76,running
2025-03-06 15:49:00,M01,218.12,117.27,18.48,running
2025-03-06 15:50:00,M01,217.53,119.32,18.56,running
2025-03-06 15:51:00,M01,217.32,117.72,18.77,running
2025-03-06 15:52:00,M01,217.52,121.12,18.39,running
2025-03-06 15:53:00,M01,217.23,118.67,18.83,running
2025-03-06 15:54:00,M01,217.06,118.63,18.39,running
2025-03-06 15:55:00,M01,216.31,116.39,18.7,running
2025-03-06 15:56:00,M01,216.26,116.87,18.63,running
2025-03-06 15:57:00,M01,216.49,116.69,19.39,running
2025-03-06 15:58:00,M01,216.62,118.45,18.23,running
2025-03-06 15:59:00,M01,217.56,119.43,18.79,running
2025-03-06 16:00:00,M01,218.71,117.66,18.64,running
2025-03-06 16:01:00,M01,219.32,117.97,18.33,running
2025-03-06 16:02:00,M01,218.79,117.92,19.17,running
2025-03-06 16:03:00,M01,218.83,119.92,18.5,running
2025-03-06 16:04:00,M01,217.91,119.92,18.63,running
2025-03-06 16:05:00,M01,217.8,118.92,18.71,running
2025-03-06 16:06:00,M01,217.82,116.89,18.83,running
2025-03-06 16:07:00,M01,216.86,118.84,18.36,running
2025-03-06 16:08:00,M01,215.61,119.86,18.54,running
2025-03-06 16:09:00,M01,216.44,118.7,19.29,running
2025-03-06 16:10:00,M01,217.46,120.24,18.42,running
2025-03-06 16:11:00,M01,218.17,116.16,18.7,running
2025-03-06 16:12:00,M01,217.28,119.42,18.72,running
2025-03-06 16:13:00,M01,216.98,119.01,18.69,running
2025-03-06 16:14:00,M01,217.39,117.92,18.41,running
2025-03-06 16:15:00,M01,218.13,117.39,18.56,running
2025-03-06 16:16:00,M01,219.24,118.37,18.55,running
2025-03-06 16:17:00,M01,218.93,118.11,18.41,running
2025-03-06 16:18:00,M01,218.99,118.55,18.73,running
2025-03-06 16:19:00,M01,217.16,118.55,18.39,running
2025-03-06 16:20:00,M01,217.16,119.55,19.31,running
2025-03-06 16:21:00,M01,217.63,117.19,18.7,running
2025-03-06 16:22:00,M01,217.86,117.37,18.1,running
2025-03-06 16:23:00,M01,217.21,118.57,18.29,running
2025-03-06 16:24:00,M01,218.17,116.42,18.16,running
2025-03-06 16:25:00,M01,219.33,120.55,18.96,running
2025-03-06 16:26:00,M01,219.42,121.64,18.58,running
2025-03-06 16:27:00,M01,218.44,116.32,18.65,running
2025-03-06 16:28:00,M01,218.3,119.36,18.36,running
2025-03-06 16:29:00,M01,216.98,116.36,18.39,running
2025-03-06 16:30:00,M01,216.34,115.53,18.47,running
2025-03-06 16:31:00,M01,216.02,118.43,18.34,running
2025-03-06 16:32:00,M01,217.21,120.68,18.92,running
2025-03-06 16:33:00,M01,216.98,116.54,18.87,running
2025-03-06 16:34:00,M01,217.03,118.22,18.27,running
2025-03-06 16:35:00,M01,216.56,117.11,18.58,running
2025-03-06 16:36:00,M01,217.64,117.24,18.46,running
2025-03-06 16:37:00,M01,217.77,119.67,18.45,running
2025-03-06 16:38:00,M01,218.1,119.93,18.59,running
2025-03-06 16:39:00,M01,218.07,117.03,18.52,running
2025-03-06 16:40:00,M01,218.5,118.21,18.71,running
2025-03-06 16:41:00,M01,219.13,117.16,18.14,running
2025-03-06 16:42:00,M01,218.62,114.26,18.53,running
2025-03-06 16:43:00,M01,219.35,120.86,18.84,running
2025-03-06 16:44:00,M01,218.99,120.69,18.65,running
2025-03-06 16:45:00,M01,218.78,119.46,18.72,running
2025-03-06 16:46:00,M01,218.09,118.58,18.81,running
2025-03-06 16:47:00,M01,218.62,119.19,18.4,running
2025-03-06 16:48:00,M01,219.74,119.44,18.34,running
2025-03-06 16:49:00,M01,220.59,116.7,18.95,running
2025-03-06 16:50:00,M01,219.25,118.93,18.66,running
2025-03-06 16:51:00,M01,218.91,119.7,18.93,running
2025-03-06 16:52:00,M01,218.82,119.12,18.89,running
2025-03-06 16:53:00,M01,219.48,119.99,18.74,running
2025-03-06 16:54:00,M01,218.2,118.99,18.42,running
2025-03-06 16:55:00,M01,219.74,117.08,18.64,running
2025-03-06 16:56:00,M01,218.97,118.42,18.91,running
2025-03-06 16:57:00,M01,218.93,117.64,18.57,running
2025-03-06 16:58:00,M01,217.69,119.5,18.73,running
2025-03-06 16:59:00,M01,216.7,119.83,18.58,running
2025-03-06 17:00:00,M01,217.14,113.74,18.67,running
2025-03-06 17:01:00,M01,216.35,118.49,18.64,running
2025-03-06 17:02:00,M01,216.28,119.27,18.56,running
2025-03-06 17:03:00,M01,217.44,117.98,17.95,running
2025-03-06 17:04:00,M01,218.31,118.08,18.71,running
2025-03-06 17:05:00,M01,217.87,120.55,18.62,running
2025-03-06 17:06:00,M01,217.66,116.4,18.43,running
2025-03-06 17:07:00,M01,218.55,119.24,18.63,running
2025-03-06 17:08:00,M01,218.31,119.76,18.3,running
2025-03-06 17:09:00,M01,217.77,118.44,18.85,running
2025-03-06 17:10:00,M01,217.42,119.54,18.81,running
2025-03-06 17:11:00,M01,218.54,114.35,18.63,running
2025-03-06 17:12:00,M01,219.07,117.22,18.43,running
2025-03-06 17:13:00,M01,220.05,119.52,18.72,running
2025-03-06 17:14:00,M01,219.96,121.18,19.24,running
2025-03-06 17:15:00,M01,220.19,116.53,18.07,running
2025-03-06 17:16:00,M01,219.66,119.31,18.83,running
2025-03-06 17:17:00,M01,218.89,120.1,18.54,running
2025-03-06 17:18:00,M01,217.75,121.02,18.66,running
2025-03-06 17:19:00,M01,218.76,121.02,19.13,running
2025-03-06 17:20:00,M01,218.37,117.93,18.58,running
2025-03-06 17:21:00,M01,217.65,119.01,18.83,running
2025-03-06 17:22:00,M01,217.69,120.36,18.53,running
2025-03-06 17:23:00,M01,217.85,119.79,18.05,running
2025-03-06 17:24:00,M01,218.16,119.28,18.68,running
2025-03-06 17:25:00,M01,218.41,117.26,18.16,running
2025-03-06 17:26:00,M01,218.42,119.3,18.89,running
2025-03-06 17:27:00,M01,218.1,117.89,18.66,running
2025-03-06 17:28:00,M01,218.8,119.24,18.38,running
2025-03-06 17:29:00,M01,217.95,119.79,18.37,running
2025-03-06 17:30:00,M01,218.42,119.19,18.86,running
2025-03-06 17:31:00,M01,218.53,115.85,18.65,running
2025-03-06 17:32:00,M01,217.79,117.58,18.33,running
2025-03-06 17:33:00,M01,216.8,115.97,18.59,running
2025-03-06 17:34:00,M01,218.03,119.27,19.09,running
2025-03-06 17:35:00,M01,218.14,118.15,18.65,running
2025-03-06 17:36:00,M01,217.38,121.39,18.37,running
2025-03-06 17:37:00,M01,217.75,118.63,18.66,running
2025-03-06 17:38:00,M01,217.43,115.1,18.5,running
2025-03-06 17:39:00,M01,218.29,120.12,18.57,running
2025-03-06 17:40:00,M01,218.61,116.15,18.76,running
2025-03-06 17:41:00,M01,218.49,118.46,18.26,running
2025-03-06 17:42:00,M01,218.37,116.97,18.27,running
2025-03-06 17:43:00,M01,218.63,115.93,18.78,running
2025-03-06 17:44:00,M01,217.92,118.52,18.64,running
2025-03-06 17:45:00,M01,217.99,117.96,18.59,running
2025-03-06 17:46:00,M01,216.87,117.25,18.25,running
2025-03-06 17:47:00,M01,216.61,118.07,18.41,running
2025-03-06 17:48:00,M01,217.0,116.73,18.12,running
2025-03-06 17:49:00,M01,216.1,118.43,18.36,running
2025-03-06 17:50:00,M01,215.7,116.1,18.18,running
2025-03-06 17:51:00,M01,216.7,117.28,18.48,running
2025-03-06 17:52:00,M01,217.57,118.1,18.11,running
2025-03-06 17:53:00,M01,217.69,121.09,18.43,running
2025-03-06 17:54:00,M01,217.28,118.58,18.05,running
2025-03-06 17:55:00,M01,218.53,118.33,18.9,running
2025-03-06 17:56:00,M01,217.24,117.37,18.51,running
2025-03-06 17:57:00,M01,216.93,119.43,18.61,running
2025-03-06 17:58:00,M01,217.02,116.96,18.75,running
2025-03-06 17:59:00,M01,216.96,119.07,18.37,running
2025-03-06 18:00:00,M01,217.02,117.03,18.69,running
2025-03-06 18:01:00,M01,217.97,116.67,18.51,running
2025-03-06 18:02:00,M01,217.65,119.42,19.09,running
2025-03-06 18:03:00,M01,217.1,118.34,18.66,running
2025-03-06 18:04:00,M01,217.7,117.57,18.52,running
2025-03-06 18:05:00,M01,218.15,118.81,18.32,running
2025-03-06 18:06:00,M01,217.28,117.72,18.42,running
2025-03-06 18:07:00,M01,217.12,119.41,18.55,running
2025-03-06 18:08:00,M01,217.03,117.45,18.84,running
2025-03-06 18:09:00,M01,216.54,119.37,18.7,running
2025-03-06 18:10:00,M01,216.71,118.05,18.26,running
2025-03-06 18:11:00,M01,217.44,118.8,18.63,running
2025-03-06 18:12:00,M01,217.04,118.03,18.62,running
2025-03-06 18:13:00,M01,216.85,116.24,18.2,running
2025-03-06 18:14:00,M01,216.92,117.98,18.45,running
2025-03-06 18:15:00,M01,215.39,117.96,18.54,running
2025-03-06 18:16:00,M01,215.38,116.32,18.44,running
2025-03-06 18:17:00,M01,215.21,115.3,18.53,running
2025-03-06 18:18:00,M01,215.95,118.11,18.74,running
2025-03-06 18:19:00,M01,215.88,119.02,18.43,running
2025-03-06 18:20:00,M01,216.7,116.32,18.67,running
2025-03-06 18:21:00,M01,217.32,116.8,18.7,running
2025-03-06 18:22:00,M01,217.92,115.9,18.58,running
2025-03-06 18:23:00,M01,216.9,118.44,18.58,running
2025-03-06 18:24:00,M01,216.71,115.71,19.06,running
2025-03-06 18:25:00,M01,217.26,116.09,18.32,running
2025-03-06 18:26:00,M01,216.93,116.99,19.01,running
2025-03-06 18:27:00,M01,216.37,117.22,18.2,running
2025-03-06 18:28:00,M01,216.22,118.53,18.38,running
2025-03-06 18:29:00,M01,216.76,118.46,18.94,running
2025-03-06 18:30:00,M01,217.28,119.43,18.82,running
2025-03-06 18:31:00,M01,218.21,117.27,18.39,running
2025-03-06 18:32:00,M01,219.04,117.28,18.61,running
2025-03-06 18:33:00,M01,219.23,120.39,18.54,running
2025-03-06 18:34:00,M01,219.13,116.48,18.55,running
2025-03-06 18:35:00,M01,218.91,116.38,18.76,running
2025-03-06 18:36:00,M01,217.94,115.4,18.67,running
2025-03-06 18:37:00,M01,218.41,118.7,18.45,running
2025-03-06 18:38:00,M01,218.34,118.91,18.61,running
2025-03-06 18:39:00,M01,218.63,115.89,18.3,running
2025-03-06 18:40:00,M01,217.88,119.39,18.75,running
2025-03-06 18:41:00,M01,218.54,116.84,18.62,running
2025-03-06 18:42:00,M01,217.71,119.93,18.65,running
2025-03-06 18:43:00,M01,218.02,117.75,18.57,running
2025-03-06 18:44:00,M01,218.23,119.5,18.78,running
2025-03-06 18:45:00,M01,217.88,119.07,18.69,running
2025-03-06 18:46:00,M01,217.64,119.53,18.37,running
2025-03-06 18:47:00,M01,216.47,119.55,18.94,running
2025-03-06 18:48:00,M01,216.4,120.44,18.61,running
2025-03-06 18:49:00,M01,215.79,116.07,18.68,running
2025-03-06 18:50:00,M01,216.47,119.65,18.45,running
2025-03-06 18:51:00,M01,217.18,118.18,18.91,running
2025-03-06 18:52:00,M01,217.43,118.0,18.93,running
2025-03-06 18:53:00,M01,217.31,120.22,18.64,running
2025-03-06 18:54:00,M01,216.29,115.17,18.12,running
2025-03-06 18:55:00,M01,215.97,118.49,18.66,running
2025-03-06 18:56:00,M01,215.72,119.26,17.98,running
2025-03-06 18:57:00,M01,216.28,119.35,19.08,running
2025-03-06 18:58:00,M01,215.82,119.39,18.54,running
2025-03-06 18:59:00,M01,216.41,116.67,18.61,running
2025-03-06 19:00:00,M01,216.4,117.82,18.41,running
2025-03-06 19:01:00,M01,216.73,118.5,18.41,running
2025-03-06 19:02:00,M01,216.6,115.89,18.75,running
2025-03-06 19:03:00,M01,215.79,118.09,19.01,running
2025-03-06 19:04:00,M01,215.93,118.63,18.74,running
2025-03-06 19:05:00,M01,214.53,117.45,18.76,running
2025-03-06 19:06:00,M01,214.91,119.19,18.33,running
2025-03-06 19:07:00,M01,215.74,119.12,18.27,running
2025-03-06 19:08:00,M01,216.08,119.2,18.31,running
2025-03-06 19:09:00,M01,215.39,117.45,18.28,running
2025-03-06 19:10:00,M01,215.14,119.33,18.32,running
2025-03-06 19:11:00,M01,215.82,117.72,18.57,running
2025-03-06 19:12:00,M01,217.16,118.45,18.88,running
2025-03-06 19:13:00,M01,217.04,116.14,18.45,running
2025-03-06 19:14:00,M01,217.76,117.28,18.84,running
2025-03-06 19:15:00,M01,219.13,119.75,18.76,running
2025-03-06 19:16:00,M01,219.46,119.32,18.54,running
2025-03-06 19:17:00,M01,219.37,118.0,18.29,running
2025-03-06 19:18:00,M01,218.53,121.01,18.77,running
2025-03-06 19:19:00,M01,218.59,118.97,18.34,running
2025-03-06 19:20:00,M01,217.88,117.19,18.63,running
2025-03-06 19:21:00,M01,218.54,116.22,18.6,running
2025-03-06 19:22:00,M01,218.7,118.25,18.87,running
2025-03-06 19:23:00,M01,218.92,118.51,19.01,running
2025-03-06 19:24:00,M01,218.22,117.4,18.5,running
2025-03-06 19:25:00,M01,218.64,114.59,18.66,running
2025-03-06 19:26:00,M01,217.16,119.06,18.43,running
2025-03-06 19:27:00,M01,217.34,121.85,18.43,running
2025-03-06 19:28:00,M01,217.55,118.91,18.71,running
2025-03-06 19:29:00,M01,216.59,117.35,18.5,running
2025-03-06 19:30:00,M01,217.87,116.6,18.36,running
2025-03-06 19:31:00,M01,217.79,119.61,18.78,running
2025-03-06 19:32:00,M01,216.17,116.83,18.76,running
2025-03-06 19:33:00,M01,215.89,120.96,18.45,running
2025-03-06 19:34:00,M01,215.76,119.45,18.22,running
2025-03-06 19:35:00,M01,216.04,120.78,18.74,running
2025-03-06 19:36:00,M01,216.82,119.32,18.43,running
2025-03-06 19:37:00,M01,216.51,117.67,18.73,running
2025-03-06 19:38:00,M01,216.53,117.7,18.99,running
2025-03-06 19:39:00,M01,215.88,119.38,18.48,running
2025-03-06 19:40:00,M01,215.75,116.71,18.44,running
2025-03-06 19:41:00,M01,216.06,119.77,18.85,running
2025-03-06 19:42:00,M01,216.25,116.7,19.27,running
2025-03-06 19:43:00,M01,215.93,117.55,17.96,running
2025-03-06 19:44:00,M01,216.23,116.2,18.38,running
2025-03-06 19:45:00,M01,216.63,117.97,18.32,running
2025-03-06 19:46:00,M01,215.69,117.0,18.19,running
2025-03-06 19:47:00,M01,217.06,117.97,18.75,running
2025-03-06 19:48:00,M01,216.97,121.01,18.38,running
2025-03-06 19:49:00,M01,215.91,118.27,18.31,running
2025-03-06 19:50:00,M01,215.29,118.85,18.47,running
2025-03-06 19:51:00,M01,,118.54,18.51,running
2025-03-06 19:52:00,M01,216.44,116.75,18.42,running
2025-03-06 19:53:00,M01,216.92,121.56,18.17,running
2025-03-06 19:54:00,M01,217.34,117.74,18.95,running
2025-03-06 19:55:00,M01,216.42,114.77,18.51,running
2025-03-06 19:56:00,M01,216.72,119.56,18.74,running
2025-03-06 19:57:00,M01,216.91,119.17,18.64,running
2025-03-06 19:58:00,M01,217.23,117.23,18.56,running
2025-03-06 19:59:00,M01,216.34,118.05,18.67,running
2025-03-06 20:00:00,M01,215.87,119.21,18.53,running
2025-03-06 20:01:00,M01,215.68,117.29,18.67,running
2025-03-06 20:02:00,M01,216.49,118.75,19.02,running
2025-03-06 20:03:00,M01,215.86,116.86,18.87,running
2025-03-06 20:04:00,M01,215.87,118.75,18.78,running
2025-03-06 20:05:00,M01,215.83,116.28,18.82,running
2025-03-06 20:06:00,M01,215.44,117.46,18.44,running
2025-03-06 20:07:00,M01,214.95,118.15,18.31,running
2025-03-06 20:08:00,M01,215.01,120.0,18.81,running
2025-03-06 20:09:00,M01,215.37,118.85,18.43,running
2025-03-06 20:10:00,M01,215.96,121.23,18.42,running
2025-03-06 20:11:00,M01,216.34,117.58,19.14,running
2025-03-06 20:12:00,M01,215.98,118.26,18.99,running
2025-03-06 20:13:00,M01,217.29,119.61,18.59,running
2025-03-06 20:14:00,M01,217.26,118.05,18.84,running
2025-03-06 20:15:00,M01,216.82,118.15,18.94,running
2025-03-06 20:16:00,M01,215.89,118.04,18.73,running
2025-03-06 20:17:00,M01,215.75,120.08,18.43,running
2025-03-06 20:18:00,M01,215.81,115.27,18.55,running
2025-03-06 20:19:00,M01,216.52,115.63,18.34,running
2025-03-06 20:20:00,M01,217.1,118.15,18.65,running
2025-03-06 20:21:00,M01,216.34,117.14,18.41,running
2025-03-06 20:22:00,M01,216.7,119.57,19.24,running
2025-03-06 20:23:00,M01,216.59,120.09,18.67,running
2025-03-06 20:24:00,M01,216.98,116.73,18.96,running
2025-03-06 20:25:00,M01,217.55,117.64,18.62,running
2025-03-06 20:26:00,M01,217.52,115.9,18.42,running
2025-03-06 20:27:00,M01,217.23,116.87,18.16,running
2025-03-06 20:28:00,M01,216.75,116.68,18.41,running
2025-03-06 20:29:00,M01,215.59,116.54,18.46,running
2025-03-06 20:30:00,M01,214.67,115.71,18.45,running
2025-03-06 20:31:00,M01,214.91,118.35,18.86,running
2025-03-06 20:32:00,M01,214.48,119.3,18.1,running
2025-03-06 20:33:00,M01,214.6,118.37,18.53,running
2025-03-06 20:34:00,M01,214.72,117.09,18.76,running
2025-03-06 20:35:00,M01,214.76,117.09,18.81,running
2025-03-06 20:36:00,M01,214.89,115.79,18.71,running
2025-03-06 20:37:00,M01,215.03,117.41,18.65,running
2025-03-06 20:38:00,M01,213.87,116.73,18.65,running
2025-03-06 20:39:00,M01,214.23,118.43,18.42,running
2025-03-06 20:40:00,M01,214.95,117.47,18.57,running
2025-03-06 20:41:00,M01,215.3,120.95,18.54,running
2025-03-06 20:42:00,M01,215.56,120.37,18.54,running
2025-03-06 20:43:00,M01,215.75,118.13,18.62,running
2025-03-06 20:44:00,M01,214.93,119.33,18.51,running
2025-03-06 20:45:00,M01,214.1,117.11,18.63,running
2025-03-06 20:46:00,M01,214.07,118.04,18.04,running
2025-03-06 20:47:00,M01,214.48,116.87,18.76,running
2025-03-06 20:48:00,M01,213.71,117.51,18.52,running
2025-03-06 20:49:00,M01,213.88,119.15,18.48,running
2025-03-06 20:50:00,M01,213.49,116.95,18.38,running
2025-03-06 20:51:00,M01,213.18,117.46,18.41,running
2025-03-06 20:52:00,M01,214.23,118.77,18.63,running
2025-03-06 20:53:00,M01,214.27,119.53,18.23,running
2025-03-06 20:54:00,M01,213.79,118.06,18.04,running
2025-03-06 20:55:00,M01,213.8,121.19,18.2,running
2025-03-06 20:56:00,M01,214.94,120.48,18.57,running
2025-03-06 20:57:00,M01,215.31,116.12,18.88,running
2025-03-06 20:58:00,M01,214.91,118.34,18.46,running
2025-03-06 20:59:00,M01,215.74,117.67,19.02,running
2025-03-06 21:00:00,M01,216.47,119.55,18.54,running
2025-03-06 21:01:00,M01,216.53,118.82,18.3,running
2025-03-06 21:02:00,M01,216.59,119.24,19.28,running
2025-03-06 21:03:00,M01,216.75,117.58,18.36,running
2025-03-06 21:04:00,M01,216.27,116.73,18.62,running
2025-03-06 21:05:00,M01,216.07,117.21,18.78,running
2025-03-06 21:06:00,M01,215.22,119.89,18.58,running
2025-03-06 21:07:00,M01,215.29,118.9,18.59,running
2025-03-06 21:08:00,M01,214.91,115.96,18.57,running
2025-03-06 21:09:00,M01,215.46,118.27,18.6,running
2025-03-06 21:10:00,M01,214.32,119.57,18.33,running
2025-03-06 21:11:00,M01,214.64,118.61,18.82,running
2025-03-06 21:12:00,M01,214.84,119.64,18.83,running
2025-03-06 21:13:00,M01,215.76,117.22,18.39,running
2025-03-06 21:14:00,M01,215.86,116.49,18.68,running
2025-03-06 21:15:00,M01,215.06,115.13,18.61,running
2025-03-06 21:16:00,M01,214.7,117.56,18.92,running
2025-03-06 21:17:00,M01,215.76,118.68,18.94,running
2025-03-06 21:18:00,M01,215.68,119.37,18.86,running
2025-03-06 21:19:00,M01,214.31,115.94,18.24,running
2025-03-06 21:20:00,M01,213.92,118.44,18.27,running
2025-03-06 21:21:00,M01,213.79,118.71,18.85,running
2025-03-06 21:22:00,M01,213.63,117.53,18.81,running
2025-03-06 21:23:00,M01,212.77,117.88,18.32,running
2025-03-06 21:24:00,M01,213.07,119.13,18.54,running
2025-03-06 21:25:00,M01,213.77,118.76,17.98,running
2025-03-06 21:26:00,M01,213.24,118.44,18.77,running
2025-03-06 21:27:00,M01,212.82,118.03,18.48,running
2025-03-06 21:28:00,M01,214.29,118.04,18.12,running
2025-03-06 21:29:00,M01,214.47,116.25,18.61,running
2025-03-06 21:30:00,M01,213.65,115.45,17.96,running
2025-03-06 21:31:00,M01,214.43,117.09,19.04,running
2025-03-06 21:32:00,M01,214.55,119.74,18.66,running
2025-03-06 21:33:00,M01,214.36,116.57,18.52,running
2025-03-06 21:34:00,M01,214.9,117.22,18.94,running
2025-03-06 21:35:00,M01,214.07,115.63,18.17,running
2025-03-06 21:36:00,M01,214.36,118.75,18.84,running
2025-03-06 21:37:00,M01,214.95,118.18,18.53,running
2025-03-06 21:38:00,M01,214.97,117.23,18.38,running
2025-03-06 21:39:00,M01,214.46,114.99,18.24,running
2025-03-06 21:40:00,M01,214.61,120.79,18.62,running
2025-03-06 21:41:00,M01,214.65,118.96,18.67,running
2025-03-06 21:42:00,M01,215.28,117.93,18.48,running
2025-03-06 21:43:00,M01,214.8,117.75,17.91,running
2025-03-06 21:44:00,M01,215.14,118.85,18.34,running
2025-03-06 21:45:00,M01,215.02,118.08,18.35,running
2025-03-06 21:46:00,M01,215.28,116.66,18.52,running
2025-03-06 21:47:00,M01,214.52,117.84,18.66,running
2025-03-06 21:48:00,M01,215.06,117.66,18.53,running
2025-03-06 21:49:00,M01,214.54,116.03,18.34,running
2025-03-06 21:50:00,M01,215.09,118.72,18.36,running
2025-03-06 21:51:00,M01,214.97,117.88,18.56,running
2025-03-06 21:52:00,M01,214.51,114.21,19.01,running
2025-03-06 21:53:00,M01,214.53,117.83,18.55,running
2025-03-06 21:54:00,M01,214.64,118.42,18.34,running
2025-03-06 21:55:00,M01,214.54,118.31,18.46,running
2025-03-06 21:56:00,M01,213.73,117.29,18.0,running
2025-03-06 21:57:00,M01,212.99,118.47,18.34,running
2025-03-06 21:58:00,M01,212.61,117.59,18.58,running
2025-03-06 21:59:00,M01,212.89,118.77,18.53,running
2025-03-06 22:00:00,M01,213.16,119.15,18.39,running
2025-03-06 22:01:00,M01,213.61,116.63,18.66,running
2025-03-06 22:02:00,M01,212.74,119.53,18.23,running
2025-03-06 22:03:00,M01,212.38,117.88,18.64,running
2025-03-06 22:04:00,M01,211.91,118.87,18.48,running
2025-03-06 22:05:00,M01,212.86,117.41,18.92,running
2025-03-06 22:06:00,M01,212.8,114.84,18.68,running
2025-03-06 22:07:00,M01,213.01,115.56,18.27,running
2025-03-06 22:08:00,M01,213.67,118.92,18.76,running
2025-03-06 22:09:00,M01,213.33,117.65,18.44,running
2025-03-06 22:10:00,M01,214.18,119.48,18.31,running
2025-03-06 22:11:00,M01,213.66,115.97,18.25,running
2025-03-06 22:12:00,M01,212.73,118.51,18.35,running
2025-03-06 22:13:00,M01,213.81,119.75,18.94,running
2025-03-06 22:14:00,M01,213.89,118.44,17.69,running
2025-03-06 22:15:00,M01,213.38,115.11,18.47,running
2025-03-06 22:16:00,M01,213.0,116.88,18.36,running
2025-03-06 22:17:00,M01,212.52,118.44,18.5,running
2025-03-06 22:18:00,M01,212.56,119.07,18.36,running
2025-03-06 22:19:00,M01,213.87,118.25,18.59,running
2025-03-06 22:20:00,M01,214.14,117.22,18.48,running
2025-03-06 22:21:00,M01,213.21,115.21,18.05,running
2025-03-06 22:22:00,M01,212.18,118.33,18.37,running
2025-03-06 22:23:00,M01,212.46,115.52,18.23,running
2025-03-06 22:24:00,M01,212.41,119.09,18.51,running
2025-03-06 22:25:00,M01,212.53,116.36,18.01,running
2025-03-06 22:26:00,M01,212.59,116.86,18.46,running
2025-03-06 22:27:00,M01,214.71,118.38,18.78,running
2025-03-06 22:28:00,M01,213.88,119.66,18.66,running
2025-03-06 22:29:00,M01,213.68,120.89,18.48,running
2025-03-06 22:30:00,M01,214.94,119.09,18.08,running
2025-03-06 22:31:00,M01,214.81,119.41,18.25,running
2025-03-06 22:32:00,M01,214.55,118.15,18.18,running
2025-03-06 22:33:00,M01,214.99,119.38,18.51,running
2025-03-06 22:34:00,M01,216.03,117.37,18.53,running
2025-03-06 22:35:00,M01,215.23,119.22,18.63,running
2025-03-06 22:36:00,M01,215.72,119.26,18.37,running
2025-03-06 22:37:00,M01,216.43,118.72,17.91,running
2025-03-06 22:38:00,M01,216.12,118.06,19.06,running
2025-03-06 22:39:00,M01,214.78,117.85,18.79,running
2025-03-06 22:40:00,M01,213.74,116.66,18.04,running
2025-03-06 22:41:00,M01,214.42,115.25,18.33,running
2025-03-06 22:42:00,M01,214.32,116.49,18.55,running
2025-03-06 22:43:00,M01,214.76,118.8,18.59,running
2025-03-06 22:44:00,M01,214.95,115.98,17.87,running
2025-03-06 22:45:00,M01,213.69,117.59,18.79,running
2025-03-06 22:46:00,M01,213.86,117.34,18.81,running
2025-03-06 22:47:00,M01,213.41,119.02,18.36,running
2025-03-06 22:48:00,M01,212.87,120.31,18.22,running
2025-03-06 22:49:00,M01,212.93,119.92,18.38,running
2025-03-06 22:50:00,M01,213.01,119.31,18.32,running
2025-03-06 22:51:00,M01,212.12,118.8,18.11,running
2025-03-06 22:52:00,M01,213.04,117.75,18.59,running
2025-03-06 22:53:00,M01,213.25,118.89,18.77,running
2025-03-06 22:54:00,M01,212.79,118.06,18.71,running
2025-03-06 22:55:00,M01,212.32,119.6,18.46,running
2025-03-06 22:56:00,M01,212.58,118.84,18.78,running
2025-03-06 22:57:00,M01,212.93,119.19,18.29,running
2025-03-06 22:58:00,M01,213.08,119.43,18.46,running
2025-03-06 22:59:00,M01,212.79,118.36,18.56,running
2025-03-06 23:00:00,M01,212.73,115.66,18.09,running
2025-03-06 23:01:00,M01,213.95,120.29,18.11,running
2025-03-06 23:02:00,M01,214.49,118.31,18.35,running
2025-03-06 23:03:00,M01,214.61,118.77,18.3,running
2025-03-06 23:04:00,M01,213.6,119.2,18.31,running
2025-03-06 23:05:00,M01,213.86,117.01,18.73,running
2025-03-06 23:06:00,M01,214.01,118.01,18.86,running
2025-03-06 23:07:00,M01,214.43,117.49,18.43,running
2025-03-06 23:08:00,M01,214.45,117.45,18.74,running
2025-03-06 23:09:00,M01,214.88,117.52,18.17,running
2025-03-06 23:10:00,M01,214.89,115.7,18.58,running
2025-03-06 23:11:00,M01,214.59,117.48,18.53,running
2025-03-06 23:12:00,M01,214.52,115.99,18.37,running
2025-03-06 23:13:00,M01,213.84,118.41,18.49,running
2025-03-06 23:14:00,M01,213.21,119.58,18.59,running
2025-03-06 23:15:00,M01,212.86,117.93,18.19,running
2025-03-06 23:16:00,M01,213.46,117.79,18.56,running
2025-03-06 23:17:00,M01,213.58,119.09,18.78,running
2025-03-06 23:18:00,M01,212.44,118.58,18.42,running
2025-03-06 23:19:00,M01,212.2,117.8,18.25,running
2025-03-06 23:20:00,M01,212.59,117.86,18.65,running
2025-03-06 23:21:00,M01,212.92,117.53,18.51,running
2025-03-06 23:22:00,M01,211.94,116.85,18.09,running
2025-03-06 23:23:00,M01,211.99,119.79,18.18,running
2025-03-06 23:24:00,M01,211.93,118.35,18.38,running
2025-03-06 23:25:00,M01,212.13,119.67,18.4,running
2025-03-06 23:26:00,M01,212.52,119.13,18.78,running
2025-03-06 23:27:00,M01,213.23,119.43,18.5,running
2025-03-06 23:28:00,M01,212.73,118.27,18.17,running
2025-03-06 23:29:00,M01,214.08,119.21,18.62,running
2025-03-06 23:30:00,M01,214.88,117.3,18.76,running
2025-03-06 23:31:00,M01,214.0,116.85,18.79,running
2025-03-06 23:32:00,M01,214.13,118.12,19.17,running
2025-03-06 23:33:00,M01,213.97,119.04,18.37,running
2025-03-06 23:34:00,M01,213.86,118.36,18.53,running
2025-03-06 23:35:00,M01,213.98,118.91,18.7,running
2025-03-06 23:36:00,M01,214.21,119.17,18.16,running
2025-03-06 23:37:00,M01,214.04,119.48,18.62,running
2025-03-06 23:38:00,M01,214.03,116.98,18.65,running
2025-03-06 23:39:00,M01,213.65,116.36,18.28,running
2025-03-06 23:40:00,M01,214.23,118.12,18.48,running
2025-03-06 23:41:00,M01,213.29,117.11,18.75,running
2025-03-06 23:42:00,M01,213.58,114.58,18.6,running
2025-03-06 23:43:00,M01,213.16,117.76,18.4,running
2025-03-06 23:44:00,M01,213.47,118.68,18.28,running
2025-03-06 23:45:00,M01,213.11,117.67,18.77,running
2025-03-06 23:46:00,M01,212.86,114.38,18.89,running
2025-03-06 23:47:00,M01,212.44,116.65,18.14,running
2025-03-06 23:48:00,M01,212.45,118.33,18.76,running
2025-03-06 23:49:00,M01,212.82,117.28,18.42,running
2025-03-06 23:50:00,M01,212.94,117.44,18.53,running
2025-03-06 23:51:00,M01,213.13,114.34,18.49,running
2025-03-06 23:52:00,M01,212.42,117.59,18.75,running
2025-03-06 23:53:00,M01,211.7,118.8,18.28,running
2025-03-06 23:54:00,M01,210.91,115.48,18.27,running
2025-03-06 23:55:00,M01,211.28,117.53,18.77,running
2025-03-06 23:56:00,M01,211.23,114.86,18.28,running
2025-03-06 23:57:00,M01,211.57,117.89,18.2,running
2025-03-06 23:58:00,M01,211.07,117.05,17.56,running
2025-03-06 23:59:00,M01,211.59,116.77,18.47,running
2025-03-07 00:00:00,M01,211.63,118.1,18.54,running
2025-03-07 00:01:00,M01,211.18,118.84,18.57,running
2025-03-07 00:02:00,M01,211.01,115.91,18.68,running
2025-03-07 00:03:00,M01,210.59,116.45,18.42,running
2025-03-07 00:04:00,M01,211.44,115.94,18.37,running
2025-03-07 00:05:00,M01,211.69,117.24,18.51,running
2025-03-07 00:06:00,M01,211.83,118.52,18.11,running
2025-03-07 00:07:00,M01,212.08,117.49,18.6,running
2025-03-07 00:08:00,M01,212.23,120.08,18.3,running
2025-03-07 00:09:00,M01,212.96,117.36,18.78,running
2025-03-07 00:10:00,M01,213.22,118.53,18.33,running
2025-03-07 00:11:00,M01,213.61,113.79,18.0,running
2025-03-07 00:12:00,M01,212.04,117.3,18.36,running
2025-03-07 00:13:00,M01,212.76,118.49,18.78,running
2025-03-07 00:14:00,M01,213.76,118.01,18.2,running
2025-03-07 00:15:00,M01,213.23,116.95,18.33,running
2025-03-07 00:16:00,M01,213.64,117.38,18.57,running
2025-03-07 00:17:00,M01,213.59,119.74,18.6,running
2025-03-07 00:18:00,M01,213.17,117.12,17.91,running
2025-03-07 00:19:00,M01,213.68,116.93,18.75,running
2025-03-07 00:20:00,M01,213.08,116.76,18.28,running
2025-03-07 00:21:00,M01,211.5,117.89,18.65,running
2025-03-07 00:22:00,M01,211.72,114.44,18.2,running
2025-03-07 00:23:00,M01,212.29,117.63,18.26,running
2025-03-07 00:24:00,M01,211.52,118.7,18.67,running
2025-03-07 00:25:00,M01,212.56,115.96,18.79,running
2025-03-07 00:26:00,M01,213.0,114.5,18.27,running
2025-03-07 00:27:00,M01,213.39,118.74,17.84,running
2025-03-07 00:28:00,M01,213.02,116.8,18.35,running
2025-03-07 00:29:00,M01,213.36,117.1,18.79,running
2025-03-07 00:30:00,M01,214.0,118.92,18.81,running
2025-03-07 00:31:00,M01,214.09,118.09,18.5,running
2025-03-07 00:32:00,M01,213.67,119.0,18.57,running
2025-03-07 00:33:00,M01,213.41,116.7,18.94,running
2025-03-07 00:34:00,M01,212.57,120.49,18.5,running
2025-03-07 00:35:00,M01,212.02,118.29,18.58,running
2025-03-07 00:36:00,M01,212.76,119.08,18.58,running
2025-03-07 00:37:00,M01,213.35,120.37,18.67,running
2025-03-07 00:38:00,M01,213.04,118.49,18.45,running
2025-03-07 00:39:00,M01,213.04,119.49,18.43,running
2025-03-07 00:40:00,M01,213.36,116.77,18.51,running
2025-03-07 00:41:00,M01,214.07,116.94,18.33,running
2025-03-07 00:42:00,M01,215.26,117.52,18.83,running
2025-03-07 00:43:00,M01,215.06,119.15,18.8,running
2025-03-07 00:44:00,M01,214.78,118.25,18.34,running
2025-03-07 00:45:00,M01,215.06,120.5,18.77,running
2025-03-07 00:46:00,M01,214.18,116.37,18.21,running
2025-03-07 00:47:00,M01,213.34,120.69,18.89,running
2025-03-07 00:48:00,M01,212.66,116.52,18.77,running
2025-03-07 00:49:00,M01,212.89,119.6,18.59,running
2025-03-07 00:50:00,M01,212.57,116.17,18.57,running
2025-03-07 00:51:00,M01,211.9,116.44,18.51,running
2025-03-07 00:52:00,M01,212.42,120.31,18.44,running
2025-03-07 00:53:00,M01,212.93,118.47,18.14,running
2025-03-07 00:54:00,M01,212.95,115.08,18.5,running
2025-03-07 00:55:00,M01,212.74,117.92,18.78,running
2025-03-07 00:56:00,M01,212.97,120.13,18.42,running
2025-03-07 00:57:00,M01,212.26,116.22,18.04,running
2025-03-07 00:58:00,M01,211.55,115.38,18.63,running
2025-03-07 00:59:00,M01,211.4,119.12,18.32,running
2025-03-07 01:00:00,M01,211.72,117.69,18.25,running
2025-03-07 01:01:00,M01,211.45,116.39,18.69,running
2025-03-07 01:02:00,M01,211.92,116.03,18.43,running
2025-03-07 01:03:00,M01,212.01,117.03,18.33,running
2025-03-07 01:04:00,M01,213.48,120.52,18.6,running
2025-03-07 01:05:00,M01,213.24,117.45,18.15,running
2025-03-07 01:06:00,M01,212.78,119.14,18.44,running
2025-03-07 01:07:00,M01,211.9,117.25,18.38,running
2025-03-07 01:08:00,M01,211.73,116.47,18.47,running
2025-03-07 01:09:00,M01,211.85,119.19,18.56,running
2025-03-07 01:10:00,M01,211.91,116.93,18.45,running
2025-03-07 01:11:00,M01,212.7,117.59,18.46,running
2025-03-07 01:12:00,M01,213.0,117.34,18.21,running
2025-03-07 01:13:00,M01,212.36,115.19,18.04,running
2025-03-07 01:14:00,M01,213.57,116.2,18.18,running
2025-03-07 01:15:00,M01,,119.91,18.2,running
2025-03-07 01:16:00,M01,212.94,115.11,19.14,running
2025-03-07 01:17:00,M01,213.45,118.34,18.5,running
2025-03-07 01:18:00,M01,213.28,119.16,18.12,running
2025-03-07 01:19:00,M01,212.64,120.8,18.24,running
2025-03-07 01:20:00,M01,211.79,115.81,17.65,running
2025-03-07 01:21:00,M01,211.8,117.44,18.2,running
2025-03-07 01:22:00,M01,211.63,117.46,18.29,running
2025-03-07 01:23:00,M01,212.95,116.94,18.64,running
2025-03-07 01:24:00,M01,212.55,119.32,18.53,running
2025-03-07 01:25:00,M01,212.89,115.54,18.2,running
2025-03-07 01:26:00,M01,213.0,117.13,18.42,running
2025-03-07 01:27:00,M01,212.59,118.69,18.19,running
2025-03-07 01:28:00,M01,213.18,116.41,18.4,running
2025-03-07 01:29:00,M01,213.46,115.92,18.26,running
2025-03-07 01:30:00,M01,213.24,116.04,18.66,running
2025-03-07 01:31:00,M01,212.76,116.37,18.82,running
2025-03-07 01:32:00,M01,211.93,114.7,18.43,running
2025-03-07 01:33:00,M01,210.94,118.4,18.24,running
2025-03-07 01:34:00,M01,210.61,116.88,18.15,running
2025-03-07 01:35:00,M01,209.9,119.86,18.62,running
2025-03-07 01:36:00,M01,210.64,115.99,18.56,running
2025-03-07 01:37:00,M01,210.35,114.56,18.46,running
2025-03-07 01:38:00,M01,211.61,116.85,18.19,running
2025-03-07 01:39:00,M01,210.88,116.42,18.84,running
2025-03-07 01:40:00,M01,211.23,118.96,18.03,running
2025-03-07 01:41:00,M01,211.2,116.03,17.79,running
2025-03-07 01:42:00,M01,211.7,118.35,17.88,running
2025-03-07 01:43:00,M01,212.97,116.19,18.5,running
2025-03-07 01:44:00,M01,211.72,118.38,18.48,running
2025-03-07 01:45:00,M01,212.41,117.64,18.13,running
2025-03-07 01:46:00,M01,212.88,118.17,18.69,running
2025-03-07 01:47:00,M01,211.82,116.46,18.06,running
2025-03-07 01:48:00,M01,212.07,118.78,17.85,running
2025-03-07 01:49:00,M01,211.96,117.54,18.49,running
2025-03-07 01:50:00,M01,210.61,119.21,18.32,running
2025-03-07 01:51:00,M01,210.47,118.16,18.36,running
2025-03-07 01:52:00,M01,211.59,118.68,18.69,running
2025-03-07 01:53:00,M01,211.07,118.9,18.34,running
2025-03-07 01:54:00,M01,211.95,117.32,18.34,running
2025-03-07 01:55:00,M01,212.24,119.95,18.99,running
2025-03-07 01:56:00,M01,211.95,117.62,18.37,running
2025-03-07 01:57:00,M01,212.46,118.42,18.3,running
2025-03-07 01:58:00,M01,213.25,119.63,18.36,running
2025-03-07 01:59:00,M01,213.3,116.74,18.66,running
2025-03-07 02:00:00,M01,212.95,118.87,18.73,running
2025-03-07 02:01:00,M01,212.01,117.83,18.28,running
2025-03-07 02:02:00,M01,212.32,118.59,18.4,running
2025-03-07 02:03:00,M01,212.49,119.83,18.55,running
2025-03-07 02:04:00,M01,211.57,117.72,18.07,running
2025-03-07 02:05:00,M01,212.03,118.24,18.56,running
2025-03-07 02:06:00,M01,212.94,116.63,18.55,running
2025-03-07 02:07:00,M01,212.51,115.3,18.11,running
2025-03-07 02:08:00,M01,212.13,118.26,18.3,running
2025-03-07 02:09:00,M01,212.89,118.63,18.83,running
2025-03-07 02:10:00,M01,212.59,117.26,18.22,running
2025-03-07 02:11:00,M01,212.78,115.76,19.14,running
2025-03-07 02:12:00,M01,214.11,117.31,18.65,running
2025-03-07 02:13:00,M01,213.04,117.47,18.07,running
2025-03-07 02:14:00,M01,212.81,118.74,18.48,running
2025-03-07 02:15:00,M01,213.17,117.0,18.9,running
2025-03-07 02:16:00,M01,213.67,115.38,18.59,running
2025-03-07 02:17:00,M01,213.11,118.77,18.27,running
2025-03-07 02:18:00,M01,212.78,121.87,18.09,running
2025-03-07 02:19:00,M01,212.5,117.78,18.49,running
2025-03-07 02:20:00,M01,212.61,117.42,18.92,running
2025-03-07 02:21:00,M01,212.72,116.95,18.63,running
2025-03-07 02:22:00,M01,212.57,118.29,18.66,running
2025-03-07 02:23:00,M01,212.91,117.71,17.91,running
2025-03-07 02:24:00,M01,212.26,116.36,18.05,running
2025-03-07 02:25:00,M01,212.67,116.41,18.66,running
2025-03-07 02:26:00,M01,213.18,116.89,18.47,running
2025-03-07 02:27:00,M01,213.09,118.91,18.9,running
2025-03-07 02:28:00,M01,211.98,119.47,18.2,running
2025-03-07 02:29:00,M01,212.27,114.75,18.63,running
2025-03-07 02:30:00,M01,212.39,117.51,18.66,running
2025-03-07 02:31:00,M01,213.07,116.86,18.35,running
2025-03-07 02:32:00,M01,212.95,116.63,18.38,running
2025-03-07 02:33:00,M01,211.63,115.89,18.1,running
2025-03-07 02:34:00,M01,211.43,114.8,18.47,running
2025-03-07 02:35:00,M01,210.79,116.33,18.23,running
2025-03-07 02:36:00,M01,211.39,119.07,18.13,running
2025-03-07 02:37:00,M01,211.87,118.12,18.4,running
2025-03-07 02:38:00,M01,212.86,118.77,18.81,running
2025-03-07 02:39:00,M01,212.39,117.77,18.69,running
2025-03-07 02:40:00,M01,211.86,115.88,18.39,running
2025-03-07 02:41:00,M01,211.98,116.1,18.46,running
2025-03-07 02:42:00,M01,212.09,118.82,18.12,running
2025-03-07 02:43:00,M01,211.52,114.18,18.41,running
2025-03-07 02:44:00,M01,211.26,116.5,18.89,running
2025-03-07 02:45:00,M01,212.51,118.54,18.38,running
2025-03-07 02:46:00,M01,211.87,112.31,18.29,running
2025-03-07 02:47:00,M01,211.71,115.13,18.45,running
2025-03-07 02:48:00,M01,212.09,119.49,18.16,running
2025-03-07 02:49:00,M01,212.68,116.48,18.75,running
2025-03-07 02:50:00,M01,213.08,116.88,18.08,running
2025-03-07 02:51:00,M01,213.81,118.59,18.42,running
2025-03-07 02:52:00,M01,212.74,116.22,18.37,running
2025-03-07 02:53:00,M01,212.96,120.59,18.52,running
2025-03-07 02:54:00,M01,212.9,119.48,18.24,running
2025-03-07 02:55:00,M01,212.83,120.1,18.39,running
2025-03-07 02:56:00,M01,212.87,118.64,18.49,running
2025-03-07 02:57:00,M01,212.74,119.54,18.21,running
2025-03-07 02:58:00,M01,212.8,118.45,18.29,running
2025-03-07 02:59:00,M01,213.3,116.58,18.6,running
2025-03-07 03:00:00,M01,212.25,115.94,18.34,running
2025-03-07 03:01:00,M01,211.61,116.33,18.25,running
2025-03-07 03:02:00,M01,212.46,119.71,18.69,running
2025-03-07 03:03:00,M01,212.26,119.54,18.32,running
2025-03-07 03:04:00,M01,212.78,115.76,18.87,running
2025-03-07 03:05:00,M01,212.96,116.43,18.46,running
2025-03-07 03:06:00,M01,212.86,118.53,18.5,running
2025-03-07 03:07:00,M01,213.6,116.6,18.78,running
2025-03-07 03:08:00,M01,213.43,118.97,18.56,running
2025-03-07 03:09:00,M01,213.38,117.66,17.83,running
2025-03-07 03:10:00,M01,213.4,117.11,18.58,running
2025-03-07 03:11:00,M01,213.9,118.32,18.0,running
2025-03-07 03:12:00,M01,214.57,117.8,18.79,running
2025-03-07 03:13:00,M01,213.76,115.47,18.55,running
2025-03-07 03:14:00,M01,213.22,118.41,18.33,running
2025-03-07 03:15:00,M01,213.53,118.35,18.53,running
2025-03-07 03:16:00,M01,213.72,117.67,18.85,running
2025-03-07 03:17:00,M01,214.33,120.02,18.62,running
2025-03-07 03:18:00,M01,214.41,119.08,18.3,running
2025-03-07 03:19:00,M01,214.7,118.49,18.27,running
2025-03-07 03:20:00,M01,214.18,117.48,18.44,running
2025-03-07 03:21:00,M01,214.21,120.28,18.44,running
2025-03-07 03:22:00,M01,212.9,120.65,18.28,running
2025-03-07 03:23:00,M01,213.49,117.77,18.49,running
2025-03-07 03:24:00,M01,212.96,119.55,18.49,running
2025-03-07 03:25:00,M01,213.27,119.82,18.31,running
2025-03-07 03:26:00,M01,211.88,114.41,18.33,running
2025-03-07 03:27:00,M01,213.33,116.53,18.42,running
2025-03-07 03:28:00,M01,213.7,116.74,18.53,running
2025-03-07 03:29:00,M01,213.23,117.16,18.44,running
2025-03-07 03:30:00,M01,213.4,116.21,17.97,running
2025-03-07 03:31:00,M01,212.71,118.66,18.72,running
2025-03-07 03:32:00,M01,213.81,117.24,18.67,running
2025-03-07 03:33:00,M01,213.32,117.92,18.49,running
2025-03-07 03:34:00,M01,212.61,118.71,18.23,running
2025-03-07 03:35:00,M01,212.85,115.85,18.56,running
2025-03-07 03:36:00,M01,212.65,117.75,18.57,running
2025-03-07 03:37:00,M01,213.61,118.79,18.98,running
2025-03-07 03:38:00,M01,213.93,117.98,18.47,running
2025-03-07 03:39:00,M01,212.15,116.72,18.53,running
2025-03-07 03:40:00,M01,211.66,116.65,18.25,running
2025-03-07 03:41:00,M01,211.79,115.51,18.46,running
2025-03-07 03:42:00,M01,211.33,117.99,18.23,running
2025-03-07 03:43:00,M01,211.27,118.72,18.02,running
2025-03-07 03:44:00,M01,210.85,116.58,18.13,running
2025-03-07 03:45:00,M01,211.78,117.46,18.18,running
2025-03-07 03:46:00,M01,212.21,117.09,18.87,running
2025-03-07 03:47:00,M01,212.24,117.39,18.08,running
2025-03-07 03:48:00,M01,213.01,117.64,17.99,running
2025-03-07 03:49:00,M01,213.12,118.1,18.3,running
2025-03-07 03:50:00,M01,212.62,117.91,18.73,running
2025-03-07 03:51:00,M01,213.95,117.68,18.32,running
2025-03-07 03:52:00,M01,212.05,117.68,18.35,running
2025-03-07 03:53:00,M01,212.16,117.58,18.44,running
2025-03-07 03:54:00,M01,212.05,118.65,18.09,running
2025-03-07 03:55:00,M01,213.05,116.31,18.7,running
2025-03-07 03:56:00,M01,213.18,117.69,18.58,running
2025-03-07 03:57:00,M01,213.22,119.94,18.24,running
2025-03-07 03:58:00,M01,211.89,117.78,18.4,running
2025-03-07 03:59:00,M01,211.89,116.76,18.57,running
2025-03-07 04:00:00,M01,211.4,113.29,18.74,running
2025-03-07 04:01:00,M01,211.09,118.08,18.29,running
2025-03-07 04:02:00,M01,210.31,116.99,18.6,running
2025-03-07 04:03:00,M01,210.23,118.35,18.41,running
2025-03-07 04:04:00,M01,210.65,117.61,18.34,running
2025-03-07 04:05:00,M01,,116.8,18.25,running
2025-03-07 04:06:00,M01,211.32,118.12,18.12,running
2025-03-07 04:07:00,M01,210.0,116.27,18.32,running
2025-03-07 04:08:00,M01,210.05,116.75,18.19,running
2025-03-07 04:09:00,M01,210.17,117.28,18.39,running
2025-03-07 04:10:00,M01,210.11,118.2,18.26,running
2025-03-07 04:11:00,M01,210.46,114.59,18.44,running
2025-03-07 04:12:00,M01,210.92,116.28,18.18,running
2025-03-07 04:13:00,M01,210.72,118.58,18.47,running
2025-03-07 04:14:00,M01,210.65,117.75,18.64,running
2025-03-07 04:15:00,M01,210.82,117.59,18.58,running
2025-03-07 04:16:00,M01,209.86,117.52,18.73,running
2025-03-07 04:17:00,M01,210.45,116.69,18.07,running
2025-03-07 04:18:00,M01,210.53,120.39,18.36,running
2025-03-07 04:19:00,M01,210.74,119.75,17.85,running
2025-03-07 04:20:00,M01,211.2,120.04,18.58,running
2025-03-07 04:21:00,M01,211.0,117.59,18.76,running
2025-03-07 04:22:00,M01,211.92,117.72,18.61,running
2025-03-07 04:23:00,M01,212.22,114.61,18.87,running
2025-03-07 04:24:00,M01,212.69,114.47,18.42,running
2025-03-07 04:25:00,M01,211.99,115.76,18.47,running
2025-03-07 04:26:00,M01,212.04,115.68,18.82,running
2025-03-07 04:27:00,M01,212.43,117.32,18.32,running
2025-03-07 04:28:00,M01,211.18,117.51,18.52,running
2025-03-07 04:29:00,M01,211.42,117.45,18.68,running
2025-03-07 04:30:00,M01,211.07,113.78,18.26,running
2025-03-07 04:31:00,M01,211.86,115.26,18.37,running
2025-03-07 04:32:00,M01,212.75,119.33,18.78,running
2025-03-07 04:33:00,M01,212.53,118.99,18.3,running
2025-03-07 04:34:00,M01,212.88,115.32,17.86,running
2025-03-07 04:35:00,M01,212.6,115.8,18.25,running
2025-03-07 04:36:00,M01,211.7,116.42,18.38,running
2025-03-07 04:37:00,M01,211.41,117.63,18.17,running
2025-03-07 04:38:00,M01,211.5,119.35,18.15,running
2025-03-07 04:39:00,M01,211.68,116.8,17.92,running
2025-03-07 04:40:00,M01,212.4,116.57,18.46,running
2025-03-07 04:41:00,M01,212.52,118.68,18.48,running
2025-03-07 04:42:00,M01,212.34,117.94,18.48,running
2025-03-07 04:43:00,M01,212.33,119.0,18.6,running
2025-03-07 04:44:00,M01,212.22,118.75,18.3,running
2025-03-07 04:45:00,M01,212.37,117.85,18.74,running
2025-03-07 04:46:00,M01,212.41,116.91,18.81,running
2025-03-07 04:47:00,M01,211.91,117.15,18.49,running
2025-03-07 04:48:00,M01,212.54,117.43,18.67,running
2025-03-07 04:49:00,M01,212.52,115.72,18.02,running
2025-03-07 04:50:00,M01,211.89,118.45,18.6,running
2025-03-07 04:51:00,M01,212.53,117.74,18.39,running
2025-03-07 04:52:00,M01,212.52,116.28,18.69,running
2025-03-07 04:53:00,M01,212.91,117.47,18.73,running
2025-03-07 04:54:00,M01,213.44,117.95,18.5,running
2025-03-07 04:55:00,M01,213.5,117.16,18.67,running
2025-03-07 04:56:00,M01,213.75,117.37,18.14,running
2025-03-07 04:57:00,M01,213.41,119.63,18.26,running
2025-03-07 04:58:00,M01,213.53,117.26,18.4,running
2025-03-07 04:59:00,M01,213.34,120.45,18.85,running
2025-03-07 05:00:00,M01,212.42,117.1,18.43,running
2025-03-07 05:01:00,M01,212.69,118.95,18.6,running
2025-03-07 05:02:00,M01,212.66,115.88,18.56,running
2025-03-07 05:03:00,M01,213.12,117.06,18.28,running
2025-03-07 05:04:00,M01,212.93,117.15,18.47,running
2025-03-07 05:05:00,M01,213.4,119.67,18.83,running
2025-03-07 05:06:00,M01,213.77,116.55,18.5,running
2025-03-07 05:07:00,M01,212.1,114.09,18.45,running
2025-03-07 05:08:00,M01,211.27,117.95,18.01,running
2025-03-07 05:09:00,M01,211.08,116.33,18.36,running
2025-03-07 05:10:00,M01,212.34,117.65,17.99,running
2025-03-07 05:11:00,M01,212.26,118.43,18.23,running
2025-03-07 05:12:00,M01,212.84,119.46,18.05,running
2025-03-07 05:13:00,M01,212.65,119.71,18.31,running
2025-03-07 05:14:00,M01,213.22,118.79,18.21,running
2025-03-07 05:15:00,M01,212.67,116.77,18.61,running
2025-03-07 05:16:00,M01,212.4,119.62,18.09,running
2025-03-07 05:17:00,M01,213.9,118.34,18.52,running
2025-03-07 05:18:00,M01,213.63,119.49,18.04,running
2025-03-07 05:19:00,M01,213.66,115.42,18.38,running
2025-03-07 05:20:00,M01,213.02,115.48,18.32,running
2025-03-07 05:21:00,M01,212.66,116.99,18.26,running
2025-03-07 05:22:00,M01,212.47,116.57,18.53,running
2025-03-07 05:23:00,M01,212.49,117.74,18.54,running
2025-03-07 05:24:00,M01,211.41,119.09,18.19,running
2025-03-07 05:25:00,M01,211.07,117.1,18.31,running
2025-03-07 05:26:00,M01,210.62,116.51,18.52,running
2025-03-07 05:27:00,M01,211.81,116.58,18.37,running
2025-03-07 05:28:00,M01,211.39,118.33,18.53,running
2025-03-07 05:29:00,M01,211.41,116.57,18.3,running
2025-03-07 05:30:00,M01,210.43,119.85,18.56,running
2025-03-07 05:31:00,M01,212.0,117.82,18.14,running
2025-03-07 05:32:00,M01,211.7,119.18,18.54,running
2025-03-07 05:33:00,M01,211.71,116.17,18.37,running
2025-03-07 05:34:00,M01,211.03,118.48,18.54,running
2025-03-07 05:35:00,M01,210.98,115.39,18.79,running
2025-03-07 05:36:00,M01,210.4,117.62,18.4,running
2025-03-07 05:37:00,M01,210.9,120.94,18.17,running
2025-03-07 05:38:00,M01,210.79,116.66,17.93,running
2025-03-07 05:39:00,M01,211.1,116.3,18.01,running
2025-03-07 05:40:00,M01,211.91,118.92,18.62,running
2025-03-07 05:41:00,M01,211.33,117.78,18.55,running
2025-03-07 05:42:00,M01,212.11,118.58,17.94,running
2025-03-07 05:43:00,M01,212.53,118.17,18.79,running
2025-03-07 05:44:00,M01,213.22,117.97,18.41,running
2025-03-07 05:45:00,M01,213.24,116.67,18.56,running
2025-03-07 05:46:00,M01,212.62,117.01,18.13,running
2025-03-07 05:47:00,M01,213.26,119.09,18.67,running
2025-03-07 05:48:00,M01,212.93,116.57,18.21,running
2025-03-07 05:49:00,M01,213.3,117.84,18.6,running
2025-03-07 05:50:00,M01,213.44,117.22,18.37,running
2025-03-07 05:51:00,M01,213.32,117.83,18.55,running
2025-03-07 05:52:00,M01,213.97,118.74,18.04,running
2025-03-07 05:53:00,M01,214.24,117.81,18.46,running
2025-03-07 05:54:00,M01,213.49,117.84,18.22,running
2025-03-07 05:55:00,M01,213.41,116.74,18.11,running
2025-03-07 05:56:00,M01,213.98,121.18,18.83,running
2025-03-07 05:57:00,M01,214.57,118.56,18.7,running
2025-03-07 05:58:00,M01,214.92,117.98,18.03,running
2025-03-07 05:59:00,M01,213.92,117.74,18.8,running
2025-03-07 06:00:00,M01,212.77,116.37,18.88,running
2025-03-07 06:01:00,M01,212.01,117.39,18.81,running
2025-03-07 06:02:00,M01,212.57,116.19,18.39,running
2025-03-07 06:03:00,M01,212.7,116.61,18.28,running
2025-03-07 06:04:00,M01,213.3,118.02,18.66,running
2025-03-07 06:05:00,M01,213.22,118.05,18.2,running
2025-03-07 06:06:00,M01,213.41,118.52,18.51,running
2025-03-07 06:07:00,M01,213.41,118.99,18.74,running
2025-03-07 06:08:00,M01,213.37,117.93,18.01,running
2025-03-07 06:09:00,M01,212.56,116.58,18.42,running
2025-03-07 06:10:00,M01,212.47,117.06,18.75,running
2025-03-07 06:11:00,M01,211.97,116.2,18.52,running
2025-03-07 06:12:00,M01,213.4,120.76,18.65,running
2025-03-07 06:13:00,M01,213.69,114.98,17.92,running
2025-03-07 06:14:00,M01,213.0,117.27,18.51,running
2025-03-07 06:15:00,M01,213.8,116.9,18.16,running
2025-03-07 06:16:00,M01,214.51,116.6,18.12,running
2025-03-07 06:17:00,M01,213.84,118.44,18.69,running
2025-03-07 06:18:00,M01,213.6,116.6,18.44,running
2025-03-07 06:19:00,M01,214.76,118.69,17.97,running
2025-03-07 06:20:00,M01,214.26,118.81,18.43,running
2025-03-07 06:21:00,M01,213.82,119.0,18.28,running
2025-03-07 06:22:00,M01,213.48,118.9,18.41,running
2025-03-07 06:23:00,M01,213.08,116.81,18.67,running
2025-03-07 06:24:00,M01,212.16,118.21,18.41,running
2025-03-07 06:25:00,M01,213.76,117.92,17.99,running
2025-03-07 06:26:00,M01,213.01,119.74,18.43,running
2025-03-07 06:27:00,M01,213.39,116.25,18.63,running
2025-03-07 06:28:00,M01,213.36,118.32,18.11,running
2025-03-07 06:29:00,M01,212.7,118.99,18.7,running
2025-03-07 06:30:00,M01,212.61,119.21,18.32,running
2025-03-07 06:31:00,M01,213.27,115.7,18.7,running
2025-03-07 06:32:00,M01,213.23,115.77,18.55,running
2025-03-07 06:33:00,M01,213.66,118.22,18.57,running
2025-03-07 06:34:00,M01,212.83,116.67,18.45,running
2025-03-07 06:35:00,M01,212.68,114.41,18.49,running
2025-03-07 06:36:00,M01,212.28,117.39,17.95,running
2025-03-07 06:37:00,M01,212.94,118.93,18.64,running
2025-03-07 06:38:00,M01,212.83,118.82,18.66,running
2025-03-07 06:39:00,M01,213.98,116.52,18.87,running
2025-03-07 06:40:00,M01,213.7,117.28,18.53,running
2025-03-07 06:41:00,M01,213.0,117.84,18.48,running
2025-03-07 06:42:00,M01,214.18,120.17,18.37,running
2025-03-07 06:43:00,M01,214.79,117.17,18.63,running
2025-03-07 06:44:00,M01,214.39,120.24,18.33,running
2025-03-07 06:45:00,M01,214.65,116.18,18.9,running
2025-03-07 06:46:00,M01,213.59,116.14,18.02,running
2025-03-07 06:47:00,M01,214.17,119.38,18.83,running
2025-03-07 06:48:00,M01,214.72,118.26,18.27,running
2025-03-07 06:49:00,M01,213.89,117.81,18.62,running
2025-03-07 06:50:00,M01,213.33,118.84,18.36,running
2025-03-07 06:51:00,M01,214.44,116.79,18.57,running
2025-03-07 06:52:00,M01,214.03,117.49,18.09,running
2025-03-07 06:53:00,M01,213.87,117.63,18.19,running
2025-03-07 06:54:00,M01,214.55,117.59,18.14,running
2025-03-07 06:55:00,M01,213.81,116.26,18.45,running
2025-03-07 06:56:00,M01,212.55,116.54,18.37,running
2025-03-07 06:57:00,M01,213.67,117.1,18.57,running
2025-03-07 06:58:00,M01,213.35,113.92,18.77,running
2025-03-07 06:59:00,M01,212.85,115.45,18.33,running
2025-03-07 07:00:00,M01,213.82,118.64,18.38,running
2025-03-07 07:01:00,M01,213.82,114.54,18.63,running
2025-03-07 07:02:00,M01,213.96,120.05,18.54,running
2025-03-07 07:03:00,M01,213.18,117.1,18.27,running
2025-03-07 07:04:00,M01,213.82,120.88,18.58,running
2025-03-07 07:05:00,M01,213.34,115.72,18.34,running
2025-03-07 07:06:00,M01,213.42,119.03,18.56,running
2025-03-07 07:07:00,M01,214.32,118.04,18.69,running
2025-03-07 07:08:00,M01,214.72,116.96,18.03,running
2025-03-07 07:09:00,M01,214.22,118.94,18.18,running
2025-03-07 07:10:00,M01,213.69,117.43,18.37,running
2025-03-07 07:11:00,M01,213.75,118.06,18.49,running
2025-03-07 07:12:00,M01,212.94,117.57,18.3,running
2025-03-07 07:13:00,M01,212.85,119.47,18.54,running
2025-03-07 07:14:00,M01,213.1,120.8,18.56,running
2025-03-07 07:15:00,M01,213.4,116.97,18.7,running
2025-03-07 07:16:00,M01,213.74,117.63,18.12,running
2025-03-07 07:17:00,M01,213.87,119.9,18.66,running
2025-03-07 07:18:00,M01,214.84,119.23,18.01,running
2025-03-07 07:19:00,M01,213.94,117.57,18.71,running
2025-03-07 07:20:00,M01,214.33,118.62,18.93,running
2025-03-07 07:21:00,M01,213.04,118.2,18.91,running
2025-03-07 07:22:00,M01,214.17,116.5,18.75,running
2025-03-07 07:23:00,M01,213.71,115.47,18.24,running
2025-03-07 07:24:00,M01,213.6,118.5,18.21,running
2025-03-07 07:25:00,M01,213.49,115.33,18.25,running
2025-03-07 07:26:00,M01,213.57,119.79,18.25,running
2025-03-07 07:27:00,M01,214.26,116.68,18.8,running
2025-03-07 07:28:00,M01,215.07,115.28,18.32,running
2025-03-07 07:29:00,M01,215.84,118.42,18.83,running
2025-03-07 07:30:00,M01,216.02,117.15,18.28,running
2025-03-07 07:31:00,M01,215.85,118.76,18.88,running
2025-03-07 07:32:00,M01,216.31,116.16,18.86,running
2025-03-07 07:33:00,M01,216.23,120.88,18.63,running
2025-03-07 07:34:00,M01,215.5,117.89,18.36,running
2025-03-07 07:35:00,M01,215.72,117.49,18.96,running
2025-03-07 07:36:00,M01,215.16,118.95,18.25,running
2025-03-07 07:37:00,M01,215.25,117.79,18.81,running
2025-03-07 07:38:00,M01,215.67,119.08,18.52,running
2025-03-07 07:39:00,M01,214.92,117.42,18.43,running
2025-03-07 07:40:00,M01,212.71,118.84,18.48,running
2025-03-07 07:41:00,M01,212.54,117.48,18.81,running
2025-03-07 07:42:00,M01,213.46,118.18,18.63,running
2025-03-07 07:43:00,M01,212.9,117.43,18.14,running
2025-03-07 07:44:00,M01,213.38,117.9,18.62,running
2025-03-07 07:45:00,M01,213.52,118.59,18.27,running
2025-03-07 07:46:00,M01,213.56,116.06,18.29,running
2025-03-07 07:47:00,M01,213.58,118.92,18.58,running
2025-03-07 07:48:00,M01,213.63,120.43,18.18,running
2025-03-07 07:49:00,M01,214.17,117.0,18.76,running
2025-03-07 07:50:00,M01,212.78,121.6,18.69,running
2025-03-07 07:51:00,M01,212.58,115.88,18.15,running
2025-03-07 07:52:00,M01,212.85,115.8,18.13,running
2025-03-07 07:53:00,M01,213.08,118.3,18.6,running
2025-03-07 07:54:00,M01,213.77,116.02,18.33,running
2025-03-07 07:55:00,M01,215.46,121.9,18.69,running
2025-03-07 07:56:00,M01,214.97,118.16,18.47,running
2025-03-07 07:57:00,M01,214.95,114.33,18.29,running
2025-03-07 07:58:00,M01,215.52,117.31,18.14,running
2025-03-07 07:59:00,M01,216.5,118.65,18.56,running
2025-03-07 08:00:00,M01,216.88,117.14,18.15,running
2025-03-07 08:01:00,M01,216.5,119.62,18.55,running
2025-03-07 08:02:00,M01,215.78,115.85,18.84,running
2025-03-07 08:03:00,M01,215.27,119.12,18.69,running
2025-03-07 08:04:00,M01,215.81,113.65,19.01,running
2025-03-07 08:05:00,M01,215.0,116.65,18.77,running
2025-03-07 08:06:00,M01,215.28,118.65,18.2,running
2025-03-07 08:07:00,M01,215.13,118.92,18.54,running
2025-03-07 08:08:00,M01,214.67,117.18,18.42,running
2025-03-07 08:09:00,M01,215.13,115.82,18.5,running
2025-03-07 08:10:00,M01,214.92,116.89,18.78,running
2025-03-07 08:11:00,M01,215.06,116.38,18.36,running
2025-03-07 08:12:00,M01,214.23,118.97,18.4,running
2025-03-07 08:13:00,M01,213.92,116.54,18.18,running
2025-03-07 08:14:00,M01,214.46,116.88,18.09,running
2025-03-07 08:15:00,M01,213.87,116.55,18.2,running
2025-03-07 08:16:00,M01,214.54,119.18,18.71,running
2025-03-07 08:17:00,M01,215.23,117.08,18.52,running
2025-03-07 08:18:00,M01,215.46,115.88,18.94,running
2025-03-07 08:19:00,M01,215.01,118.9,18.91,running
2025-03-07 08:20:00,M01,215.28,119.58,18.11,running
2025-03-07 08:21:00,M01,215.66,118.17,18.52,running
2025-03-07 08:22:00,M01,215.04,118.49,18.55,running
2025-03-07 08:23:00,M01,214.96,117.98,19.14,running
2025-03-07 08:24:00,M01,214.6,118.36,18.55,running
2025-03-07 08:25:00,M01,214.68,119.8,18.75,running
2025-03-07 08:26:00,M01,215.12,117.9,18.65,running
2025-03-07 08:27:00,M01,215.06,118.8,18.4,running
2025-03-07 08:28:00,M01,215.31,119.65,18.42,running
2025-03-07 08:29:00,M01,216.17,118.92,18.38,running
2025-03-07 08:30:00,M01,215.9,120.14,18.49,running
2025-03-07 08:31:00,M01,216.64,120.18,18.55,running
2025-03-07 08:32:00,M01,215.8,119.31,18.45,running
2025-03-07 08:33:00,M01,215.22,116.62,19.0,running
2025-03-07 08:34:00,M01,215.79,120.67,18.31,running
2025-03-07 08:35:00,M01,215.97,120.3,18.67,running
2025-03-07 08:36:00,M01,215.77,118.24,18.86,running
2025-03-07 08:37:00,M01,214.37,119.69,18.3,running
2025-03-07 08:38:00,M01,215.65,117.94,18.32,running
2025-03-07 08:39:00,M01,216.72,117.94,18.59,running
2025-03-07 08:40:00,M01,216.75,116.51,18.48,running
2025-03-07 08:41:00,M01,217.11,118.3,18.71,running
2025-03-07 08:42:00,M01,216.03,117.26,18.96,running
2025-03-07 08:43:00,M01,216.4,121.41,18.52,running
2025-03-07 08:44:00,M01,216.16,117.18,18.82,running
2025-03-07 08:45:00,M01,215.91,117.38,18.32,running
2025-03-07 08:46:00,M01,215.75,117.08,18.61,running
2025-03-07 08:47:00,M01,216.01,119.03,18.56,running
2025-03-07 08:48:00,M01,216.62,119.64,18.37,running
2025-03-07 08:49:00,M01,216.45,114.78,18.3,running
2025-03-07 08:50:00,M01,217.17,121.87,18.55,running
2025-03-07 08:51:00,M01,216.86,116.82,18.9,running
2025-03-07 08:52:00,M01,217.43,118.9,18.86,running
2025-03-07 08:53:00,M01,216.83,115.97,17.97,running
2025-03-07 08:54:00,M01,217.37,118.0,18.77,running
2025-03-07 08:55:00,M01,217.02,117.68,18.53,running
2025-03-07 08:56:00,M01,217.76,117.77,18.81,running
2025-03-07 08:57:00,M01,217.5,119.98,18.51,running
2025-03-07 08:58:00,M01,217.27,119.49,18.21,running
2025-03-07 08:59:00,M01,217.08,119.28,18.28,running
2025-03-07 09:00:00,M01,217.45,119.31,18.54,running
2025-03-07 09:01:00,M01,216.64,119.06,18.9,running
2025-03-07 09:02:00,M01,217.29,117.12,18.18,running
2025-03-07 09:03:00,M01,215.43,117.09,18.58,running
2025-03-07 09:04:00,M01,216.42,118.47,18.52,running
2025-03-07 09:05:00,M01,216.33,117.66,18.75,running
2025-03-07 09:06:00,M01,216.05,120.01,18.59,running
2025-03-07 09:07:00,M01,215.54,117.49,18.21,running
2025-03-07 09:08:00,M01,215.47,121.22,18.65,running
2025-03-07 09:09:00,M01,215.22,115.7,18.62,running
2025-03-07 09:10:00,M01,215.03,114.87,18.57,running
2025-03-07 09:11:00,M01,214.35,118.0,18.48,running
2025-03-07 09:12:00,M01,214.91,117.47,18.67,running
2025-03-07 09:13:00,M01,214.92,122.0,18.55,running
2025-03-07 09:14:00,M01,216.01,115.68,18.47,running
2025-03-07 09:15:00,M01,215.17,119.86,18.63,running
2025-03-07 09:16:00,M01,214.57,121.03,18.31,running
2025-03-07 09:17:00,M01,214.69,118.91,18.57,running
2025-03-07 09:18:00,M01,215.46,118.93,18.78,running
2025-03-07 09:19:00,M01,216.02,115.96,18.86,running
2025-03-07 09:20:00,M01,215.57,116.47,18.56,running
2025-03-07 09:21:00,M01,214.96,117.9,18.54,running
2025-03-07 09:22:00,M01,215.31,119.58,18.62,running
2025-03-07 09:23:00,M01,215.46,119.89,18.59,running
2025-03-07 09:24:00,M01,215.56,121.28,18.56,running
2025-03-07 09:25:00,M01,215.96,118.99,18.35,running
2025-03-07 09:26:00,M01,215.44,118.81,18.75,running
2025-03-07 09:27:00,M01,216.12,117.24,18.69,running
2025-03-07 09:28:00,M01,215.76,118.09,18.79,running
2025-03-07 09:29:00,M01,215.87,118.64,18.76,running
2025-03-07 09:30:00,M01,216.79,118.73,18.46,running
2025-03-07 09:31:00,M01,215.92,116.43,18.95,running
2025-03-07 09:32:00,M01,215.26,116.68,18.46,running
2025-03-07 09:33:00,M01,214.67,116.95,18.45,running
2025-03-07 09:34:00,M01,213.93,120.17,18.99,running
2025-03-07 09:35:00,M01,214.63,116.66,18.44,running
2025-03-07 09:36:00,M01,213.6,119.72,18.45,running
2025-03-07 09:37:00,M01,214.26,118.35,18.35,running
2025-03-07 09:38:00,M01,215.64,116.67,18.64,running
2025-03-07 09:39:00,M01,215.26,120.43,18.7,running
2025-03-07 09:40:00,M01,215.38,115.77,18.63,running
2025-03-07 09:41:00,M01,216.06,118.58,18.47,running
2025-03-07 09:42:00,M01,215.65,117.37,18.12,running
2025-03-07 09:43:00,M01,215.68,121.04,18.73,running
2025-03-07 09:44:00,M01,214.71,117.54,18.38,running
2025-03-07 09:45:00,M01,215.3,122.46,18.5,running
2025-03-07 09:46:00,M01,215.78,116.85,18.25,running
2025-03-07 09:47:00,M01,215.78,119.37,18.11,running
2025-03-07 09:48:00,M01,215.68,115.83,18.74,running
2025-03-07 09:49:00,M01,215.05,118.37,18.34,running
2025-03-07 09:50:00,M01,214.34,118.18,18.23,running
2025-03-07 09:51:00,M01,214.36,118.21,18.53,running
2025-03-07 09:52:00,M01,214.83,119.74,18.62,running
2025-03-07 09:53:00,M01,214.86,117.47,18.38,running
2025-03-07 09:54:00,M01,215.63,118.18,18.74,running
2025-03-07 09:55:00,M01,215.26,116.22,18.84,running
2025-03-07 09:56:00,M01,215.5,117.54,18.65,running
2025-03-07 09:57:00,M01,215.62,118.02,18.2,running
2025-03-07 09:58:00,M01,216.44,116.57,18.97,running
2025-03-07 09:59:00,M01,217.27,118.8,18.5,running
2025-03-07 10:00:00,M01,216.71,118.5,18.44,running
2025-03-07 10:01:00,M01,217.13,116.35,18.07,running
2025-03-07 10:02:00,M01,217.04,121.55,18.82,running
2025-03-07 10:03:00,M01,216.25,119.37,18.15,running
2025-03-07 10:04:00,M01,215.98,118.11,18.64,running
2025-03-07 10:05:00,M01,215.73,117.06,18.2,running
2025-03-07 10:06:00,M01,215.94,118.0,18.92,running
2025-03-07 10:07:00,M01,216.27,117.4,18.49,running
2025-03-07 10:08:00,M01,216.05,119.7,18.16,running
2025-03-07 10:09:00,M01,216.74,118.39,18.35,running
2025-03-07 10:10:00,M01,217.49,117.06,18.52,running
2025-03-07 10:11:00,M01,217.21,117.16,18.65,running
2025-03-07 10:12:00,M01,215.89,117.25,18.31,running
2025-03-07 10:13:00,M01,216.93,118.52,18.5,running
2025-03-07 10:14:00,M01,216.32,119.4,18.58,running
2025-03-07 10:15:00,M01,216.92,116.66,18.66,running
2025-03-07 10:16:00,M01,217.44,116.19,18.45,running
2025-03-07 10:17:00,M01,216.77,116.77,19.01,running
2025-03-07 10:18:00,M01,217.13,117.54,18.9,running
2025-03-07 10:19:00,M01,217.09,117.7,18.19,running
2025-03-07 10:20:00,M01,215.8,117.63,18.62,running
2025-03-07 10:21:00,M01,215.87,119.86,18.7,running
2025-03-07 10:22:00,M01,216.58,118.18,18.76,running
2025-03-07 10:23:00,M01,217.43,119.01,18.3,running
2025-03-07 10:24:00,M01,216.41,119.21,17.92,running
2025-03-07 10:25:00,M01,216.22,118.01,18.72,running
2025-03-07 10:26:00,M01,216.11,118.57,18.4,running
2025-03-07 10:27:00,M01,217.17,120.24,18.37,running
2025-03-07 10:28:00,M01,217.46,120.37,18.61,running
2025-03-07 10:29:00,M01,216.66,118.36,18.48,running
2025-03-07 10:30:00,M01,216.73,119.04,18.79,running
2025-03-07 10:31:00,M01,217.34,120.72,18.68,running
2025-03-07 10:32:00,M01,217.63,120.37,18.52,running
2025-03-07 10:33:00,M01,218.02,116.43,18.61,running
2025-03-07 10:34:00,M01,218.46,116.37,18.36,running
2025-03-07 10:35:00,M01,217.0,119.11,18.92,running
2025-03-07 10:36:00,M01,216.87,119.0,18.54,running
2025-03-07 10:37:00,M01,216.78,117.08,18.42,running
2025-03-07 10:38:00,M01,216.76,119.22,18.85,running
2025-03-07 10:39:00,M01,216.78,118.36,18.7,running
2025-03-07 10:40:00,M01,215.66,119.36,18.64,running
2025-03-07 10:41:00,M01,214.69,119.04,18.3,running
2025-03-07 10:42:00,M01,214.81,116.23,18.73,running
2025-03-07 10:43:00,M01,214.39,119.51,18.36,running
2025-03-07 10:44:00,M01,214.27,117.76,18.24,running
2025-03-07 10:45:00,M01,214.16,117.3,18.91,running
2025-03-07 10:46:00,M01,214.81,116.75,18.71,running
2025-03-07 10:47:00,M01,215.36,116.99,18.41,running
2025-03-07 10:48:00,M01,216.63,118.91,18.56,running
2025-03-07 10:49:00,M01,216.43,117.62,18.46,running
2025-03-07 10:50:00,M01,216.59,117.67,18.53,running
2025-03-07 10:51:00,M01,216.89,117.49,18.61,running
2025-03-07 10:52:00,M01,216.98,116.29,18.79,running
2025-03-07 10:53:00,M01,216.73,117.64,18.88,running
2025-03-07 10:54:00,M01,216.38,116.75,18.23,running
2025-03-07 10:55:00,M01,215.17,118.55,18.58,running
2025-03-07 10:56:00,M01,216.5,117.02,18.35,running
2025-03-07 10:57:00,M01,217.07,116.9,18.44,running
2025-03-07 10:58:00,M01,218.27,118.25,18.57,running
2025-03-07 10:59:00,M01,217.55,117.66,19.06,running
2025-03-07 11:00:00,M01,217.22,116.35,18.59,running
2025-03-07 11:01:00,M01,216.26,118.08,18.79,running
2025-03-07 11:02:00,M01,216.06,119.91,18.63,running
2025-03-07 11:03:00,M01,215.08,117.9,18.11,running
2025-03-07 11:04:00,M01,216.03,115.99,18.5,running
2025-03-07 11:05:00,M01,216.58,118.69,18.59,running
2025-03-07 11:06:00,M01,216.95,118.61,17.98,running
2025-03-07 11:07:00,M01,217.54,120.63,18.24,running
2025-03-07 11:08:00,M01,217.52,117.43,18.94,running
2025-03-07 11:09:00,M01,217.16,117.76,18.66,running
2025-03-07 11:10:00,M01,217.3,120.24,19.02,running
2025-03-07 11:11:00,M01,216.39,119.5,18.26,running
2025-03-07 11:12:00,M01,217.09,117.34,18.39,running
2025-03-07 11:13:00,M01,217.46,118.22,18.91,running
2025-03-07 11:14:00,M01,216.91,120.44,18.75,running
2025-03-07 11:15:00,M01,216.88,119.69,18.0,running
2025-03-07 11:16:00,M01,217.13,119.11,18.55,running
2025-03-07 11:17:00,M01,216.63,117.03,18.27,running
2025-03-07 11:18:00,M01,216.4,120.85,18.49,running
2025-03-07 11:19:00,M01,217.07,117.8,18.25,running
2025-03-07 11:20:00,M01,217.2,116.98,18.35,running
2025-03-07 11:21:00,M01,216.59,118.08,18.38,running
2025-03-07 11:22:00,M01,215.65,117.85,18.53,running
2025-03-07 11:23:00,M01,216.34,118.14,18.39,running
2025-03-07 11:24:00,M01,216.5,118.1,18.72,running
2025-03-07 11:25:00,M01,216.84,117.28,18.24,running
2025-03-07 11:26:00,M01,216.45,119.42,18.31,running
2025-03-07 11:27:00,M01,216.79,116.45,18.47,running
2025-03-07 11:28:00,M01,217.28,116.59,18.57,running
2025-03-07 11:29:00,M01,216.51,116.84,18.82,running
2025-03-07 11:30:00,M01,217.32,115.01,17.89,running
2025-03-07 11:31:00,M01,217.15,118.15,18.5,running
2025-03-07 11:32:00,M01,216.96,117.83,18.29,running
2025-03-07 11:33:00,M01,217.01,119.56,18.43,running
2025-03-07 11:34:00,M01,218.01,118.19,18.39,running
2025-03-07 11:35:00,M01,218.37,118.48,18.7,running
2025-03-07 11:36:00,M01,219.69,119.0,18.62,running
2025-03-07 11:37:00,M01,218.88,120.93,18.23,running
2025-03-07 11:38:00,M01,217.73,120.17,18.6,running
2025-03-07 11:39:00,M01,218.44,121.81,18.78,running
2025-03-07 11:40:00,M01,218.76,120.54,18.58,running
2025-03-07 11:41:00,M01,218.09,122.72,17.87,running
2025-03-07 11:42:00,M01,217.18,119.33,18.63,running
2025-03-07 11:43:00,M01,216.71,116.52,18.27,running
2025-03-07 11:44:00,M01,217.8,117.02,18.71,running
2025-03-07 11:45:00,M01,218.3,118.55,18.64,running
2025-03-07 11:46:00,M01,218.18,118.42,18.69,running
2025-03-07 11:47:00,M01,218.63,118.2,18.98,running
2025-03-07 11:48:00,M01,218.08,118.68,18.53,running
2025-03-07 11:49:00,M01,218.05,118.19,18.42,running
2025-03-07 11:50:00,M01,218.18,118.51,18.32,running
2025-03-07 11:51:00,M01,218.5,120.6,18.74,running
2025-03-07 11:52:00,M01,218.28,116.41,18.64,running
2025-03-07 11:53:00,M01,217.85,115.72,18.12,running
2025-03-07 11:54:00,M01,218.1,117.88,18.38,running
2025-03-07 11:55:00,M01,217.04,120.09,18.31,running
2025-03-07 11:56:00,M01,217.15,119.92,18.46,running
2025-03-07 11:57:00,M01,217.14,120.88,18.87,running
2025-03-07 11:58:00,M01,217.46,121.53,18.33,running
2025-03-07 11:59:00,M01,216.46,118.9,18.68,running
2025-03-07 12:00:00,M01,216.95,118.47,18.48,running
2025-03-07 12:01:00,M01,216.99,116.65,18.72,running
2025-03-07 12:02:00,M01,216.91,118.67,18.57,running
2025-03-07 12:03:00,M01,216.18,119.16,18.7,running
2025-03-07 12:04:00,M01,216.16,117.72,18.78,running
2025-03-07 12:05:00,M01,216.33,116.77,18.23,running
2025-03-07 12:06:00,M01,216.98,114.47,18.68,running
2025-03-07 12:07:00,M01,216.65,119.34,18.57,running
2025-03-07 12:08:00,M01,217.66,118.03,18.33,running
2025-03-07 12:09:00,M01,217.41,116.35,18.88,running
2025-03-07 12:10:00,M01,216.87,119.26,18.24,running
2025-03-07 12:11:00,M01,215.46,117.52,18.36,running
2025-03-07 12:12:00,M01,215.74,118.07,19.0,running
2025-03-07 12:13:00,M01,216.3,119.95,18.73,running
2025-03-07 12:14:00,M01,215.91,119.35,18.35,running
2025-03-07 12:15:00,M01,216.42,118.45,18.14,running
2025-03-07 12:16:00,M01,216.33,119.56,18.81,running
2025-03-07 12:17:00,M01,216.45,117.17,18.88,running
2025-03-07 12:18:00,M01,217.26,118.7,18.53,running
2025-03-07 12:19:00,M01,216.88,120.35,18.7,running
2025-03-07 12:20:00,M01,216.28,118.96,18.5,running
2025-03-07 12:21:00,M01,216.87,119.37,18.19,running
2025-03-07 12:22:00,M01,217.13,117.84,18.41,running
2025-03-07 12:23:00,M01,217.52,119.73,18.42,running
2025-03-07 12:24:00,M01,217.01,117.56,19.04,running
2025-03-07 12:25:00,M01,217.18,118.34,18.62,running
2025-03-07 12:26:00,M01,218.42,117.97,19.04,running
2025-03-07 12:27:00,M01,217.76,118.79,18.67,running
2025-03-07 12:28:00,M01,216.61,117.48,18.44,running
2025-03-07 12:29:00,M01,217.14,118.94,18.71,running
2025-03-07 12:30:00,M01,217.27,115.64,18.71,running
2025-03-07 12:31:00,M01,217.82,118.71,18.83,running
2025-03-07 12:32:00,M01,218.59,119.41,18.43,running
2025-03-07 12:33:00,M01,218.24,116.86,18.59,running
2025-03-07 12:34:00,M01,217.81,117.66,18.31,running
2025-03-07 12:35:00,M01,217.12,121.34,18.49,running
2025-03-07 12:36:00,M01,216.89,117.4,19.01,running
2025-03-07 12:37:00,M01,218.15,116.92,18.8,running
2025-03-07 12:38:00,M01,218.14,118.13,18.73,running
2025-03-07 12:39:00,M01,217.15,121.57,18.63,running
2025-03-07 12:40:00,M01,217.39,118.49,19.02,running
2025-03-07 12:41:00,M01,217.38,118.95,18.85,running
2025-03-07 12:42:00,M01,217.48,117.83,18.76,running
2025-03-07 12:43:00,M01,217.38,118.2,18.31,running
2025-03-07 12:44:00,M01,217.85,118.9,18.77,running
2025-03-07 12:45:00,M01,218.05,119.81,18.78,running
2025-03-07 12:46:00,M01,217.73,115.2,18.12,running
2025-03-07 12:47:00,M01,216.79,121.15,18.55,running
2025-03-07 12:48:00,M01,217.85,114.65,18.46,running
2025-03-07 12:49:00,M01,218.84,119.55,18.21,running
2025-03-07 12:50:00,M01,217.99,117.67,18.44,running
2025-03-07 12:51:00,M01,217.85,116.5,18.31,running
2025-03-07 12:52:00,M01,217.47,118.13,18.92,running
2025-03-07 12:53:00,M01,217.22,118.04,18.92,running
2025-03-07 12:54:00,M01,218.03,115.97,18.57,running
2025-03-07 12:55:00,M01,218.3,118.15,18.84,running
2025-03-07 12:56:00,M01,217.67,118.16,18.99,running
2025-03-07 12:57:00,M01,218.04,118.32,18.38,running
2025-03-07 12:58:00,M01,217.14,118.76,18.47,running
2025-03-07 12:59:00,M01,215.8,118.41,18.42,running
2025-03-07 13:00:00,M01,216.22,116.19,18.34,running
2025-03-07 13:01:00,M01,216.24,121.26,18.48,running
2025-03-07 13:02:00,M01,217.44,119.57,18.43,running
2025-03-07 13:03:00,M01,217.63,120.17,18.71,running
2025-03-07 13:04:00,M01,218.42,121.0,18.44,running
2025-03-07 13:05:00,M01,217.02,117.93,18.66,running
2025-03-07 13:06:00,M01,217.96,118.09,18.83,running
2025-03-07 13:07:00,M01,218.89,118.06,18.66,running
2025-03-07 13:08:00,M01,219.34,120.52,18.86,running
2025-03-07 13:09:00,M01,219.74,119.45,18.61,running
2025-03-07 13:10:00,M01,219.68,117.08,18.78,running
2025-03-07 13:11:00,M01,219.91,120.46,18.57,running
2025-03-07 13:12:00,M01,220.05,113.84,18.69,running
2025-03-07 13:13:00,M01,220.25,120.2,18.6,running
2025-03-07 13:14:00,M01,219.67,118.8,18.48,running
2025-03-07 13:15:00,M01,219.38,117.37,18.77,running
2025-03-07 13:16:00,M01,218.44,117.57,18.35,running
2025-03-07 13:17:00,M01,218.09,117.5,18.49,running
2025-03-07 13:18:00,M01,217.95,121.77,18.86,running
2025-03-07 13:19:00,M01,217.23,117.42,19.02,running
2025-03-07 13:20:00,M01,216.69,118.88,18.06,running
2025-03-07 13:21:00,M01,217.47,118.2,19.14,running
2025-03-07 13:22:00,M01,218.16,117.87,18.6,running
2025-03-07 13:23:00,M01,217.07,118.2,18.73,running
2025-03-07 13:24:00,M01,215.84,118.37,18.47,running
2025-03-07 13:25:00,M01,217.46,115.5,18.77,running
2025-03-07 13:26:00,M01,217.44,118.37,18.79,running
2025-03-07 13:27:00,M01,218.0,118.02,18.77,running
2025-03-07 13:28:00,M01,218.26,120.24,18.83,running
2025-03-07 13:29:00,M01,217.36,116.64,18.62,running
2025-03-07 13:30:00,M01,217.89,116.89,18.43,running
2025-03-07 13:31:00,M01,217.9,118.05,18.05,running
2025-03-07 13:32:00,M01,217.46,116.59,18.34,running
2025-03-07 13:33:00,M01,217.41,117.62,19.0,running
2025-03-07 13:34:00,M01,217.28,119.53,18.53,running
2025-03-07 13:35:00,M01,218.53,119.97,18.93,running
2025-03-07 13:36:00,M01,219.2,116.34,18.57,running
2025-03-07 13:37:00,M01,218.89,116.77,18.78,running
2025-03-07 13:38:00,M01,217.78,119.47,18.79,running
2025-03-07 13:39:00,M01,217.75,118.88,18.55,running
2025-03-07 13:40:00,M01,217.7,118.7,18.27,running
2025-03-07 13:41:00,M01,218.07,117.38,18.58,running
2025-03-07 13:42:00,M01,218.69,120.12,18.67,running
2025-03-07 13:43:00,M01,218.6,119.48,18.37,running
2025-03-07 13:44:00,M01,217.7,117.18,18.67,running
2025-03-07 13:45:00,M01,218.66,117.35,18.59,running
2025-03-07 13:46:00,M01,219.4,116.97,18.85,running
2025-03-07 13:47:00,M01,218.81,117.03,18.62,running
2025-03-07 13:48:00,M01,218.28,119.01,18.81,running
2025-03-07 13:49:00,M01,218.74,121.13,18.51,running
2025-03-07 13:50:00,M01,218.14,117.89,18.64,running
2025-03-07 13:51:00,M01,217.17,119.33,18.56,running
2025-03-07 13:52:00,M01,217.16,118.29,18.5,running
2025-03-07 13:53:00,M01,217.23,116.72,18.74,running
2025-03-07 13:54:00,M01,217.81,117.68,18.96,running
2025-03-07 13:55:00,M01,216.99,116.74,18.09,running
2025-03-07 13:56:00,M01,217.9,117.75,18.18,running
2025-03-07 13:57:00,M01,217.94,118.03,18.66,running
2025-03-07 13:58:00,M01,218.12,117.85,18.78,running
2025-03-07 13:59:00,M01,218.25,118.85,18.94,running
2025-03-07 14:00:00,M01,217.8,118.03,18.81,running
2025-03-07 14:01:00,M01,217.56,117.21,18.37,running
2025-03-07 14:02:00,M01,218.38,119.03,18.59,running
2025-03-07 14:03:00,M01,218.53,121.04,18.47,running
2025-03-07 14:04:00,M01,218.39,116.79,18.65,running
2025-03-07 14:05:00,M01,218.44,120.0,18.58,running
2025-03-07 14:06:00,M01,219.06,121.0,18.51,running
2025-03-07 14:07:00,M01,219.16,119.07,18.86,running
2025-03-07 14:08:00,M01,218.68,117.55,18.64,running
2025-03-07 14:09:00,M01,219.26,118.39,18.37,running
2025-03-07 14:10:00,M01,218.74,120.22,18.19,running
2025-03-07 14:11:00,M01,219.05,117.8,18.45,running
2025-03-07 14:12:00,M01,218.75,117.26,18.9,running
2025-03-07 14:13:00,M01,218.41,119.24,18.44,running
2025-03-07 14:14:00,M01,218.25,117.33,19.01,running
2025-03-07 14:15:00,M01,218.51,118.6,18.75,running
2025-03-07 14:16:00,M01,218.71,117.7,18.71,running
2025-03-07 14:17:00,M01,218.9,116.33,18.49,running
2025-03-07 14:18:00,M01,218.32,115.36,18.59,running
2025-03-07 14:19:00,M01,218.61,118.87,18.92,running
2025-03-07 14:20:00,M01,218.48,119.7,18.51,running
2025-03-07 14:21:00,M01,218.08,117.38,19.03,running
2025-03-07 14:22:00,M01,218.83,117.86,18.48,running
2025-03-07 14:23:00,M01,218.99,118.94,18.55,running
2025-03-07 14:24:00,M01,219.37,116.76,18.61,running
2025-03-07 14:25:00,M01,218.18,116.93,18.48,running
2025-03-07 14:26:00,M01,217.77,117.6,18.67,running
2025-03-07 14:27:00,M01,218.03,120.11,18.97,running
2025-03-07 14:28:00,M01,217.67,118.11,18.48,running
2025-03-07 14:29:00,M01,217.02,121.02,18.47,running
2025-03-07 14:30:00,M01,218.53,118.85,18.63,running
2025-03-07 14:31:00,M01,219.43,119.62,18.49,running
2025-03-07 14:32:00,M01,218.53,121.36,18.84,running
2025-03-07 14:33:00,M01,219.17,117.69,18.79,running
2025-03-07 14:34:00,M01,218.47,117.29,18.21,running
2025-03-07 14:35:00,M01,218.18,116.7,18.43,running
2025-03-07 14:36:00,M01,217.39,114.92,19.16,running
2025-03-07 14:37:00,M01,216.3,117.63,18.42,running
2025-03-07 14:38:00,M01,216.83,118.21,18.74,running
2025-03-07 14:39:00,M01,217.34,120.21,18.78,running
2025-03-07 14:40:00,M01,217.91,118.11,18.41,running
2025-03-07 14:41:00,M01,217.77,117.26,18.76,running
2025-03-07 14:42:00,M01,217.36,120.43,18.35,running
2025-03-07 14:43:00,M01,217.15,116.57,18.55,running
2025-03-07 14:44:00,M01,217.13,116.54,19.01,running
2025-03-07 14:45:00,M01,217.82,116.18,18.89,running
2025-03-07 14:46:00,M01,217.35,119.76,19.13,running
2025-03-07 14:47:00,M01,216.72,117.15,18.28,running
2025-03-07 14:48:00,M01,217.18,117.64,18.39,running
2025-03-07 14:49:00,M01,217.92,120.73,18.82,running
2025-03-07 14:50:00,M01,218.75,119.21,18.37,running
2025-03-07 14:51:00,M01,218.62,119.07,18.51,running
2025-03-07 14:52:00,M01,218.63,115.52,18.28,running
2025-03-07 14:53:00,M01,218.82,117.35,18.27,running
2025-03-07 14:54:00,M01,219.03,117.37,18.37,running
2025-03-07 14:55:00,M01,218.27,116.99,18.5,running
2025-03-07 14:56:00,M01,217.47,119.12,18.39,running
2025-03-07 14:57:00,M01,217.83,117.95,18.41,running
2025-03-07 14:58:00,M01,218.42,120.14,17.7,running
2025-03-07 14:59:00,M01,218.13,118.17,18.47,running
2025-03-07 15:00:00,M01,218.54,118.85,18.8,running
2025-03-07 15:01:00,M01,218.42,118.32,18.79,running
2025-03-07 15:02:00,M01,219.87,116.56,18.12,running
2025-03-07 15:03:00,M01,218.86,119.32,18.86,running
2025-03-07 15:04:00,M01,218.49,117.21,18.5,running
2025-03-07 15:05:00,M01,217.75,118.47,18.24,running
2025-03-07 15:06:00,M01,217.94,117.98,18.88,running
2025-03-07 15:07:00,M01,218.55,117.26,18.65,running
2025-03-07 15:08:00,M01,218.09,116.73,18.75,running
2025-03-07 15:09:00,M01,219.18,116.15,18.57,running
2025-03-07 15:10:00,M01,217.63,114.78,18.71,running
2025-03-07 15:11:00,M01,217.76,120.51,18.45,running
2025-03-07 15:12:00,M01,217.23,119.99,18.91,running
2025-03-07 15:13:00,M01,217.22,119.42,18.34,running
2025-03-07 15:14:00,M01,217.87,117.34,18.97,running
2025-03-07 15:15:00,M01,219.06,119.25,18.91,running
2025-03-07 15:16:00,M01,219.69,118.3,18.63,running
2025-03-07 15:17:00,M01,219.92,118.89,18.51,running
2025-03-07 15:18:00,M01,218.98,120.32,18.87,running
2025-03-07 15:19:00,M01,217.97,120.39,18.24,running
2025-03-07 15:20:00,M01,217.21,115.71,18.59,running
2025-03-07 15:21:00,M01,217.02,116.29,18.52,running
2025-03-07 15:22:00,M01,217.33,120.09,18.6,running
2025-03-07 15:23:00,M01,217.92,116.96,19.13,running
2025-03-07 15:24:00,M01,218.78,118.43,17.91,running
2025-03-07 15:25:00,M01,218.37,118.97,18.37,running
2025-03-07 15:26:00,M01,218.8,119.09,18.82,running
2025-03-07 15:27:00,M01,219.02,119.21,18.89,running
2025-03-07 15:28:00,M01,220.65,119.57,18.94,running
2025-03-07 15:29:00,M01,220.08,116.59,18.9,running
2025-03-07 15:30:00,M01,219.57,117.95,18.43,running
2025-03-07 15:31:00,M01,220.07,119.44,18.69,running
2025-03-07 15:32:00,M01,220.05,118.42,18.78,running
2025-03-07 15:33:00,M01,220.48,119.51,18.4,running
2025-03-07 15:34:00,M01,219.72,117.75,18.78,running
2025-03-07 15:35:00,M01,219.16,118.06,18.7,running
2025-03-07 15:36:00,M01,220.41,115.77,18.72,running
2025-03-07 15:37:00,M01,219.4,116.96,18.71,running
2025-03-07 15:38:00,M01,219.51,119.54,18.93,running
2025-03-07 15:39:00,M01,218.84,118.72,18.13,running
2025-03-07 15:40:00,M01,219.15,117.74,18.7,running
2025-03-07 15:41:00,M01,217.79,119.26,18.39,running
2025-03-07 15:42:00,M01,217.15,119.14,18.36,running
2025-03-07 15:43:00,M01,217.25,118.19,18.6,running
2025-03-07 15:44:00,M01,217.09,117.91,18.56,running
2025-03-07 15:45:00,M01,217.55,117.99,18.65,running
2025-03-07 15:46:00,M01,217.91,119.83,18.78,running
2025-03-07 15:47:00,M01,217.53,119.87,18.83,running
2025-03-07 15:48:00,M01,218.27,117.79,18.3,running
2025-03-07 15:49:00,M01,218.47,118.38,18.12,running
2025-03-07 15:50:00,M01,217.41,115.37,18.65,running
2025-03-07 15:51:00,M01,217.23,120.96,18.36,running
2025-03-07 15:52:00,M01,217.4,119.13,18.74,running
2025-03-07 15:53:00,M01,217.29,116.54,18.62,running
2025-03-07 15:54:00,M01,216.58,119.77,18.75,running
2025-03-07 15:55:00,M01,217.04,117.12,18.5,running
2025-03-07 15:56:00,M01,216.99,117.7,18.45,running
2025-03-07 15:57:00,M01,217.55,117.17,18.64,running
2025-03-07 15:58:00,M01,217.72,121.54,18.73,running
2025-03-07 15:59:00,M01,217.68,120.46,18.5,running
2025-03-07 16:00:00,M01,218.78,117.35,18.37,running
2025-03-07 16:01:00,M01,218.94,118.77,18.89,running
2025-03-07 16:02:00,M01,219.43,117.76,18.48,running
2025-03-07 16:03:00,M01,218.57,115.75,19.01,running
2025-03-07 16:04:00,M01,218.5,119.74,18.38,running
2025-03-07 16:05:00,M01,218.26,115.71,18.83,running
2025-03-07 16:06:00,M01,218.81,119.46,18.94,running
2025-03-07 16:07:00,M01,219.69,117.16,18.82,running
2025-03-07 16:08:00,M01,219.84,117.5,18.9,running
2025-03-07 16:09:00,M01,220.16,120.41,18.72,running
2025-03-07 16:10:00,M01,218.86,118.05,18.3,running
2025-03-07 16:11:00,M01,218.43,117.39,18.36,running
2025-03-07 16:12:00,M01,218.83,119.26,18.42,running
2025-03-07 16:13:00,M01,218.42,116.22,18.9,running
2025-03-07 16:14:00,M01,217.05,118.47,18.1,running
2025-03-07 16:15:00,M01,217.66,118.83,18.35,running
2025-03-07 16:16:00,M01,218.3,119.39,18.74,running
2025-03-07 16:17:00,M01,217.25,118.9,18.53,running
2025-03-07 16:18:00,M01,218.39,118.26,18.33,running
2025-03-07 16:19:00,M01,218.92,119.5,18.82,running
2025-03-07 16:20:00,M01,217.65,117.83,18.66,running
2025-03-07 16:21:00,M01,218.82,119.59,18.37,running
2025-03-07 16:22:00,M01,218.65,117.91,18.29,running
2025-03-07 16:23:00,M01,219.0,118.18,18.45,running
2025-03-07 16:24:00,M01,218.49,117.16,18.87,running
2025-03-07 16:25:00,M01,218.45,115.19,18.36,running
2025-03-07 16:26:00,M01,218.43,119.9,18.25,running
2025-03-07 16:27:00,M01,218.72,116.02,18.7,running
2025-03-07 16:28:00,M01,218.61,118.04,18.24,running
2025-03-07 16:29:00,M01,218.95,118.15,18.53,running
2025-03-07 16:30:00,M01,219.1,120.48,18.56,running
2025-03-07 16:31:00,M01,219.29,116.08,18.65,running
2025-03-07 16:32:00,M01,218.08,120.27,18.73,running
2025-03-07 16:33:00,M01,219.22,118.18,18.35,running
2025-03-07 16:34:00,M01,218.7,117.43,18.66,running
2025-03-07 16:35:00,M01,217.81,118.34,18.72,running
2025-03-07 16:36:00,M01,218.57,117.14,18.5,running
2025-03-07 16:37:00,M01,218.15,116.51,18.9,running
2025-03-07 16:38:00,M01,218.94,120.21,18.67,running
2025-03-07 16:39:00,M01,219.18,118.5,18.5,running
2025-03-07 16:40:00,M01,219.47,120.35,18.49,running
2025-03-07 16:41:00,M01,218.42,119.23,18.55,running
2025-03-07 16:42:00,M01,218.1,115.78,18.44,running
2025-03-07 16:43:00,M01,217.89,120.77,18.33,running
2025-03-07 16:44:00,M01,217.51,116.56,18.86,running
2025-03-07 16:45:00,M01,217.48,117.27,18.66,running
2025-03-07 16:46:00,M01,218.07,121.6,18.71,running
2025-03-07 16:47:00,M01,217.72,119.84,18.79,running
2025-03-07 16:48:00,M01,217.97,121.08,18.85,running
2025-03-07 16:49:00,M01,218.36,118.35,18.45,running
2025-03-07 16:50:00,M01,217.61,119.86,18.34,running
2025-03-07 16:51:00,M01,218.49,116.87,18.42,running
2025-03-07 16:52:00,M01,217.93,119.88,18.4,running
2025-03-07 16:53:00,M01,217.99,118.86,18.51,running
2025-03-07 16:54:00,M01,217.96,117.94,18.48,running
2025-03-07 16:55:00,M01,217.37,118.37,18.46,running
2025-03-07 16:56:00,M01,218.82,119.45,18.88,running
2025-03-07 16:57:00,M01,218.78,120.42,18.67,running
2025-03-07 16:58:00,M01,218.88,117.58,18.88,running
2025-03-07 16:59:00,M01,218.35,120.69,18.92,running
2025-03-07 17:00:00,M01,218.26,115.97,18.91,running
2025-03-07 17:01:00,M01,217.63,120.37,18.57,running
2025-03-07 17:02:00,M01,217.53,119.6,18.53,running
2025-03-07 17:03:00,M01,217.97,119.54,18.74,running
2025-03-07 17:04:00,M01,217.88,117.96,18.51,running
2025-03-07 17:05:00,M01,218.42,119.21,18.41,running
2025-03-07 17:06:00,M01,218.0,118.38,18.62,running
2025-03-07 17:07:00,M01,217.63,118.64,18.03,running
2025-03-07 17:08:00,M01,217.25,115.05,18.34,running
2025-03-07 17:09:00,M01,218.02,116.1,18.57,running
2025-03-07 17:10:00,M01,218.54,120.49,18.62,running
2025-03-07 17:11:00,M01,218.63,117.39,18.57,running
2025-03-07 17:12:00,M01,219.24,116.72,18.21,running
2025-03-07 17:13:00,M01,219.93,118.88,18.59,running
2025-03-07 17:14:00,M01,219.44,118.74,18.36,running
2025-03-07 17:15:00,M01,218.67,119.89,18.56,running
2025-03-07 17:16:00,M01,218.44,119.16,18.42,running
2025-03-07 17:17:00,M01,216.6,117.48,19.06,running
2025-03-07 17:18:00,M01,216.84,117.22,18.13,running
2025-03-07 17:19:00,M01,216.5,116.33,18.11,running
2025-03-07 17:20:00,M01,216.9,115.52,18.78,running
2025-03-07 17:21:00,M01,216.96,117.43,18.24,running
2025-03-07 17:22:00,M01,217.13,117.92,18.86,running
2025-03-07 17:23:00,M01,216.83,118.78,18.36,running
2025-03-07 17:24:00,M01,217.51,117.9,18.82,running
2025-03-07 17:25:00,M01,218.15,117.69,18.57,running
2025-03-07 17:26:00,M01,218.59,119.94,18.69,running
2025-03-07 17:27:00,M01,217.87,121.0,18.39,running
2025-03-07 17:28:00,M01,217.88,117.37,18.3,running
2025-03-07 17:29:00,M01,218.49,118.12,18.87,running
2025-03-07 17:30:00,M01,218.31,117.11,18.55,running
2025-03-07 17:31:00,M01,218.44,122.02,18.59,running
2025-03-07 17:32:00,M01,218.03,119.9,18.75,running
2025-03-07 17:33:00,M01,218.39,116.22,18.46,running
2025-03-07 17:34:00,M01,218.94,120.11,18.35,running
2025-03-07 17:35:00,M01,218.53,118.17,18.5,running
2025-03-07 17:36:00,M01,217.92,118.7,18.63,running
2025-03-07 17:37:00,M01,217.52,117.64,18.93,running
2025-03-07 17:38:00,M01,217.43,115.76,18.42,running
2025-03-07 17:39:00,M01,216.34,118.41,18.67,running
2025-03-07 17:40:00,M01,216.23,118.52,18.43,running
2025-03-07 17:41:00,M01,216.54,118.3,18.27,running
2025-03-07 17:42:00,M01,217.49,117.2,18.79,running
2025-03-07 17:43:00,M01,217.48,117.92,18.47,running
2025-03-07 17:44:00,M01,218.43,118.6,18.12,running
2025-03-07 17:45:00,M01,217.37,115.55,18.05,running
2025-03-07 17:46:00,M01,216.71,119.58,18.19,running
2025-03-07 17:47:00,M01,216.98,116.57,18.3,running
2025-03-07 17:48:00,M01,217.54,118.63,18.72,running
2025-03-07 17:49:00,M01,216.23,117.03,18.73,running
2025-03-07 17:50:00,M01,216.29,118.69,18.49,running
2025-03-07 17:51:00,M01,216.11,119.53,18.92,running
2025-03-07 17:52:00,M01,215.54,117.51,18.3,running
2025-03-07 17:53:00,M01,216.56,117.43,18.46,running
2025-03-07 17:54:00,M01,216.99,116.26,18.1,running
2025-03-07 17:55:00,M01,217.26,118.18,18.46,running
2025-03-07 17:56:00,M01,217.76,119.38,18.56,running
2025-03-07 17:57:00,M01,216.75,117.47,18.54,running
2025-03-07 17:58:00,M01,217.8,117.82,18.6,running
2025-03-07 17:59:00,M01,217.78,118.35,18.54,running
2025-03-07 18:00:00,M01,217.79,119.62,18.68,running
2025-03-07 18:01:00,M01,218.66,119.49,18.45,running
2025-03-07 18:02:00,M01,219.13,120.58,18.46,running
2025-03-07 18:03:00,M01,219.3,119.11,18.46,running
2025-03-07 18:04:00,M01,219.13,118.16,18.67,running
2025-03-07 18:05:00,M01,218.3,118.87,18.69,running
2025-03-07 18:06:00,M01,218.15,117.85,18.83,running
2025-03-07 18:07:00,M01,217.48,116.05,18.81,running
2025-03-07 18:08:00,M01,216.9,119.74,18.53,running
2025-03-07 18:09:00,M01,218.13,116.6,18.9,running
2025-03-07 18:10:00,M01,219.05,122.35,18.79,running
2025-03-07 18:11:00,M01,219.64,121.86,18.43,running
2025-03-07 18:12:00,M01,219.43,117.4,18.93,running
2025-03-07 18:13:00,M01,218.2,121.78,18.36,running
2025-03-07 18:14:00,M01,217.81,116.05,18.27,running
2025-03-07 18:15:00,M01,218.42,116.23,18.13,running
2025-03-07 18:16:00,M01,217.21,118.78,18.31,running
2025-03-07 18:17:00,M01,217.68,116.53,18.18,running
2025-03-07 18:18:00,M01,216.82,117.6,18.9,running
2025-03-07 18:19:00,M01,216.5,118.83,18.17,running
2025-03-07 18:20:00,M01,216.49,119.33,18.57,running
2025-03-07 18:21:00,M01,215.77,116.59,18.5,running
2025-03-07 18:22:00,M01,215.59,117.47,18.22,running
2025-03-07 18:23:00,M01,216.63,119.84,18.66,running
2025-03-07 18:24:00,M01,216.77,117.58,18.45,running
2025-03-07 18:25:00,M01,217.45,116.93,18.45,running
2025-03-07 18:26:00,M01,217.78,116.88,18.71,running
2025-03-07 18:27:00,M01,217.66,118.1,18.51,running
2025-03-07 18:28:00,M01,217.53,118.43,18.83,running
2025-03-07 18:29:00,M01,216.87,116.17,18.69,running
2025-03-07 18:30:00,M01,217.38,117.91,18.97,running
2025-03-07 18:31:00,M01,217.56,116.55,18.96,running
2025-03-07 18:32:00,M01,217.21,119.65,18.7,running
2025-03-07 18:33:00,M01,217.09,117.17,18.71,running
2025-03-07 18:34:00,M01,217.08,121.12,18.24,running
2025-03-07 18:35:00,M01,217.49,116.41,18.31,running
2025-03-07 18:36:00,M01,217.2,117.99,18.73,running
2025-03-07 18:37:00,M01,217.95,120.91,18.17,running
2025-03-07 18:38:00,M01,218.44,117.55,18.72,running
2025-03-07 18:39:00,M01,217.89,119.38,18.56,running
2025-03-07 18:40:00,M01,216.66,118.29,18.65,running
2025-03-07 18:41:00,M01,217.43,118.86,18.95,running
2025-03-07 18:42:00,M01,218.44,119.03,19.19,running
2025-03-07 18:43:00,M01,218.6,121.13,18.72,running
2025-03-07 18:44:00,M01,217.69,121.76,17.95,running
2025-03-07 18:45:00,M01,217.35,116.96,18.42,running
2025-03-07 18:46:00,M01,217.86,118.56,18.57,running
2025-03-07 18:47:00,M01,217.42,119.54,18.13,running
2025-03-07 18:48:00,M01,216.74,119.43,18.72,running
2025-03-07 18:49:00,M01,216.91,114.64,18.76,running
2025-03-07 18:50:00,M01,217.41,117.01,18.58,running
2025-03-07 18:51:00,M01,217.56,115.98,18.65,running
2025-03-07 18:52:00,M01,216.92,117.67,18.22,running
2025-03-07 18:53:00,M01,216.89,115.5,18.52,running
2025-03-07 18:54:00,M01,216.58,119.74,18.38,running
2025-03-07 18:55:00,M01,216.13,119.22,18.33,running
2025-03-07 18:56:00,M01,216.42,118.17,18.38,running
2025-03-07 18:57:00,M01,216.0,119.34,19.0,running
2025-03-07 18:58:00,M01,215.38,116.55,18.38,running
2025-03-07 18:59:00,M01,214.7,118.35,18.59,running
2025-03-07 19:00:00,M01,214.97,119.87,18.54,running
2025-03-07 19:01:00,M01,215.81,115.73,18.35,running
2025-03-07 19:02:00,M01,216.32,118.91,18.51,running
2025-03-07 19:03:00,M01,216.6,116.97,18.44,running
2025-03-07 19:04:00,M01,216.18,117.04,18.57,running
2025-03-07 19:05:00,M01,215.75,120.31,18.32,running
2025-03-07 19:06:00,M01,216.45,115.36,18.7,running
2025-03-07 19:07:00,M01,215.86,117.27,18.85,running
2025-03-07 19:08:00,M01,216.12,118.94,18.93,running
2025-03-07 19:09:00,M01,215.42,116.39,18.39,running
2025-03-07 19:10:00,M01,215.85,118.93,19.02,running
2025-03-07 19:11:00,M01,216.3,120.89,18.25,running
2025-03-07 19:12:00,M01,215.25,116.04,18.49,running
2025-03-07 19:13:00,M01,215.89,116.2,18.53,running
2025-03-07 19:14:00,M01,216.0,117.2,18.67,running
2025-03-07 19:15:00,M01,215.13,121.2,18.76,running
2025-03-07 19:16:00,M01,216.17,116.56,19.0,running
2025-03-07 19:17:00,M01,216.87,118.7,18.22,running
2025-03-07 19:18:00,M01,217.41,118.66,18.8,running
2025-03-07 19:19:00,M01,218.53,117.86,18.68,running
2025-03-07 19:20:00,M01,219.55,117.78,18.49,running
2025-03-07 19:21:00,M01,220.09,117.21,18.43,running
2025-03-07 19:22:00,M01,219.21,117.95,18.14,running
2025-03-07 19:23:00,M01,218.15,118.6,18.78,running
2025-03-07 19:24:00,M01,217.51,120.46,18.36,running
2025-03-07 19:25:00,M01,217.02,116.98,19.12,running
2025-03-07 19:26:00,M01,217.02,116.22,18.68,running
2025-03-07 19:27:00,M01,216.72,117.4,17.94,running
2025-03-07 19:28:00,M01,217.35,115.39,18.36,running
2025-03-07 19:29:00,M01,216.21,119.0,18.53,running
2025-03-07 19:30:00,M01,216.73,117.35,18.65,running
2025-03-07 19:31:00,M01,217.44,119.3,18.14,running
2025-03-07 19:32:00,M01,216.59,117.99,18.35,running
2025-03-07 19:33:00,M01,215.98,120.29,18.61,running
2025-03-07 19:34:00,M01,216.04,117.82,18.58,running
2025-03-07 19:35:00,M01,216.06,116.39,18.48,running
2025-03-07 19:36:00,M01,216.19,119.79,18.15,running
2025-03-07 19:37:00,M01,216.07,117.01,18.29,running
2025-03-07 19:38:00,M01,216.35,115.81,18.56,running
2025-03-07 19:39:00,M01,216.61,118.61,18.45,running
2025-03-07 19:40:00,M01,216.25,120.68,18.56,running
2025-03-07 19:41:00,M01,217.37,117.26,18.62,running
2025-03-07 19:42:00,M01,216.34,117.94,18.35,running
2025-03-07 19:43:00,M01,217.36,120.61,18.94,running
2025-03-07 19:44:00,M01,217.82,116.95,18.61,running
2025-03-07 19:45:00,M01,217.82,119.3,18.62,running
2025-03-07 19:46:00,M01,217.21,118.57,18.81,running
2025-03-07 19:47:00,M01,216.74,117.24,18.67,running
2025-03-07 19:48:00,M01,217.08,119.14,18.77,running
2025-03-07 19:49:00,M01,216.73,117.98,18.74,running
2025-03-07 19:50:00,M01,216.42,119.56,19.0,running
2025-03-07 19:51:00,M01,216.79,118.56,18.5,running
2025-03-07 19:52:00,M01,216.32,118.43,18.81,running
2025-03-07 19:53:00,M01,216.41,115.07,18.01,running
2025-03-07 19:54:00,M01,216.11,117.71,18.47,running
2025-03-07 19:55:00,M01,216.89,118.62,18.71,running
2025-03-07 19:56:00,M01,217.46,117.41,18.68,running
2025-03-07 19:57:00,M01,216.62,118.93,18.19,running
2025-03-07 19:58:00,M01,216.03,119.86,18.56,running
2025-03-07 19:59:00,M01,214.76,121.26,18.58,running
2025-03-07 20:00:00,M01,214.78,119.49,18.28,running
2025-03-07 20:01:00,M01,215.1,115.9,18.27,running
2025-03-07 20:02:00,M01,216.33,115.49,18.61,running
2025-03-07 20:03:00,M01,215.59,116.29,18.6,running
2025-03-07 20:04:00,M01,215.71,116.82,18.52,running
2025-03-07 20:05:00,M01,216.34,117.05,18.69,running
2025-03-07 20:06:00,M01,216.77,120.04,18.56,running
2025-03-07 20:07:00,M01,216.86,118.13,18.72,running
2025-03-07 20:08:00,M01,216.61,116.07,18.64,running
2025-03-07 20:09:00,M01,215.61,119.72,18.22,running
2025-03-07 20:10:00,M01,216.47,118.44,18.19,running
2025-03-07 20:11:00,M01,218.01,119.28,18.86,running
2025-03-07 20:12:00,M01,218.53,120.22,18.08,running
2025-03-07 20:13:00,M01,218.74,118.69,18.75,running
2025-03-07 20:14:00,M01,218.56,117.32,18.68,running
2025-03-07 20:15:00,M01,219.64,119.21,18.3,running
2025-03-07 20:16:00,M01,218.31,119.84,18.73,running
2025-03-07 20:17:00,M01,219.34,116.65,18.55,running
2025-03-07 20:18:00,M01,219.74,118.45,18.63,running
2025-03-07 20:19:00,M01,218.5,117.94,18.27,running
2025-03-07 20:20:00,M01,218.93,117.85,18.28,running
2025-03-07 20:21:00,M01,218.83,118.66,18.15,running
2025-03-07 20:22:00,M01,218.01,119.42,18.44,running
2025-03-07 20:23:00,M01,217.99,116.45,18.26,running
2025-03-07 20:24:00,M01,217.69,119.47,18.26,running
2025-03-07 20:25:00,M01,216.73,120.14,18.43,running
2025-03-07 20:26:00,M01,216.34,117.48,18.21,running
2025-03-07 20:27:00,M01,216.61,114.38,18.52,running
2025-03-07 20:28:00,M01,216.8,119.72,18.75,running
2025-03-07 20:29:00,M01,216.21,119.47,18.33,running
2025-03-07 20:30:00,M01,217.21,117.23,18.53,running
2025-03-07 20:31:00,M01,217.02,117.63,18.43,running
2025-03-07 20:32:00,M01,216.53,116.11,18.52,running
2025-03-07 20:33:00,M01,215.78,117.77,18.9,running
2025-03-07 20:34:00,M01,216.66,117.62,18.51,running
2025-03-07 20:35:00,M01,215.37,118.98,18.14,running
2025-03-07 20:36:00,M01,214.22,118.32,18.46,running
2025-03-07 20:37:00,M01,213.92,117.21,18.69,running
2025-03-07 20:38:00,M01,214.57,117.59,18.63,running
2025-03-07 20:39:00,M01,214.83,120.0,18.88,running
2025-03-07 20:40:00,M01,214.81,117.38,18.49,running
2025-03-07 20:41:00,M01,214.8,117.38,18.33,running
2025-03-07 20:42:00,M01,214.92,119.21,18.38,running
2025-03-07 20:43:00,M01,215.35,115.43,18.06,running
2025-03-07 20:44:00,M01,215.91,117.5,18.57,running
2025-03-07 20:45:00,M01,216.64,117.15,18.67,running
2025-03-07 20:46:00,M01,214.95,118.77,18.91,running
2025-03-07 20:47:00,M01,215.28,119.54,18.41,running
2025-03-07 20:48:00,M01,214.65,117.89,18.78,running
2025-03-07 20:49:00,M01,214.68,116.96,18.65,running
2025-03-07 20:50:00,M01,213.01,117.91,18.01,running
2025-03-07 20:51:00,M01,213.44,117.2,18.9,running
2025-03-07 20:52:00,M01,213.51,119.46,18.49,running
2025-03-07 20:53:00,M01,214.03,118.53,18.94,running
2025-03-07 20:54:00,M01,213.9,117.64,18.09,running
2025-03-07 20:55:00,M01,214.71,118.83,18.76,running
2025-03-07 20:56:00,M01,214.71,119.36,18.45,running
2025-03-07 20:57:00,M01,215.27,118.17,18.44,running
2025-03-07 20:58:00,M01,216.22,119.47,18.27,running
2025-03-07 20:59:00,M01,215.81,117.24,18.69,running
2025-03-07 21:00:00,M01,215.95,119.64,18.84,running
2025-03-07 21:01:00,M01,216.43,117.98,18.6,running
2025-03-07 21:02:00,M01,215.72,120.07,18.25,running
2025-03-07 21:03:00,M01,215.09,119.97,18.38,running
2025-03-07 21:04:00,M01,215.45,118.12,18.68,running
2025-03-07 21:05:00,M01,214.97,118.98,18.53,running
2025-03-07 21:06:00,M01,214.95,118.8,18.89,running
2025-03-07 21:07:00,M01,215.13,118.14,18.68,running
2025-03-07 21:08:00,M01,214.65,116.54,18.61,running
2025-03-07 21:09:00,M01,215.05,113.72,18.31,running
2025-03-07 21:10:00,M01,215.66,120.12,18.44,running
2025-03-07 21:11:00,M01,215.55,121.44,19.15,running
2025-03-07 21:12:00,M01,215.1,118.63,18.58,running
2025-03-07 21:13:00,M01,214.77,116.19,18.47,running
2025-03-07 21:14:00,M01,215.19,118.12,18.71,running
2025-03-07 21:15:00,M01,214.62,117.87,18.51,running
2025-03-07 21:16:00,M01,216.03,118.68,18.99,running
2025-03-07 21:17:00,M01,215.94,119.06,18.49,running
2025-03-07 21:18:00,M01,215.96,121.44,18.61,running
2025-03-07 21:19:00,M01,215.36,116.43,18.64,running
2025-03-07 21:20:00,M01,215.36,117.57,18.7,running
2025-03-07 21:21:00,M01,215.32,117.27,18.42,running
2025-03-07 21:22:00,M01,215.57,117.66,18.7,running
2025-03-07 21:23:00,M01,215.26,119.98,18.46,running
2025-03-07 21:24:00,M01,215.06,116.34,18.45,running
2025-03-07 21:25:00,M01,215.04,118.82,18.23,running
2025-03-07 21:26:00,M01,215.31,116.1,18.31,running
2025-03-07 21:27:00,M01,215.54,116.01,18.3,running
2025-03-07 21:28:00,M01,215.5,117.67,18.32,running
2025-03-07 21:29:00,M01,215.6,116.94,18.6,running
2025-03-07 21:30:00,M01,216.73,118.45,18.67,running
2025-03-07 21:31:00,M01,216.83,118.95,18.54,running
2025-03-07 21:32:00,M01,216.67,116.62,18.66,running
2025-03-07 21:33:00,M01,216.83,116.43,18.53,running
2025-03-07 21:34:00,M01,217.64,116.41,18.57,running
2025-03-07 21:35:00,M01,216.77,118.14,18.54,running
2025-03-07 21:36:00,M01,215.56,119.27,18.27,running
2025-03-07 21:37:00,M01,215.05,117.18,18.51,running
2025-03-07 21:38:00,M01,214.8,119.96,18.53,running
2025-03-07 21:39:00,M01,214.01,115.27,18.3,running
2025-03-07 21:40:00,M01,213.41,118.51,18.15,running
2025-03-07 21:41:00,M01,213.35,119.05,18.4,running
2025-03-07 21:42:00,M01,213.61,118.98,18.56,running
2025-03-07 21:43:00,M01,213.66,117.9,18.58,running
2025-03-07 21:44:00,M01,213.94,118.38,18.34,running
2025-03-07 21:45:00,M01,214.02,117.94,18.36,running
2025-03-07 21:46:00,M01,213.93,118.02,18.37,running
2025-03-07 21:47:00,M01,213.57,117.71,18.6,running
2025-03-07 21:48:00,M01,213.36,116.1,18.25,running
2025-03-07 21:49:00,M01,213.1,115.58,18.67,running
2025-03-07 21:50:00,M01,214.03,118.8,18.53,running
2025-03-07 21:51:00,M01,215.0,117.05,18.44,running
2025-03-07 21:52:00,M01,214.34,118.84,18.26,running
2025-03-07 21:53:00,M01,215.0,118.01,18.36,running
2025-03-07 21:54:00,M01,214.93,118.97,17.91,running
2025-03-07 21:55:00,M01,214.79,115.06,18.32,running
2025-03-07 21:56:00,M01,214.53,119.75,18.54,running
2025-03-07 21:57:00,M01,213.78,117.59,18.2,running
2025-03-07 21:58:00,M01,214.4,120.34,19.02,running
2025-03-07 21:59:00,M01,212.92,116.47,18.63,running
2025-03-07 22:00:00,M01,212.73,117.52,18.4,running
2025-03-07 22:01:00,M01,213.79,118.98,18.45,running
2025-03-07 22:02:00,M01,214.54,117.07,18.45,running
2025-03-07 22:03:00,M01,215.78,118.97,18.28,running
2025-03-07 22:04:00,M01,215.78,118.09,18.81,running
2025-03-07 22:05:00,M01,215.45,118.97,18.37,running
2025-03-07 22:06:00,M01,216.03,118.34,18.64,running
2025-03-07 22:07:00,M01,215.67,118.7,18.27,running
2025-03-07 22:08:00,M01,215.5,117.59,18.59,running
2025-03-07 22:09:00,M01,216.27,117.15,18.95,running
2025-03-07 22:10:00,M01,215.1,115.56,18.52,running
2025-03-07 22:11:00,M01,213.82,119.89,18.82,running
2025-03-07 22:12:00,M01,212.24,117.01,18.53,running
2025-03-07 22:13:00,M01,213.31,117.48,18.3,running
2025-03-07 22:14:00,M01,213.48,119.08,18.46,running
2025-03-07 22:15:00,M01,213.54,116.53,18.22,running
2025-03-07 22:16:00,M01,213.92,119.01,18.3,running
2025-03-07 22:17:00,M01,213.41,120.84,18.35,running
2025-03-07 22:18:00,M01,213.64,115.21,18.31,running
2025-03-07 22:19:00,M01,213.24,118.57,18.33,running
2025-03-07 22:20:00,M01,213.38,117.44,18.53,running
2025-03-07 22:21:00,M01,213.26,118.5,18.59,running
2025-03-07 22:22:00,M01,212.79,119.61,18.97,running
2025-03-07 22:23:00,M01,212.63,118.17,18.53,running
2025-03-07 22:24:00,M01,213.73,118.89,18.58,running
2025-03-07 22:25:00,M01,212.93,118.48,18.05,running
2025-03-07 22:26:00,M01,213.51,114.81,17.98,running
2025-03-07 22:27:00,M01,213.97,118.34,18.59,running
2025-03-07 22:28:00,M01,213.53,117.47,18.34,running
2025-03-07 22:29:00,M01,214.35,118.22,18.17,running
2025-03-07 22:30:00,M01,214.75,119.58,18.38,running
2025-03-07 22:31:00,M01,213.84,117.27,18.39,running
2025-03-07 22:32:00,M01,214.32,116.96,18.79,running
2025-03-07 22:33:00,M01,213.63,121.45,18.12,running
2025-03-07 22:34:00,M01,212.38,118.85,18.61,running
2025-03-07 22:35:00,M01,212.15,115.17,18.38,running
2025-03-07 22:36:00,M01,213.44,117.91,18.46,running
2025-03-07 22:37:00,M01,214.28,118.44,18.29,running
2025-03-07 22:38:00,M01,213.92,117.21,18.4,running
2025-03-07 22:39:00,M01,213.74,117.38,18.33,running
2025-03-07 22:40:00,M01,213.5,118.89,18.53,running
2025-03-07 22:41:00,M01,213.44,117.13,18.55,running
2025-03-07 22:42:00,M01,214.1,119.31,18.55,running
2025-03-07 22:43:00,M01,213.89,115.32,18.82,running
2025-03-07 22:44:00,M01,213.8,119.53,18.68,running
2025-03-07 22:45:00,M01,213.39,117.19,18.06,running
2025-03-07 22:46:00,M01,211.69,115.8,18.71,running
2025-03-07 22:47:00,M01,212.64,118.94,18.47,running
2025-03-07 22:48:00,M01,213.63,118.58,18.26,running
2025-03-07 22:49:00,M01,213.97,121.45,18.05,running
2025-03-07 22:50:00,M01,214.12,116.72,18.36,running
2025-03-07 22:51:00,M01,214.11,122.37,18.4,running
2025-03-07 22:52:00,M01,214.2,118.23,18.27,running
2025-03-07 22:53:00,M01,213.95,118.82,18.56,running
2025-03-07 22:54:00,M01,214.48,118.64,18.26,running
2025-03-07 22:55:00,M01,214.48,117.6,18.29,running
2025-03-07 22:56:00,M01,213.87,116.58,18.26,running
2025-03-07 22:57:00,M01,213.68,117.36,18.08,running
2025-03-07 22:58:00,M01,214.0,119.04,18.03,running
2025-03-07 22:59:00,M01,213.84,117.22,18.8,running
2025-03-07 23:00:00,M01,213.49,120.27,17.99,running
2025-03-07 23:01:00,M01,214.24,117.92,18.93,running
2025-03-07 23:02:00,M01,214.62,118.35,18.25,running
2025-03-07 23:03:00,M01,215.43,120.2,18.29,running
2025-03-07 23:04:00,M01,216.56,116.91,18.71,running
2025-03-07 23:05:00,M01,217.13,115.96,18.53,running
2025-03-07 23:06:00,M01,217.51,119.3,18.43,running
2025-03-07 23:07:00,M01,216.67,117.74,18.49,running
2025-03-07 23:08:00,M01,216.33,120.84,19.07,running
2025-03-07 23:09:00,M01,215.54,120.36,18.22,running
2025-03-07 23:10:00,M01,214.23,117.51,18.92,running
2025-03-07 23:11:00,M01,213.13,117.02,18.18,running
2025-03-07 23:12:00,M01,212.97,115.72,18.29,running
2025-03-07 23:13:00,M01,212.82,117.29,18.37,running
2025-03-07 23:14:00,M01,212.6,115.89,18.1,running
2025-03-07 23:15:00,M01,213.27,116.47,18.48,running
2025-03-07 23:16:00,M01,212.89,116.12,18.46,running
2025-03-07 23:17:00,M01,213.6,117.98,18.77,running
2025-03-07 23:18:00,M01,213.77,115.5,18.35,running
2025-03-07 23:19:00,M01,214.35,120.49,18.66,running
2025-03-07 23:20:00,M01,214.26,119.18,18.02,running
2025-03-07 23:21:00,M01,213.81,117.08,18.76,running
2025-03-07 23:22:00,M01,214.5,119.48,18.39,running
2025-03-07 23:23:00,M01,214.46,118.47,18.17,running
2025-03-07 23:24:00,M01,214.34,115.94,18.78,running
2025-03-07 23:25:00,M01,213.73,119.95,18.44,running
2025-03-07 23:26:00,M01,214.11,118.97,18.02,running
2025-03-07 23:27:00,M01,213.92,118.84,19.15,running
2025-03-07 23:28:00,M01,214.63,115.91,18.64,running
2025-03-07 23:29:00,M01,213.33,116.5,18.29,running
2025-03-07 23:30:00,M01,213.63,117.25,18.18,running
2025-03-07 23:31:00,M01,214.09,118.4,18.59,running
2025-03-07 23:32:00,M01,213.96,117.59,18.41,running
2025-03-07 23:33:00,M01,213.92,118.64,18.37,running
2025-03-07 23:34:00,M01,213.93,120.23,18.27,running
2025-03-07 23:35:00,M01,213.5,121.33,18.16,running
2025-03-07 23:36:00,M01,212.51,115.63,18.68,running
2025-03-07 23:37:00,M01,213.17,115.36,17.98,running
2025-03-07 23:38:00,M01,213.33,116.58,18.44,running
2025-03-07 23:39:00,M01,213.93,116.96,18.46,running
2025-03-07 23:40:00,M01,212.93,116.17,18.36,running
2025-03-07 23:41:00,M01,212.56,120.24,18.31,running
2025-03-07 23:42:00,M01,212.46,117.13,18.64,running
2025-03-07 23:43:00,M01,211.89,117.82,17.84,running
2025-03-07 23:44:00,M01,212.31,120.16,18.38,running
2025-03-07 23:45:00,M01,211.96,115.62,18.68,running
2025-03-07 23:46:00,M01,211.75,116.52,18.33,running
2025-03-07 23:47:00,M01,212.53,116.74,18.44,running
2025-03-07 23:48:00,M01,212.58,120.55,18.75,running
2025-03-07 23:49:00,M01,211.91,116.78,17.85,running
2025-03-07 23:50:00,M01,212.17,116.29,18.68,running
2025-03-07 23:51:00,M01,212.29,118.73,18.35,running
2025-03-07 23:52:00,M01,212.43,117.43,18.56,running
2025-03-07 23:53:00,M01,213.23,118.08,18.31,running
2025-03-07 23:54:00,M01,213.06,117.68,18.49,running
2025-03-07 23:55:00,M01,213.53,118.3,18.7,running
2025-03-07 23:56:00,M01,213.44,115.73,18.4,running
2025-03-07 23:57:00,M01,213.97,117.6,18.7,running
2025-03-07 23:58:00,M01,213.21,118.6,18.31,running
2025-03-07 23:59:00,M01,213.04,119.46,18.19,running
2025-03-08 00:00:00,M01,213.1,117.17,18.48,running
2025-03-08 00:01:00,M01,211.95,119.25,18.48,running
2025-03-08 00:02:00,M01,211.85,117.35,18.15,running
2025-03-08 00:03:00,M01,211.86,118.34,17.76,running
2025-03-08 00:04:00,M01,211.47,117.16,18.73,running
2025-03-08 00:05:00,M01,212.3,117.68,18.16,running
2025-03-08 00:06:00,M01,212.27,117.66,18.6,running
2025-03-08 00:07:00,M01,212.56,117.98,18.5,running
2025-03-08 00:08:00,M01,212.07,115.91,18.56,running
2025-03-08 00:09:00,M01,211.46,115.48,18.4,running
2025-03-08 00:10:00,M01,211.48,116.62,18.19,running
2025-03-08 00:11:00,M01,210.07,115.83,18.56,running
2025-03-08 00:12:00,M01,210.67,116.75,18.85,running
2025-03-08 00:13:00,M01,211.84,119.22,18.41,running
2025-03-08 00:14:00,M01,211.35,119.65,17.93,running
2025-03-08 00:15:00,M01,211.59,116.31,17.97,running
2025-03-08 00:16:00,M01,213.05,116.94,18.24,running
2025-03-08 00:17:00,M01,213.11,115.59,18.1,running
2025-03-08 00:18:00,M01,213.75,117.61,18.35,running
2025-03-08 00:19:00,M01,213.99,117.96,18.78,running
2025-03-08 00:20:00,M01,213.73,116.15,18.52,running
2025-03-08 00:21:00,M01,212.94,118.49,18.17,running
2025-03-08 00:22:00,M01,212.52,118.47,18.06,running
2025-03-08 00:23:00,M01,212.0,115.33,18.61,running
2025-03-08 00:24:00,M01,212.93,114.99,18.65,running
2025-03-08 00:25:00,M01,211.91,118.97,18.59,running
2025-03-08 00:26:00,M01,211.33,118.25,18.34,running
2025-03-08 00:27:00,M01,211.72,117.19,18.35,running
2025-03-08 00:28:00,M01,211.94,119.48,18.86,running
2025-03-08 00:29:00,M01,212.46,118.0,18.24,running
2025-03-08 00:30:00,M01,212.64,118.34,18.05,running
2025-03-08 00:31:00,M01,212.97,114.87,18.38,running
2025-03-08 00:32:00,M01,213.71,118.29,18.6,running
2025-03-08 00:33:00,M01,213.07,115.33,18.47,running
2025-03-08 00:34:00,M01,212.84,117.93,18.62,running
2025-03-08 00:35:00,M01,212.3,119.03,18.4,running
2025-03-08 00:36:00,M01,211.48,115.9,18.36,running
2025-03-08 00:37:00,M01,210.41,117.74,17.95,running
2025-03-08 00:38:00,M01,211.05,118.12,18.29,running
2025-03-08 00:39:00,M01,210.74,117.2,18.49,running
2025-03-08 00:40:00,M01,211.64,119.38,18.13,running
2025-03-08 00:41:00,M01,212.91,116.67,18.48,running
2025-03-08 00:42:00,M01,212.84,117.5,18.2,running
2025-03-08 00:43:00,M01,213.08,118.11,18.8,running
2025-03-08 00:44:00,M01,212.69,117.15,18.54,running
2025-03-08 00:45:00,M01,211.62,116.25,18.77,running
2025-03-08 00:46:00,M01,211.45,117.99,18.3,running
2025-03-08 00:47:00,M01,212.49,121.23,18.55,running
2025-03-08 00:48:00,M01,211.68,118.83,18.28,running
2025-03-08 00:49:00,M01,212.08,117.36,18.5,running
2025-03-08 00:50:00,M01,212.36,116.71,18.65,running
2025-03-08 00:51:00,M01,211.92,119.17,18.06,running
2025-03-08 00:52:00,M01,213.07,117.77,17.97,running
2025-03-08 00:53:00,M01,212.87,114.27,18.39,running
2025-03-08 00:54:00,M01,212.89,119.5,18.19,running
2025-03-08 00:55:00,M01,213.04,117.29,18.72,running
2025-03-08 00:56:00,M01,212.89,118.28,18.93,running
2025-03-08 00:57:00,M01,212.99,115.93,18.39,running
2025-03-08 00:58:00,M01,213.46,118.4,18.27,running
2025-03-08 00:59:00,M01,213.0,117.3,18.38,running
2025-03-08 01:00:00,M01,212.27,117.44,18.41,running
2025-03-08 01:01:00,M01,213.21,120.35,18.5,running
2025-03-08 01:02:00,M01,211.62,117.45,18.39,running
2025-03-08 01:03:00,M01,210.5,119.12,18.3,running
2025-03-08 01:04:00,M01,210.85,114.96,18.92,running
2025-03-08 01:05:00,M01,211.72,119.13,18.83,running
2025-03-08 01:06:00,M01,212.12,119.6,18.02,running
2025-03-08 01:07:00,M01,213.16,117.47,18.52,running
2025-03-08 01:08:00,M01,212.69,116.12,18.08,running
2025-03-08 01:09:00,M01,211.84,116.89,18.13,running
2025-03-08 01:10:00,M01,212.39,117.5,18.15,running
2025-03-08 01:11:00,M01,212.07,116.79,18.59,running
2025-03-08 01:12:00,M01,210.91,119.34,18.07,running
2025-03-08 01:13:00,M01,212.43,118.66,18.52,running
2025-03-08 01:14:00,M01,212.0,121.1,18.56,running
2025-03-08 01:15:00,M01,211.93,118.59,18.57,running
2025-03-08 01:16:00,M01,211.56,117.61,18.4,running
2025-03-08 01:17:00,M01,212.08,116.83,18.18,running
2025-03-08 01:18:00,M01,212.19,119.03,18.34,running
2025-03-08 01:19:00,M01,213.3,117.1,18.77,running
2025-03-08 01:20:00,M01,213.18,118.4,18.02,running
2025-03-08 01:21:00,M01,213.36,117.14,18.82,running
2025-03-08 01:22:00,M01,212.64,118.11,17.81,running
2025-03-08 01:23:00,M01,211.82,114.86,18.42,running
2025-03-08 01:24:00,M01,212.13,117.53,18.64,running
2025-03-08 01:25:00,M01,212.48,115.84,18.1,running
2025-03-08 01:26:00,M01,211.48,117.02,18.23,running
2025-03-08 01:27:00,M01,211.44,115.46,18.36,running
2025-03-08 01:28:00,M01,210.37,120.59,18.56,running
2025-03-08 01:29:00,M01,211.25,118.26,18.51,running
2025-03-08 01:30:00,M01,211.2,115.79,18.46,running
2025-03-08 01:31:00,M01,211.65,116.41,18.51,running
2025-03-08 01:32:00,M01,211.69,120.51,17.82,running
2025-03-08 01:33:00,M01,210.44,118.12,18.57,running
2025-03-08 01:34:00,M01,,115.2,18.23,running
2025-03-08 01:35:00,M01,211.3,119.48,18.55,running
2025-03-08 01:36:00,M01,212.24,117.08,18.22,running
2025-03-08 01:37:00,M01,212.28,117.62,18.52,running
2025-03-08 01:38:00,M01,211.74,118.36,18.22,running
2025-03-08 01:39:00,M01,211.34,118.77,18.35,running
2025-03-08 01:40:00,M01,211.62,115.8,18.72,running
2025-03-08 01:41:00,M01,210.73,117.76,17.96,running
2025-03-08 01:42:00,M01,210.93,117.5,18.28,running
2025-03-08 01:43:00,M01,211.21,119.84,18.1,running
2025-03-08 01:44:00,M01,211.27,116.24,18.39,running
2025-03-08 01:45:00,M01,211.21,116.57,17.91,running
2025-03-08 01:46:00,M01,211.72,118.01,18.19,running
2025-03-08 01:47:00,M01,212.13,115.78,18.13,running
2025-03-08 01:48:00,M01,212.61,119.03,18.52,running
2025-03-08 01:49:00,M01,212.49,117.96,18.41,running
2025-03-08 01:50:00,M01,212.56,115.57,18.78,running
2025-03-08 01:51:00,M01,213.18,118.17,18.11,running
2025-03-08 01:52:00,M01,212.88,117.52,18.58,running
2025-03-08 01:53:00,M01,212.39,120.0,18.13,running
2025-03-08 01:54:00,M01,213.54,117.9,18.27,running
2025-03-08 01:55:00,M01,213.79,113.42,18.17,running
2025-03-08 01:56:00,M01,214.14,117.88,18.45,running
2025-03-08 01:57:00,M01,214.12,119.6,18.56,running
2025-03-08 01:58:00,M01,214.05,120.07,18.83,running
2025-03-08 01:59:00,M01,213.97,117.87,18.66,running
2025-03-08 02:00:00,M01,,119.46,18.5,running
2025-03-08 02:01:00,M01,214.07,114.31,18.75,running
2025-03-08 02:02:00,M01,213.3,116.68,18.25,running
2025-03-08 02:03:00,M01,214.23,114.5,18.21,running
2025-03-08 02:04:00,M01,212.8,116.44,18.5,running
2025-03-08 02:05:00,M01,212.3,117.89,18.48,running
2025-03-08 02:06:00,M01,211.65,117.31,18.17,running
2025-03-08 02:07:00,M01,211.59,117.85,18.12,running
2025-03-08 02:08:00,M01,213.29,117.56,18.67,running
2025-03-08 02:09:00,M01,213.27,115.87,18.09,running
2025-03-08 02:10:00,M01,213.75,117.68,18.16,running
2025-03-08 02:11:00,M01,212.66,118.24,18.27,running
2025-03-08 02:12:00,M01,212.21,121.05,18.69,running
2025-03-08 02:13:00,M01,212.53,120.47,18.62,running
2025-03-08 02:14:00,M01,212.01,119.62,17.77,running
2025-03-08 02:15:00,M01,212.67,116.95,18.68,running
2025-03-08 02:16:00,M01,212.99,116.82,18.62,running
2025-03-08 02:17:00,M01,212.74,116.26,17.98,running
2025-03-08 02:18:00,M01,212.76,116.32,18.38,running
2025-03-08 02:19:00,M01,213.43,115.91,18.23,running
2025-03-08 02:20:00,M01,214.2,115.14,18.32,running
2025-03-08 02:21:00,M01,214.28,116.26,18.92,running
2025-03-08 02:22:00,M01,214.31,117.83,18.11,running
2025-03-08 02:23:00,M01,213.67,116.77,18.78,running
2025-03-08 02:24:00,M01,213.49,116.77,18.07,running
2025-03-08 02:25:00,M01,213.01,117.76,18.5,running
2025-03-08 02:26:00,M01,213.32,118.72,18.86,running
2025-03-08 02:27:00,M01,212.63,117.6,18.45,running
2025-03-08 02:28:00,M01,212.16,119.25,18.15,running
2025-03-08 02:29:00,M01,212.11,117.48,18.27,running
2025-03-08 02:30:00,M01,211.31,114.73,18.44,running
2025-03-08 02:31:00,M01,211.02,118.49,18.21,running
2025-03-08 02:32:00,M01,211.96,118.08,17.98,running
2025-03-08 02:33:00,M01,212.02,115.98,18.75,running
2025-03-08 02:34:00,M01,212.24,119.55,18.72,running
2025-03-08 02:35:00,M01,211.8,117.53,18.21,running
2025-03-08 02:36:00,M01,210.8,118.37,18.63,running
2025-03-08 02:37:00,M01,211.41,118.63,18.61,running
2025-03-08 02:38:00,M01,211.29,116.92,18.54,running
2025-03-08 02:39:00,M01,213.22,116.77,18.71,running
2025-03-08 02:40:00,M01,212.99,115.48,18.05,running
2025-03-08 02:41:00,M01,212.32,116.14,18.18,running
2025-03-08 02:42:00,M01,213.64,118.35,18.36,running
2025-03-08 02:43:00,M01,213.74,116.0,18.76,running
2025-03-08 02:44:00,M01,213.67,118.8,18.68,running
2025-03-08 02:45:00,M01,212.87,118.38,18.77,running
2025-03-08 02:46:00,M01,213.65,118.39,18.58,running
2025-03-08 02:47:00,M01,212.08,115.11,18.28,running
2025-03-08 02:48:00,M01,212.11,116.95,18.19,running
2025-03-08 02:49:00,M01,212.22,118.39,18.22,running
2025-03-08 02:50:00,M01,211.06,116.76,18.22,running
2025-03-08 02:51:00,M01,210.39,116.39,18.23,running
2025-03-08 02:52:00,M01,210.48,117.45,17.96,running
2025-03-08 02:53:00,M01,212.0,118.4,18.03,running
2025-03-08 02:54:00,M01,211.76,117.08,18.55,running
2025-03-08 02:55:00,M01,212.51,119.46,17.89,running
2025-03-08 02:56:00,M01,211.78,116.92,18.31,running
2025-03-08 02:57:00,M01,211.81,116.79,18.37,running
2025-03-08 02:58:00,M01,211.57,117.77,18.65,running
2025-03-08 02:59:00,M01,211.93,118.25,18.7,running
2025-03-08 03:00:00,M01,213.49,117.39,18.33,running
2025-03-08 03:01:00,M01,214.0,116.31,18.31,running
2025-03-08 03:02:00,M01,211.65,120.46,18.54,running
2025-03-08 03:03:00,M01,211.81,117.14,18.18,running
2025-03-08 03:04:00,M01,211.76,116.18,18.43,running
2025-03-08 03:05:00,M01,212.0,120.18,18.06,running
2025-03-08 03:06:00,M01,211.68,115.4,18.42,running
2025-03-08 03:07:00,M01,211.86,116.47,18.72,running
2025-03-08 03:08:00,M01,212.56,115.05,18.39,running
2025-03-08 03:09:00,M01,212.5,117.23,18.62,running
2025-03-08 03:10:00,M01,212.93,116.82,18.13,running
2025-03-08 03:11:00,M01,213.22,119.24,18.5,running
2025-03-08 03:12:00,M01,213.94,118.38,18.36,running
2025-03-08 03:13:00,M01,213.15,114.4,18.61,running
2025-03-08 03:14:00,M01,212.89,120.85,18.44,running
2025-03-08 03:15:00,M01,211.83,115.8,18.47,running
2025-03-08 03:16:00,M01,212.67,117.45,18.29,running
2025-03-08 03:17:00,M01,212.04,119.28,18.58,running
2025-03-08 03:18:00,M01,212.19,118.72,18.64,running
2025-03-08 03:19:00,M01,211.1,117.13,18.49,running
2025-03-08 03:20:00,M01,211.94,115.2,18.29,running
2025-03-08 03:21:00,M01,211.98,116.74,17.73,running
2025-03-08 03:22:00,M01,211.85,116.63,18.21,running
2025-03-08 03:23:00,M01,210.67,117.59,17.92,running
2025-03-08 03:24:00,M01,210.11,119.39,18.21,running
2025-03-08 03:25:00,M01,210.37,118.87,18.05,running
2025-03-08 03:26:00,M01,210.34,119.87,18.36,running
2025-03-08 03:27:00,M01,210.99,115.81,18.57,running
2025-03-08 03:28:00,M01,210.31,117.51,18.25,running
2025-03-08 03:29:00,M01,211.47,116.52,18.0,running
2025-03-08 03:30:00,M01,211.02,116.84,18.56,running
2025-03-08 03:31:00,M01,210.55,116.32,18.03,running
2025-03-08 03:32:00,M01,209.85,119.59,18.54,running
2025-03-08 03:33:00,M01,210.87,118.29,18.2,running
2025-03-08 03:34:00,M01,209.38,115.87,18.18,running
2025-03-08 03:35:00,M01,210.72,116.37,18.46,running
2025-03-08 03:36:00,M01,211.16,116.38,18.19,running
2025-03-08 03:37:00,M01,211.55,117.0,18.57,running
2025-03-08 03:38:00,M01,211.39,115.85,17.95,running
2025-03-08 03:39:00,M01,211.17,115.76,18.49,running
2025-03-08 03:40:00,M01,212.05,119.56,18.68,running
2025-03-08 03:41:00,M01,211.66,116.74,18.65,running
2025-03-08 03:42:00,M01,212.52,120.55,18.17,running
2025-03-08 03:43:00,M01,212.6,117.51,18.35,running
2025-03-08 03:44:00,M01,212.21,116.38,18.27,running
2025-03-08 03:45:00,M01,212.02,117.71,18.8,running
2025-03-08 03:46:00,M01,212.95,117.86,18.75,running
2025-03-08 03:47:00,M01,211.85,117.31,18.37,running
2025-03-08 03:48:00,M01,211.95,116.28,18.59,running
2025-03-08 03:49:00,M01,212.52,119.5,18.47,running
2025-03-08 03:50:00,M01,212.06,115.85,18.69,running
2025-03-08 03:51:00,M01,212.61,117.86,18.88,running
2025-03-08 03:52:00,M01,212.55,116.78,17.96,running
2025-03-08 03:53:00,M01,213.82,119.13,18.45,running
2025-03-08 03:54:00,M01,213.14,116.08,18.4,running
2025-03-08 03:55:00,M01,213.2,118.84,18.62,running
2025-03-08 03:56:00,M01,212.12,118.62,18.83,running
2025-03-08 03:57:00,M01,211.15,117.85,18.69,running
2025-03-08 03:58:00,M01,211.28,117.0,18.32,running
2025-03-08 03:59:00,M01,211.63,118.42,18.44,running
2025-03-08 04:00:00,M01,212.3,115.33,18.29,running
2025-03-08 04:01:00,M01,212.37,118.92,18.55,running
2025-03-08 04:02:00,M01,211.51,119.05,18.08,running
2025-03-08 04:03:00,M01,211.25,116.65,18.57,running
2025-03-08 04:04:00,M01,211.06,117.63,18.06,running
2025-03-08 04:05:00,M01,211.15,118.01,17.94,running
2025-03-08 04:06:00,M01,211.09,115.75,18.87,running
2025-03-08 04:07:00,M01,210.72,116.76,18.47,running
2025-03-08 04:08:00,M01,210.89,118.81,18.11,running
2025-03-08 04:09:00,M01,210.7,117.39,17.89,running
2025-03-08 04:10:00,M01,210.66,117.14,18.84,running
2025-03-08 04:11:00,M01,210.6,118.47,18.35,running
2025-03-08 04:12:00,M01,210.57,116.37,18.73,running
2025-03-08 04:13:00,M01,211.0,120.49,18.18,running
2025-03-08 04:14:00,M01,211.98,119.04,18.15,running
2025-03-08 04:15:00,M01,211.88,116.81,18.43,running
2025-03-08 04:16:00,M01,211.99,117.63,18.29,running
2025-03-08 04:17:00,M01,212.12,118.99,18.44,running
2025-03-08 04:18:00,M01,212.15,118.75,18.1,running
2025-03-08 04:19:00,M01,212.82,117.56,18.28,running
2025-03-08 04:20:00,M01,212.53,119.17,18.56,running
2025-03-08 04:21:00,M01,212.33,116.7,18.55,running
2025-03-08 04:22:00,M01,211.83,118.35,17.78,running
2025-03-08 04:23:00,M01,210.91,118.89,18.04,running
2025-03-08 04:24:00,M01,210.49,116.94,18.07,running
2025-03-08 04:25:00,M01,210.63,117.7,18.37,running
2025-03-08 04:26:00,M01,210.33,116.26,18.43,running
2025-03-08 04:27:00,M01,210.33,115.9,18.41,running
2025-03-08 04:28:00,M01,211.15,117.25,18.73,running
2025-03-08 04:29:00,M01,211.05,117.6,18.22,running
2025-03-08 04:30:00,M01,210.91,115.24,18.36,running
2025-03-08 04:31:00,M01,210.93,118.64,18.66,running
2025-03-08 04:32:00,M01,211.03,114.94,18.21,running
2025-03-08 04:33:00,M01,211.49,119.15,18.42,running
2025-03-08 04:34:00,M01,213.3,118.93,17.67,running
2025-03-08 04:35:00,M01,213.39,116.81,18.42,running
2025-03-08 04:36:00,M01,213.53,113.94,18.34,running
2025-03-08 04:37:00,M01,213.54,119.44,18.58,running
2025-03-08 04:38:00,M01,214.45,117.99,18.43,running
2025-03-08 04:39:00,M01,213.95,115.36,18.03,running
2025-03-08 04:40:00,M01,214.04,117.31,18.46,running
2025-03-08 04:41:00,M01,213.82,119.12,18.5,running
2025-03-08 04:42:00,M01,214.03,118.07,18.25,running
2025-03-08 04:43:00,M01,212.51,117.11,18.13,running
2025-03-08 04:44:00,M01,211.76,115.01,18.18,running
2025-03-08 04:45:00,M01,212.97,115.28,18.18,running
2025-03-08 04:46:00,M01,212.88,118.77,18.5,running
2025-03-08 04:47:00,M01,212.86,116.42,18.43,running
2025-03-08 04:48:00,M01,212.52,114.76,18.52,running
2025-03-08 04:49:00,M01,212.75,117.78,18.7,running
2025-03-08 04:50:00,M01,212.38,115.29,18.81,running
2025-03-08 04:51:00,M01,213.34,119.41,18.4,running
2025-03-08 04:52:00,M01,214.08,117.98,18.69,running
2025-03-08 04:53:00,M01,213.83,118.16,18.83,running
2025-03-08 04:54:00,M01,213.54,116.1,18.07,running
2025-03-08 04:55:00,M01,212.83,119.26,18.12,running
2025-03-08 04:56:00,M01,213.06,118.68,18.34,running
2025-03-08 04:57:00,M01,212.18,117.41,18.26,running
2025-03-08 04:58:00,M01,211.42,116.34,18.64,running
2025-03-08 04:59:00,M01,212.34,117.0,18.46,running
2025-03-08 05:00:00,M01,212.5,115.77,18.16,running
2025-03-08 05:01:00,M01,212.18,116.81,18.52,running
2025-03-08 05:02:00,M01,211.95,121.04,18.44,running
2025-03-08 05:03:00,M01,211.62,117.17,17.9,running
2025-03-08 05:04:00,M01,211.98,115.21,18.18,running
2025-03-08 05:05:00,M01,211.93,115.69,18.18,running
2025-03-08 05:06:00,M01,211.31,116.86,17.86,running
2025-03-08 05:07:00,M01,211.43,115.76,18.05,running
2025-03-08 05:08:00,M01,211.49,118.1,18.3,running
2025-03-08 05:09:00,M01,212.24,121.25,18.28,running
2025-03-08 05:10:00,M01,212.34,116.29,18.62,running
2025-03-08 05:11:00,M01,213.36,115.81,18.51,running
2025-03-08 05:12:00,M01,211.98,118.59,18.18,running
2025-03-08 05:13:00,M01,212.4,118.07,18.22,running
2025-03-08 05:14:00,M01,212.9,117.97,18.97,running
2025-03-08 05:15:00,M01,212.68,119.62,18.22,running
2025-03-08 05:16:00,M01,213.31,116.71,18.6,running
2025-03-08 05:17:00,M01,212.0,116.98,18.51,running
2025-03-08 05:18:00,M01,212.22,118.35,18.39,running
2025-03-08 05:19:00,M01,213.16,119.6,18.44,running
2025-03-08 05:20:00,M01,213.04,118.4,18.58,running
2025-03-08 05:21:00,M01,212.94,116.1,18.29,running
2025-03-08 05:22:00,M01,213.19,118.09,18.3,running
2025-03-08 05:23:00,M01,213.58,117.42,18.43,running
2025-03-08 05:24:00,M01,213.12,116.63,18.62,running
2025-03-08 05:25:00,M01,213.11,117.97,18.07,running
2025-03-08 05:26:00,M01,213.25,118.0,18.35,running
2025-03-08 05:27:00,M01,213.1,116.4,18.33,running
2025-03-08 05:28:00,M01,212.56,117.79,18.21,running
2025-03-08 05:29:00,M01,213.47,115.05,18.86,running
2025-03-08 05:30:00,M01,212.52,116.51,18.44,running
2025-03-08 05:31:00,M01,213.22,118.46,18.53,running
2025-03-08 05:32:00,M01,214.16,119.76,18.66,running
2025-03-08 05:33:00,M01,213.65,119.48,18.63,running
2025-03-08 05:34:00,M01,213.49,117.8,18.2,running
2025-03-08 05:35:00,M01,212.99,119.56,18.52,running
2025-03-08 05:36:00,M01,213.65,117.08,18.37,running
2025-03-08 05:37:00,M01,214.22,119.12,17.88,running
2025-03-08 05:38:00,M01,212.48,118.02,18.25,running
2025-03-08 05:39:00,M01,212.35,114.77,18.8,running
2025-03-08 05:40:00,M01,212.4,116.89,18.49,running
2025-03-08 05:41:00,M01,212.74,117.17,18.75,running
2025-03-08 05:42:00,M01,213.17,118.44,18.41,running
2025-03-08 05:43:00,M01,213.33,116.91,18.45,running
2025-03-08 05:44:00,M01,212.0,121.46,18.09,running
2025-03-08 05:45:00,M01,211.09,118.84,17.86,running
2025-03-08 05:46:00,M01,211.01,116.86,18.82,running
2025-03-08 05:47:00,M01,210.97,114.37,18.7,running
2025-03-08 05:48:00,M01,209.68,118.88,18.62,running
2025-03-08 05:49:00,M01,210.53,117.63,18.46,running
2025-03-08 05:50:00,M01,210.83,120.61,18.28,running
2025-03-08 05:51:00,M01,210.61,119.48,18.03,running
2025-03-08 05:52:00,M01,210.82,115.3,18.05,running
2025-03-08 05:53:00,M01,210.98,119.0,18.49,running
2025-03-08 05:54:00,M01,211.7,118.61,18.56,running
2025-03-08 05:55:00,M01,211.09,119.01,18.52,running
2025-03-08 05:56:00,M01,211.98,118.27,18.66,running
2025-03-08 05:57:00,M01,211.57,115.51,18.46,running
2025-03-08 05:58:00,M01,211.75,114.82,18.39,running
2025-03-08 05:59:00,M01,210.94,120.7,18.04,running
2025-03-08 06:00:00,M01,212.36,119.92,18.36,running
2025-03-08 06:01:00,M01,,120.2,18.48,running
2025-03-08 06:02:00,M01,213.43,117.8,18.64,running
2025-03-08 06:03:00,M01,213.52,117.27,18.45,running
2025-03-08 06:04:00,M01,214.11,118.23,18.66,running
2025-03-08 06:05:00,M01,213.79,118.62,18.71,running
2025-03-08 06:06:00,M01,214.09,117.58,18.63,running
2025-03-08 06:07:00,M01,213.35,119.25,18.68,running
2025-03-08 06:08:00,M01,213.74,116.66,18.46,running
2025-03-08 06:09:00,M01,214.9,116.32,18.81,running
2025-03-08 06:10:00,M01,214.58,117.15,19.01,running
2025-03-08 06:11:00,M01,214.34,117.97,18.73,running
2025-03-08 06:12:00,M01,214.43,117.83,18.57,running
2025-03-08 06:13:00,M01,213.72,118.07,17.72,running
2025-03-08 06:14:00,M01,212.75,116.88,18.33,running
2025-03-08 06:15:00,M01,213.02,116.91,18.63,running
2025-03-08 06:16:00,M01,212.02,114.72,18.42,running
2025-03-08 06:17:00,M01,211.01,117.84,18.77,running
2025-03-08 06:18:00,M01,211.44,116.9,18.59,running
2025-03-08 06:19:00,M01,212.95,117.67,17.96,running
2025-03-08 06:20:00,M01,212.5,118.59,18.29,running
2025-03-08 06:21:00,M01,212.24,118.23,18.24,running
2025-03-08 06:22:00,M01,213.15,119.56,18.48,running
2025-03-08 06:23:00,M01,211.85,116.77,18.06,running
2025-03-08 06:24:00,M01,210.8,118.49,18.24,running
2025-03-08 06:25:00,M01,211.02,117.9,18.24,running
2025-03-08 06:26:00,M01,211.8,117.3,18.41,running
2025-03-08 06:27:00,M01,212.53,117.46,18.42,running
2025-03-08 06:28:00,M01,212.46,119.61,18.62,running
2025-03-08 06:29:00,M01,212.62,118.69,18.6,running
2025-03-08 06:30:00,M01,212.31,115.8,18.23,running
2025-03-08 06:31:00,M01,212.9,115.25,18.33,running
2025-03-08 06:32:00,M01,212.44,117.18,19.15,running
2025-03-08 06:33:00,M01,213.65,118.69,18.81,running
2025-03-08 06:34:00,M01,213.24,115.6,18.12,running
2025-03-08 06:35:00,M01,213.26,116.02,18.22,running
2025-03-08 06:36:00,M01,212.96,121.7,18.81,running
2025-03-08 06:37:00,M01,213.84,115.61,18.5,running
2025-03-08 06:38:00,M01,212.49,119.37,18.39,running
2025-03-08 06:39:00,M01,212.48,116.79,18.46,running
2025-03-08 06:40:00,M01,212.97,116.94,18.22,running
2025-03-08 06:41:00,M01,212.57,118.45,17.95,running
2025-03-08 06:42:00,M01,212.35,117.32,18.33,running
2025-03-08 06:43:00,M01,213.32,118.61,18.18,running
2025-03-08 06:44:00,M01,213.61,118.66,18.36,running
2025-03-08 06:45:00,M01,213.4,119.45,18.25,running
2025-03-08 06:46:00,M01,213.27,120.54,18.53,running
2025-03-08 06:47:00,M01,214.25,119.79,18.62,running
2025-03-08 06:48:00,M01,214.04,117.32,18.57,running
2025-03-08 06:49:00,M01,214.77,116.56,17.91,running
2025-03-08 06:50:00,M01,214.37,118.66,18.67,running
2025-03-08 06:51:00,M01,214.37,117.23,18.5,running
2025-03-08 06:52:00,M01,214.48,115.98,18.27,running
2025-03-08 06:53:00,M01,214.35,117.25,18.33,running
2025-03-08 06:54:00,M01,213.4,117.97,18.42,running
2025-03-08 06:55:00,M01,211.82,118.08,18.63,running
2025-03-08 06:56:00,M01,212.38,115.6,18.27,running
2025-03-08 06:57:00,M01,212.87,116.86,19.06,running
2025-03-08 06:58:00,M01,214.19,117.09,18.32,running
2025-03-08 06:59:00,M01,213.8,117.15,18.77,running
2025-03-08 07:00:00,M01,214.35,118.98,18.5,running
2025-03-08 07:01:00,M01,214.84,119.22,18.54,running
2025-03-08 07:02:00,M01,215.19,115.63,18.49,running
2025-03-08 07:03:00,M01,214.41,118.82,18.83,running
2025-03-08 07:04:00,M01,213.94,115.28,18.31,running
2025-03-08 07:05:00,M01,213.84,117.9,18.0,running
2025-03-08 07:06:00,M01,215.04,116.32,18.46,running
2025-03-08 07:07:00,M01,214.82,118.24,18.76,running
2025-03-08 07:08:00,M01,214.36,116.05,18.55,running
2025-03-08 07:09:00,M01,214.71,116.64,18.51,running
2025-03-08 07:10:00,M01,214.17,117.68,18.27,running
2025-03-08 07:11:00,M01,213.9,118.31,18.59,running
2025-03-08 07:12:00,M01,213.39,117.04,18.65,running
2025-03-08 07:13:00,M01,213.72,119.12,18.44,running
2025-03-08 07:14:00,M01,213.13,118.23,18.09,running
2025-03-08 07:15:00,M01,213.15,118.61,18.66,running
2025-03-08 07:16:00,M01,213.85,118.35,18.08,running
2025-03-08 07:17:00,M01,214.33,118.0,18.86,running
2025-03-08 07:18:00,M01,213.55,117.39,18.31,running
2025-03-08 07:19:00,M01,212.64,120.16,18.63,running
2025-03-08 07:20:00,M01,212.27,116.79,18.37,running
2025-03-08 07:21:00,M01,212.1,117.37,18.73,running
2025-03-08 07:22:00,M01,213.12,116.99,18.8,running
2025-03-08 07:23:00,M01,213.35,118.38,18.15,running
2025-03-08 07:24:00,M01,214.01,117.46,18.53,running
2025-03-08 07:25:00,M01,214.09,116.58,18.27,running
2025-03-08 07:26:00,M01,214.24,118.21,18.78,running
2025-03-08 07:27:00,M01,214.18,116.33,18.69,running
2025-03-08 07:28:00,M01,214.33,116.84,18.18,running
2025-03-08 07:29:00,M01,214.91,118.13,18.31,running
2025-03-08 07:30:00,M01,214.69,120.61,18.63,running
2025-03-08 07:31:00,M01,214.31,118.38,18.26,running
2025-03-08 07:32:00,M01,214.37,118.79,18.37,running
2025-03-08 07:33:00,M01,214.92,117.01,18.29,running
2025-03-08 07:34:00,M01,213.7,118.81,18.25,running
2025-03-08 07:35:00,M01,213.55,119.51,18.55,running
2025-03-08 07:36:00,M01,213.44,118.19,18.46,running
2025-03-08 07:37:00,M01,215.13,117.14,18.38,running
2025-03-08 07:38:00,M01,215.24,118.71,18.25,running
2025-03-08 07:39:00,M01,214.53,117.5,18.4,running
2025-03-08 07:40:00,M01,215.52,115.6,18.35,running
2025-03-08 07:41:00,M01,215.56,118.6,18.35,running
2025-03-08 07:42:00,M01,215.9,118.53,18.33,running
2025-03-08 07:43:00,M01,215.24,119.23,18.4,running
2025-03-08 07:44:00,M01,214.34,118.99,18.59,running
2025-03-08 07:45:00,M01,213.24,119.06,18.26,running
2025-03-08 07:46:00,M01,213.45,117.5,18.59,running
2025-03-08 07:47:00,M01,213.93,114.9,18.49,running
2025-03-08 07:48:00,M01,214.06,117.09,18.54,running
2025-03-08 07:49:00,M01,214.02,117.56,18.48,running
2025-03-08 07:50:00,M01,214.32,116.66,18.33,running
2025-03-08 07:51:00,M01,214.07,117.13,18.34,running
2025-03-08 07:52:00,M01,214.53,114.62,18.3,running
2025-03-08 07:53:00,M01,213.65,116.41,17.84,running
2025-03-08 07:54:00,M01,213.71,119.69,18.56,running
2025-03-08 07:55:00,M01,214.27,118.5,18.43,running
2025-03-08 07:56:00,M01,214.07,117.26,18.44,running
2025-03-08 07:57:00,M01,214.82,117.39,18.77,running
2025-03-08 07:58:00,M01,215.68,121.02,19.09,running
2025-03-08 07:59:00,M01,216.05,114.8,18.5,running
2025-03-08 08:00:00,M01,215.82,115.4,18.81,running
2025-03-08 08:01:00,M01,215.55,119.07,18.28,running
2025-03-08 08:02:00,M01,215.74,117.32,18.68,running
2025-03-08 08:03:00,M01,215.77,119.6,18.43,running
2025-03-08 08:04:00,M01,215.18,117.78,18.54,running
2025-03-08 08:05:00,M01,215.08,117.83,18.59,running
2025-03-08 08:06:00,M01,215.98,118.42,18.56,running
2025-03-08 08:07:00,M01,216.27,117.24,18.37,running
2025-03-08 08:08:00,M01,215.36,120.2,18.41,running
2025-03-08 08:09:00,M01,215.77,120.75,18.61,running
2025-03-08 08:10:00,M01,215.08,119.29,18.75,running
2025-03-08 08:11:00,M01,216.19,119.66,18.58,running
2025-03-08 08:12:00,M01,215.57,116.99,18.83,running
2025-03-08 08:13:00,M01,215.29,119.7,18.41,running
2025-03-08 08:14:00,M01,215.83,117.65,18.4,running
2025-03-08 08:15:00,M01,216.69,119.16,18.12,running
2025-03-08 08:16:00,M01,216.21,116.46,18.74,running
2025-03-08 08:17:00,M01,214.06,116.71,18.59,running
2025-03-08 08:18:00,M01,212.59,118.4,18.33,running
2025-03-08 08:19:00,M01,213.22,116.18,18.34,running
2025-03-08 08:20:00,M01,213.54,114.45,18.67,running
2025-03-08 08:21:00,M01,213.22,119.42,18.27,running
2025-03-08 08:22:00,M01,212.93,118.88,18.47,running
2025-03-08 08:23:00,M01,213.82,119.31,18.37,running
2025-03-08 08:24:00,M01,213.76,117.66,18.61,running
2025-03-08 08:25:00,M01,212.29,115.68,18.59,running
2025-03-08 08:26:00,M01,212.39,119.68,18.16,running
2025-03-08 08:27:00,M01,213.09,115.87,17.93,running
2025-03-08 08:28:00,M01,213.41,117.23,18.8,running
2025-03-08 08:29:00,M01,214.01,115.89,18.12,running
2025-03-08 08:30:00,M01,214.4,117.76,18.39,running
2025-03-08 08:31:00,M01,215.21,117.56,18.44,running
2025-03-08 08:32:00,M01,214.74,117.39,18.38,running
2025-03-08 08:33:00,M01,214.45,118.93,18.54,running
2025-03-08 08:34:00,M01,214.91,118.56,18.52,running
2025-03-08 08:35:00,M01,215.18,117.85,18.5,running
2025-03-08 08:36:00,M01,216.42,116.87,18.69,running
2025-03-08 08:37:00,M01,216.66,117.58,18.56,running
2025-03-08 08:38:00,M01,216.43,116.19,18.74,running
2025-03-08 08:39:00,M01,216.01,121.53,18.31,running
2025-03-08 08:40:00,M01,215.64,119.29,18.31,running
2025-03-08 08:41:00,M01,216.29,118.94,18.81,running
2025-03-08 08:42:00,M01,216.2,117.17,18.79,running
2025-03-08 08:43:00,M01,216.48,117.97,18.57,running
2025-03-08 08:44:00,M01,215.93,115.41,18.22,running
2025-03-08 08:45:00,M01,215.64,119.09,19.01,running
2025-03-08 08:46:00,M01,215.62,117.89,18.79,running
2025-03-08 08:47:00,M01,214.65,117.27,18.81,running
2025-03-08 08:48:00,M01,214.9,116.07,18.31,running
2025-03-08 08:49:00,M01,214.84,116.98,18.46,running
2025-03-08 08:50:00,M01,215.94,118.63,18.39,running
2025-03-08 08:51:00,M01,216.31,117.18,18.91,running
2025-03-08 08:52:00,M01,216.08,116.55,18.91,running
2025-03-08 08:53:00,M01,216.69,119.8,18.71,running
2025-03-08 08:54:00,M01,216.74,119.67,18.88,running
2025-03-08 08:55:00,M01,216.03,118.04,18.63,running
2025-03-08 08:56:00,M01,215.28,119.4,18.63,running
2025-03-08 08:57:00,M01,215.39,115.6,18.04,running
2025-03-08 08:58:00,M01,215.3,116.85,18.73,running
2025-03-08 08:59:00,M01,214.92,117.46,18.31,running
2025-03-08 09:00:00,M01,215.81,117.04,18.0,running
2025-03-08 09:01:00,M01,216.21,116.2,19.17,running
2025-03-08 09:02:00,M01,215.93,116.15,18.67,running
2025-03-08 09:03:00,M01,214.71,116.49,18.45,running
2025-03-08 09:04:00,M01,214.99,118.57,18.32,running
2025-03-08 09:05:00,M01,214.64,118.75,18.27,running
2025-03-08 09:06:00,M01,215.32,118.71,18.61,running
2025-03-08 09:07:00,M01,214.74,117.18,18.76,running
2025-03-08 09:08:00,M01,214.01,119.0,17.99,running
2025-03-08 09:09:00,M01,214.53,118.16,18.41,running
2025-03-08 09:10:00,M01,214.6,118.17,18.23,running
2025-03-08 09:11:00,M01,215.16,118.65,18.24,running
2025-03-08 09:12:00,M01,215.56,117.09,18.68,running
2025-03-08 09:13:00,M01,215.88,119.46,18.59,running
2025-03-08 09:14:00,M01,216.41,118.69,18.7,running
2025-03-08 09:15:00,M01,216.29,118.78,18.51,running
2025-03-08 09:16:00,M01,216.27,117.77,18.44,running
2025-03-08 09:17:00,M01,216.14,118.24,18.46,running
2025-03-08 09:18:00,M01,215.65,119.33,18.54,running
2025-03-08 09:19:00,M01,214.71,117.94,18.57,running
2025-03-08 09:20:00,M01,214.55,117.41,18.54,running
2025-03-08 09:21:00,M01,214.84,116.59,18.51,running
2025-03-08 09:22:00,M01,214.64,117.04,18.33,running
2025-03-08 09:23:00,M01,215.98,118.1,17.99,running
2025-03-08 09:24:00,M01,215.38,118.4,18.67,running
2025-03-08 09:25:00,M01,216.24,119.07,18.28,running
2025-03-08 09:26:00,M01,215.96,117.81,18.79,running
2025-03-08 09:27:00,M01,215.26,119.64,18.51,running
2025-03-08 09:28:00,M01,215.66,119.49,18.25,running
2025-03-08 09:29:00,M01,215.92,117.52,18.2,running
2025-03-08 09:30:00,M01,215.88,118.48,18.72,running
2025-03-08 09:31:00,M01,215.75,117.46,18.63,running
2025-03-08 09:32:00,M01,215.74,116.54,18.49,running
2025-03-08 09:33:00,M01,215.12,117.84,18.15,running
2025-03-08 09:34:00,M01,215.51,116.49,18.44,running
2025-03-08 09:35:00,M01,215.51,117.99,18.18,running
2025-03-08 09:36:00,M01,216.09,118.17,18.79,running
2025-03-08 09:37:00,M01,216.25,117.33,18.44,running
2025-03-08 09:38:00,M01,216.3,117.19,18.19,running
2025-03-08 09:39:00,M01,216.13,115.95,18.33,running
2025-03-08 09:40:00,M01,215.88,121.07,17.71,running
2025-03-08 09:41:00,M01,215.64,117.67,18.5,running
2025-03-08 09:42:00,M01,216.66,118.44,18.26,running
2025-03-08 09:43:00,M01,217.19,118.49,18.46,running
2025-03-08 09:44:00,M01,217.22,117.09,18.68,running
2025-03-08 09:45:00,M01,216.56,117.07,18.5,running
2025-03-08 09:46:00,M01,216.34,117.9,18.39,running
2025-03-08 09:47:00,M01,216.09,117.77,18.34,running
2025-03-08 09:48:00,M01,215.6,116.25,18.53,running
2025-03-08 09:49:00,M01,216.1,118.94,18.53,running
2025-03-08 09:50:00,M01,216.34,119.95,18.25,running
2025-03-08 09:51:00,M01,216.79,119.03,18.8,running
2025-03-08 09:52:00,M01,216.05,118.73,19.06,running
2025-03-08 09:53:00,M01,215.02,119.02,18.46,running
2025-03-08 09:54:00,M01,215.38,114.37,18.67,running
2025-03-08 09:55:00,M01,214.98,116.11,18.36,running
2025-03-08 09:56:00,M01,214.7,118.84,18.41,running
2025-03-08 09:57:00,M01,214.03,119.82,18.49,running
2025-03-08 09:58:00,M01,214.5,117.36,18.29,running
2025-03-08 09:59:00,M01,214.81,118.17,18.6,running
2025-03-08 10:00:00,M01,215.23,120.14,18.21,running
2025-03-08 10:01:00,M01,215.9,119.55,18.99,running
2025-03-08 10:02:00,M01,215.71,119.24,19.01,running
2025-03-08 10:03:00,M01,215.26,120.84,18.94,running
2025-03-08 10:04:00,M01,215.07,121.29,18.54,running
2025-03-08 10:05:00,M01,215.51,119.94,18.48,running
2025-03-08 10:06:00,M01,215.76,116.38,18.53,running
2025-03-08 10:07:00,M01,215.36,118.4,18.21,running
2025-03-08 10:08:00,M01,215.27,120.06,18.56,running
2025-03-08 10:09:00,M01,215.81,117.39,18.63,running
2025-03-08 10:10:00,M01,216.62,117.27,18.55,running
2025-03-08 10:11:00,M01,216.86,115.33,18.46,running
2025-03-08 10:12:00,M01,216.82,120.86,18.19,running
2025-03-08 10:13:00,M01,215.79,119.94,18.4,running
2025-03-08 10:14:00,M01,215.76,117.48,18.56,running
2025-03-08 10:15:00,M01,214.87,117.75,18.57,running
2025-03-08 10:16:00,M01,214.73,118.58,18.78,running
2025-03-08 10:17:00,M01,215.07,118.07,18.48,running
2025-03-08 10:18:00,M01,215.63,116.28,18.54,running
2025-03-08 10:19:00,M01,215.79,117.05,18.71,running
2025-03-08 10:20:00,M01,215.45,116.69,18.82,running
2025-03-08 10:21:00,M01,216.08,119.62,18.58,running
2025-03-08 10:22:00,M01,216.13,115.41,18.73,running
2025-03-08 10:23:00,M01,215.8,117.83,18.28,running
2025-03-08 10:24:00,M01,216.39,118.71,18.59,running
2025-03-08 10:25:00,M01,215.93,116.81,18.43,running
2025-03-08 10:26:00,M01,217.57,117.74,18.53,running
2025-03-08 10:27:00,M01,217.33,120.09,18.28,running
2025-03-08 10:28:00,M01,217.39,117.37,18.59,running
2025-03-08 10:29:00,M01,217.2,120.25,18.38,running
2025-03-08 10:30:00,M01,216.24,117.03,18.19,running
2025-03-08 10:31:00,M01,215.81,116.07,18.46,running
2025-03-08 10:32:00,M01,216.03,117.15,18.66,running
2025-03-08 10:33:00,M01,216.05,116.6,18.91,running
2025-03-08 10:34:00,M01,215.72,117.01,18.7,running
2025-03-08 10:35:00,M01,216.16,119.26,18.44,running
2025-03-08 10:36:00,M01,217.33,119.69,18.27,running
2025-03-08 10:37:00,M01,217.77,117.8,17.99,running
2025-03-08 10:38:00,M01,216.04,117.86,18.42,running
2025-03-08 10:39:00,M01,215.44,117.17,19.05,running
2025-03-08 10:40:00,M01,216.05,116.83,18.77,running
2025-03-08 10:41:00,M01,215.37,117.95,18.37,running
2025-03-08 10:42:00,M01,215.52,119.33,18.65,running
2025-03-08 10:43:00,M01,215.72,120.12,18.14,running
2025-03-08 10:44:00,M01,215.05,117.39,18.65,running
2025-03-08 10:45:00,M01,216.05,116.68,18.75,running
2025-03-08 10:46:00,M01,215.85,114.78,18.16,running
2025-03-08 10:47:00,M01,216.45,117.38,18.09,running
2025-03-08 10:48:00,M01,216.16,117.11,18.92,running
2025-03-08 10:49:00,M01,216.6,114.94,18.53,running
2025-03-08 10:50:00,M01,217.22,116.42,18.57,running
2025-03-08 10:51:00,M01,216.98,118.29,18.6,running
2025-03-08 10:52:00,M01,217.3,117.82,18.33,running
2025-03-08 10:53:00,M01,217.21,118.31,18.33,running
2025-03-08 10:54:00,M01,218.33,118.92,18.85,running
2025-03-08 10:55:00,M01,218.92,118.35,18.65,running
2025-03-08 10:56:00,M01,219.03,120.28,18.62,running
2025-03-08 10:57:00,M01,219.44,122.22,18.47,running
2025-03-08 10:58:00,M01,218.6,117.83,18.35,running
2025-03-08 10:59:00,M01,218.54,120.06,18.49,running
2025-03-08 11:00:00,M01,218.32,119.69,18.91,running
2025-03-08 11:01:00,M01,218.24,116.11,19.15,running
2025-03-08 11:02:00,M01,218.48,118.75,18.74,running
2025-03-08 11:03:00,M01,217.46,118.86,18.51,running
2025-03-08 11:04:00,M01,216.98,116.83,18.03,running
2025-03-08 11:05:00,M01,217.08,117.71,18.53,running
2025-03-08 11:06:00,M01,216.9,119.46,18.64,running
2025-03-08 11:07:00,M01,215.72,119.54,18.42,running
2025-03-08 11:08:00,M01,216.04,119.55,18.3,running
2025-03-08 11:09:00,M01,216.41,119.33,18.62,running
2025-03-08 11:10:00,M01,217.2,119.22,18.56,running
2025-03-08 11:11:00,M01,216.53,116.0,18.95,running
2025-03-08 11:12:00,M01,215.79,120.08,18.68,running
2025-03-08 11:13:00,M01,216.4,118.13,18.37,running
2025-03-08 11:14:00,M01,217.07,119.89,18.67,running
2025-03-08 11:15:00,M01,217.03,118.64,18.77,running
2025-03-08 11:16:00,M01,217.28,117.91,18.31,running
2025-03-08 11:17:00,M01,217.62,118.24,18.41,running
2025-03-08 11:18:00,M01,218.17,117.71,18.94,running
2025-03-08 11:19:00,M01,217.7,118.03,18.53,running
2025-03-08 11:20:00,M01,218.48,118.26,18.67,running
2025-03-08 11:21:00,M01,217.35,120.45,18.3,running
2025-03-08 11:22:00,M01,217.26,116.5,19.2,running
2025-03-08 11:23:00,M01,217.01,119.69,18.93,running
2025-03-08 11:24:00,M01,218.17,118.0,18.73,running
2025-03-08 11:25:00,M01,218.27,117.51,18.83,running
2025-03-08 11:26:00,M01,218.92,118.77,18.98,running
2025-03-08 11:27:00,M01,217.68,117.67,18.67,running
2025-03-08 11:28:00,M01,217.12,118.32,18.28,running
2025-03-08 11:29:00,M01,216.52,119.77,18.67,running
2025-03-08 11:30:00,M01,217.45,117.58,18.83,running
2025-03-08 11:31:00,M01,216.87,118.4,18.52,running
2025-03-08 11:32:00,M01,216.92,118.83,18.42,running
2025-03-08 11:33:00,M01,216.5,116.87,18.3,running
2025-03-08 11:34:00,M01,217.01,120.48,18.55,running
2025-03-08 11:35:00,M01,216.9,118.79,18.94,running
2025-03-08 11:36:00,M01,217.04,117.79,19.05,running
2025-03-08 11:37:00,M01,217.36,118.24,18.84,running
2025-03-08 11:38:00,M01,216.77,120.57,18.46,running
2025-03-08 11:39:00,M01,216.47,117.21,18.59,running
2025-03-08 11:40:00,M01,216.61,116.25,18.58,running
2025-03-08 11:41:00,M01,216.61,116.81,18.34,running
2025-03-08 11:42:00,M01,217.09,118.33,18.62,running
2025-03-08 11:43:00,M01,217.2,118.39,18.84,running
2025-03-08 11:44:00,M01,216.63,117.28,18.71,running
2025-03-08 11:45:00,M01,216.67,117.41,18.9,running
2025-03-08 11:46:00,M01,217.01,116.36,18.73,running
2025-03-08 11:47:00,M01,217.74,115.7,18.66,running
2025-03-08 11:48:00,M01,217.61,116.87,18.57,running
2025-03-08 11:49:00,M01,217.17,118.19,18.65,running
2025-03-08 11:50:00,M01,217.33,118.68,18.93,running
2025-03-08 11:51:00,M01,217.95,117.24,18.39,running
2025-03-08 11:52:00,M01,217.84,118.63,18.57,running
2025-03-08 11:53:00,M01,216.38,122.9,19.02,running
2025-03-08 11:54:00,M01,216.49,119.45,18.81,running
2025-03-08 11:55:00,M01,217.04,119.18,18.48,running
2025-03-08 11:56:00,M01,217.5,120.96,18.39,running
2025-03-08 11:57:00,M01,217.79,118.84,18.89,running
2025-03-08 11:58:00,M01,218.61,120.74,18.65,running
2025-03-08 11:59:00,M01,217.68,118.34,18.61,running
2025-03-08 12:00:00,M01,217.17,116.34,18.69,running
2025-03-08 12:01:00,M01,217.11,118.69,18.6,running
2025-03-08 12:02:00,M01,217.06,117.68,18.92,running
2025-03-08 12:03:00,M01,217.39,116.17,18.34,running
2025-03-08 12:04:00,M01,217.43,119.66,18.61,running
2025-03-08 12:05:00,M01,217.91,117.29,18.24,running
2025-03-08 12:06:00,M01,218.18,118.5,18.49,running
2025-03-08 12:07:00,M01,218.55,117.48,18.46,running
2025-03-08 12:08:00,M01,217.0,119.18,18.66,running
2025-03-08 12:09:00,M01,217.98,120.45,18.36,running
2025-03-08 12:10:00,M01,218.7,118.28,18.56,running
2025-03-08 12:11:00,M01,218.67,120.37,18.43,running
2025-03-08 12:12:00,M01,218.99,117.88,18.64,running
2025-03-08 12:13:00,M01,218.52,118.68,17.95,running
2025-03-08 12:14:00,M01,219.11,119.75,18.49,running
2025-03-08 12:15:00,M01,218.22,124.34,18.0,running
2025-03-08 12:16:00,M01,218.42,117.92,18.83,running
2025-03-08 12:17:00,M01,218.5,118.9,19.14,running
2025-03-08 12:18:00,M01,219.19,119.46,18.87,running
2025-03-08 12:19:00,M01,218.48,122.48,18.45,running
2025-03-08 12:20:00,M01,217.87,117.78,18.38,running
2025-03-08 12:21:00,M01,217.58,121.2,18.87,running
2025-03-08 12:22:00,M01,218.33,119.86,18.74,running
2025-03-08 12:23:00,M01,217.54,119.28,18.73,running
2025-03-08 12:24:00,M01,217.21,119.4,18.29,running
2025-03-08 12:25:00,M01,217.46,119.49,18.97,running
2025-03-08 12:26:00,M01,217.1,119.9,18.82,running
2025-03-08 12:27:00,M01,217.08,118.34,18.77,running
2025-03-08 12:28:00,M01,217.04,116.74,18.53,running
2025-03-08 12:29:00,M01,217.48,116.77,18.59,running
2025-03-08 12:30:00,M01,217.54,118.18,18.65,running
2025-03-08 12:31:00,M01,218.29,118.79,18.53,running
2025-03-08 12:32:00,M01,218.63,118.11,18.77,running
2025-03-08 12:33:00,M01,219.29,120.33,18.58,running
2025-03-08 12:34:00,M01,219.27,119.33,18.4,running
2025-03-08 12:35:00,M01,219.4,115.5,18.89,running
2025-03-08 12:36:00,M01,218.68,119.2,18.78,running
2025-03-08 12:37:00,M01,217.45,116.23,18.72,running
2025-03-08 12:38:00,M01,218.63,120.35,18.84,running
2025-03-08 12:39:00,M01,219.12,118.81,18.56,running
2025-03-08 12:40:00,M01,218.33,117.09,18.89,running
2025-03-08 12:41:00,M01,218.92,117.87,19.0,running
2025-03-08 12:42:00,M01,217.81,117.71,19.05,running
2025-03-08 12:43:00,M01,218.04,119.64,18.83,running
2025-03-08 12:44:00,M01,217.63,116.37,18.49,running
2025-03-08 12:45:00,M01,217.81,118.88,19.34,running
2025-03-08 12:46:00,M01,217.77,113.44,18.08,running
2025-03-08 12:47:00,M01,217.66,118.5,18.62,running
2025-03-08 12:48:00,M01,216.23,116.97,18.36,running
2025-03-08 12:49:00,M01,216.22,117.92,18.56,running
2025-03-08 12:50:00,M01,216.34,118.69,18.72,running
2025-03-08 12:51:00,M01,217.13,118.58,18.69,running
2025-03-08 12:52:00,M01,217.37,117.71,18.24,running
2025-03-08 12:53:00,M01,217.77,117.98,18.78,running
2025-03-08 12:54:00,M01,217.62,116.44,18.4,running
2025-03-08 12:55:00,M01,217.46,118.07,18.65,running
2025-03-08 12:56:00,M01,216.62,119.15,18.68,running
2025-03-08 12:57:00,M01,216.95,119.43,18.37,running
2025-03-08 12:58:00,M01,216.95,118.16,18.04,running
2025-03-08 12:59:00,M01,216.97,117.1,18.11,running
2025-03-08 13:00:00,M01,216.99,119.84,18.26,running
2025-03-08 13:01:00,M01,217.49,119.21,18.37,running
2025-03-08 13:02:00,M01,218.15,116.37,18.49,running
2025-03-08 13:03:00,M01,218.94,119.19,18.6,running
2025-03-08 13:04:00,M01,218.17,119.25,18.41,running
2025-03-08 13:05:00,M01,218.59,118.1,18.33,running
2025-03-08 13:06:00,M01,218.32,120.53,18.34,running
2025-03-08 13:07:00,M01,218.59,118.83,18.63,running
2025-03-08 13:08:00,M01,218.09,119.7,18.44,running
2025-03-08 13:09:00,M01,217.69,116.91,18.55,running
2025-03-08 13:10:00,M01,217.97,118.87,18.34,running
2025-03-08 13:11:00,M01,218.22,121.85,18.62,running
2025-03-08 13:12:00,M01,218.43,117.16,18.6,running
2025-03-08 13:13:00,M01,218.23,117.17,18.7,running
2025-03-08 13:14:00,M01,218.72,116.54,18.12,running
2025-03-08 13:15:00,M01,218.11,119.51,18.45,running
2025-03-08 13:16:00,M01,218.6,118.26,18.74,running
2025-03-08 13:17:00,M01,218.46,121.2,18.6,running
2025-03-08 13:18:00,M01,217.52,118.34,18.68,running
2025-03-08 13:19:00,M01,217.68,118.5,18.65,running
2025-03-08 13:20:00,M01,217.08,118.88,18.14,running
2025-03-08 13:21:00,M01,217.02,117.32,18.59,running
2025-03-08 13:22:00,M01,217.63,117.3,18.52,running
2025-03-08 13:23:00,M01,218.28,120.07,18.58,running
2025-03-08 13:24:00,M01,217.86,117.37,18.31,running
2025-03-08 13:25:00,M01,218.31,120.61,18.21,running
2025-03-08 13:26:00,M01,217.46,115.59,18.31,running
2025-03-08 13:27:00,M01,218.58,117.4,18.6,running
2025-03-08 13:28:00,M01,219.33,118.93,18.4,running
2025-03-08 13:29:00,M01,219.29,116.78,18.71,running
2025-03-08 13:30:00,M01,218.4,118.56,18.08,running
2025-03-08 13:31:00,M01,219.1,118.1,18.73,running
2025-03-08 13:32:00,M01,218.25,120.08,18.22,running
2025-03-08 13:33:00,M01,219.09,119.79,18.65,running
2025-03-08 13:34:00,M01,219.41,117.25,18.59,running
2025-03-08 13:35:00,M01,219.89,120.74,18.62,running
2025-03-08 13:36:00,M01,219.58,120.25,18.4,running
2025-03-08 13:37:00,M01,220.2,119.31,18.69,running
2025-03-08 13:38:00,M01,219.67,116.83,18.29,running
2025-03-08 13:39:00,M01,220.31,117.4,18.69,running
2025-03-08 13:40:00,M01,218.79,119.28,18.53,running
2025-03-08 13:41:00,M01,218.56,121.44,18.42,running
2025-03-08 13:42:00,M01,219.64,119.41,18.31,running
2025-03-08 13:43:00,M01,219.15,117.57,18.89,running
2025-03-08 13:44:00,M01,218.68,120.38,19.12,running
2025-03-08 13:45:00,M01,217.42,118.44,18.35,running
2025-03-08 13:46:00,M01,217.39,117.04,18.69,running
2025-03-08 13:47:00,M01,217.89,116.04,18.56,running
2025-03-08 13:48:00,M01,217.36,118.47,18.52,running
2025-03-08 13:49:00,M01,217.92,117.82,18.45,running
2025-03-08 13:50:00,M01,217.09,119.56,18.66,running
2025-03-08 13:51:00,M01,217.48,117.06,18.42,running
2025-03-08 13:52:00,M01,218.08,118.39,18.56,running
2025-03-08 13:53:00,M01,219.11,116.9,18.47,running
2025-03-08 13:54:00,M01,218.04,117.65,18.81,running
2025-03-08 13:55:00,M01,218.2,118.85,18.36,running
2025-03-08 13:56:00,M01,218.55,119.36,18.54,running
2025-03-08 13:57:00,M01,218.1,115.67,18.78,running
2025-03-08 13:58:00,M01,218.68,117.5,18.95,running
2025-03-08 13:59:00,M01,219.05,117.33,18.62,running
2025-03-08 14:00:00,M01,219.7,120.25,18.15,running
2025-03-08 14:01:00,M01,219.33,119.23,18.31,running
2025-03-08 14:02:00,M01,219.04,119.48,18.7,running
2025-03-08 14:03:00,M01,219.48,119.63,18.57,running
2025-03-08 14:04:00,M01,218.88,121.53,18.26,running
2025-03-08 14:05:00,M01,218.23,119.3,18.36,running
2025-03-08 14:06:00,M01,218.65,119.27,18.74,running
2025-03-08 14:07:00,M01,217.52,119.11,18.73,running
2025-03-08 14:08:00,M01,,120.4,18.54,running
2025-03-08 14:09:00,M01,219.35,118.49,19.02,running
2025-03-08 14:10:00,M01,219.06,117.22,18.42,running
2025-03-08 14:11:00,M01,218.61,118.44,19.15,running
2025-03-08 14:12:00,M01,219.03,119.93,18.96,running
2025-03-08 14:13:00,M01,220.0,121.76,18.48,running
2025-03-08 14:14:00,M01,218.5,117.49,18.74,running
2025-03-08 14:15:00,M01,217.7,118.26,18.61,running
2025-03-08 14:16:00,M01,218.06,119.28,18.56,running
2025-03-08 14:17:00,M01,218.35,116.58,18.61,running
2025-03-08 14:18:00,M01,218.49,118.89,18.38,running
2025-03-08 14:19:00,M01,218.59,119.08,18.95,running
2025-03-08 14:20:00,M01,219.31,117.55,18.59,running
2025-03-08 14:21:00,M01,218.44,120.18,18.68,running
2025-03-08 14:22:00,M01,218.02,114.75,18.74,running
2025-03-08 14:23:00,M01,219.01,119.37,18.31,running
2025-03-08 14:24:00,M01,219.73,119.77,18.56,running
2025-03-08 14:25:00,M01,220.68,118.42,18.75,running
2025-03-08 14:26:00,M01,220.67,118.47,18.61,running
2025-03-08 14:27:00,M01,221.34,121.53,18.76,running
2025-03-08 14:28:00,M01,220.27,118.47,19.02,running
2025-03-08 14:29:00,M01,219.31,118.8,18.45,running
2025-03-08 14:30:00,M01,219.66,118.66,18.24,running
2025-03-08 14:31:00,M01,218.17,118.65,18.49,running
2025-03-08 14:32:00,M01,219.47,121.0,18.66,running
2025-03-08 14:33:00,M01,219.15,118.83,18.63,running
2025-03-08 14:34:00,M01,219.79,120.59,18.54,running
2025-03-08 14:35:00,M01,219.15,117.01,18.47,running
2025-03-08 14:36:00,M01,219.47,117.42,19.03,running
2025-03-08 14:37:00,M01,219.31,118.64,18.26,running
2025-03-08 14:38:00,M01,219.32,117.74,18.58,running
2025-03-08 14:39:00,M01,219.84,119.77,18.74,running
2025-03-08 14:40:00,M01,220.28,121.13,18.28,running
2025-03-08 14:41:00,M01,220.0,119.32,18.5,running
2025-03-08 14:42:00,M01,220.61,121.11,18.76,running
2025-03-08 14:43:00,M01,219.76,119.25,18.75,running
2025-03-08 14:44:00,M01,218.49,119.52,18.8,running
2025-03-08 14:45:00,M01,218.26,121.55,18.62,running
2025-03-08 14:46:00,M01,218.99,120.02,18.46,running
2025-03-08 14:47:00,M01,219.23,118.17,18.67,running
2025-03-08 14:48:00,M01,219.83,117.92,18.78,running
2025-03-08 14:49:00,M01,219.42,118.97,18.39,running
2025-03-08 14:50:00,M01,218.6,115.1,18.62,running
2025-03-08 14:51:00,M01,217.69,118.12,18.57,running
2025-03-08 14:52:00,M01,217.26,118.39,18.97,running
2025-03-08 14:53:00,M01,216.74,116.93,18.66,running
2025-03-08 14:54:00,M01,216.29,118.8,18.77,running
2025-03-08 14:55:00,M01,217.17,119.25,18.95,running
2025-03-08 14:56:00,M01,217.26,119.29,18.44,running
2025-03-08 14:57:00,M01,217.44,119.0,18.5,running
2025-03-08 14:58:00,M01,217.8,116.45,18.78,running
2025-03-08 14:59:00,M01,218.24,119.19,18.64,running
2025-03-08 15:00:00,M01,218.4,115.63,18.53,running
2025-03-08 15:01:00,M01,218.88,116.88,18.32,running
2025-03-08 15:02:00,M01,219.53,118.48,18.74,running
2025-03-08 15:03:00,M01,219.76,119.04,18.54,running
2025-03-08 15:04:00,M01,219.47,118.08,18.74,running
2025-03-08 15:05:00,M01,219.2,119.61,18.78,running
2025-03-08 15:06:00,M01,217.98,120.13,18.9,running
2025-03-08 15:07:00,M01,218.77,118.53,18.74,running
2025-03-08 15:08:00,M01,218.19,120.09,18.99,running
2025-03-08 15:09:00,M01,218.22,119.54,18.59,running
2025-03-08 15:10:00,M01,218.43,118.19,18.17,running
2025-03-08 15:11:00,M01,218.16,118.23,18.72,running
2025-03-08 15:12:00,M01,217.74,115.59,18.5,running
2025-03-08 15:13:00,M01,217.3,118.7,18.92,running
2025-03-08 15:14:00,M01,217.88,116.71,18.6,running
2025-03-08 15:15:00,M01,217.85,119.77,18.81,running
2025-03-08 15:16:00,M01,219.71,118.24,18.96,running
2025-03-08 15:17:00,M01,218.78,117.27,18.4,running
2025-03-08 15:18:00,M01,217.97,118.62,18.31,running
2025-03-08 15:19:00,M01,217.51,119.36,18.22,running
2025-03-08 15:20:00,M01,217.31,118.95,18.61,running
2025-03-08 15:21:00,M01,217.0,119.57,18.77,running
2025-03-08 15:22:00,M01,217.65,118.52,18.8,running
2025-03-08 15:23:00,M01,218.67,118.41,18.62,running
2025-03-08 15:24:00,M01,217.98,118.22,18.33,running
2025-03-08 15:25:00,M01,218.13,118.89,19.26,running
2025-03-08 15:26:00,M01,217.81,118.78,18.74,running
2025-03-08 15:27:00,M01,217.81,118.35,18.38,running
2025-03-08 15:28:00,M01,219.04,120.68,18.99,running
2025-03-08 15:29:00,M01,219.24,118.66,18.68,running
2025-03-08 15:30:00,M01,218.78,116.79,18.71,running
2025-03-08 15:31:00,M01,219.84,116.56,18.45,running
2025-03-08 15:32:00,M01,220.45,119.22,18.3,running
2025-03-08 15:33:00,M01,219.34,119.26,18.95,running
2025-03-08 15:34:00,M01,219.37,116.59,19.17,running
2025-03-08 15:35:00,M01,218.82,119.83,18.21,running
2025-03-08 15:36:00,M01,218.45,120.08,18.15,running
2025-03-08 15:37:00,M01,218.5,119.04,18.39,running
2025-03-08 15:38:00,M01,218.83,118.51,18.53,running
2025-03-08 15:39:00,M01,218.62,118.19,18.71,running
2025-03-08 15:40:00,M01,218.12,121.48,18.57,running
2025-03-08 15:41:00,M01,218.91,119.63,18.59,running
2025-03-08 15:42:00,M01,219.1,116.5,18.34,running
2025-03-08 15:43:00,M01,218.55,118.33,18.96,running
2025-03-08 15:44:00,M01,219.21,119.35,18.51,running
2025-03-08 15:45:00,M01,219.19,116.53,18.66,running
2025-03-08 15:46:00,M01,218.47,118.49,18.25,running
2025-03-08 15:47:00,M01,219.1,117.07,18.61,running
2025-03-08 15:48:00,M01,218.58,121.56,18.3,running
2025-03-08 15:49:00,M01,220.31,118.43,18.79,running
2025-03-08 15:50:00,M01,220.26,118.15,18.42,running
2025-03-08 15:51:00,M01,221.23,119.39,18.55,running
2025-03-08 15:52:00,M01,219.97,120.99,18.53,running
2025-03-08 15:53:00,M01,219.54,119.54,18.87,running
2025-03-08 15:54:00,M01,219.44,116.24,18.0,running
2025-03-08 15:55:00,M01,218.18,116.85,18.61,running
2025-03-08 15:56:00,M01,217.98,120.1,18.21,running
2025-03-08 15:57:00,M01,217.76,117.66,18.38,running
2025-03-08 15:58:00,M01,217.85,121.15,18.69,running
2025-03-08 15:59:00,M01,217.06,118.22,18.66,running
2025-03-08 16:00:00,M01,217.35,121.03,18.4,running
2025-03-08 16:01:00,M01,217.48,116.84,18.67,running
2025-03-08 16:02:00,M01,217.46,117.16,18.39,running
2025-03-08 16:03:00,M01,218.02,118.21,18.39,running
2025-03-08 16:04:00,M01,217.88,118.34,19.15,running
2025-03-08 16:05:00,M01,219.18,117.26,18.34,running
2025-03-08 16:06:00,M01,219.19,118.28,18.87,running
2025-03-08 16:07:00,M01,219.71,117.67,18.79,running
2025-03-08 16:08:00,M01,219.48,118.64,18.27,running
2025-03-08 16:09:00,M01,219.01,120.02,18.44,running
2025-03-08 16:10:00,M01,218.89,120.02,18.65,running
2025-03-08 16:11:00,M01,217.91,118.14,18.58,running
2025-03-08 16:12:00,M01,218.5,119.82,18.64,running
2025-03-08 16:13:00,M01,218.45,118.86,18.67,running
2025-03-08 16:14:00,M01,218.37,118.63,18.83,running
2025-03-08 16:15:00,M01,218.44,119.17,18.85,running
2025-03-08 16:16:00,M01,218.04,120.12,19.13,running
2025-03-08 16:17:00,M01,217.26,118.65,18.66,running
2025-03-08 16:18:00,M01,217.56,118.27,18.62,running
2025-03-08 16:19:00,M01,216.96,114.76,18.37,running
2025-03-08 16:20:00,M01,216.44,120.11,18.55,running
2025-03-08 16:21:00,M01,216.61,116.37,18.7,running
2025-03-08 16:22:00,M01,217.8,119.12,18.45,running
2025-03-08 16:23:00,M01,217.62,119.4,18.48,running
2025-03-08 16:24:00,M01,218.41,118.55,18.7,running
2025-03-08 16:25:00,M01,219.02,117.2,18.1,running
2025-03-08 16:26:00,M01,218.51,119.5,18.04,running
2025-03-08 16:27:00,M01,218.38,118.84,18.79,running
2025-03-08 16:28:00,M01,219.11,118.93,18.99,running
2025-03-08 16:29:00,M01,218.81,120.39,18.29,running
2025-03-08 16:30:00,M01,218.52,120.34,18.62,running
2025-03-08 16:31:00,M01,217.26,120.05,18.7,running
2025-03-08 16:32:00,M01,218.19,119.89,18.83,running
2025-03-08 16:33:00,M01,218.01,116.97,18.23,running
2025-03-08 16:34:00,M01,218.36,119.85,18.33,running
2025-03-08 16:35:00,M01,217.76,118.0,18.35,running
2025-03-08 16:36:00,M01,217.34,117.28,18.43,running
2025-03-08 16:37:00,M01,218.16,118.23,18.85,running
2025-03-08 16:38:00,M01,218.82,117.09,18.58,running
2025-03-08 16:39:00,M01,218.92,118.61,18.75,running
2025-03-08 16:40:00,M01,218.25,116.72,18.51,running
2025-03-08 16:41:00,M01,219.56,122.38,18.25,running
2025-03-08 16:42:00,M01,219.6,118.83,18.27,running
2025-03-08 16:43:00,M01,219.92,116.94,18.31,running
2025-03-08 16:44:00,M01,219.07,117.86,18.32,running
2025-03-08 16:45:00,M01,219.28,121.38,18.25,running
2025-03-08 16:46:00,M01,220.23,119.0,18.99,running
2025-03-08 16:47:00,M01,219.82,117.72,18.74,running
2025-03-08 16:48:00,M01,219.38,120.32,18.66,running
2025-03-08 16:49:00,M01,218.25,119.61,18.87,running
2025-03-08 16:50:00,M01,216.98,120.66,18.66,running
2025-03-08 16:51:00,M01,217.12,118.19,18.35,running
2025-03-08 16:52:00,M01,218.06,119.9,18.9,running
2025-03-08 16:53:00,M01,217.78,118.09,18.39,running
2025-03-08 16:54:00,M01,217.86,117.53,18.8,running
2025-03-08 16:55:00,M01,217.11,119.35,18.96,running
2025-03-08 16:56:00,M01,217.57,119.54,18.45,running
2025-03-08 16:57:00,M01,218.62,120.89,18.17,running
2025-03-08 16:58:00,M01,218.42,116.75,18.26,running
2025-03-08 16:59:00,M01,218.64,119.24,18.5,running
2025-03-08 17:00:00,M01,218.26,116.12,19.06,running
2025-03-08 17:01:00,M01,217.79,118.69,18.58,running
2025-03-08 17:02:00,M01,217.97,117.3,18.82,running
2025-03-08 17:03:00,M01,217.16,118.74,18.66,running
2025-03-08 17:04:00,M01,217.84,118.14,18.86,running
2025-03-08 17:05:00,M01,217.29,119.24,18.38,running
2025-03-08 17:06:00,M01,216.69,119.48,18.53,running
2025-03-08 17:07:00,M01,217.37,118.21,18.96,running
2025-03-08 17:08:00,M01,217.93,117.9,18.45,running
2025-03-08 17:09:00,M01,218.78,117.12,19.06,running
2025-03-08 17:10:00,M01,217.96,119.56,18.7,running
2025-03-08 17:11:00,M01,216.82,118.35,18.86,running
2025-03-08 17:12:00,M01,217.17,119.15,18.57,running
2025-03-08 17:13:00,M01,217.78,118.89,18.52,running
2025-03-08 17:14:00,M01,218.57,115.94,18.21,running
2025-03-08 17:15:00,M01,218.48,116.13,18.57,running
2025-03-08 17:16:00,M01,218.09,119.47,18.58,running
2025-03-08 17:17:00,M01,218.05,117.39,18.95,running
2025-03-08 17:18:00,M01,217.49,118.66,18.73,running
2025-03-08 17:19:00,M01,216.58,116.07,18.89,running
2025-03-08 17:20:00,M01,217.36,118.46,18.4,running
2025-03-08 17:21:00,M01,217.8,119.77,18.72,running
2025-03-08 17:22:00,M01,217.62,118.23,19.16,running
2025-03-08 17:23:00,M01,219.44,119.41,18.64,running
2025-03-08 17:24:00,M01,219.27,117.6,18.93,running
2025-03-08 17:25:00,M01,219.43,119.73,18.54,running
2025-03-08 17:26:00,M01,218.13,117.89,18.57,running
2025-03-08 17:27:00,M01,218.7,117.99,18.27,running
2025-03-08 17:28:00,M01,217.88,119.93,18.17,running
2025-03-08 17:29:00,M01,217.31,119.89,18.22,running
2025-03-08 17:30:00,M01,217.06,118.5,18.81,running
2025-03-08 17:31:00,M01,217.51,117.85,18.41,running
2025-03-08 17:32:00,M01,217.8,117.38,18.63,running
2025-03-08 17:33:00,M01,217.05,117.72,18.37,running
2025-03-08 17:34:00,M01,217.11,118.09,18.38,running
2025-03-08 17:35:00,M01,217.13,115.58,19.0,running
2025-03-08 17:36:00,M01,217.65,117.66,18.39,running
2025-03-08 17:37:00,M01,217.04,118.25,18.3,running
2025-03-08 17:38:00,M01,217.23,120.71,18.6,running
2025-03-08 17:39:00,M01,217.47,115.31,18.37,running
2025-03-08 17:40:00,M01,215.91,118.12,18.54,running
2025-03-08 17:41:00,M01,215.64,118.33,18.13,running
2025-03-08 17:42:00,M01,217.16,116.06,18.57,running
2025-03-08 17:43:00,M01,216.53,119.6,18.96,running
2025-03-08 17:44:00,M01,216.34,119.48,18.3,running
2025-03-08 17:45:00,M01,216.66,116.66,18.65,running
2025-03-08 17:46:00,M01,216.73,119.57,18.58,running
2025-03-08 17:47:00,M01,218.04,120.96,18.04,running
2025-03-08 17:48:00,M01,218.92,119.25,18.93,running
2025-03-08 17:49:00,M01,219.46,121.29,18.52,running
2025-03-08 17:50:00,M01,218.38,117.64,18.88,running
2025-03-08 17:51:00,M01,218.27,117.97,18.62,running
2025-03-08 17:52:00,M01,217.97,117.07,18.74,running
2025-03-08 17:53:00,M01,218.06,118.82,18.8,running
2025-03-08 17:54:00,M01,218.54,119.02,18.78,running
2025-03-08 17:55:00,M01,218.65,120.09,18.73,running
2025-03-08 17:56:00,M01,218.38,118.47,18.91,running
2025-03-08 17:57:00,M01,217.31,116.57,18.89,running
2025-03-08 17:58:00,M01,217.67,116.29,18.81,running
2025-03-08 17:59:00,M01,218.93,117.14,18.39,running
2025-03-08 18:00:00,M01,218.87,117.53,18.57,running
2025-03-08 18:01:00,M01,217.51,116.21,18.71,running
2025-03-08 18:02:00,M01,217.48,118.9,18.46,running
2025-03-08 18:03:00,M01,217.79,118.14,18.74,running
2025-03-08 18:04:00,M01,218.27,120.72,18.85,running
2025-03-08 18:05:00,M01,217.98,120.08,18.34,running
2025-03-08 18:06:00,M01,218.09,119.82,18.18,running
2025-03-08 18:07:00,M01,217.52,118.99,18.84,running
2025-03-08 18:08:00,M01,218.53,120.26,18.61,running
2025-03-08 18:09:00,M01,218.55,119.59,18.61,running
2025-03-08 18:10:00,M01,218.01,118.33,18.26,running
2025-03-08 18:11:00,M01,217.97,117.98,18.69,running
2025-03-08 18:12:00,M01,218.03,116.04,18.45,running
2025-03-08 18:13:00,M01,218.07,119.33,18.34,running
2025-03-08 18:14:00,M01,218.57,118.28,18.68,running
2025-03-08 18:15:00,M01,218.14,119.72,18.84,running
2025-03-08 18:16:00,M01,219.21,120.32,18.45,running
2025-03-08 18:17:00,M01,219.43,117.44,19.02,running
2025-03-08 18:18:00,M01,218.59,120.8,18.32,running
2025-03-08 18:19:00,M01,218.22,119.54,18.6,running
2025-03-08 18:20:00,M01,218.3,120.95,18.61,running
2025-03-08 18:21:00,M01,218.71,118.64,18.51,running
2025-03-08 18:22:00,M01,219.33,118.86,18.65,running
2025-03-08 18:23:00,M01,218.91,120.23,18.83,running
2025-03-08 18:24:00,M01,218.94,118.45,18.2,running
2025-03-08 18:25:00,M01,218.49,119.8,18.52,running
2025-03-08 18:26:00,M01,218.44,119.12,18.65,running
2025-03-08 18:27:00,M01,217.71,118.61,18.49,running
2025-03-08 18:28:00,M01,218.61,118.66,18.6,running
2025-03-08 18:29:00,M01,217.68,121.38,18.25,running
2025-03-08 18:30:00,M01,217.14,118.34,18.19,running
2025-03-08 18:31:00,M01,217.21,117.45,18.75,running
2025-03-08 18:32:00,M01,216.96,117.88,18.62,running
2025-03-08 18:33:00,M01,217.42,118.22,18.62,running
2025-03-08 18:34:00,M01,217.67,118.21,18.63,running
2025-03-08 18:35:00,M01,216.93,118.66,18.6,running
2025-03-08 18:36:00,M01,216.8,118.02,18.68,running
2025-03-08 18:37:00,M01,217.33,114.91,18.09,running
2025-03-08 18:38:00,M01,217.53,119.71,18.69,running
2025-03-08 18:39:00,M01,217.7,120.47,18.6,running
2025-03-08 18:40:00,M01,217.49,120.34,18.48,running
2025-03-08 18:41:00,M01,217.78,117.53,18.78,running
2025-03-08 18:42:00,M01,218.46,119.84,18.59,running
2025-03-08 18:43:00,M01,217.22,116.7,18.65,running
2025-03-08 18:44:00,M01,216.34,117.75,18.65,running
2025-03-08 18:45:00,M01,216.14,121.21,18.58,running
2025-03-08 18:46:00,M01,216.19,118.86,18.15,running
2025-03-08 18:47:00,M01,216.39,119.1,18.32,running
2025-03-08 18:48:00,M01,215.55,118.56,18.67,running
2025-03-08 18:49:00,M01,214.25,118.98,18.71,running
2025-03-08 18:50:00,M01,214.29,119.17,18.26,running
2025-03-08 18:51:00,M01,214.78,117.21,18.24,running
2025-03-08 18:52:00,M01,215.53,117.37,18.29,running
2025-03-08 18:53:00,M01,215.78,118.63,18.85,running
2025-03-08 18:54:00,M01,216.19,117.25,18.76,running
2025-03-08 18:55:00,M01,216.77,118.43,18.65,running
2025-03-08 18:56:00,M01,217.03,118.67,18.69,running
2025-03-08 18:57:00,M01,216.51,117.23,18.44,running
2025-03-08 18:58:00,M01,217.79,114.14,18.45,running
2025-03-08 18:59:00,M01,218.16,119.55,18.39,running
2025-03-08 19:00:00,M01,217.71,119.3,18.7,running
2025-03-08 19:01:00,M01,218.0,117.7,18.58,running
2025-03-08 19:02:00,M01,218.84,119.56,19.11,running
2025-03-08 19:03:00,M01,218.09,117.28,18.61,running
2025-03-08 19:04:00,M01,216.86,117.45,18.47,running
2025-03-08 19:05:00,M01,217.38,118.34,18.87,running
2025-03-08 19:06:00,M01,218.14,119.24,18.48,running
2025-03-08 19:07:00,M01,217.25,117.06,18.41,running
2025-03-08 19:08:00,M01,215.09,116.14,18.58,running
2025-03-08 19:09:00,M01,215.56,118.1,18.29,running
2025-03-08 19:10:00,M01,215.21,118.44,18.57,running
2025-03-08 19:11:00,M01,215.22,116.05,18.53,running
2025-03-08 19:12:00,M01,215.54,119.03,18.64,running
2025-03-08 19:13:00,M01,215.05,118.24,18.4,running
2025-03-08 19:14:00,M01,214.24,118.56,18.7,running
2025-03-08 19:15:00,M01,215.08,115.25,18.52,running
2025-03-08 19:16:00,M01,215.3,114.15,18.8,running
2025-03-08 19:17:00,M01,216.19,119.5,18.1,running
2025-03-08 19:18:00,M01,215.43,117.03,18.05,running
2025-03-08 19:19:00,M01,215.53,115.36,18.48,running
2025-03-08 19:20:00,M01,215.62,118.72,18.5,running
2025-03-08 19:21:00,M01,215.87,120.37,18.61,running
2025-03-08 19:22:00,M01,216.49,119.85,18.76,running
2025-03-08 19:23:00,M01,216.42,116.19,18.59,running
2025-03-08 19:24:00,M01,217.03,120.21,18.69,running
2025-03-08 19:25:00,M01,217.57,120.48,19.02,running
2025-03-08 19:26:00,M01,217.9,115.47,18.69,running
2025-03-08 19:27:00,M01,218.1,118.88,18.66,running
2025-03-08 19:28:00,M01,217.75,119.56,18.91,running
2025-03-08 19:29:00,M01,216.97,118.76,18.77,running
2025-03-08 19:30:00,M01,217.21,120.56,18.83,running
2025-03-08 19:31:00,M01,216.69,118.07,18.0,running
2025-03-08 19:32:00,M01,216.23,118.92,18.62,running
2025-03-08 19:33:00,M01,215.75,117.95,18.48,running
2025-03-08 19:34:00,M01,216.42,116.45,18.7,running
2025-03-08 19:35:00,M01,215.69,119.53,18.58,running
2025-03-08 19:36:00,M01,215.9,115.57,18.28,running
2025-03-08 19:37:00,M01,215.79,117.69,18.27,running
2025-03-08 19:38:00,M01,215.69,119.41,18.56,running
2025-03-08 19:39:00,M01,216.2,117.14,18.7,running
2025-03-08 19:40:00,M01,215.41,118.09,18.09,running
2025-03-08 19:41:00,M01,216.0,114.53,18.85,running
2025-03-08 19:42:00,M01,216.57,119.0,18.37,running
2025-03-08 19:43:00,M01,215.71,120.56,19.2,running
2025-03-08 19:44:00,M01,215.65,118.96,18.77,running
2025-03-08 19:45:00,M01,215.75,117.62,18.27,running
2025-03-08 19:46:00,M01,215.41,118.19,18.78,running
2025-03-08 19:47:00,M01,214.66,117.72,18.77,running
2025-03-08 19:48:00,M01,215.83,115.97,18.16,running
2025-03-08 19:49:00,M01,215.75,119.93,18.17,running
2025-03-08 19:50:00,M01,214.17,118.06,18.72,running
2025-03-08 19:51:00,M01,214.55,119.89,18.44,running
2025-03-08 19:52:00,M01,215.15,118.83,17.94,running
2025-03-08 19:53:00,M01,215.85,118.22,18.39,running
2025-03-08 19:54:00,M01,215.62,120.25,18.48,running
2025-03-08 19:55:00,M01,214.94,118.48,18.83,running
2025-03-08 19:56:00,M01,215.05,117.49,18.29,running
2025-03-08 19:57:00,M01,215.4,115.78,18.37,running
2025-03-08 19:58:00,M01,214.94,117.13,18.15,running
2025-03-08 19:59:00,M01,215.26,117.23,18.41,running
2025-03-08 20:00:00,M01,215.35,117.58,18.47,running
2025-03-08 20:01:00,M01,215.75,118.45,18.51,running
2025-03-08 20:02:00,M01,215.93,118.86,18.89,running
2025-03-08 20:03:00,M01,215.27,117.16,18.25,running
2025-03-08 20:04:00,M01,215.84,118.85,18.47,running
2025-03-08 20:05:00,M01,215.11,116.49,18.32,running
2025-03-08 20:06:00,M01,215.7,115.23,18.34,running
2025-03-08 20:07:00,M01,214.99,115.11,18.47,running
2025-03-08 20:08:00,M01,215.41,116.11,18.8,running
2025-03-08 20:09:00,M01,215.03,117.03,18.62,running
2025-03-08 20:10:00,M01,214.32,117.97,18.59,running
2025-03-08 20:11:00,M01,215.91,118.66,18.47,running
2025-03-08 20:12:00,M01,217.04,115.5,18.68,running
2025-03-08 20:13:00,M01,216.88,117.59,18.56,running
2025-03-08 20:14:00,M01,217.95,120.25,18.35,running
2025-03-08 20:15:00,M01,218.21,118.48,18.44,running
2025-03-08 20:16:00,M01,218.17,119.17,18.34,running
2025-03-08 20:17:00,M01,217.09,114.53,18.55,running
2025-03-08 20:18:00,M01,217.74,118.86,18.38,running
2025-03-08 20:19:00,M01,217.88,116.41,18.31,running
2025-03-08 20:20:00,M01,218.45,118.6,17.89,running
2025-03-08 20:21:00,M01,217.48,116.29,18.39,running
2025-03-08 20:22:00,M01,217.25,119.62,18.27,running
2025-03-08 20:23:00,M01,216.92,118.67,18.78,running
2025-03-08 20:24:00,M01,216.48,118.41,18.62,running
2025-03-08 20:25:00,M01,216.18,116.96,18.24,running
2025-03-08 20:26:00,M01,216.91,118.78,18.18,running
2025-03-08 20:27:00,M01,216.8,118.63,18.4,running
2025-03-08 20:28:00,M01,216.57,116.56,18.36,running
2025-03-08 20:29:00,M01,216.89,115.94,18.73,running
2025-03-08 20:30:00,M01,216.72,120.97,18.41,running
2025-03-08 20:31:00,M01,216.18,117.38,18.77,running
2025-03-08 20:32:00,M01,217.2,119.02,18.22,running
2025-03-08 20:33:00,M01,217.36,117.42,18.47,running
2025-03-08 20:34:00,M01,216.89,118.17,18.34,running
2025-03-08 20:35:00,M01,216.01,117.47,18.54,running
2025-03-08 20:36:00,M01,216.3,120.15,18.4,running
2025-03-08 20:37:00,M01,216.1,116.46,17.96,running
2025-03-08 20:38:00,M01,215.33,118.25,18.73,running
2025-03-08 20:39:00,M01,215.38,117.6,18.74,running
2025-03-08 20:40:00,M01,215.39,118.96,18.52,running
2025-03-08 20:41:00,M01,215.8,117.35,18.55,running
2025-03-08 20:42:00,M01,215.38,120.68,18.38,running
2025-03-08 20:43:00,M01,216.23,117.13,18.4,running
2025-03-08 20:44:00,M01,216.26,117.34,18.7,running
2025-03-08 20:45:00,M01,216.17,114.78,18.47,running
2025-03-08 20:46:00,M01,215.31,119.27,18.53,running
2025-03-08 20:47:00,M01,215.33,119.45,18.29,running
2025-03-08 20:48:00,M01,214.89,120.28,18.52,running
2025-03-08 20:49:00,M01,214.49,116.03,18.81,running
2025-03-08 20:50:00,M01,214.51,118.47,18.54,running
2025-03-08 20:51:00,M01,215.4,116.91,18.69,running
2025-03-08 20:52:00,M01,215.76,117.21,18.13,running
2025-03-08 20:53:00,M01,215.22,119.83,18.59,running
2025-03-08 20:54:00,M01,215.76,117.24,17.89,running
2025-03-08 20:55:00,M01,214.78,118.11,18.67,running
2025-03-08 20:56:00,M01,215.09,118.91,18.63,running
2025-03-08 20:57:00,M01,215.43,118.91,18.46,running
2025-03-08 20:58:00,M01,214.27,117.49,18.59,running
2025-03-08 20:59:00,M01,214.42,116.03,18.28,running
2025-03-08 21:00:00,M01,215.75,118.88,18.2,running
2025-03-08 21:01:00,M01,215.24,118.38,18.53,running
2025-03-08 21:02:00,M01,213.89,118.4,18.51,running
2025-03-08 21:03:00,M01,213.83,117.67,18.43,running
2025-03-08 21:04:00,M01,213.9,119.6,18.93,running
2025-03-08 21:05:00,M01,213.93,116.21,18.65,running
2025-03-08 21:06:00,M01,215.12,120.02,18.4,running
2025-03-08 21:07:00,M01,214.35,117.28,18.49,running
2025-03-08 21:08:00,M01,213.88,117.85,18.7,running
2025-03-08 21:09:00,M01,215.09,116.32,18.56,running
2025-03-08 21:10:00,M01,215.43,116.28,17.88,running
2025-03-08 21:11:00,M01,216.06,118.02,18.8,running
2025-03-08 21:12:00,M01,215.21,115.36,18.6,running
2025-03-08 21:13:00,M01,215.26,117.66,18.57,running
2025-03-08 21:14:00,M01,215.25,117.26,18.62,running
2025-03-08 21:15:00,M01,216.14,119.23,17.97,running
2025-03-08 21:16:00,M01,215.66,119.84,18.47,running
2025-03-08 21:17:00,M01,215.97,117.09,18.48,running
2025-03-08 21:18:00,M01,215.77,114.96,18.47,running
2025-03-08 21:19:00,M01,213.46,115.32,18.76,running
2025-03-08 21:20:00,M01,213.58,119.06,18.01,running
2025-03-08 21:21:00,M01,214.0,117.04,18.57,running
2025-03-08 21:22:00,M01,214.21,117.71,18.99,running
2025-03-08 21:23:00,M01,214.25,116.45,18.52,running
2025-03-08 21:24:00,M01,214.16,119.32,18.79,running
2025-03-08 21:25:00,M01,214.18,120.34,18.65,running
2025-03-08 21:26:00,M01,213.97,116.16,18.61,running
2025-03-08 21:27:00,M01,214.29,116.45,18.09,running
2025-03-08 21:28:00,M01,213.94,117.19,18.1,running
2025-03-08 21:29:00,M01,214.64,117.7,18.14,running
2025-03-08 21:30:00,M01,215.29,120.52,18.86,running
2025-03-08 21:31:00,M01,214.95,119.11,18.58,running
2025-03-08 21:32:00,M01,214.75,116.84,18.53,running
2025-03-08 21:33:00,M01,215.35,121.12,18.38,running
2025-03-08 21:34:00,M01,216.05,118.44,18.56,running
2025-03-08 21:35:00,M01,214.81,119.31,18.27,running
2025-03-08 21:36:00,M01,214.45,119.19,18.38,running
2025-03-08 21:37:00,M01,213.59,117.85,18.58,running
2025-03-08 21:38:00,M01,213.58,118.86,18.53,running
2025-03-08 21:39:00,M01,213.59,116.06,18.12,running
2025-03-08 21:40:00,M01,214.01,119.85,18.57,running
2025-03-08 21:41:00,M01,214.95,119.4,18.69,running
2025-03-08 21:42:00,M01,214.06,119.68,18.34,running
2025-03-08 21:43:00,M01,214.27,117.22,18.49,running
2025-03-08 21:44:00,M01,214.07,118.37,18.46,running
2025-03-08 21:45:00,M01,213.52,118.95,18.69,running
2025-03-08 21:46:00,M01,213.62,116.21,18.71,running
2025-03-08 21:47:00,M01,213.67,116.42,18.67,running
2025-03-08 21:48:00,M01,214.46,116.52,18.53,running
2025-03-08 21:49:00,M01,215.43,119.16,18.1,running
2025-03-08 21:50:00,M01,215.53,119.08,18.42,running
2025-03-08 21:51:00,M01,214.59,116.16,18.4,running
2025-03-08 21:52:00,M01,214.16,116.46,18.14,running
2025-03-08 21:53:00,M01,212.81,119.15,18.35,running
2025-03-08 21:54:00,M01,213.98,114.96,18.4,running
2025-03-08 21:55:00,M01,215.78,116.75,17.97,running
2025-03-08 21:56:00,M01,215.99,117.35,18.37,running
2025-03-08 21:57:00,M01,215.83,121.12,18.27,running
2025-03-08 21:58:00,M01,216.66,119.55,18.87,running
2025-03-08 21:59:00,M01,216.93,116.09,18.76,running
2025-03-08 22:00:00,M01,215.97,117.22,18.72,running
2025-03-08 22:01:00,M01,214.87,117.72,18.42,running
2025-03-08 22:02:00,M01,214.56,119.2,18.49,running
2025-03-08 22:03:00,M01,214.32,116.45,18.32,running
2025-03-08 22:04:00,M01,214.01,122.12,18.71,running
2025-03-08 22:05:00,M01,214.09,118.09,18.77,running
2025-03-08 22:06:00,M01,214.17,116.81,18.04,running
2025-03-08 22:07:00,M01,214.26,118.65,18.31,running
2025-03-08 22:08:00,M01,214.06,118.65,18.21,running
2025-03-08 22:09:00,M01,214.04,119.51,18.3,running
2025-03-08 22:10:00,M01,213.73,119.52,18.5,running
2025-03-08 22:11:00,M01,213.83,118.44,18.25,running
2025-03-08 22:12:00,M01,214.56,112.67,19.25,running
2025-03-08 22:13:00,M01,214.87,118.49,18.21,running
2025-03-08 22:14:00,M01,214.24,116.77,18.45,running
2025-03-08 22:15:00,M01,213.87,117.1,18.24,running
2025-03-08 22:16:00,M01,214.28,119.24,18.45,running
2025-03-08 22:17:00,M01,214.38,117.16,18.38,running
2025-03-08 22:18:00,M01,214.86,119.62,18.55,running
2025-03-08 22:19:00,M01,215.18,117.68,18.31,running
2025-03-08 22:20:00,M01,215.5,113.88,18.51,running
2025-03-08 22:21:00,M01,214.48,118.12,18.6,running
2025-03-08 22:22:00,M01,214.83,118.79,18.65,running
2025-03-08 22:23:00,M01,214.49,116.94,18.86,running
2025-03-08 22:24:00,M01,213.96,118.46,18.32,running
2025-03-08 22:25:00,M01,215.14,119.44,18.29,running
2025-03-08 22:26:00,M01,215.24,118.28,18.1,running
2025-03-08 22:27:00,M01,215.62,118.7,18.34,running
2025-03-08 22:28:00,M01,214.03,117.3,18.95,running
2025-03-08 22:29:00,M01,213.53,115.63,18.3,running
2025-03-08 22:30:00,M01,214.07,120.66,19.07,running
2025-03-08 22:31:00,M01,214.47,116.5,18.39,running
2025-03-08 22:32:00,M01,212.92,116.81,18.19,running
2025-03-08 22:33:00,M01,213.83,116.36,18.88,running
2025-03-08 22:34:00,M01,213.31,116.78,18.93,running
2025-03-08 22:35:00,M01,213.48,117.67,18.88,running
2025-03-08 22:36:00,M01,213.05,118.91,17.67,running
2025-03-08 22:37:00,M01,212.96,116.18,18.81,running
2025-03-08 22:38:00,M01,213.11,116.39,18.58,running
2025-03-08 22:39:00,M01,212.84,118.03,18.96,running
2025-03-08 22:40:00,M01,212.89,119.64,18.65,running
2025-03-08 22:41:00,M01,213.51,116.58,18.69,running
2025-03-08 22:42:00,M01,212.86,116.19,18.33,running
2025-03-08 22:43:00,M01,212.95,114.98,18.28,running
2025-03-08 22:44:00,M01,214.51,117.12,18.49,running
2025-03-08 22:45:00,M01,214.1,121.66,18.9,running
2025-03-08 22:46:00,M01,213.19,119.59,18.9,running
2025-03-08 22:47:00,M01,213.41,116.78,18.98,running
2025-03-08 22:48:00,M01,212.56,119.39,18.7,running
2025-03-08 22:49:00,M01,213.19,117.68,18.05,running
2025-03-08 22:50:00,M01,212.46,117.45,18.4,running
2025-03-08 22:51:00,M01,213.08,116.98,18.32,running
2025-03-08 22:52:00,M01,213.02,117.08,18.68,running
2025-03-08 22:53:00,M01,212.95,115.33,18.48,running
2025-03-08 22:54:00,M01,214.23,116.26,17.93,running
2025-03-08 22:55:00,M01,213.74,115.23,18.35,running
2025-03-08 22:56:00,M01,213.69,118.51,18.9,running
2025-03-08 22:57:00,M01,214.24,118.26,18.61,running
2025-03-08 22:58:00,M01,213.63,117.51,18.31,running
2025-03-08 22:59:00,M01,213.61,116.73,18.76,running
2025-03-08 23:00:00,M01,213.98,114.09,17.97,running
2025-03-08 23:01:00,M01,214.12,119.7,18.8,running
2025-03-08 23:02:00,M01,213.82,119.27,18.29,running
2025-03-08 23:03:00,M01,212.76,117.19,17.93,running
2025-03-08 23:04:00,M01,213.09,115.92,18.39,running
2025-03-08 23:05:00,M01,212.83,117.65,18.23,running
2025-03-08 23:06:00,M01,213.15,114.64,18.42,running
2025-03-08 23:07:00,M01,212.66,119.1,18.4,running
2025-03-08 23:08:00,M01,213.52,117.3,18.77,running
2025-03-08 23:09:00,M01,212.29,116.04,18.29,running
2025-03-08 23:10:00,M01,212.33,116.51,18.29,running
2025-03-08 23:11:00,M01,212.5,119.98,18.35,running
2025-03-08 23:12:00,M01,212.64,118.63,18.89,running
2025-03-08 23:13:00,M01,212.05,119.11,18.55,running
2025-03-08 23:14:00,M01,211.68,118.08,18.38,running
2025-03-08 23:15:00,M01,211.3,116.68,19.02,running
2025-03-08 23:16:00,M01,211.06,118.96,18.43,running
2025-03-08 23:17:00,M01,211.51,116.22,18.14,running
2025-03-08 23:18:00,M01,212.15,117.42,18.39,running
2025-03-08 23:19:00,M01,211.44,118.43,18.21,running
2025-03-08 23:20:00,M01,211.4,117.83,18.19,running
2025-03-08 23:21:00,M01,211.15,120.2,18.42,running
2025-03-08 23:22:00,M01,210.93,117.24,18.03,running
2025-03-08 23:23:00,M01,211.04,117.35,18.88,running
2025-03-08 23:24:00,M01,211.34,115.21,18.27,running
2025-03-08 23:25:00,M01,211.8,118.44,17.85,running
2025-03-08 23:26:00,M01,212.34,117.09,18.39,running
2025-03-08 23:27:00,M01,212.19,115.12,18.23,running
2025-03-08 23:28:00,M01,212.4,119.2,18.8,running
2025-03-08 23:29:00,M01,212.96,120.8,18.36,running
2025-03-08 23:30:00,M01,214.09,118.82,18.52,running
2025-03-08 23:31:00,M01,214.56,117.87,18.58,running
2025-03-08 23:32:00,M01,213.89,118.37,18.17,running
2025-03-08 23:33:00,M01,214.06,117.63,18.4,running
2025-03-08 23:34:00,M01,213.83,117.4,18.18,running
2025-03-08 23:35:00,M01,213.24,115.64,18.38,running
2025-03-08 23:36:00,M01,212.94,119.85,18.4,running
2025-03-08 23:37:00,M01,213.04,117.41,18.52,running
2025-03-08 23:38:00,M01,213.19,116.49,18.96,running
2025-03-08 23:39:00,M01,213.26,118.15,18.22,running
2025-03-08 23:40:00,M01,212.9,118.03,18.64,running
2025-03-08 23:41:00,M01,212.65,117.81,18.09,running
2025-03-08 23:42:00,M01,212.93,116.81,18.59,running
2025-03-08 23:43:00,M01,213.8,116.79,18.73,running
2025-03-08 23:44:00,M01,214.46,117.48,18.72,running
2025-03-08 23:45:00,M01,213.82,116.99,18.52,running
2025-03-08 23:46:00,M01,214.53,120.94,18.63,running
2025-03-08 23:47:00,M01,215.17,118.39,18.74,running
2025-03-08 23:48:00,M01,214.03,115.92,18.53,running
2025-03-08 23:49:00,M01,214.77,118.42,18.41,running
2025-03-08 23:50:00,M01,213.6,117.76,18.1,running
2025-03-08 23:51:00,M01,213.76,116.84,18.37,running
2025-03-08 23:52:00,M01,213.9,119.22,18.44,running
2025-03-08 23:53:00,M01,213.42,117.94,18.16,running
2025-03-08 23:54:00,M01,212.69,116.26,18.58,running
2025-03-08 23:55:00,M01,213.32,117.92,18.35,running
2025-03-08 23:56:00,M01,213.26,117.76,18.83,running
2025-03-08 23:57:00,M01,213.06,118.37,18.39,running
2025-03-08 23:58:00,M01,212.08,118.86,18.5,running
2025-03-08 23:59:00,M01,212.39,118.65,18.07,running
2025-03-09 00:00:00,M01,212.85,118.26,18.65,running
2025-03-09 00:01:00,M01,212.54,115.53,18.41,running
2025-03-09 00:02:00,M01,212.16,118.95,18.38,running
2025-03-09 00:03:00,M01,212.3,119.53,17.91,running
2025-03-09 00:04:00,M01,210.91,117.44,18.7,running
2025-03-09 00:05:00,M01,210.3,116.97,18.43,running
2025-03-09 00:06:00,M01,211.22,115.5,18.25,running
2025-03-09 00:07:00,M01,211.4,119.2,18.36,running
2025-03-09 00:08:00,M01,211.72,119.85,18.26,running
2025-03-09 00:09:00,M01,212.36,114.94,18.3,running
2025-03-09 00:10:00,M01,212.95,119.15,18.43,running
2025-03-09 00:11:00,M01,211.57,115.52,18.15,running
2025-03-09 00:12:00,M01,211.85,116.01,18.47,running
2025-03-09 00:13:00,M01,212.82,120.47,18.73,running
2025-03-09 00:14:00,M01,212.99,118.12,18.07,running
2025-03-09 00:15:00,M01,213.54,117.99,18.53,running
2025-03-09 00:16:00,M01,213.32,117.33,18.49,running
2025-03-09 00:17:00,M01,211.54,116.56,18.11,running
2025-03-09 00:18:00,M01,211.7,119.06,18.48,running
2025-03-09 00:19:00,M01,211.21,117.03,18.71,running
2025-03-09 00:20:00,M01,211.3,116.95,18.69,running
2025-03-09 00:21:00,M01,211.02,118.84,18.55,running
2025-03-09 00:22:00,M01,211.33,118.38,18.3,running
2025-03-09 00:23:00,M01,211.1,113.91,18.12,running
2025-03-09 00:24:00,M01,211.35,121.64,18.03,running
2025-03-09 00:25:00,M01,211.51,118.7,18.9,running
2025-03-09 00:26:00,M01,212.04,116.49,18.08,running
2025-03-09 00:27:00,M01,212.77,117.82,18.59,running
2025-03-09 00:28:00,M01,211.7,116.95,18.83,running
2025-03-09 00:29:00,M01,212.38,115.23,17.94,running
2025-03-09 00:30:00,M01,212.76,118.49,18.2,running
2025-03-09 00:31:00,M01,211.55,115.02,18.94,running
2025-03-09 00:32:00,M01,211.2,117.74,18.25,running
2025-03-09 00:33:00,M01,212.28,117.88,18.25,running
2025-03-09 00:34:00,M01,212.7,115.7,18.26,running
2025-03-09 00:35:00,M01,213.31,118.18,18.77,running
2025-03-09 00:36:00,M01,213.63,117.88,18.73,running
2025-03-09 00:37:00,M01,213.87,117.62,18.72,running
2025-03-09 00:38:00,M01,213.14,114.92,18.51,running
2025-03-09 00:39:00,M01,212.97,116.52,18.03,running
2025-03-09 00:40:00,M01,213.24,116.39,18.53,running
2025-03-09 00:41:00,M01,212.81,118.38,18.6,running
2025-03-09 00:42:00,M01,213.48,117.8,18.3,running
2025-03-09 00:43:00,M01,212.65,117.67,18.8,running
2025-03-09 00:44:00,M01,212.46,118.27,18.14,running
2025-03-09 00:45:00,M01,212.71,117.37,18.19,running
2025-03-09 00:46:00,M01,212.02,117.37,18.24,running
2025-03-09 00:47:00,M01,212.47,116.81,18.4,running
2025-03-09 00:48:00,M01,212.72,117.1,17.71,running
2025-03-09 00:49:00,M01,212.66,119.56,18.52,running
2025-03-09 00:50:00,M01,213.26,116.29,18.49,running
2025-03-09 00:51:00,M01,212.25,117.06,19.01,running
2025-03-09 00:52:00,M01,213.38,116.92,18.68,running
2025-03-09 00:53:00,M01,214.33,119.52,18.45,running
2025-03-09 00:54:00,M01,213.62,118.5,18.35,running
2025-03-09 00:55:00,M01,213.71,118.21,18.26,running
2025-03-09 00:56:00,M01,213.42,117.47,18.87,running
2025-03-09 00:57:00,M01,213.68,120.44,18.8,running
2025-03-09 00:58:00,M01,211.86,115.52,18.52,running
2025-03-09 00:59:00,M01,211.62,115.48,18.61,running
2025-03-09 01:00:00,M01,210.95,115.47,18.04,running
2025-03-09 01:01:00,M01,210.86,117.99,18.16,running
2025-03-09 01:02:00,M01,211.28,117.08,18.8,running
2025-03-09 01:03:00,M01,212.98,115.31,18.21,running
2025-03-09 01:04:00,M01,212.57,120.04,18.48,running
2025-03-09 01:05:00,M01,213.44,119.19,18.31,running
2025-03-09 01:06:00,M01,212.94,119.64,18.46,running
2025-03-09 01:07:00,M01,212.45,115.26,18.39,running
2025-03-09 01:08:00,M01,211.55,114.0,18.55,running
2025-03-09 01:09:00,M01,212.95,116.83,18.36,running
2025-03-09 01:10:00,M01,212.89,118.39,18.44,running
2025-03-09 01:11:00,M01,213.13,118.56,18.65,running
2025-03-09 01:12:00,M01,213.29,115.68,18.45,running
2025-03-09 01:13:00,M01,213.3,116.69,18.27,running
2025-03-09 01:14:00,M01,213.38,119.31,18.09,running
2025-03-09 01:15:00,M01,212.96,116.68,18.28,running
2025-03-09 01:16:00,M01,214.25,118.37,18.17,running
2025-03-09 01:17:00,M01,214.24,118.26,18.48,running
2025-03-09 01:18:00,M01,214.66,120.24,18.86,running
2025-03-09 01:19:00,M01,216.41,115.67,18.97,running
2025-03-09 01:20:00,M01,215.68,118.59,18.36,running
2025-03-09 01:21:00,M01,215.47,119.25,18.09,running
2025-03-09 01:22:00,M01,214.52,118.89,18.64,running
2025-03-09 01:23:00,M01,215.04,114.13,18.56,running
2025-03-09 01:24:00,M01,214.83,116.53,18.08,running
2025-03-09 01:25:00,M01,215.51,118.08,18.91,running
2025-03-09 01:26:00,M01,215.84,117.43,18.62,running
2025-03-09 01:27:00,M01,215.03,118.13,18.61,running
2025-03-09 01:28:00,M01,215.44,117.83,18.52,running
2025-03-09 01:29:00,M01,214.47,114.57,18.43,running
2025-03-09 01:30:00,M01,213.27,116.34,18.42,running
2025-03-09 01:31:00,M01,213.11,118.7,18.18,running
2025-03-09 01:32:00,M01,212.42,115.4,18.25,running
2025-03-09 01:33:00,M01,212.2,118.59,18.75,running
2025-03-09 01:34:00,M01,211.58,115.99,18.12,running
2025-03-09 01:35:00,M01,211.62,115.31,18.48,running
2025-03-09 01:36:00,M01,212.33,116.99,18.11,running
2025-03-09 01:37:00,M01,211.99,116.98,17.64,running
2025-03-09 01:38:00,M01,211.46,117.77,17.92,running
2025-03-09 01:39:00,M01,210.62,114.79,18.02,running
2025-03-09 01:40:00,M01,210.91,116.08,18.51,running
2025-03-09 01:41:00,M01,211.48,117.93,18.5,running
2025-03-09 01:42:00,M01,211.46,115.51,18.02,running
2025-03-09 01:43:00,M01,211.79,115.01,18.23,running
2025-03-09 01:44:00,M01,211.6,115.32,18.54,running
2025-03-09 01:45:00,M01,212.4,118.21,18.0,running
2025-03-09 01:46:00,M01,213.54,118.15,18.6,running
2025-03-09 01:47:00,M01,212.55,118.93,18.66,running
2025-03-09 01:48:00,M01,212.71,115.45,17.88,running
2025-03-09 01:49:00,M01,213.52,118.74,18.44,running
2025-03-09 01:50:00,M01,212.92,118.29,18.12,running
2025-03-09 01:51:00,M01,213.1,119.33,18.58,running
2025-03-09 01:52:00,M01,212.38,117.27,18.59,running
2025-03-09 01:53:00,M01,212.36,116.9,18.17,running
2025-03-09 01:54:00,M01,211.86,119.14,18.5,running
2025-03-09 01:55:00,M01,211.11,116.95,18.54,running
2025-03-09 01:56:00,M01,210.89,115.96,18.37,running
2025-03-09 01:57:00,M01,211.68,119.85,18.57,running
2025-03-09 01:58:00,M01,212.41,117.88,18.0,running
2025-03-09 01:59:00,M01,212.53,115.09,18.69,running
2025-03-09 02:00:00,M01,212.32,120.42,18.27,running
2025-03-09 02:01:00,M01,211.91,116.53,18.69,running
2025-03-09 02:02:00,M01,212.48,117.21,18.37,running
2025-03-09 02:03:00,M01,212.71,119.87,18.49,running
2025-03-09 02:04:00,M01,212.11,117.13,18.43,running
2025-03-09 02:05:00,M01,211.14,117.73,18.79,running
2025-03-09 02:06:00,M01,211.79,120.18,18.17,running
2025-03-09 02:07:00,M01,211.78,117.76,18.06,running
2025-03-09 02:08:00,M01,211.57,117.77,18.8,running
2025-03-09 02:09:00,M01,211.6,118.26,18.31,running
2025-03-09 02:10:00,M01,211.37,117.69,19.11,running
2025-03-09 02:11:00,M01,210.88,117.35,18.55,running
2025-03-09 02:12:00,M01,211.42,118.65,17.98,running
2025-03-09 02:13:00,M01,211.6,116.1,17.99,running
2025-03-09 02:14:00,M01,211.89,117.94,18.65,running
2025-03-09 02:15:00,M01,211.76,117.31,18.31,running
2025-03-09 02:16:00,M01,212.91,120.23,18.68,running
2025-03-09 02:17:00,M01,212.77,117.93,18.51,running
2025-03-09 02:18:00,M01,213.17,119.16,18.32,running
2025-03-09 02:19:00,M01,213.35,117.35,18.41,running
2025-03-09 02:20:00,M01,212.65,117.69,17.96,running
2025-03-09 02:21:00,M01,213.58,117.36,18.29,running
2025-03-09 02:22:00,M01,213.23,115.43,18.44,running
2025-03-09 02:23:00,M01,211.8,117.84,18.36,running
2025-03-09 02:24:00,M01,211.16,119.37,17.96,running
2025-03-09 02:25:00,M01,211.33,116.74,18.4,running
2025-03-09 02:26:00,M01,210.2,118.5,18.33,running
2025-03-09 02:27:00,M01,210.22,115.4,18.36,running
2025-03-09 02:28:00,M01,210.69,118.48,17.96,running
2025-03-09 02:29:00,M01,210.82,118.04,18.79,running
2025-03-09 02:30:00,M01,211.33,116.17,18.26,running
2025-03-09 02:31:00,M01,211.59,114.79,18.1,running
2025-03-09 02:32:00,M01,210.43,118.78,18.65,running
2025-03-09 02:33:00,M01,210.53,117.22,18.22,running
2025-03-09 02:34:00,M01,210.33,115.61,18.51,running
2025-03-09 02:35:00,M01,210.83,118.44,18.15,running
2025-03-09 02:36:00,M01,211.69,117.35,18.69,running
2025-03-09 02:37:00,M01,212.38,117.66,18.65,running
2025-03-09 02:38:00,M01,212.2,117.88,18.91,running
2025-03-09 02:39:00,M01,212.29,116.68,18.38,running
2025-03-09 02:40:00,M01,212.39,118.74,18.33,running
2025-03-09 02:41:00,M01,211.93,116.2,18.44,running
2025-03-09 02:42:00,M01,212.46,118.79,18.15,running
2025-03-09 02:43:00,M01,212.55,120.32,18.47,running
2025-03-09 02:44:00,M01,212.67,117.77,18.0,running
2025-03-09 02:45:00,M01,212.44,120.6,18.67,running
2025-03-09 02:46:00,M01,212.2,118.84,18.59,running
2025-03-09 02:47:00,M01,211.88,116.44,18.53,running
2025-03-09 02:48:00,M01,212.39,118.82,18.18,running
2025-03-09 02:49:00,M01,211.97,115.62,18.59,running
2025-03-09 02:50:00,M01,212.32,116.11,18.22,running
2025-03-09 02:51:00,M01,213.05,116.93,18.55,running
2025-03-09 02:52:00,M01,212.64,119.64,18.64,running
2025-03-09 02:53:00,M01,211.69,118.35,18.16,running
2025-03-09 02:54:00,M01,212.27,117.63,18.55,running
2025-03-09 02:55:00,M01,212.36,117.37,18.04,running
2025-03-09 02:56:00,M01,212.22,118.23,18.26,running
2025-03-09 02:57:00,M01,210.8,116.27,18.17,running
2025-03-09 02:58:00,M01,211.02,117.46,18.37,running
2025-03-09 02:59:00,M01,211.41,119.32,18.18,running
2025-03-09 03:00:00,M01,212.46,116.44,18.11,running
2025-03-09 03:01:00,M01,212.41,116.46,18.48,running
2025-03-09 03:02:00,M01,211.81,120.14,18.52,running
2025-03-09 03:03:00,M01,212.06,120.37,18.47,running
2025-03-09 03:04:00,M01,212.14,118.07,18.72,running
2025-03-09 03:05:00,M01,212.07,117.51,18.57,running
2025-03-09 03:06:00,M01,211.47,116.78,18.76,running
2025-03-09 03:07:00,M01,212.56,116.62,18.39,running
2025-03-09 03:08:00,M01,211.79,117.34,18.51,running
2025-03-09 03:09:00,M01,211.4,115.81,18.44,running
2025-03-09 03:10:00,M01,210.92,117.53,18.09,running
2025-03-09 03:11:00,M01,210.74,114.56,18.51,running
2025-03-09 03:12:00,M01,211.83,117.75,18.21,running
2025-03-09 03:13:00,M01,212.48,120.89,18.13,running
2025-03-09 03:14:00,M01,213.16,116.17,18.17,running
2025-03-09 03:15:00,M01,212.94,117.64,18.76,running
2025-03-09 03:16:00,M01,212.92,118.44,18.56,running
2025-03-09 03:17:00,M01,213.47,121.02,18.42,running
2025-03-09 03:18:00,M01,213.07,117.51,18.83,running
2025-03-09 03:19:00,M01,213.44,115.39,18.6,running
2025-03-09 03:20:00,M01,213.13,118.49,18.8,running
2025-03-09 03:21:00,M01,213.6,117.33,18.34,running
2025-03-09 03:22:00,M01,213.91,117.16,18.64,running
2025-03-09 03:23:00,M01,213.75,118.63,18.66,running
2025-03-09 03:24:00,M01,214.37,117.69,18.72,running
2025-03-09 03:25:00,M01,213.72,120.47,18.96,running
2025-03-09 03:26:00,M01,213.09,118.49,18.07,running
2025-03-09 03:27:00,M01,214.57,117.68,18.57,running
2025-03-09 03:28:00,M01,213.92,115.57,18.03,running
2025-03-09 03:29:00,M01,213.95,118.65,18.35,running
2025-03-09 03:30:00,M01,214.01,117.16,18.81,running
2025-03-09 03:31:00,M01,214.05,117.27,18.41,running
2025-03-09 03:32:00,M01,214.3,117.27,18.29,running
2025-03-09 03:33:00,M01,214.47,118.57,18.23,running
2025-03-09 03:34:00,M01,214.11,118.15,18.13,running
2025-03-09 03:35:00,M01,213.12,117.07,18.48,running
2025-03-09 03:36:00,M01,213.57,119.34,18.72,running
2025-03-09 03:37:00,M01,213.47,119.57,18.74,running
2025-03-09 03:38:00,M01,212.96,119.71,18.44,running
2025-03-09 03:39:00,M01,211.82,121.66,18.53,running
2025-03-09 03:40:00,M01,212.81,115.16,18.52,running
2025-03-09 03:41:00,M01,213.11,118.94,18.2,running
2025-03-09 03:42:00,M01,213.32,117.16,18.53,running
2025-03-09 03:43:00,M01,212.31,118.97,18.52,running
2025-03-09 03:44:00,M01,213.0,118.79,18.26,running
2025-03-09 03:45:00,M01,213.28,116.0,18.79,running
2025-03-09 03:46:00,M01,212.95,120.25,18.91,running
2025-03-09 03:47:00,M01,212.41,117.36,18.12,running
2025-03-09 03:48:00,M01,211.11,117.68,18.05,running
2025-03-09 03:49:00,M01,211.39,117.43,18.12,running
2025-03-09 03:50:00,M01,212.31,118.41,18.24,running
2025-03-09 03:51:00,M01,212.81,116.12,18.08,running
2025-03-09 03:52:00,M01,212.81,116.01,18.42,running
2025-03-09 03:53:00,M01,212.13,115.86,18.44,running
2025-03-09 03:54:00,M01,211.74,118.22,18.14,running
2025-03-09 03:55:00,M01,212.17,117.92,18.46,running
2025-03-09 03:56:00,M01,212.09,118.1,18.4,running
2025-03-09 03:57:00,M01,211.98,116.18,18.12,running
2025-03-09 03:58:00,M01,212.33,118.39,17.99,running
2025-03-09 03:59:00,M01,211.93,116.21,18.39,running
2025-03-09 04:00:00,M01,213.06,114.17,18.05,running
2025-03-09 04:01:00,M01,213.0,117.54,18.01,running
2025-03-09 04:02:00,M01,213.74,113.55,18.67,running
2025-03-09 04:03:00,M01,214.13,120.41,18.53,running
2025-03-09 04:04:00,M01,213.78,117.99,19.16,running
2025-03-09 04:05:00,M01,212.65,117.37,18.53,running
2025-03-09 04:06:00,M01,212.48,116.69,18.4,running
2025-03-09 04:07:00,M01,212.9,118.94,18.27,running
2025-03-09 04:08:00,M01,213.34,118.72,18.94,running
2025-03-09 04:09:00,M01,214.64,116.43,18.68,running
2025-03-09 04:10:00,M01,213.99,117.1,18.55,running
2025-03-09 04:11:00,M01,213.71,118.73,18.56,running
2025-03-09 04:12:00,M01,212.68,114.65,18.15,running
2025-03-09 04:13:00,M01,212.0,116.28,18.48,running
2025-03-09 04:14:00,M01,211.15,117.46,18.42,running
2025-03-09 04:15:00,M01,210.69,117.59,18.21,running
2025-03-09 04:16:00,M01,210.62,116.37,18.84,running
2025-03-09 04:17:00,M01,210.64,117.22,18.31,running
2025-03-09 04:18:00,M01,210.67,119.63,18.39,running
2025-03-09 04:19:00,M01,210.6,118.34,17.96,running
2025-03-09 04:20:00,M01,211.33,117.41,18.66,running
2025-03-09 04:21:00,M01,211.83,118.1,17.82,running
2025-03-09 04:22:00,M01,211.76,116.66,18.46,running
2025-03-09 04:23:00,M01,212.05,115.79,18.43,running
2025-03-09 04:24:00,M01,212.5,117.8,18.77,running
2025-03-09 04:25:00,M01,212.0,117.27,18.36,running
2025-03-09 04:26:00,M01,212.31,117.75,18.67,running
2025-03-09 04:27:00,M01,212.39,117.85,18.69,running
2025-03-09 04:28:00,M01,212.43,117.95,18.45,running
2025-03-09 04:29:00,M01,211.83,118.76,18.6,running
2025-03-09 04:30:00,M01,211.85,116.4,18.28,running
2025-03-09 04:31:00,M01,212.86,116.73,18.6,running
2025-03-09 04:32:00,M01,213.71,119.45,18.59,running
2025-03-09 04:33:00,M01,214.85,118.66,18.55,running
2025-03-09 04:34:00,M01,213.69,118.11,18.28,running
2025-03-09 04:35:00,M01,212.15,118.71,18.82,running
2025-03-09 04:36:00,M01,212.37,119.88,18.24,running
2025-03-09 04:37:00,M01,213.12,117.65,18.49,running
2025-03-09 04:38:00,M01,213.05,117.51,18.54,running
2025-03-09 04:39:00,M01,213.43,115.72,18.76,running
2025-03-09 04:40:00,M01,212.92,117.7,18.45,running
2025-03-09 04:41:00,M01,212.53,116.55,18.69,running
2025-03-09 04:42:00,M01,212.26,118.97,18.22,running
2025-03-09 04:43:00,M01,211.98,115.5,18.33,running
2025-03-09 04:44:00,M01,211.7,116.38,18.43,running
2025-03-09 04:45:00,M01,211.28,117.86,18.17,running
2025-03-09 04:46:00,M01,211.55,116.15,18.06,running
2025-03-09 04:47:00,M01,211.4,116.69,18.15,running
2025-03-09 04:48:00,M01,212.88,120.93,18.62,running
2025-03-09 04:49:00,M01,212.97,117.49,18.9,running
2025-03-09 04:50:00,M01,212.91,120.61,18.59,running
2025-03-09 04:51:00,M01,213.14,118.43,18.53,running
2025-03-09 04:52:00,M01,213.69,115.35,18.54,running
2025-03-09 04:53:00,M01,213.81,116.61,18.36,running
2025-03-09 04:54:00,M01,213.4,119.38,18.49,running
2025-03-09 04:55:00,M01,214.35,118.08,18.25,running
2025-03-09 04:56:00,M01,214.28,114.88,18.38,running
2025-03-09 04:57:00,M01,214.5,118.36,18.34,running
2025-03-09 04:58:00,M01,214.11,119.53,18.32,running
2025-03-09 04:59:00,M01,213.65,117.03,18.9,running
2025-03-09 05:00:00,M01,213.17,114.57,18.57,running
2025-03-09 05:01:00,M01,213.27,117.51,17.91,running
2025-03-09 05:02:00,M01,213.8,116.94,18.48,running
2025-03-09 05:03:00,M01,212.71,117.61,18.54,running
2025-03-09 05:04:00,M01,212.92,116.66,18.6,running
2025-03-09 05:05:00,M01,213.16,117.12,18.18,running
2025-03-09 05:06:00,M01,213.7,118.33,18.4,running
2025-03-09 05:07:00,M01,213.0,120.39,18.3,running
2025-03-09 05:08:00,M01,212.78,115.1,18.37,running
2025-03-09 05:09:00,M01,212.96,116.36,18.92,running
2025-03-09 05:10:00,M01,213.27,120.23,18.59,running
2025-03-09 05:11:00,M01,213.83,118.99,18.66,running
2025-03-09 05:12:00,M01,214.52,120.66,18.65,running
2025-03-09 05:13:00,M01,214.62,116.27,18.92,running
2025-03-09 05:14:00,M01,213.97,116.07,18.43,running
2025-03-09 05:15:00,M01,213.1,118.18,18.8,running
2025-03-09 05:16:00,M01,212.78,114.76,18.83,running
2025-03-09 05:17:00,M01,212.17,117.51,18.3,running
2025-03-09 05:18:00,M01,211.26,116.01,18.36,running
2025-03-09 05:19:00,M01,211.79,115.56,18.59,running
2025-03-09 05:20:00,M01,212.71,117.88,18.29,running
2025-03-09 05:21:00,M01,211.24,115.39,18.35,running
2025-03-09 05:22:00,M01,212.31,116.5,18.2,running
2025-03-09 05:23:00,M01,212.08,115.52,18.09,running
2025-03-09 05:24:00,M01,210.85,114.85,18.12,running
2025-03-09 05:25:00,M01,211.1,119.42,17.72,running
2025-03-09 05:26:00,M01,212.0,117.97,18.31,running
2025-03-09 05:27:00,M01,212.82,116.9,18.7,running
2025-03-09 05:28:00,M01,213.56,115.71,18.63,running
2025-03-09 05:29:00,M01,214.06,119.72,18.4,running
2025-03-09 05:30:00,M01,213.49,118.0,18.74,running
2025-03-09 05:31:00,M01,212.84,118.66,18.6,running
2025-03-09 05:32:00,M01,211.46,117.33,18.24,running
2025-03-09 05:33:00,M01,211.3,115.87,18.4,running
2025-03-09 05:34:00,M01,211.76,115.43,17.87,running
2025-03-09 05:35:00,M01,212.01,119.01,18.54,running
2025-03-09 05:36:00,M01,211.19,116.34,18.22,running
2025-03-09 05:37:00,M01,212.44,116.19,18.36,running
2025-03-09 05:38:00,M01,213.17,118.86,18.0,running
2025-03-09 05:39:00,M01,213.59,120.84,17.84,running
2025-03-09 05:40:00,M01,213.18,115.07,18.81,running
2025-03-09 05:41:00,M01,213.6,116.6,18.25,running
2025-03-09 05:42:00,M01,214.33,118.59,18.42,running
2025-03-09 05:43:00,M01,214.42,115.2,18.73,running
2025-03-09 05:44:00,M01,213.47,118.05,18.49,running
2025-03-09 05:45:00,M01,212.85,118.04,18.79,running
2025-03-09 05:46:00,M01,212.41,115.61,18.47,running
2025-03-09 05:47:00,M01,211.82,118.12,18.52,running
2025-03-09 05:48:00,M01,212.87,116.24,18.32,running
2025-03-09 05:49:00,M01,211.76,117.75,18.01,running
2025-03-09 05:50:00,M01,211.96,120.3,18.18,running
2025-03-09 05:51:00,M01,211.54,118.57,18.49,running
2025-03-09 05:52:00,M01,211.76,118.93,18.22,running
2025-03-09 05:53:00,M01,212.09,118.95,18.43,running
2025-03-09 05:54:00,M01,213.13,117.61,18.83,running
2025-03-09 05:55:00,M01,212.71,118.34,18.29,running
2025-03-09 05:56:00,M01,211.85,117.7,18.09,running
2025-03-09 05:57:00,M01,212.35,117.09,18.34,running
2025-03-09 05:58:00,M01,212.84,117.13,18.52,running
2025-03-09 05:59:00,M01,213.03,118.53,18.21,running
2025-03-09 06:00:00,M01,212.86,117.08,18.49,running
2025-03-09 06:01:00,M01,212.63,116.62,18.15,running
2025-03-09 06:02:00,M01,213.13,118.46,18.28,running
2025-03-09 06:03:00,M01,212.31,118.33,18.45,running
2025-03-09 06:04:00,M01,213.2,116.29,18.2,running
2025-03-09 06:05:00,M01,212.67,117.81,18.58,running
2025-03-09 06:06:00,M01,212.38,114.41,18.46,running
2025-03-09 06:07:00,M01,211.68,117.97,18.43,running
2025-03-09 06:08:00,M01,211.49,119.03,18.46,running
2025-03-09 06:09:00,M01,211.48,118.15,17.92,running
2025-03-09 06:10:00,M01,212.53,115.8,18.14,running
2025-03-09 06:11:00,M01,212.5,114.97,18.48,running
2025-03-09 06:12:00,M01,213.43,117.09,18.19,running
2025-03-09 06:13:00,M01,213.67,118.32,18.59,running
2025-03-09 06:14:00,M01,213.17,118.7,18.75,running
2025-03-09 06:15:00,M01,212.77,119.62,18.15,running
2025-03-09 06:16:00,M01,212.75,117.48,17.93,running
2025-03-09 06:17:00,M01,214.15,116.91,18.45,running
2025-03-09 06:18:00,M01,213.55,118.92,18.66,running
2025-03-09 06:19:00,M01,213.6,118.6,18.3,running
2025-03-09 06:20:00,M01,213.65,118.07,18.14,running
2025-03-09 06:21:00,M01,214.07,116.41,18.64,running
2025-03-09 06:22:00,M01,213.92,115.94,18.35,running
2025-03-09 06:23:00,M01,212.79,117.94,18.42,running
2025-03-09 06:24:00,M01,212.21,115.9,18.27,running
2025-03-09 06:25:00,M01,212.9,119.33,18.39,running
2025-03-09 06:26:00,M01,213.8,115.17,18.78,running
2025-03-09 06:27:00,M01,213.01,117.31,18.29,running
2025-03-09 06:28:00,M01,213.14,117.92,18.31,running
2025-03-09 06:29:00,M01,213.03,120.15,18.66,running
2025-03-09 06:30:00,M01,212.98,114.86,18.38,running
2025-03-09 06:31:00,M01,212.81,117.25,18.86,running
2025-03-09 06:32:00,M01,213.13,116.9,18.46,running
2025-03-09 06:33:00,M01,212.49,117.57,18.45,running
2025-03-09 06:34:00,M01,213.27,118.1,18.53,running
2025-03-09 06:35:00,M01,213.86,118.08,19.01,running
2025-03-09 06:36:00,M01,213.79,116.8,18.12,running
2025-03-09 06:37:00,M01,213.82,117.58,18.45,running
2025-03-09 06:38:00,M01,212.81,115.89,18.13,running
2025-03-09 06:39:00,M01,212.21,117.05,18.39,running
2025-03-09 06:40:00,M01,213.09,119.37,18.94,running
2025-03-09 06:41:00,M01,213.36,117.66,18.33,running
2025-03-09 06:42:00,M01,213.33,119.58,18.27,running
2025-03-09 06:43:00,M01,213.15,119.5,18.49,running
2025-03-09 06:44:00,M01,212.49,116.67,18.72,running
2025-03-09 06:45:00,M01,211.87,116.66,18.45,running
2025-03-09 06:46:00,M01,212.6,120.79,18.61,running
2025-03-09 06:47:00,M01,212.52,119.3,18.86,running
2025-03-09 06:48:00,M01,212.74,118.15,18.45,running
2025-03-09 06:49:00,M01,213.52,118.39,17.87,running
2025-03-09 06:50:00,M01,213.18,119.03,18.43,running
2025-03-09 06:51:00,M01,212.72,119.05,18.61,running
2025-03-09 06:52:00,M01,211.78,117.78,18.65,running
2025-03-09 06:53:00,M01,212.12,119.38,18.51,running
2025-03-09 06:54:00,M01,212.25,117.85,18.36,running
2025-03-09 06:55:00,M01,212.43,119.06,18.82,running
2025-03-09 06:56:00,M01,212.25,117.84,18.37,running
2025-03-09 06:57:00,M01,212.51,119.98,18.48,running
2025-03-09 06:58:00,M01,212.73,119.36,18.4,running
2025-03-09 06:59:00,M01,212.42,117.97,18.5,running
2025-03-09 07:00:00,M01,213.6,114.93,18.57,running
2025-03-09 07:01:00,M01,212.86,119.09,18.39,running
2025-03-09 07:02:00,M01,212.79,116.75,18.07,running
2025-03-09 07:03:00,M01,213.44,117.1,18.35,running
2025-03-09 07:04:00,M01,214.11,118.42,18.36,running
2025-03-09 07:05:00,M01,213.69,117.26,18.38,running
2025-03-09 07:06:00,M01,213.32,116.93,18.15,running
2025-03-09 07:07:00,M01,214.05,115.27,18.33,running
2025-03-09 07:08:00,M01,212.94,119.39,18.13,running
2025-03-09 07:09:00,M01,212.62,119.72,18.26,running
2025-03-09 07:10:00,M01,212.01,120.09,18.72,running
2025-03-09 07:11:00,M01,213.03,118.07,18.53,running
2025-03-09 07:12:00,M01,213.28,117.65,18.56,running
2025-03-09 07:13:00,M01,213.67,115.15,18.32,running
2025-03-09 07:14:00,M01,213.92,117.77,18.4,running
2025-03-09 07:15:00,M01,214.25,118.98,18.06,running
2025-03-09 07:16:00,M01,213.5,119.01,18.36,running
2025-03-09 07:17:00,M01,212.79,119.17,18.43,running
2025-03-09 07:18:00,M01,213.31,116.06,18.66,running
2025-03-09 07:19:00,M01,212.28,116.36,18.2,running
2025-03-09 07:20:00,M01,213.35,118.57,17.99,running
2025-03-09 07:21:00,M01,213.55,118.77,18.45,running
2025-03-09 07:22:00,M01,213.29,116.57,18.34,running
2025-03-09 07:23:00,M01,213.71,116.58,18.5,running
2025-03-09 07:24:00,M01,213.49,115.52,18.28,running
2025-03-09 07:25:00,M01,213.67,119.27,18.56,running
2025-03-09 07:26:00,M01,214.05,120.9,18.3,running
2025-03-09 07:27:00,M01,214.7,116.74,18.95,running
2025-03-09 07:28:00,M01,215.33,118.7,17.99,running
2025-03-09 07:29:00,M01,216.79,115.0,18.25,running
2025-03-09 07:30:00,M01,215.42,117.69,18.35,running
2025-03-09 07:31:00,M01,215.07,118.97,18.28,running
2025-03-09 07:32:00,M01,214.42,118.66,18.88,running
2025-03-09 07:33:00,M01,213.93,117.96,18.44,running
2025-03-09 07:34:00,M01,214.07,119.77,18.38,running
2025-03-09 07:35:00,M01,213.58,120.02,18.29,running
2025-03-09 07:36:00,M01,214.43,118.63,18.3,running
2025-03-09 07:37:00,M01,214.96,117.78,18.23,running
2025-03-09 07:38:00,M01,214.81,120.49,18.86,running
2025-03-09 07:39:00,M01,214.81,116.59,18.7,running
2025-03-09 07:40:00,M01,214.92,116.08,18.33,running
2025-03-09 07:41:00,M01,215.38,117.55,18.75,running
2025-03-09 07:42:00,M01,216.75,117.88,18.36,running
2025-03-09 07:43:00,M01,215.5,118.88,18.21,running
2025-03-09 07:44:00,M01,214.97,116.66,18.56,running
2025-03-09 07:45:00,M01,215.29,120.5,18.43,running
2025-03-09 07:46:00,M01,214.78,116.74,18.5,running
2025-03-09 07:47:00,M01,215.07,118.49,18.46,running
2025-03-09 07:48:00,M01,215.15,118.73,18.72,running
2025-03-09 07:49:00,M01,214.0,114.42,18.13,running
2025-03-09 07:50:00,M01,213.52,117.11,18.57,running
2025-03-09 07:51:00,M01,213.57,116.1,18.51,running
2025-03-09 07:52:00,M01,213.26,116.15,18.84,running
2025-03-09 07:53:00,M01,212.3,118.35,18.44,running
2025-03-09 07:54:00,M01,212.95,118.83,18.33,running
2025-03-09 07:55:00,M01,213.73,119.45,18.55,running
2025-03-09 07:56:00,M01,214.79,119.82,18.52,running
2025-03-09 07:57:00,M01,214.56,118.93,18.76,running
2025-03-09 07:58:00,M01,214.31,116.61,18.07,running
2025-03-09 07:59:00,M01,214.38,116.14,18.34,running
2025-03-09 08:00:00,M01,214.53,117.95,18.61,running
2025-03-09 08:01:00,M01,214.97,118.67,18.56,running
2025-03-09 08:02:00,M01,215.39,117.43,18.55,running
2025-03-09 08:03:00,M01,215.56,117.18,18.36,running
2025-03-09 08:04:00,M01,215.86,118.24,18.71,running
2025-03-09 08:05:00,M01,215.9,117.67,18.73,running
2025-03-09 08:06:00,M01,215.65,116.41,18.68,running
2025-03-09 08:07:00,M01,215.72,119.53,18.6,running
2025-03-09 08:08:00,M01,214.89,119.33,18.51,running
2025-03-09 08:09:00,M01,215.34,116.81,18.27,running
2025-03-09 08:10:00,M01,215.82,118.75,18.74,running
2025-03-09 08:11:00,M01,214.2,119.52,18.38,running
2025-03-09 08:12:00,M01,213.81,118.12,18.43,running
2025-03-09 08:13:00,M01,213.38,118.43,17.86,running
2025-03-09 08:14:00,M01,213.64,116.81,18.35,running
2025-03-09 08:15:00,M01,214.85,116.95,18.43,running
2025-03-09 08:16:00,M01,214.64,119.54,18.46,running
2025-03-09 08:17:00,M01,214.79,116.13,18.62,running
2025-03-09 08:18:00,M01,215.13,119.03,18.23,running
2025-03-09 08:19:00,M01,215.5,118.83,18.32,running
2025-03-09 08:20:00,M01,215.48,121.34,18.62,running
2025-03-09 08:21:00,M01,215.43,118.66,18.33,running
2025-03-09 08:22:00,M01,215.03,117.52,18.3,running
2025-03-09 08:23:00,M01,214.89,117.53,18.6,running
2025-03-09 08:24:00,M01,214.95,116.93,18.28,running
2025-03-09 08:25:00,M01,215.04,118.01,18.7,running
2025-03-09 08:26:00,M01,214.72,117.47,18.56,running
2025-03-09 08:27:00,M01,215.23,118.02,18.49,running
2025-03-09 08:28:00,M01,214.55,115.4,18.24,running
2025-03-09 08:29:00,M01,215.45,118.41,18.44,running
2025-03-09 08:30:00,M01,215.24,119.24,18.69,running
2025-03-09 08:31:00,M01,213.88,117.77,18.61,running
2025-03-09 08:32:00,M01,213.95,120.12,18.24,running
2025-03-09 08:33:00,M01,214.22,115.59,18.56,running
2025-03-09 08:34:00,M01,214.03,117.38,18.19,running
2025-03-09 08:35:00,M01,213.91,119.05,18.05,running
2025-03-09 08:36:00,M01,213.93,117.09,18.25,running
2025-03-09 08:37:00,M01,213.41,116.66,18.41,running
2025-03-09 08:38:00,M01,214.0,118.92,18.48,running
2025-03-09 08:39:00,M01,213.85,116.1,18.36,running
2025-03-09 08:40:00,M01,213.65,119.46,18.64,running
2025-03-09 08:41:00,M01,215.07,117.4,18.47,running
2025-03-09 08:42:00,M01,214.54,118.16,18.6,running
2025-03-09 08:43:00,M01,214.3,118.2,18.16,running
2025-03-09 08:44:00,M01,215.91,119.36,18.2,running
2025-03-09 08:45:00,M01,215.94,117.39,18.68,running
2025-03-09 08:46:00,M01,214.92,118.34,18.55,running
2025-03-09 08:47:00,M01,214.83,119.09,18.19,running
2025-03-09 08:48:00,M01,215.63,116.37,18.15,running
2025-03-09 08:49:00,M01,215.32,119.9,18.47,running
2025-03-09 08:50:00,M01,214.26,117.35,18.55,running
2025-03-09 08:51:00,M01,213.82,118.56,18.67,running
2025-03-09 08:52:00,M01,214.86,118.02,18.21,running
2025-03-09 08:53:00,M01,215.57,120.34,18.32,running
2025-03-09 08:54:00,M01,215.77,118.74,18.54,running
2025-03-09 08:55:00,M01,215.55,114.92,18.57,running
2025-03-09 08:56:00,M01,215.28,119.56,18.55,running
2025-03-09 08:57:00,M01,215.76,117.33,18.47,running
2025-03-09 08:58:00,M01,215.22,116.61,18.35,running
2025-03-09 08:59:00,M01,215.17,120.02,18.08,running
2025-03-09 09:00:00,M01,214.95,117.17,18.42,running
2025-03-09 09:01:00,M01,214.47,117.36,18.19,running
2025-03-09 09:02:00,M01,214.82,120.71,18.62,running
2025-03-09 09:03:00,M01,215.42,118.25,18.36,running
2025-03-09 09:04:00,M01,214.5,118.0,18.28,running
2025-03-09 09:05:00,M01,214.81,118.95,18.72,running
2025-03-09 09:06:00,M01,215.35,117.75,18.39,running
2025-03-09 09:07:00,M01,215.45,118.61,18.5,running
2025-03-09 09:08:00,M01,215.16,118.75,18.42,running
2025-03-09 09:09:00,M01,216.1,119.76,18.59,running
2025-03-09 09:10:00,M01,215.84,116.96,18.56,running
2025-03-09 09:11:00,M01,216.22,118.87,19.06,running
2025-03-09 09:12:00,M01,215.84,118.57,18.53,running
2025-03-09 09:13:00,M01,215.17,118.65,18.68,running
2025-03-09 09:14:00,M01,215.01,118.49,18.45,running
2025-03-09 09:15:00,M01,216.19,120.44,18.31,running
2025-03-09 09:16:00,M01,216.32,118.55,18.59,running
2025-03-09 09:17:00,M01,216.22,120.55,18.1,running
2025-03-09 09:18:00,M01,216.96,118.61,18.97,running
2025-03-09 09:19:00,M01,217.29,117.25,18.66,running
2025-03-09 09:20:00,M01,217.37,117.98,18.7,running
2025-03-09 09:21:00,M01,217.33,118.54,18.85,running
2025-03-09 09:22:00,M01,216.16,120.56,19.05,running
2025-03-09 09:23:00,M01,217.12,122.25,18.53,running
2025-03-09 09:24:00,M01,217.46,116.91,18.77,running
2025-03-09 09:25:00,M01,218.18,117.48,18.23,running
2025-03-09 09:26:00,M01,217.75,118.28,18.73,running
2025-03-09 09:27:00,M01,217.35,119.9,18.31,running
2025-03-09 09:28:00,M01,217.33,119.86,18.46,running
2025-03-09 09:29:00,M01,217.79,117.75,18.46,running
2025-03-09 09:30:00,M01,217.35,120.76,18.86,running
2025-03-09 09:31:00,M01,216.3,118.49,18.37,running
2025-03-09 09:32:00,M01,217.0,115.55,18.79,running
2025-03-09 09:33:00,M01,217.12,118.01,18.63,running
2025-03-09 09:34:00,M01,216.44,118.46,19.22,running
2025-03-09 09:35:00,M01,216.97,120.75,18.51,running
2025-03-09 09:36:00,M01,216.7,115.75,18.65,running
2025-03-09 09:37:00,M01,216.11,116.09,18.46,running
2025-03-09 09:38:00,M01,216.45,117.8,18.21,running
2025-03-09 09:39:00,M01,216.38,117.28,18.64,running
2025-03-09 09:40:00,M01,216.36,117.28,18.68,running
2025-03-09 09:41:00,M01,216.33,119.75,18.5,running
2025-03-09 09:42:00,M01,217.09,121.08,18.49,running
2025-03-09 09:43:00,M01,215.63,117.87,18.47,running
2025-03-09 09:44:00,M01,215.09,117.56,18.18,running
2025-03-09 09:45:00,M01,215.72,115.81,18.66,running
2025-03-09 09:46:00,M01,215.37,119.63,18.27,running
2025-03-09 09:47:00,M01,216.06,118.55,18.36,running
2025-03-09 09:48:00,M01,215.78,118.29,17.86,running
2025-03-09 09:49:00,M01,215.22,117.61,18.24,running
2025-03-09 09:50:00,M01,215.74,119.9,18.55,running
2025-03-09 09:51:00,M01,215.07,118.47,18.11,running
2025-03-09 09:52:00,M01,214.92,117.84,18.29,running
2025-03-09 09:53:00,M01,215.28,117.82,18.66,running
2025-03-09 09:54:00,M01,215.24,119.34,18.16,running
2025-03-09 09:55:00,M01,216.7,116.52,18.54,running
2025-03-09 09:56:00,M01,217.48,117.83,18.08,running
2025-03-09 09:57:00,M01,216.72,117.69,18.51,running
2025-03-09 09:58:00,M01,216.17,119.5,18.41,running
2025-03-09 09:59:00,M01,216.29,120.3,18.51,running
2025-03-09 10:00:00,M01,215.85,117.85,18.58,running
2025-03-09 10:01:00,M01,215.24,118.05,18.45,running
2025-03-09 10:02:00,M01,215.75,117.9,18.5,running
2025-03-09 10:03:00,M01,216.68,117.8,18.26,running
2025-03-09 10:04:00,M01,216.77,121.0,18.55,running
2025-03-09 10:05:00,M01,217.41,119.0,18.91,running
2025-03-09 10:06:00,M01,217.78,120.26,18.67,running
2025-03-09 10:07:00,M01,217.64,117.57,18.78,running
2025-03-09 10:08:00,M01,216.21,118.39,18.68,running
2025-03-09 10:09:00,M01,215.44,118.53,18.14,running
2025-03-09 10:10:00,M01,215.92,118.06,18.19,running
2025-03-09 10:11:00,M01,216.69,118.94,18.41,running
2025-03-09 10:12:00,M01,216.12,116.19,18.38,running
2025-03-09 10:13:00,M01,215.76,118.56,18.68,running
2025-03-09 10:14:00,M01,216.25,117.54,18.61,running
2025-03-09 10:15:00,M01,216.48,117.48,18.17,running
2025-03-09 10:16:00,M01,216.64,120.47,18.65,running
2025-03-09 10:17:00,M01,217.48,115.34,18.55,running
2025-03-09 10:18:00,M01,217.47,118.75,18.43,running
2025-03-09 10:19:00,M01,217.35,120.54,18.12,running
2025-03-09 10:20:00,M01,216.56,115.04,18.22,running
2025-03-09 10:21:00,M01,216.08,122.39,18.54,running
2025-03-09 10:22:00,M01,216.62,119.83,18.34,running
2025-03-09 10:23:00,M01,216.68,116.39,18.52,running
2025-03-09 10:24:00,M01,216.16,118.16,18.95,running
2025-03-09 10:25:00,M01,216.44,115.42,18.65,running
2025-03-09 10:26:00,M01,216.98,116.55,18.81,running
2025-03-09 10:27:00,M01,217.26,117.6,18.77,running
2025-03-09 10:28:00,M01,217.08,118.34,18.73,running
2025-03-09 10:29:00,M01,217.49,118.38,18.68,running
2025-03-09 10:30:00,M01,217.48,117.87,18.36,running
2025-03-09 10:31:00,M01,217.29,114.85,18.48,running
2025-03-09 10:32:00,M01,216.32,119.74,18.5,running
2025-03-09 10:33:00,M01,216.42,117.1,18.26,running
2025-03-09 10:34:00,M01,216.9,117.47,18.45,running
2025-03-09 10:35:00,M01,217.39,117.59,18.22,running
2025-03-09 10:36:00,M01,217.33,119.75,18.51,running
2025-03-09 10:37:00,M01,216.83,117.3,18.35,running
2025-03-09 10:38:00,M01,216.07,119.47,18.69,running
2025-03-09 10:39:00,M01,217.25,119.9,17.81,running
2025-03-09 10:40:00,M01,217.15,120.37,18.65,running
2025-03-09 10:41:00,M01,217.26,116.62,18.54,running
2025-03-09 10:42:00,M01,216.59,120.93,19.05,running
2025-03-09 10:43:00,M01,216.14,117.64,18.52,running
2025-03-09 10:44:00,M01,216.56,117.67,18.9,running
2025-03-09 10:45:00,M01,216.5,118.99,18.67,running
2025-03-09 10:46:00,M01,216.68,117.17,18.61,running
2025-03-09 10:47:00,M01,217.2,116.53,19.09,running
2025-03-09 10:48:00,M01,217.07,117.95,18.17,running
2025-03-09 10:49:00,M01,216.76,119.54,17.97,running
2025-03-09 10:50:00,M01,216.97,118.24,18.78,running
2025-03-09 10:51:00,M01,217.29,117.05,18.64,running
2025-03-09 10:52:00,M01,217.68,119.72,18.96,running
2025-03-09 10:53:00,M01,217.25,120.23,18.71,running
2025-03-09 10:54:00,M01,217.7,115.83,18.31,running
2025-03-09 10:55:00,M01,216.68,117.95,18.43,running
2025-03-09 10:56:00,M01,215.92,119.65,18.39,running
2025-03-09 10:57:00,M01,215.85,115.68,18.71,running
2025-03-09 10:58:00,M01,214.89,121.08,18.41,running
2025-03-09 10:59:00,M01,215.69,117.38,18.51,running
2025-03-09 11:00:00,M01,216.82,119.42,18.15,running
2025-03-09 11:01:00,M01,217.61,116.99,18.89,running
2025-03-09 11:02:00,M01,217.3,118.67,18.49,running
2025-03-09 11:03:00,M01,217.35,118.28,18.65,running
2025-03-09 11:04:00,M01,216.07,118.77,18.72,running
2025-03-09 11:05:00,M01,216.01,119.97,18.47,running
2025-03-09 11:06:00,M01,215.88,114.46,18.44,running
2025-03-09 11:07:00,M01,216.23,115.06,18.32,running
2025-03-09 11:08:00,M01,216.7,119.3,18.41,running
2025-03-09 11:09:00,M01,216.19,117.2,18.73,running
2025-03-09 11:10:00,M01,217.13,114.29,18.52,running
2025-03-09 11:11:00,M01,217.41,122.98,19.04,running
2025-03-09 11:12:00,M01,217.47,117.79,18.79,running
2025-03-09 11:13:00,M01,217.96,118.49,18.88,running
2025-03-09 11:14:00,M01,216.95,120.49,18.59,running
2025-03-09 11:15:00,M01,216.92,118.96,18.16,running
2025-03-09 11:16:00,M01,217.66,120.68,18.68,running
2025-03-09 11:17:00,M01,217.47,119.74,18.41,running
2025-03-09 11:18:00,M01,217.12,117.39,18.65,running
2025-03-09 11:19:00,M01,217.13,117.54,18.25,running
2025-03-09 11:20:00,M01,217.4,115.5,18.79,running
2025-03-09 11:21:00,M01,216.89,117.55,18.38,running
2025-03-09 11:22:00,M01,216.32,119.44,18.58,running
2025-03-09 11:23:00,M01,217.46,118.07,18.47,running
2025-03-09 11:24:00,M01,218.18,119.12,18.7,running
2025-03-09 11:25:00,M01,217.48,117.7,18.64,running
2025-03-09 11:26:00,M01,218.4,119.46,18.36,running
2025-03-09 11:27:00,M01,218.77,121.42,18.47,running
2025-03-09 11:28:00,M01,219.15,117.27,18.54,running
2025-03-09 11:29:00,M01,220.01,117.53,18.56,running
2025-03-09 11:30:00,M01,219.38,118.73,18.32,running
2025-03-09 11:31:00,M01,218.21,119.33,19.34,running
2025-03-09 11:32:00,M01,217.83,116.61,18.61,running
2025-03-09 11:33:00,M01,218.18,117.78,18.53,running
2025-03-09 11:34:00,M01,217.97,117.77,18.87,running
2025-03-09 11:35:00,M01,218.37,115.46,18.77,running
2025-03-09 11:36:00,M01,218.44,118.85,18.77,running
2025-03-09 11:37:00,M01,218.44,117.54,18.83,running
2025-03-09 11:38:00,M01,218.2,118.81,18.31,running
2025-03-09 11:39:00,M01,218.23,118.11,18.92,running
2025-03-09 11:40:00,M01,218.26,119.58,18.59,running
2025-03-09 11:41:00,M01,218.7,117.93,18.38,running
2025-03-09 11:42:00,M01,218.29,121.96,18.81,running
2025-03-09 11:43:00,M01,216.49,121.53,18.59,running
2025-03-09 11:44:00,M01,216.22,118.26,18.59,running
2025-03-09 11:45:00,M01,216.52,117.03,18.62,running
2025-03-09 11:46:00,M01,215.31,116.0,18.53,running
2025-03-09 11:47:00,M01,215.38,118.38,18.56,running
2025-03-09 11:48:00,M01,215.94,119.25,18.04,running
2025-03-09 11:49:00,M01,216.97,116.08,18.57,running
2025-03-09 11:50:00,M01,217.35,119.35,18.41,running
2025-03-09 11:51:00,M01,217.34,119.71,18.88,running
2025-03-09 11:52:00,M01,216.56,119.8,18.21,running
2025-03-09 11:53:00,M01,216.4,118.06,18.3,running
2025-03-09 11:54:00,M01,216.24,120.52,18.39,running
2025-03-09 11:55:00,M01,216.65,118.5,18.51,running
2025-03-09 11:56:00,M01,216.31,117.09,18.52,running
2025-03-09 11:57:00,M01,215.97,117.01,18.42,running
2025-03-09 11:58:00,M01,216.63,117.92,18.69,running
2025-03-09 11:59:00,M01,217.26,119.86,18.24,running
2025-03-09 12:00:00,M01,218.26,117.65,18.32,running
2025-03-09 12:01:00,M01,218.95,120.45,18.48,running
2025-03-09 12:02:00,M01,218.37,119.39,19.11,running
2025-03-09 12:03:00,M01,218.79,118.45,18.19,running
2025-03-09 12:04:00,M01,218.88,119.76,18.56,running
2025-03-09 12:05:00,M01,220.15,120.0,18.79,running
2025-03-09 12:06:00,M01,219.93,118.37,18.7,running
2025-03-09 12:07:00,M01,218.87,117.9,18.99,running
2025-03-09 12:08:00,M01,218.67,118.37,18.47,running
2025-03-09 12:09:00,M01,218.99,120.31,18.73,running
2025-03-09 12:10:00,M01,218.66,116.86,19.06,running
2025-03-09 12:11:00,M01,218.4,116.95,18.24,running
2025-03-09 12:12:00,M01,218.66,117.07,18.55,running
2025-03-09 12:13:00,M01,219.1,117.43,18.46,running
2025-03-09 12:14:00,M01,218.44,120.03,18.33,running
2025-03-09 12:15:00,M01,218.37,117.69,18.52,running
2025-03-09 12:16:00,M01,217.39,115.99,18.63,running
2025-03-09 12:17:00,M01,216.94,116.8,19.09,running
2025-03-09 12:18:00,M01,216.98,120.81,18.16,running
2025-03-09 12:19:00,M01,216.74,115.23,17.98,running
2025-03-09 12:20:00,M01,216.9,120.6,18.26,running
2025-03-09 12:21:00,M01,216.17,120.11,18.88,running
2025-03-09 12:22:00,M01,217.35,117.11,18.49,running
2025-03-09 12:23:00,M01,217.72,119.3,18.28,running
2025-03-09 12:24:00,M01,218.59,118.0,18.66,running
2025-03-09 12:25:00,M01,217.77,119.38,18.85,running
2025-03-09 12:26:00,M01,217.1,119.98,18.49,running
2025-03-09 12:27:00,M01,216.75,119.44,18.27,running
2025-03-09 12:28:00,M01,217.48,120.55,18.42,running
2025-03-09 12:29:00,M01,217.39,117.44,18.63,running
2025-03-09 12:30:00,M01,216.91,117.29,18.14,running
2025-03-09 12:31:00,M01,216.56,116.72,18.41,running
2025-03-09 12:32:00,M01,217.32,122.01,18.35,running
2025-03-09 12:33:00,M01,217.24,117.98,18.65,running
2025-03-09 12:34:00,M01,218.0,119.75,18.94,running
2025-03-09 12:35:00,M01,216.36,117.67,18.31,running
2025-03-09 12:36:00,M01,217.22,120.55,18.67,running
2025-03-09 12:37:00,M01,216.72,117.96,18.96,running
2025-03-09 12:38:00,M01,216.83,117.53,18.21,running
2025-03-09 12:39:00,M01,216.82,117.83,18.43,running
2025-03-09 12:40:00,M01,216.57,117.12,18.54,running
2025-03-09 12:41:00,M01,216.81,119.11,18.53,running
2025-03-09 12:42:00,M01,217.23,119.22,18.56,running
2025-03-09 12:43:00,M01,217.05,119.48,18.6,running
2025-03-09 12:44:00,M01,216.72,119.69,18.75,running
2025-03-09 12:45:00,M01,217.14,119.03,18.71,running
2025-03-09 12:46:00,M01,217.29,119.95,18.92,running
2025-03-09 12:47:00,M01,218.29,119.02,18.73,running
2025-03-09 12:48:00,M01,217.53,118.42,18.67,running
2025-03-09 12:49:00,M01,217.27,115.0,18.48,running
2025-03-09 12:50:00,M01,216.8,116.28,18.68,running
2025-03-09 12:51:00,M01,217.24,119.05,18.86,running
2025-03-09 12:52:00,M01,218.73,117.99,18.69,running
2025-03-09 12:53:00,M01,218.46,119.15,18.69,running
2025-03-09 12:54:00,M01,218.05,119.14,19.29,running
2025-03-09 12:55:00,M01,217.86,120.18,17.97,running
2025-03-09 12:56:00,M01,217.44,119.0,18.44,running
2025-03-09 12:57:00,M01,217.6,118.81,18.55,running
2025-03-09 12:58:00,M01,216.95,115.62,18.52,running
2025-03-09 12:59:00,M01,217.37,117.01,18.45,running
2025-03-09 13:00:00,M01,217.27,117.24,18.78,running
2025-03-09 13:01:00,M01,217.53,118.53,18.83,running
2025-03-09 13:02:00,M01,218.02,116.41,18.79,running
2025-03-09 13:03:00,M01,219.07,116.99,18.37,running
2025-03-09 13:04:00,M01,219.26,117.05,18.59,running
2025-03-09 13:05:00,M01,219.17,120.01,18.71,running
2025-03-09 13:06:00,M01,217.34,120.45,18.74,running
2025-03-09 13:07:00,M01,216.64,117.49,18.66,running
2025-03-09 13:08:00,M01,216.32,118.03,18.51,running
2025-03-09 13:09:00,M01,217.06,116.34,18.87,running
2025-03-09 13:10:00,M01,216.77,118.4,18.44,running
2025-03-09 13:11:00,M01,216.54,119.43,18.17,running
2025-03-09 13:12:00,M01,216.28,116.68,18.82,running
2025-03-09 13:13:00,M01,216.53,118.67,18.54,running
2025-03-09 13:14:00,M01,217.17,119.39,18.16,running
2025-03-09 13:15:00,M01,217.75,120.14,18.6,running
2025-03-09 13:16:00,M01,217.33,118.81,18.57,running
2025-03-09 13:17:00,M01,217.91,117.66,18.21,running
2025-03-09 13:18:00,M01,219.24,117.68,18.24,running
2025-03-09 13:19:00,M01,218.59,115.05,18.54,running
2025-03-09 13:20:00,M01,218.96,118.81,18.72,running
2025-03-09 13:21:00,M01,218.83,118.24,18.32,running
2025-03-09 13:22:00,M01,218.62,118.8,18.62,running
2025-03-09 13:23:00,M01,218.42,118.58,18.93,running
2025-03-09 13:24:00,M01,218.43,117.41,18.66,running
2025-03-09 13:25:00,M01,218.03,118.38,18.88,running
2025-03-09 13:26:00,M01,218.44,119.42,18.49,running
2025-03-09 13:27:00,M01,218.25,120.97,18.9,running
2025-03-09 13:28:00,M01,218.69,119.18,18.51,running
2025-03-09 13:29:00,M01,218.69,119.7,18.52,running
2025-03-09 13:30:00,M01,218.22,119.69,18.29,running
2025-03-09 13:31:00,M01,219.25,118.05,18.81,running
2025-03-09 13:32:00,M01,218.65,121.46,18.34,running
2025-03-09 13:33:00,M01,218.1,120.3,18.23,running
2025-03-09 13:34:00,M01,218.2,118.63,18.37,running
2025-03-09 13:35:00,M01,218.53,121.5,18.75,running
2025-03-09 13:36:00,M01,217.81,117.79,18.45,running
2025-03-09 13:37:00,M01,217.83,120.41,18.58,running
2025-03-09 13:38:00,M01,217.66,117.06,18.47,running
2025-03-09 13:39:00,M01,217.62,116.67,18.91,running
2025-03-09 13:40:00,M01,217.28,121.79,18.92,running
2025-03-09 13:41:00,M01,216.62,117.39,18.56,running
2025-03-09 13:42:00,M01,217.63,119.79,18.43,running
2025-03-09 13:43:00,M01,218.46,119.59,18.97,running
2025-03-09 13:44:00,M01,217.46,120.09,18.68,running
2025-03-09 13:45:00,M01,217.14,118.48,18.68,running
2025-03-09 13:46:00,M01,215.89,118.59,18.38,running
2025-03-09 13:47:00,M01,216.46,116.27,18.41,running
2025-03-09 13:48:00,M01,216.7,115.89,18.45,running
2025-03-09 13:49:00,M01,216.61,117.79,18.51,running
2025-03-09 13:50:00,M01,216.73,118.22,18.93,running
2025-03-09 13:51:00,M01,217.96,118.06,18.53,running
2025-03-09 13:52:00,M01,217.5,116.79,17.94,running
2025-03-09 13:53:00,M01,217.89,117.23,18.46,running
2025-03-09 13:54:00,M01,217.73,118.98,18.4,running
2025-03-09 13:55:00,M01,219.07,118.56,18.68,running
2025-03-09 13:56:00,M01,219.53,115.92,18.72,running
2025-03-09 13:57:00,M01,218.84,117.21,18.89,running
2025-03-09 13:58:00,M01,218.84,117.62,18.45,running
2025-03-09 13:59:00,M01,218.49,120.09,18.67,running
2025-03-09 14:00:00,M01,218.94,117.93,19.02,running
2025-03-09 14:01:00,M01,218.85,120.85,18.9,running
2025-03-09 14:02:00,M01,219.04,118.63,18.47,running
2025-03-09 14:03:00,M01,219.04,119.16,18.78,running
2025-03-09 14:04:00,M01,218.7,117.45,18.11,running
2025-03-09 14:05:00,M01,218.69,118.76,18.41,running
2025-03-09 14:06:00,M01,219.28,117.9,18.76,running
2025-03-09 14:07:00,M01,220.42,117.02,18.28,running
2025-03-09 14:08:00,M01,219.73,120.75,18.7,running
2025-03-09 14:09:00,M01,220.38,116.2,18.65,running
2025-03-09 14:10:00,M01,219.53,119.15,18.83,running
2025-03-09 14:11:00,M01,218.55,121.45,18.72,running
2025-03-09 14:12:00,M01,218.4,117.21,18.8,running
2025-03-09 14:13:00,M01,219.05,119.43,18.79,running
2025-03-09 14:14:00,M01,218.77,119.98,18.85,running
2025-03-09 14:15:00,M01,219.45,120.62,18.49,running
2025-03-09 14:16:00,M01,217.94,119.0,18.19,running
2025-03-09 14:17:00,M01,218.25,120.52,18.68,running
2025-03-09 14:18:00,M01,219.18,116.75,18.29,running
2025-03-09 14:19:00,M01,219.05,120.39,18.34,running
2025-03-09 14:20:00,M01,219.05,118.68,18.86,running
2025-03-09 14:21:00,M01,219.06,118.6,18.81,running
2025-03-09 14:22:00,M01,219.86,115.81,18.72,running
2025-03-09 14:23:00,M01,219.49,119.85,18.49,running
2025-03-09 14:24:00,M01,219.84,117.91,18.71,running
2025-03-09 14:25:00,M01,219.48,117.75,18.96,running
2025-03-09 14:26:00,M01,218.94,116.9,18.96,running
2025-03-09 14:27:00,M01,218.44,118.96,19.0,running
2025-03-09 14:28:00,M01,219.12,116.75,18.85,running
2025-03-09 14:29:00,M01,219.38,118.21,18.26,running
2025-03-09 14:30:00,M01,218.47,119.71,18.27,running
2025-03-09 14:31:00,M01,218.47,121.28,18.42,running
2025-03-09 14:32:00,M01,218.95,118.65,18.55,running
2025-03-09 14:33:00,M01,218.7,118.51,18.72,running
2025-03-09 14:34:00,M01,217.99,117.3,18.95,running
2025-03-09 14:35:00,M01,217.5,116.71,18.87,running
2025-03-09 14:36:00,M01,217.28,117.14,18.45,running
2025-03-09 14:37:00,M01,216.93,116.46,18.78,running
2025-03-09 14:38:00,M01,216.48,116.2,18.96,running
2025-03-09 14:39:00,M01,217.75,116.32,18.72,running
2025-03-09 14:40:00,M01,218.3,122.84,18.42,running
2025-03-09 14:41:00,M01,217.91,118.44,18.68,running
2025-03-09 14:42:00,M01,217.08,118.86,18.52,running
2025-03-09 14:43:00,M01,218.18,116.82,18.67,running
2025-03-09 14:44:00,M01,217.69,117.07,18.78,running
2025-03-09 14:45:00,M01,218.51,119.96,18.58,running
2025-03-09 14:46:00,M01,219.2,119.45,18.91,running
2025-03-09 14:47:00,M01,219.25,118.32,19.02,running
2025-03-09 14:48:00,M01,219.88,120.38,18.62,running
2025-03-09 14:49:00,M01,220.53,117.67,18.84,running
2025-03-09 14:50:00,M01,221.17,119.34,18.76,running
2025-03-09 14:51:00,M01,220.04,117.85,18.31,running
2025-03-09 14:52:00,M01,219.43,118.91,18.55,running
2025-03-09 14:53:00,M01,219.11,117.96,18.52,running
2025-03-09 14:54:00,M01,219.43,118.61,18.5,running
2025-03-09 14:55:00,M01,220.37,116.85,18.88,running
2025-03-09 14:56:00,M01,219.72,115.89,18.65,running
2025-03-09 14:57:00,M01,219.52,119.88,18.41,running
2025-03-09 14:58:00,M01,219.33,120.23,19.09,running
2025-03-09 14:59:00,M01,219.82,119.74,18.69,running
2025-03-09 15:00:00,M01,219.2,115.7,18.79,running
2025-03-09 15:01:00,M01,219.37,118.83,18.64,running
2025-03-09 15:02:00,M01,219.41,119.4,18.14,running
2025-03-09 15:03:00,M01,218.74,118.62,18.71,running
2025-03-09 15:04:00,M01,218.85,117.3,18.78,running
2025-03-09 15:05:00,M01,219.39,119.34,18.41,running
2025-03-09 15:06:00,M01,219.15,118.83,18.33,running
2025-03-09 15:07:00,M01,219.98,120.15,18.57,running
2025-03-09 15:08:00,M01,220.61,118.71,18.56,running
2025-03-09 15:09:00,M01,221.09,119.67,18.9,running
2025-03-09 15:10:00,M01,219.92,119.55,18.95,running
2025-03-09 15:11:00,M01,220.06,120.32,18.87,running
2025-03-09 15:12:00,M01,220.23,117.85,18.72,running
2025-03-09 15:13:00,M01,219.37,117.3,18.35,running
2025-03-09 15:14:00,M01,220.13,118.2,18.61,running
2025-03-09 15:15:00,M01,219.41,118.92,19.14,running
2025-03-09 15:16:00,M01,218.98,116.88,18.62,running
2025-03-09 15:17:00,M01,217.65,116.62,18.65,running
2025-03-09 15:18:00,M01,217.07,120.01,18.59,running
2025-03-09 15:19:00,M01,216.85,116.08,18.47,running
2025-03-09 15:20:00,M01,216.95,117.09,18.49,running
2025-03-09 15:21:00,M01,216.63,117.98,18.52,running
2025-03-09 15:22:00,M01,216.53,114.81,18.52,running
2025-03-09 15:23:00,M01,217.81,117.97,18.62,running
2025-03-09 15:24:00,M01,217.66,119.61,18.55,running
2025-03-09 15:25:00,M01,217.54,116.82,18.57,running
2025-03-09 15:26:00,M01,217.67,117.76,18.58,running
2025-03-09 15:27:00,M01,217.75,118.73,18.72,running
2025-03-09 15:28:00,M01,218.84,117.17,18.91,running
2025-03-09 15:29:00,M01,219.34,117.92,19.08,running
2025-03-09 15:30:00,M01,219.04,120.01,18.84,running
2025-03-09 15:31:00,M01,218.55,121.34,18.58,running
2025-03-09 15:32:00,M01,218.31,119.04,19.11,running
2025-03-09 15:33:00,M01,218.71,118.89,18.49,running
2025-03-09 15:34:00,M01,218.63,119.63,18.57,running
2025-03-09 15:35:00,M01,218.96,117.44,18.6,running
2025-03-09 15:36:00,M01,219.5,117.82,18.49,running
2025-03-09 15:37:00,M01,218.71,119.94,18.64,running
2025-03-09 15:38:00,M01,218.41,116.72,18.99,running
2025-03-09 15:39:00,M01,218.64,120.26,18.53,running
2025-03-09 15:40:00,M01,219.18,118.3,18.55,running
2025-03-09 15:41:00,M01,218.85,119.38,18.63,running
2025-03-09 15:42:00,M01,218.76,122.58,18.45,running
2025-03-09 15:43:00,M01,219.12,115.2,18.19,running
2025-03-09 15:44:00,M01,218.48,118.71,18.68,running
2025-03-09 15:45:00,M01,218.3,116.34,18.39,running
2025-03-09 15:46:00,M01,218.35,120.12,18.81,running
2025-03-09 15:47:00,M01,218.55,117.48,18.94,running
2025-03-09 15:48:00,M01,218.71,117.68,18.78,running
2025-03-09 15:49:00,M01,219.65,117.8,18.57,running
2025-03-09 15:50:00,M01,218.76,118.58,18.83,running
2025-03-09 15:51:00,M01,219.52,116.37,18.51,running
2025-03-09 15:52:00,M01,219.82,122.7,18.61,running
2025-03-09 15:53:00,M01,218.79,116.24,19.06,running
2025-03-09 15:54:00,M01,218.19,118.59,18.75,running
2025-03-09 15:55:00,M01,217.94,118.57,18.35,running
2025-03-09 15:56:00,M01,218.22,119.02,18.54,running
2025-03-09 15:57:00,M01,217.4,117.8,18.63,running
2025-03-09 15:58:00,M01,217.24,115.52,18.92,running
2025-03-09 15:59:00,M01,217.24,118.36,18.28,running
2025-03-09 16:00:00,M01,217.63,117.46,18.92,running
2025-03-09 16:01:00,M01,217.87,116.6,18.32,running
2025-03-09 16:02:00,M01,218.52,118.42,18.58,running
2025-03-09 16:03:00,M01,217.78,118.18,18.7,running
2025-03-09 16:04:00,M01,218.35,114.11,18.39,running
2025-03-09 16:05:00,M01,218.02,116.44,18.3,running
2025-03-09 16:06:00,M01,218.34,113.69,18.46,running
2025-03-09 16:07:00,M01,217.78,116.35,18.51,running
2025-03-09 16:08:00,M01,218.39,119.48,18.79,running
2025-03-09 16:09:00,M01,218.6,118.69,18.71,running
2025-03-09 16:10:00,M01,218.97,118.29,18.55,running
2025-03-09 16:11:00,M01,218.6,118.29,18.79,running
2025-03-09 16:12:00,M01,218.65,120.32,18.68,running
2025-03-09 16:13:00,M01,219.36,118.53,18.85,running
2025-03-09 16:14:00,M01,219.76,120.28,18.41,running
2025-03-09 16:15:00,M01,219.16,117.88,18.27,running
2025-03-09 16:16:00,M01,218.89,119.5,18.73,running
2025-03-09 16:17:00,M01,219.54,120.21,18.45,running
2025-03-09 16:18:00,M01,219.38,120.09,18.58,running
2025-03-09 16:19:00,M01,219.61,121.39,18.74,running
2025-03-09 16:20:00,M01,219.67,118.97,19.09,running
2025-03-09 16:21:00,M01,220.31,115.72,18.79,running
2025-03-09 16:22:00,M01,219.73,119.21,18.94,running
2025-03-09 16:23:00,M01,219.52,116.89,18.51,running
2025-03-09 16:24:00,M01,219.22,119.24,18.82,running
2025-03-09 16:25:00,M01,218.87,116.51,18.77,running
2025-03-09 16:26:00,M01,218.03,119.01,18.83,running
2025-03-09 16:27:00,M01,217.99,118.06,18.47,running
2025-03-09 16:28:00,M01,218.54,118.7,18.27,running
2025-03-09 16:29:00,M01,217.82,119.23,18.48,running
2025-03-09 16:30:00,M01,217.23,117.66,18.32,running
2025-03-09 16:31:00,M01,216.23,117.77,18.52,running
2025-03-09 16:32:00,M01,216.32,118.59,18.82,running
2025-03-09 16:33:00,M01,216.87,116.64,18.61,running
2025-03-09 16:34:00,M01,217.19,119.33,18.57,running
2025-03-09 16:35:00,M01,215.82,115.64,18.17,running
2025-03-09 16:36:00,M01,217.39,117.32,18.45,running
2025-03-09 16:37:00,M01,217.83,116.19,18.28,running
2025-03-09 16:38:00,M01,218.1,116.31,19.02,running
2025-03-09 16:39:00,M01,218.17,117.79,18.3,running
2025-03-09 16:40:00,M01,218.28,117.45,18.52,running
2025-03-09 16:41:00,M01,219.08,118.99,18.7,running
2025-03-09 16:42:00,M01,218.99,119.08,18.7,running
2025-03-09 16:43:00,M01,219.37,117.55,19.15,running
2025-03-09 16:44:00,M01,219.97,119.79,18.63,running
2025-03-09 16:45:00,M01,220.12,119.29,18.57,running
2025-03-09 16:46:00,M01,218.93,117.07,18.36,running
2025-03-09 16:47:00,M01,219.2,117.74,18.8,running
2025-03-09 16:48:00,M01,219.1,119.73,18.72,running
2025-03-09 16:49:00,M01,219.5,117.42,18.58,running
2025-03-09 16:50:00,M01,218.54,119.04,18.56,running
2025-03-09 16:51:00,M01,218.57,119.7,18.56,running
2025-03-09 16:52:00,M01,217.99,120.54,19.06,running
2025-03-09 16:53:00,M01,217.81,117.49,18.95,running
2025-03-09 16:54:00,M01,217.66,118.25,18.15,running
2025-03-09 16:55:00,M01,217.81,119.39,18.66,running
2025-03-09 16:56:00,M01,217.09,120.47,18.77,running
2025-03-09 16:57:00,M01,216.99,117.82,18.31,running
2025-03-09 16:58:00,M01,217.15,116.25,18.14,running
2025-03-09 16:59:00,M01,217.21,117.87,18.3,running
2025-03-09 17:00:00,M01,216.86,120.45,18.62,running
2025-03-09 17:01:00,M01,217.11,119.74,18.29,running
2025-03-09 17:02:00,M01,217.59,119.02,18.56,running
2025-03-09 17:03:00,M01,216.59,115.9,18.69,running
2025-03-09 17:04:00,M01,216.66,116.44,18.79,running
2025-03-09 17:05:00,M01,216.86,116.71,19.04,running
2025-03-09 17:06:00,M01,218.03,119.19,18.71,running
2025-03-09 17:07:00,M01,219.38,118.06,18.69,running
2025-03-09 17:08:00,M01,220.2,118.27,18.82,running
2025-03-09 17:09:00,M01,219.52,117.48,18.86,running
2025-03-09 17:10:00,M01,219.42,119.15,18.78,running
2025-03-09 17:11:00,M01,219.38,118.59,18.34,running
2025-03-09 17:12:00,M01,218.81,117.45,18.87,running
2025-03-09 17:13:00,M01,219.15,120.26,18.68,running
2025-03-09 17:14:00,M01,218.34,114.13,18.65,running
2025-03-09 17:15:00,M01,217.44,118.74,18.88,running
2025-03-09 17:16:00,M01,217.18,116.71,18.36,running
2025-03-09 17:17:00,M01,216.74,119.54,18.84,running
2025-03-09 17:18:00,M01,216.31,118.54,18.53,running
2025-03-09 17:19:00,M01,216.16,116.25,18.7,running
2025-03-09 17:20:00,M01,215.75,117.18,18.52,running
2025-03-09 17:21:00,M01,216.68,117.8,18.19,running
2025-03-09 17:22:00,M01,217.52,119.17,18.58,running
2025-03-09 17:23:00,M01,217.87,120.22,18.92,running
2025-03-09 17:24:00,M01,218.16,118.6,18.83,running
2025-03-09 17:25:00,M01,218.05,117.92,18.75,running
2025-03-09 17:26:00,M01,217.52,118.78,18.61,running
2025-03-09 17:27:00,M01,217.49,120.92,18.74,running
2025-03-09 17:28:00,M01,216.55,120.89,18.49,running
2025-03-09 17:29:00,M01,217.18,119.39,18.11,running
2025-03-09 17:30:00,M01,217.49,116.51,18.87,running
2025-03-09 17:31:00,M01,216.71,120.94,18.8,running
2025-03-09 17:32:00,M01,217.51,119.73,18.34,running
2025-03-09 17:33:00,M01,218.67,118.19,18.88,running
2025-03-09 17:34:00,M01,218.72,117.76,18.43,running
2025-03-09 17:35:00,M01,217.87,119.64,18.5,running
2025-03-09 17:36:00,M01,217.89,123.64,18.67,running
2025-03-09 17:37:00,M01,218.06,116.98,18.32,running
2025-03-09 17:38:00,M01,218.23,116.94,18.47,running
2025-03-09 17:39:00,M01,218.51,116.81,18.59,running
2025-03-09 17:40:00,M01,218.76,118.9,18.4,running
2025-03-09 17:41:00,M01,217.66,119.59,18.13,running
2025-03-09 17:42:00,M01,217.64,115.45,18.48,running
2025-03-09 17:43:00,M01,218.28,116.87,18.59,running
2025-03-09 17:44:00,M01,218.47,118.77,18.72,running
2025-03-09 17:45:00,M01,219.03,117.61,18.39,running
2025-03-09 17:46:00,M01,218.07,119.79,18.64,running
2025-03-09 17:47:00,M01,218.2,116.0,18.18,running
2025-03-09 17:48:00,M01,216.88,117.18,18.53,running
2025-03-09 17:49:00,M01,217.31,116.3,18.34,running
2025-03-09 17:50:00,M01,218.45,118.94,18.76,running
2025-03-09 17:51:00,M01,219.06,118.46,18.54,running
2025-03-09 17:52:00,M01,218.51,120.37,18.15,running
2025-03-09 17:53:00,M01,217.59,119.15,18.22,running
2025-03-09 17:54:00,M01,217.27,118.04,18.76,running
2025-03-09 17:55:00,M01,217.0,118.75,18.5,running
2025-03-09 17:56:00,M01,217.93,117.39,18.92,running
2025-03-09 17:57:00,M01,217.99,117.4,18.67,running
2025-03-09 17:58:00,M01,217.79,118.51,18.36,running
2025-03-09 17:59:00,M01,216.84,116.85,18.32,running
2025-03-09 18:00:00,M01,216.8,116.29,18.17,running
2025-03-09 18:01:00,M01,217.65,118.52,18.75,running
2025-03-09 18:02:00,M01,217.25,119.49,18.82,running
2025-03-09 18:03:00,M01,218.29,115.98,18.85,running
2025-03-09 18:04:00,M01,218.5,119.67,18.7,running
2025-03-09 18:05:00,M01,219.49,116.25,18.88,running
2025-03-09 18:06:00,M01,219.87,118.37,18.28,running
2025-03-09 18:07:00,M01,219.34,115.78,18.52,running
2025-03-09 18:08:00,M01,218.38,119.26,19.03,running
2025-03-09 18:09:00,M01,217.43,115.27,18.43,running
2025-03-09 18:10:00,M01,217.97,118.3,18.46,running
2025-03-09 18:11:00,M01,217.79,117.38,18.4,running
2025-03-09 18:12:00,M01,218.44,114.86,18.57,running
2025-03-09 18:13:00,M01,218.75,118.84,18.8,running
2025-03-09 18:14:00,M01,218.31,119.08,18.7,running
2025-03-09 18:15:00,M01,218.61,117.53,18.92,running
2025-03-09 18:16:00,M01,218.93,117.11,18.81,running
2025-03-09 18:17:00,M01,218.91,120.54,18.03,running
2025-03-09 18:18:00,M01,218.92,118.46,18.71,running
2025-03-09 18:19:00,M01,219.2,118.47,18.61,running
2025-03-09 18:20:00,M01,218.25,116.61,18.75,running
2025-03-09 18:21:00,M01,218.5,117.07,18.41,running
2025-03-09 18:22:00,M01,219.3,116.83,18.99,running
2025-03-09 18:23:00,M01,219.45,117.84,18.14,running
2025-03-09 18:24:00,M01,219.25,117.44,19.07,running
2025-03-09 18:25:00,M01,219.12,118.86,18.93,running
2025-03-09 18:26:00,M01,218.2,118.12,18.39,running
2025-03-09 18:27:00,M01,219.27,122.5,17.93,running
2025-03-09 18:28:00,M01,219.49,116.4,18.61,running
2025-03-09 18:29:00,M01,218.55,119.5,18.62,running
2025-03-09 18:30:00,M01,217.84,119.5,18.7,running
2025-03-09 18:31:00,M01,216.35,116.53,18.43,running
2025-03-09 18:32:00,M01,216.56,117.43,18.24,running
2025-03-09 18:33:00,M01,217.07,116.03,18.58,running
2025-03-09 18:34:00,M01,216.77,115.47,18.8,running
2025-03-09 18:35:00,M01,215.6,116.48,18.28,running
2025-03-09 18:36:00,M01,216.99,118.84,18.82,running
2025-03-09 18:37:00,M01,217.33,118.75,18.68,running
2025-03-09 18:38:00,M01,215.96,119.81,18.4,running
2025-03-09 18:39:00,M01,216.98,116.46,18.83,running
2025-03-09 18:40:00,M01,216.74,116.19,18.25,running
2025-03-09 18:41:00,M01,217.6,117.45,18.54,running
2025-03-09 18:42:00,M01,217.36,121.45,18.64,running
2025-03-09 18:43:00,M01,217.92,117.9,18.45,running
2025-03-09 18:44:00,M01,217.48,116.07,18.22,running
2025-03-09 18:45:00,M01,217.26,118.6,18.24,running
2025-03-09 18:46:00,M01,217.58,120.0,18.39,running
2025-03-09 18:47:00,M01,217.31,119.95,18.45,running
2025-03-09 18:48:00,M01,217.15,119.31,18.53,running
2025-03-09 18:49:00,M01,217.03,117.91,18.96,running
2025-03-09 18:50:00,M01,217.4,118.31,18.47,running
2025-03-09 18:51:00,M01,216.95,120.08,18.6,running
2025-03-09 18:52:00,M01,216.74,118.5,18.84,running
2025-03-09 18:53:00,M01,215.89,116.4,18.4,running
2025-03-09 18:54:00,M01,216.65,117.99,18.45,running
2025-03-09 18:55:00,M01,215.93,119.36,18.71,running
2025-03-09 18:56:00,M01,215.57,116.31,18.57,running
2025-03-09 18:57:00,M01,215.65,117.96,18.89,running
2025-03-09 18:58:00,M01,216.1,120.07,18.51,running
2025-03-09 18:59:00,M01,216.88,118.67,18.23,running
2025-03-09 19:00:00,M01,216.52,116.04,18.45,running
2025-03-09 19:01:00,M01,216.49,116.48,18.54,running
2025-03-09 19:02:00,M01,217.07,118.6,18.64,running
2025-03-09 19:03:00,M01,217.2,118.29,18.93,running
2025-03-09 19:04:00,M01,216.14,116.54,18.36,running
2025-03-09 19:05:00,M01,216.68,119.32,18.55,running
2025-03-09 19:06:00,M01,216.17,119.32,18.43,running
2025-03-09 19:07:00,M01,216.24,117.25,18.09,running
2025-03-09 19:08:00,M01,215.88,118.43,18.94,running
2025-03-09 19:09:00,M01,216.13,117.31,18.2,running
2025-03-09 19:10:00,M01,216.11,117.62,18.51,running
2025-03-09 19:11:00,M01,216.62,118.28,18.15,running
2025-03-09 19:12:00,M01,217.83,117.84,18.89,running
2025-03-09 19:13:00,M01,217.58,116.98,18.57,running
2025-03-09 19:14:00,M01,217.14,116.42,18.55,running
2025-03-09 19:15:00,M01,217.48,116.24,18.3,running
2025-03-09 19:16:00,M01,217.46,119.2,18.58,running
2025-03-09 19:17:00,M01,217.81,118.49,19.05,running
2025-03-09 19:18:00,M01,218.18,117.44,18.55,running
2025-03-09 19:19:00,M01,218.09,119.47,18.61,running
2025-03-09 19:20:00,M01,219.03,120.09,19.02,running
2025-03-09 19:21:00,M01,217.85,114.72,18.13,running
2025-03-09 19:22:00,M01,217.5,118.04,18.71,running
2025-03-09 19:23:00,M01,215.74,116.22,18.66,running
2025-03-09 19:24:00,M01,215.49,118.9,18.18,running
2025-03-09 19:25:00,M01,215.35,116.58,18.52,running
2025-03-09 19:26:00,M01,216.45,118.36,17.99,running
2025-03-09 19:27:00,M01,217.14,119.34,18.34,running
2025-03-09 19:28:00,M01,217.25,118.95,18.84,running
2025-03-09 19:29:00,M01,217.37,118.27,18.64,running
2025-03-09 19:30:00,M01,217.45,123.01,18.83,running
2025-03-09 19:31:00,M01,217.89,119.49,18.21,running
2025-03-09 19:32:00,M01,217.35,116.5,18.64,running
2025-03-09 19:33:00,M01,218.13,117.93,18.56,running
2025-03-09 19:34:00,M01,218.26,118.67,18.61,running
2025-03-09 19:35:00,M01,217.67,118.03,18.46,running
2025-03-09 19:36:00,M01,218.46,120.94,18.5,running
2025-03-09 19:37:00,M01,217.85,116.51,18.65,running
2025-03-09 19:38:00,M01,217.89,117.97,18.7,running
2025-03-09 19:39:00,M01,216.47,120.44,18.57,running
2025-03-09 19:40:00,M01,216.7,119.38,18.38,running
2025-03-09 19:41:00,M01,216.84,119.84,18.47,running
2025-03-09 19:42:00,M01,216.91,119.36,18.76,running
2025-03-09 19:43:00,M01,216.34,118.6,18.61,running
2025-03-09 19:44:00,M01,218.28,119.36,18.52,running
2025-03-09 19:45:00,M01,216.78,118.84,18.62,running
2025-03-09 19:46:00,M01,217.15,118.8,18.7,running
2025-03-09 19:47:00,M01,217.55,118.27,18.97,running
2025-03-09 19:48:00,M01,217.37,117.04,18.3,running
2025-03-09 19:49:00,M01,217.71,116.31,18.84,running
2025-03-09 19:50:00,M01,217.28,119.19,18.5,running
2025-03-09 19:51:00,M01,217.44,120.61,18.51,running
2025-03-09 19:52:00,M01,216.39,116.12,18.5,running
2025-03-09 19:53:00,M01,216.73,119.05,18.49,running
2025-03-09 19:54:00,M01,217.27,121.59,18.68,running
2025-03-09 19:55:00,M01,217.77,119.4,18.93,running
2025-03-09 19:56:00,M01,217.34,119.28,18.26,running
2025-03-09 19:57:00,M01,217.31,121.05,18.68,running
2025-03-09 19:58:00,M01,216.39,118.45,18.38,running
2025-03-09 19:59:00,M01,216.13,119.29,18.64,running
2025-03-09 20:00:00,M01,216.89,119.94,18.21,running
2025-03-09 20:01:00,M01,217.16,117.23,18.03,running
2025-03-09 20:02:00,M01,216.55,117.14,18.13,running
2025-03-09 20:03:00,M01,216.43,118.0,18.74,running
2025-03-09 20:04:00,M01,216.29,118.11,18.12,running
2025-03-09 20:05:00,M01,215.98,116.01,17.95,running
2025-03-09 20:06:00,M01,217.03,117.64,18.93,running
2025-03-09 20:07:00,M01,217.94,118.9,18.65,running
2025-03-09 20:08:00,M01,216.84,115.56,18.01,running
2025-03-09 20:09:00,M01,215.75,117.08,18.55,running
2025-03-09 20:10:00,M01,216.09,120.12,18.27,running
2025-03-09 20:11:00,M01,218.03,117.2,18.27,running
2025-03-09 20:12:00,M01,216.9,116.46,18.26,running
2025-03-09 20:13:00,M01,215.82,115.69,18.21,running
2025-03-09 20:14:00,M01,215.24,120.26,18.18,running
2025-03-09 20:15:00,M01,216.29,115.89,18.86,running
2025-03-09 20:16:00,M01,216.48,117.85,18.27,running
2025-03-09 20:17:00,M01,216.49,115.78,18.51,running
2025-03-09 20:18:00,M01,215.48,118.47,18.22,running
2025-03-09 20:19:00,M01,215.09,117.2,18.44,running
2025-03-09 20:20:00,M01,217.11,119.93,18.62,running
2025-03-09 20:21:00,M01,217.02,115.75,18.57,running
2025-03-09 20:22:00,M01,216.51,116.5,18.44,running
2025-03-09 20:23:00,M01,215.29,118.25,18.72,running
2025-03-09 20:24:00,M01,215.13,117.2,18.33,running
2025-03-09 20:25:00,M01,216.29,116.22,18.03,running
2025-03-09 20:26:00,M01,215.56,116.96,18.59,running
2025-03-09 20:27:00,M01,215.99,120.2,17.99,running
2025-03-09 20:28:00,M01,216.14,119.7,18.75,running
2025-03-09 20:29:00,M01,216.0,117.42,18.16,running
2025-03-09 20:30:00,M01,215.24,116.03,18.72,running
2025-03-09 20:31:00,M01,215.27,116.31,18.55,running
2025-03-09 20:32:00,M01,216.12,119.68,18.66,running
2025-03-09 20:33:00,M01,215.06,118.66,18.51,running
2025-03-09 20:34:00,M01,214.8,116.04,18.63,running
2025-03-09 20:35:00,M01,215.26,117.57,19.09,running
2025-03-09 20:36:00,M01,214.98,121.94,18.95,running
2025-03-09 20:37:00,M01,215.6,120.31,18.36,running
2025-03-09 20:38:00,M01,215.34,116.87,18.34,running
2025-03-09 20:39:00,M01,215.79,120.33,18.65,running
2025-03-09 20:40:00,M01,215.62,118.45,18.33,running
2025-03-09 20:41:00,M01,215.65,117.78,18.32,running
2025-03-09 20:42:00,M01,216.18,118.45,19.01,running
2025-03-09 20:43:00,M01,216.21,118.92,18.19,running
2025-03-09 20:44:00,M01,214.99,119.89,18.37,running
2025-03-09 20:45:00,M01,214.57,119.35,18.5,running
2025-03-09 20:46:00,M01,215.1,117.92,18.31,running
2025-03-09 20:47:00,M01,214.72,117.26,18.73,running
2025-03-09 20:48:00,M01,215.49,119.68,18.17,running
2025-03-09 20:49:00,M01,215.97,118.09,18.48,running
2025-03-09 20:50:00,M01,216.21,115.83,19.25,running
2025-03-09 20:51:00,M01,216.68,115.91,18.59,running
2025-03-09 20:52:00,M01,216.95,117.33,18.64,running
2025-03-09 20:53:00,M01,217.17,118.02,18.56,running
2025-03-09 20:54:00,M01,217.33,121.57,18.61,running
2025-03-09 20:55:00,M01,216.28,119.98,19.09,running
2025-03-09 20:56:00,M01,216.17,118.73,18.24,running
2025-03-09 20:57:00,M01,215.96,119.29,18.4,running
2025-03-09 20:58:00,M01,215.6,118.56,18.45,running
2025-03-09 20:59:00,M01,214.88,119.77,18.56,running
2025-03-09 21:00:00,M01,214.56,116.01,18.61,running
2025-03-09 21:01:00,M01,214.76,119.56,18.2,running
2025-03-09 21:02:00,M01,214.79,116.83,18.33,running
2025-03-09 21:03:00,M01,214.18,115.29,18.21,running
2025-03-09 21:04:00,M01,214.6,120.5,18.3,running
2025-03-09 21:05:00,M01,215.33,116.15,18.7,running
2025-03-09 21:06:00,M01,215.61,120.64,18.15,running
2025-03-09 21:07:00,M01,215.8,116.92,18.65,running
2025-03-09 21:08:00,M01,215.34,120.67,18.41,running
2025-03-09 21:09:00,M01,215.38,118.48,18.5,running
2025-03-09 21:10:00,M01,215.29,118.64,18.87,running
2025-03-09 21:11:00,M01,215.87,117.36,18.49,running
2025-03-09 21:12:00,M01,215.84,119.01,18.43,running
2025-03-09 21:13:00,M01,216.39,118.43,18.71,running
2025-03-09 21:14:00,M01,216.05,119.35,17.8,running
2025-03-09 21:15:00,M01,215.65,120.5,18.2,running
2025-03-09 21:16:00,M01,214.93,116.54,18.67,running
2025-03-09 21:17:00,M01,214.71,117.15,18.65,running
2025-03-09 21:18:00,M01,214.53,118.82,18.04,running
2025-03-09 21:19:00,M01,215.11,120.27,18.4,running
2025-03-09 21:20:00,M01,215.33,116.06,18.63,running
2025-03-09 21:21:00,M01,214.78,116.61,18.38,running
2025-03-09 21:22:00,M01,215.35,120.22,18.56,running
2025-03-09 21:23:00,M01,216.04,117.84,18.48,running
2025-03-09 21:24:00,M01,215.12,117.6,18.72,running
2025-03-09 21:25:00,M01,214.35,116.25,18.59,running
2025-03-09 21:26:00,M01,214.36,118.14,18.17,running
2025-03-09 21:27:00,M01,214.4,115.93,18.51,running
2025-03-09 21:28:00,M01,213.8,117.06,18.53,running
2025-03-09 21:29:00,M01,213.85,116.8,18.93,running
2025-03-09 21:30:00,M01,214.45,117.55,18.73,running
2025-03-09 21:31:00,M01,213.98,117.09,18.37,running
2025-03-09 21:32:00,M01,214.65,117.21,18.96,running
2025-03-09 21:33:00,M01,214.16,121.08,18.96,running
2025-03-09 21:34:00,M01,214.08,116.48,19.03,running
2025-03-09 21:35:00,M01,213.89,116.35,18.25,running
2025-03-09 21:36:00,M01,212.72,113.3,18.31,running
2025-03-09 21:37:00,M01,212.64,118.13,18.57,running
2025-03-09 21:38:00,M01,213.58,119.43,18.56,running
2025-03-09 21:39:00,M01,213.88,116.28,18.64,running
2025-03-09 21:40:00,M01,213.67,117.72,18.6,running
2025-03-09 21:41:00,M01,213.66,119.42,18.47,running
2025-03-09 21:42:00,M01,214.41,117.06,18.31,running
2025-03-09 21:43:00,M01,215.72,120.11,17.95,running
2025-03-09 21:44:00,M01,215.78,116.99,18.53,running
2025-03-09 21:45:00,M01,214.93,119.97,18.42,running
2025-03-09 21:46:00,M01,215.71,120.44,18.26,running
2025-03-09 21:47:00,M01,215.01,117.25,18.51,running
2025-03-09 21:48:00,M01,214.78,119.9,18.68,running
2025-03-09 21:49:00,M01,214.66,115.78,18.63,running
2025-03-09 21:50:00,M01,214.12,117.38,18.53,running
2025-03-09 21:51:00,M01,214.9,115.54,18.76,running
2025-03-09 21:52:00,M01,214.88,118.56,18.68,running
2025-03-09 21:53:00,M01,214.43,119.53,18.68,running
2025-03-09 21:54:00,M01,214.38,117.91,18.87,running
2025-03-09 21:55:00,M01,214.32,117.44,18.38,running
2025-03-09 21:56:00,M01,214.08,117.98,18.4,running
2025-03-09 21:57:00,M01,214.69,115.59,18.33,running
2025-03-09 21:58:00,M01,215.04,120.87,18.24,running
2025-03-09 21:59:00,M01,214.94,117.76,18.69,running
2025-03-09 22:00:00,M01,215.2,117.25,18.4,running
2025-03-09 22:01:00,M01,215.17,118.65,18.52,running
2025-03-09 22:02:00,M01,215.37,118.09,18.55,running
2025-03-09 22:03:00,M01,216.13,114.89,18.62,running
2025-03-09 22:04:00,M01,216.26,116.68,18.58,running
2025-03-09 22:05:00,M01,216.02,119.48,18.26,running
2025-03-09 22:06:00,M01,215.94,119.76,18.92,running
2025-03-09 22:07:00,M01,215.89,118.04,17.76,running
2025-03-09 22:08:00,M01,216.33,121.53,18.61,running
2025-03-09 22:09:00,M01,215.03,120.13,18.56,running
2025-03-09 22:10:00,M01,215.45,117.89,18.81,running
2025-03-09 22:11:00,M01,215.4,117.16,18.64,running
2025-03-09 22:12:00,M01,215.58,117.79,19.06,running
2025-03-09 22:13:00,M01,215.28,119.78,18.29,running
2025-03-09 22:14:00,M01,214.98,121.36,18.89,running
2025-03-09 22:15:00,M01,215.89,118.24,18.9,running
2025-03-09 22:16:00,M01,215.74,118.34,18.4,running
2025-03-09 22:17:00,M01,215.83,115.31,18.56,running
2025-03-09 22:18:00,M01,215.51,119.25,18.75,running
2025-03-09 22:19:00,M01,215.38,118.68,18.92,running
2025-03-09 22:20:00,M01,215.79,119.27,18.33,running
2025-03-09 22:21:00,M01,216.61,116.21,18.2,running
2025-03-09 22:22:00,M01,214.91,119.12,18.36,running
2025-03-09 22:23:00,M01,213.86,118.12,18.72,running
2025-03-09 22:24:00,M01,213.45,116.39,18.96,running
2025-03-09 22:25:00,M01,213.89,118.59,19.23,running
2025-03-09 22:26:00,M01,214.0,119.27,18.06,running
2025-03-09 22:27:00,M01,214.33,118.21,18.69,running
2025-03-09 22:28:00,M01,213.23,120.39,18.27,running
2025-03-09 22:29:00,M01,212.71,117.93,18.58,running
2025-03-09 22:30:00,M01,212.69,119.42,18.5,running
2025-03-09 22:31:00,M01,213.44,119.22,19.0,running
2025-03-09 22:32:00,M01,214.35,120.68,18.38,running
2025-03-09 22:33:00,M01,214.53,120.55,18.11,running
2025-03-09 22:34:00,M01,213.41,116.34,18.54,running
2025-03-09 22:35:00,M01,213.65,118.69,18.84,running
2025-03-09 22:36:00,M01,214.0,117.28,18.9,running
2025-03-09 22:37:00,M01,214.39,118.17,18.33,running
2025-03-09 22:38:00,M01,215.12,119.79,18.57,running
2025-03-09 22:39:00,M01,214.15,114.47,18.3,running
2025-03-09 22:40:00,M01,213.45,120.01,18.28,running
2025-03-09 22:41:00,M01,212.73,118.36,18.11,running
2025-03-09 22:42:00,M01,213.07,120.11,18.28,running
2025-03-09 22:43:00,M01,212.02,116.08,18.0,running
2025-03-09 22:44:00,M01,212.68,117.78,18.51,running
2025-03-09 22:45:00,M01,212.85,117.64,18.35,running
2025-03-09 22:46:00,M01,213.56,117.95,18.03,running
2025-03-09 22:47:00,M01,212.66,113.87,18.16,running
2025-03-09 22:48:00,M01,212.75,117.47,18.5,running
2025-03-09 22:49:00,M01,213.12,117.46,18.06,running
2025-03-09 22:50:00,M01,213.34,115.45,18.56,running
2025-03-09 22:51:00,M01,213.88,115.96,18.95,running
2025-03-09 22:52:00,M01,214.26,116.8,18.28,running
2025-03-09 22:53:00,M01,213.92,119.88,18.41,running
2025-03-09 22:54:00,M01,214.02,118.46,18.78,running
2025-03-09 22:55:00,M01,214.25,117.36,18.84,running
2025-03-09 22:56:00,M01,214.25,119.51,18.49,running
2025-03-09 22:57:00,M01,214.21,117.98,18.65,running
2025-03-09 22:58:00,M01,214.73,119.49,18.57,running
2025-03-09 22:59:00,M01,214.02,117.42,18.56,running
2025-03-09 23:00:00,M01,213.49,117.71,18.34,running
2025-03-09 23:01:00,M01,213.09,114.59,18.24,running
2025-03-09 23:02:00,M01,213.26,119.55,18.65,running
2025-03-09 23:03:00,M01,213.91,119.77,18.18,running
2025-03-09 23:04:00,M01,214.81,117.35,18.34,running
2025-03-09 23:05:00,M01,215.44,118.97,18.71,running
2025-03-09 23:06:00,M01,215.45,118.05,18.52,running
2025-03-09 23:07:00,M01,215.17,119.22,18.89,running
2025-03-09 23:08:00,M01,214.46,114.55,18.32,running
2025-03-09 23:09:00,M01,214.57,118.35,18.19,running
2025-03-09 23:10:00,M01,215.04,114.47,18.98,running
2025-03-09 23:11:00,M01,215.5,114.88,18.24,running
2025-03-09 23:12:00,M01,215.01,118.44,18.12,running
2025-03-09 23:13:00,M01,214.82,114.82,18.33,running
2025-03-09 23:14:00,M01,213.88,116.36,18.24,running
2025-03-09 23:15:00,M01,213.68,118.26,18.67,running
2025-03-09 23:16:00,M01,214.3,118.35,18.24,running
2025-03-09 23:17:00,M01,214.62,120.06,18.63,running
2025-03-09 23:18:00,M01,215.0,116.53,18.21,running
2025-03-09 23:19:00,M01,215.32,117.83,18.5,running
2025-03-09 23:20:00,M01,214.51,114.88,18.46,running
2025-03-09 23:21:00,M01,213.87,116.03,18.25,running
2025-03-09 23:22:00,M01,212.77,118.93,18.55,running
2025-03-09 23:23:00,M01,213.15,116.95,18.85,running
2025-03-09 23:24:00,M01,213.56,117.63,18.43,running
2025-03-09 23:25:00,M01,213.21,118.29,18.43,running
2025-03-09 23:26:00,M01,212.92,118.3,18.64,running
2025-03-09 23:27:00,M01,213.4,117.79,18.19,running
2025-03-09 23:28:00,M01,213.0,118.92,18.61,running
2025-03-09 23:29:00,M01,213.68,119.79,18.88,running
2025-03-09 23:30:00,M01,213.5,117.68,18.09,running
2025-03-09 23:31:00,M01,213.59,117.87,18.63,running
2025-03-09 23:32:00,M01,213.41,118.26,18.37,running
2025-03-09 23:33:00,M01,214.28,119.4,18.29,running
2025-03-09 23:34:00,M01,213.86,117.81,18.69,running
2025-03-09 23:35:00,M01,213.92,116.38,18.72,running
2025-03-09 23:36:00,M01,213.89,119.38,18.68,running
2025-03-09 23:37:00,M01,213.12,117.84,18.31,running
2025-03-09 23:38:00,M01,213.73,115.48,18.12,running
2025-03-09 23:39:00,M01,213.08,117.47,18.59,running
2025-03-09 23:40:00,M01,213.2,117.58,18.62,running
2025-03-09 23:41:00,M01,212.62,119.49,18.58,running
2025-03-09 23:42:00,M01,212.5,114.85,18.36,running
2025-03-09 23:43:00,M01,212.71,118.47,18.17,running
2025-03-09 23:44:00,M01,211.18,115.63,18.51,running
2025-03-09 23:45:00,M01,211.67,117.8,18.61,running
2025-03-09 23:46:00,M01,212.02,118.98,18.3,running
2025-03-09 23:47:00,M01,212.92,115.95,18.38,running
2025-03-09 23:48:00,M01,213.31,118.97,18.35,running
2025-03-09 23:49:00,M01,213.86,117.8,18.5,running
2025-03-09 23:50:00,M01,215.08,118.04,18.32,running
2025-03-09 23:51:00,M01,214.71,118.03,18.53,running
2025-03-09 23:52:00,M01,214.9,118.36,19.11,running
2025-03-09 23:53:00,M01,215.06,114.99,18.09,running
2025-03-09 23:54:00,M01,214.05,118.64,18.23,running
2025-03-09 23:55:00,M01,213.76,120.14,18.91,running
2025-03-09 23:56:00,M01,213.88,115.79,18.23,running
2025-03-09 23:57:00,M01,213.21,117.44,18.61,running
2025-03-09 23:58:00,M01,212.37,116.81,18.31,running
2025-03-09 23:59:00,M01,212.84,117.25,17.99,running
