order_id,transporter,route,on_time
909692,BlueCart,Upcountry,True
901812,SwiftLine,Metro,True
904316,SwiftLine,Metro,True
901695,SwiftLine,Metro,False
911141,BlueCart,Upcountry,False
901670,SwiftLine,Metro,True
907844,BlueCart,Upcountry,True
905010,SwiftLine,Metro,True
901927,SwiftLine,Metro,True
907398,BlueCart,Upcountry,False
903677,SwiftLine,Metro,True
903074,SwiftLine,Metro,True
903481,SwiftLine,Metro,False
900324,SwiftLine,Metro,True
903207,SwiftLine,Metro,True
901018,SwiftLine,Metro,True
910169,BlueCart,Upcountry,True
908151,BlueCart,Upcountry,True
908962,BlueCart,Upcountry,True
901622,SwiftLine,Metro,True
900205,SwiftLine,Metro,True
910411,BlueCart,Upcountry,False
909237,BlueCart,Upcountry,True
900973,SwiftLine,Metro,False
902072,SwiftLine,Metro,True
903933,SwiftLine,Metro,True
910170,BlueCart,Upcountry,True
901343,SwiftLine,Metro,True
904041,SwiftLine,Metro,True
907738,BlueCart,Upcountry,False
907146,BlueCart,Metro,True
911055,BlueCart,Upcountry,True
911237,BlueCart,Upcountry,True
906515,BlueCart,Metro,True
901973,SwiftLine,Metro,True
908614,BlueCart,Upcountry,True
901560,SwiftLine,Metro,True
905350,SwiftLine,Upcountry,False
909870,BlueCart,Upcountry,False
904499,SwiftLine,Metro,True
909553,BlueCart,Upcountry,True
909346,BlueCart,Upcountry,True
904910,SwiftLine,Metro,True
909619,BlueCart,Upcountry,True
901146,SwiftLine,Metro,True
900779,SwiftLine,Metro,True
900003,SwiftLine,Metro,True
911524,BlueCart,Upcountry,False
908244,BlueCart,Upcountry,False
908856,BlueCart,Upcountry,False
910754,BlueCart,Upcountry,True
902260,SwiftLine,Metro,True
900805,SwiftLine,Metro,True
904210,SwiftLine,Metro,True
910484,BlueCart,Upcountry,False
905341,SwiftLine,Upcountry,True
909404,BlueCart,Upcountry,True
901838,SwiftLine,Metro,True
907454,BlueCart,Upcountry,True
903795,SwiftLine,Metro,True
902130,SwiftLine,Metro,True
909593,BlueCart,Upcountry,True
909851,BlueCart,Upcountry,True
904712,SwiftLine,Metro,True
909890,BlueCart,Upcountry,True
910756,BlueCart,Upcountry,True
911021,BlueCart,Upcountry,False
907061,BlueCart,Metro,True
908250,BlueCart,Upcountry,False
904889,SwiftLine,Metro,True
905537,SwiftLine,Upcountry,True
905926,SwiftLine,Upcountry,True
906393,BlueCart,Metro,True
909054,BlueCart,Upcountry,False
902730,SwiftLine,Metro,True
901919,SwiftLine,Metro,True
901669,SwiftLine,Metro,False
909363,BlueCart,Upcountry,True
910555,BlueCart,Upcountry,True
901012,SwiftLine,Metro,True
903081,SwiftLine,Metro,True
910941,BlueCart,Upcountry,True
902792,SwiftLine,Metro,True
903385,SwiftLine,Metro,True
901032,SwiftLine,Metro,True
905077,SwiftLine,Metro,True
910779,BlueCart,Upcountry,False
903792,SwiftLine,Metro,True
907131,BlueCart,Metro,True
902474,SwiftLine,Metro,False
901244,SwiftLine,Metro,True
910917,BlueCart,Upcountry,True
911083,BlueCart,Upcountry,True
906838,BlueCart,Metro,True
901845,SwiftLine,Metro,False
905613,SwiftLine,Upcountry,True
901988,SwiftLine,Metro,True
905921,SwiftLine,Upcountry,True
906156,BlueCart,Metro,True
908076,BlueCart,Upcountry,True
909271,BlueCart,Upcountry,False
905779,SwiftLine,Upcountry,False
904864,SwiftLine,Metro,True
909875,BlueCart,Upcountry,True
902794,SwiftLine,Metro,True
906991,BlueCart,Metro,True
901707,SwiftLine,Metro,True
909471,BlueCart,Upcountry,True
901653,SwiftLine,Metro,True
908188,BlueCart,Upcountry,False
910672,BlueCart,Upcountry,False
901570,SwiftLine,Metro,True
904146,SwiftLine,Metro,True
908010,BlueCart,Upcountry,True
905529,SwiftLine,Upcountry,True
903822,SwiftLine,Metro,True
901127,SwiftLine,Metro,False
908411,BlueCart,Upcountry,True
910282,BlueCart,Upcountry,True
900648,SwiftLine,Metro,True
909597,BlueCart,Upcountry,False
910659,BlueCart,Upcountry,False
904999,SwiftLine,Metro,True
908571,BlueCart,Upcountry,True
906806,BlueCart,Metro,True
906825,BlueCart,Metro,True
906134,BlueCart,Metro,True
911218,BlueCart,Upcountry,True
909345,BlueCart,Upcountry,False
908784,BlueCart,Upcountry,True
904473,SwiftLine,Metro,True
906554,BlueCart,Metro,True
902501,SwiftLine,Metro,True
910493,BlueCart,Upcountry,True
910621,BlueCart,Upcountry,True
905113,SwiftLine,Metro,False
906792,BlueCart,Metro,True
902718,SwiftLine,Metro,True
902089,SwiftLine,Metro,True
906172,BlueCart,Metro,True
909651,BlueCart,Upcountry,False
910324,BlueCart,Upcountry,True
907976,BlueCart,Upcountry,True
903999,SwiftLine,Metro,True
905195,SwiftLine,Metro,False
911378,BlueCart,Upcountry,True
910402,BlueCart,Upcountry,True
909842,BlueCart,Upcountry,True
901849,SwiftLine,Metro,True
907817,BlueCart,Upcountry,True
907874,BlueCart,Upcountry,False
910360,BlueCart,Upcountry,False
910271,BlueCart,Upcountry,True
907100,BlueCart,Metro,True
904310,SwiftLine,Metro,True
910084,BlueCart,Upcountry,False
904940,SwiftLine,Metro,True
903996,SwiftLine,Metro,True
904028,SwiftLine,Metro,True
908987,BlueCart,Upcountry,False
905672,SwiftLine,Upcountry,True
901256,SwiftLine,Metro,True
909504,BlueCart,Upcountry,True
909281,BlueCart,Upcountry,True
907707,BlueCart,Upcountry,True
904884,SwiftLine,Metro,True
907868,BlueCart,Upcountry,True
909488,BlueCart,Upcountry,True
909495,BlueCart,Upcountry,True
909566,BlueCart,Upcountry,False
909988,BlueCart,Upcountry,True
902823,SwiftLine,Metro,True
901652,SwiftLine,Metro,True
901133,SwiftLine,Metro,True
902623,SwiftLine,Metro,True
906471,BlueCart,Metro,True
901216,SwiftLine,Metro,True
902923,SwiftLine,Metro,True
905268,SwiftLine,Upcountry,True
907772,BlueCart,Upcountry,True
902677,SwiftLine,Metro,True
906469,BlueCart,Metro,True
902294,SwiftLine,Metro,True
907393,BlueCart,Upcountry,True
905447,SwiftLine,Upcountry,True
905915,SwiftLine,Upcountry,True
906421,BlueCart,Metro,True
902715,SwiftLine,Metro,True
905923,SwiftLine,Upcountry,True
907509,BlueCart,Upcountry,False
902388,SwiftLine,Metro,True
902646,SwiftLine,Metro,True
903563,SwiftLine,Metro,True
904493,SwiftLine,Metro,True
911409,BlueCart,Upcountry,True
910571,BlueCart,Upcountry,False
904644,SwiftLine,Metro,True
907056,BlueCart,Metro,True
902270,SwiftLine,Metro,True
909942,BlueCart,Upcountry,False
905243,SwiftLine,Upcountry,True
906784,BlueCart,Metro,True
909831,BlueCart,Upcountry,True
905643,SwiftLine,Upcountry,True
909784,BlueCart,Upcountry,True
903957,SwiftLine,Metro,True
911443,BlueCart,Upcountry,True
901685,SwiftLine,Metro,True
909464,BlueCart,Upcountry,True
907260,BlueCart,Upcountry,True
911233,BlueCart,Upcountry,True
902235,SwiftLine,Metro,True
905464,SwiftLine,Upcountry,False
909722,BlueCart,Upcountry,True
900735,SwiftLine,Metro,True
903744,SwiftLine,Metro,True
909746,BlueCart,Upcountry,True
902643,SwiftLine,Metro,True
909578,BlueCart,Upcountry,True
902995,SwiftLine,Metro,True
908422,BlueCart,Upcountry,False
904312,SwiftLine,Metro,True
911038,BlueCart,Upcountry,True
902950,SwiftLine,Metro,True
911127,BlueCart,Upcountry,True
911491,BlueCart,Upcountry,True
907691,BlueCart,Upcountry,True
907099,BlueCart,Metro,False
907631,BlueCart,Upcountry,True
905851,SwiftLine,Upcountry,True
901502,SwiftLine,Metro,True
904020,SwiftLine,Metro,True
910202,BlueCart,Upcountry,True
909621,BlueCart,Upcountry,True
903080,SwiftLine,Metro,True
907314,BlueCart,Upcountry,False
905773,SwiftLine,Upcountry,True
903318,SwiftLine,Metro,True
907510,BlueCart,Upcountry,True
901084,SwiftLine,Metro,True
905884,SwiftLine,Upcountry,True
901379,SwiftLine,Metro,True
905638,SwiftLine,Upcountry,False
911172,BlueCart,Upcountry,True
910528,BlueCart,Upcountry,True
910441,BlueCart,Upcountry,True
909316,BlueCart,Upcountry,False
906191,BlueCart,Metro,True
908159,BlueCart,Upcountry,True
908092,BlueCart,Upcountry,True
900325,SwiftLine,Metro,True
910303,BlueCart,Upcountry,True
904191,SwiftLine,Metro,True
907277,BlueCart,Upcountry,True
902930,SwiftLine,Metro,True
907762,BlueCart,Upcountry,True
909927,BlueCart,Upcountry,True
911039,BlueCart,Upcountry,True
900525,SwiftLine,Metro,True
910985,BlueCart,Upcountry,True
902453,SwiftLine,Metro,True
900584,SwiftLine,Metro,True
905834,SwiftLine,Upcountry,True
907422,BlueCart,Upcountry,False
902363,SwiftLine,Metro,True
908896,BlueCart,Upcountry,True
908481,BlueCart,Upcountry,True
902068,SwiftLine,Metro,True
909494,BlueCart,Upcountry,False
901082,SwiftLine,Metro,True
903132,SwiftLine,Metro,True
901029,SwiftLine,Metro,True
904720,SwiftLine,Metro,True
904271,SwiftLine,Metro,False
910992,BlueCart,Upcountry,True
907852,BlueCart,Upcountry,False
910147,BlueCart,Upcountry,True
907170,BlueCart,Metro,True
908200,BlueCart,Upcountry,True
910558,BlueCart,Upcountry,True
905976,SwiftLine,Upcountry,True
904080,SwiftLine,Metro,True
906224,BlueCart,Metro,True
910943,BlueCart,Upcountry,True
910656,BlueCart,Upcountry,False
910152,BlueCart,Upcountry,True
900316,SwiftLine,Metro,False
907776,BlueCart,Upcountry,True
900492,SwiftLine,Metro,False
907348,BlueCart,Upcountry,True
907898,BlueCart,Upcountry,True
902834,SwiftLine,Metro,True
905042,SwiftLine,Metro,True
911018,BlueCart,Upcountry,True
906637,BlueCart,Metro,True
908600,BlueCart,Upcountry,True
900042,SwiftLine,Metro,True
901116,SwiftLine,Metro,True
903240,SwiftLine,Metro,True
900039,SwiftLine,Metro,True
904177,SwiftLine,Metro,False
905632,SwiftLine,Upcountry,True
904562,SwiftLine,Metro,True
905364,SwiftLine,Upcountry,False
908119,BlueCart,Upcountry,True
906581,BlueCart,Metro,True
905856,SwiftLine,Upcountry,True
900768,SwiftLine,Metro,True
901081,SwiftLine,Metro,True
900647,SwiftLine,Metro,True
908317,BlueCart,Upcountry,True
903698,SwiftLine,Metro,True
904532,SwiftLine,Metro,True
908070,BlueCart,Upcountry,True
900058,SwiftLine,Metro,True
905701,SwiftLine,Upcountry,True
908050,BlueCart,Upcountry,True
902706,SwiftLine,Metro,True
910031,BlueCart,Upcountry,False
903663,SwiftLine,Metro,True
906329,BlueCart,Metro,False
903357,SwiftLine,Metro,True
905094,SwiftLine,Metro,True
907441,BlueCart,Upcountry,True
911136,BlueCart,Upcountry,False
903540,SwiftLine,Metro,True
905412,SwiftLine,Upcountry,False
907373,BlueCart,Upcountry,True
906774,BlueCart,Metro,True
900594,SwiftLine,Metro,True
906906,BlueCart,Metro,True
909992,BlueCart,Upcountry,False
903306,SwiftLine,Metro,True
905458,SwiftLine,Upcountry,True
908673,BlueCart,Upcountry,True
911185,BlueCart,Upcountry,False
909816,BlueCart,Upcountry,True
907123,BlueCart,Metro,True
901268,SwiftLine,Metro,True
904700,SwiftLine,Metro,True
900075,SwiftLine,Metro,True
910248,BlueCart,Upcountry,False
906946,BlueCart,Metro,True
900225,SwiftLine,Metro,False
903894,SwiftLine,Metro,True
909426,BlueCart,Upcountry,False
902329,SwiftLine,Metro,True
903616,SwiftLine,Metro,True
900711,SwiftLine,Metro,True
901187,SwiftLine,Metro,True
901629,SwiftLine,Metro,True
908230,BlueCart,Upcountry,False
901165,SwiftLine,Metro,True
901028,SwiftLine,Metro,True
905337,SwiftLine,Upcountry,False
901040,SwiftLine,Metro,True
902227,SwiftLine,Metro,True
907840,BlueCart,Upcountry,False
909650,BlueCart,Upcountry,True
906763,BlueCart,Metro,True
910217,BlueCart,Upcountry,True
901718,SwiftLine,Metro,True
906522,BlueCart,Metro,True
900063,SwiftLine,Metro,True
910469,BlueCart,Upcountry,True
904530,SwiftLine,Metro,True
905013,SwiftLine,Metro,True
901102,SwiftLine,Metro,True
907141,BlueCart,Metro,True
910201,BlueCart,Upcountry,True
911119,BlueCart,Upcountry,True
910969,BlueCart,Upcountry,False
903686,SwiftLine,Metro,True
908313,BlueCart,Upcountry,True
904726,SwiftLine,Metro,True
902903,SwiftLine,Metro,True
903598,SwiftLine,Metro,True
907363,BlueCart,Upcountry,True
905758,SwiftLine,Upcountry,True
903321,SwiftLine,Metro,True
910674,BlueCart,Upcountry,True
905445,SwiftLine,Upcountry,False
900128,SwiftLine,Metro,True
907158,BlueCart,Metro,True
909823,BlueCart,Upcountry,True
904343,SwiftLine,Metro,True
909647,BlueCart,Upcountry,False
902484,SwiftLine,Metro,False
911354,BlueCart,Upcountry,True
904315,SwiftLine,Metro,True
907645,BlueCart,Upcountry,True
908807,BlueCart,Upcountry,True
908802,BlueCart,Upcountry,False
902767,SwiftLine,Metro,True
903488,SwiftLine,Metro,True
907402,BlueCart,Upcountry,True
911384,BlueCart,Upcountry,False
903461,SwiftLine,Metro,True
908544,BlueCart,Upcountry,True
907563,BlueCart,Upcountry,True
901972,SwiftLine,Metro,True
904457,SwiftLine,Metro,True
909898,BlueCart,Upcountry,True
907744,BlueCart,Upcountry,True
910301,BlueCart,Upcountry,False
908429,BlueCart,Upcountry,True
903546,SwiftLine,Metro,True
907492,BlueCart,Upcountry,True
908941,BlueCart,Upcountry,True
902698,SwiftLine,Metro,True
900348,SwiftLine,Metro,True
904265,SwiftLine,Metro,True
908120,BlueCart,Upcountry,True
909445,BlueCart,Upcountry,True
903815,SwiftLine,Metro,True
903921,SwiftLine,Metro,True
906900,BlueCart,Metro,True
909055,BlueCart,Upcountry,True
905424,SwiftLine,Upcountry,False
904416,SwiftLine,Metro,True
904756,SwiftLine,Metro,True
904067,SwiftLine,Metro,True
906176,BlueCart,Metro,True
904021,SwiftLine,Metro,True
905032,SwiftLine,Metro,True
901275,SwiftLine,Metro,True
906658,BlueCart,Metro,True
901489,SwiftLine,Metro,False
905237,SwiftLine,Upcountry,False
905192,SwiftLine,Metro,True
902985,SwiftLine,Metro,True
901111,SwiftLine,Metro,True
905685,SwiftLine,Upcountry,True
905429,SwiftLine,Upcountry,True
909320,BlueCart,Upcountry,True
911015,BlueCart,Upcountry,True
905521,SwiftLine,Upcountry,True
906998,BlueCart,Metro,True
901392,SwiftLine,Metro,True
901119,SwiftLine,Metro,True
910720,BlueCart,Upcountry,True
901565,SwiftLine,Metro,True
908431,BlueCart,Upcountry,True
906949,BlueCart,Metro,True
903756,SwiftLine,Metro,True
901711,SwiftLine,Metro,True
901128,SwiftLine,Metro,True
901384,SwiftLine,Metro,True
902660,SwiftLine,Metro,True
903650,SwiftLine,Metro,True
909693,BlueCart,Upcountry,False
906586,BlueCart,Metro,True
904763,SwiftLine,Metro,True
911390,BlueCart,Upcountry,False
900005,SwiftLine,Metro,True
909450,BlueCart,Upcountry,False
911339,BlueCart,Upcountry,True
901438,SwiftLine,Metro,True
902574,SwiftLine,Metro,True
909118,BlueCart,Upcountry,True
908981,BlueCart,Upcountry,True
910465,BlueCart,Upcountry,True
907223,BlueCart,Upcountry,True
908755,BlueCart,Upcountry,True
909805,BlueCart,Upcountry,False
904402,SwiftLine,Metro,True
903552,SwiftLine,Metro,True
906158,BlueCart,Metro,True
905727,SwiftLine,Upcountry,True
903446,SwiftLine,Metro,True
901317,SwiftLine,Metro,True
901264,SwiftLine,Metro,True
902567,SwiftLine,Metro,True
905910,SwiftLine,Upcountry,True
911257,BlueCart,Upcountry,True
901381,SwiftLine,Metro,True
908147,BlueCart,Upcountry,True
905416,SwiftLine,Upcountry,True
900621,SwiftLine,Metro,True
907535,BlueCart,Upcountry,True
908480,BlueCart,Upcountry,True
901457,SwiftLine,Metro,True
905155,SwiftLine,Metro,True
900136,SwiftLine,Metro,False
906418,BlueCart,Metro,True
904591,SwiftLine,Metro,True
903138,SwiftLine,Metro,True
903891,SwiftLine,Metro,True
902658,SwiftLine,Metro,True
904142,SwiftLine,Metro,True
904436,SwiftLine,Metro,True
904202,SwiftLine,Metro,True
910382,BlueCart,Upcountry,True
900346,SwiftLine,Metro,True
901933,SwiftLine,Metro,True
905602,SwiftLine,Upcountry,True
903294,SwiftLine,Metro,True
902213,SwiftLine,Metro,True
903528,SwiftLine,Metro,True
905733,SwiftLine,Upcountry,False
909075,BlueCart,Upcountry,True
900981,SwiftLine,Metro,True
911072,BlueCart,Upcountry,True
906030,SwiftLine,Upcountry,True
905890,SwiftLine,Upcountry,True
901660,SwiftLine,Metro,True
904496,SwiftLine,Metro,True
909550,BlueCart,Upcountry,True
907426,BlueCart,Upcountry,True
908124,BlueCart,Upcountry,True
902641,SwiftLine,Metro,False
903432,SwiftLine,Metro,True
906454,BlueCart,Metro,True
901209,SwiftLine,Metro,True
902409,SwiftLine,Metro,True
900232,SwiftLine,Metro,True
903953,SwiftLine,Metro,True
910094,BlueCart,Upcountry,True
905607,SwiftLine,Upcountry,True
903597,SwiftLine,Metro,True
903423,SwiftLine,Metro,True
910828,BlueCart,Upcountry,True
905383,SwiftLine,Upcountry,True
903725,SwiftLine,Metro,True
902234,SwiftLine,Metro,True
906166,BlueCart,Metro,True
907787,BlueCart,Upcountry,True
901320,SwiftLine,Metro,True
906293,BlueCart,Metro,True
904880,SwiftLine,Metro,True
903626,SwiftLine,Metro,True
900569,SwiftLine,Metro,False
904813,SwiftLine,Metro,True
905840,SwiftLine,Upcountry,False
906210,BlueCart,Metro,True
908800,BlueCart,Upcountry,True
906771,BlueCart,Metro,True
907297,BlueCart,Upcountry,True
906171,BlueCart,Metro,True
903724,SwiftLine,Metro,True
909067,BlueCart,Upcountry,False
907364,BlueCart,Upcountry,True
906519,BlueCart,Metro,True
911394,BlueCart,Upcountry,True
907188,BlueCart,Metro,True
904942,SwiftLine,Metro,True
906338,BlueCart,Metro,True
908090,BlueCart,Upcountry,True
900135,SwiftLine,Metro,True
907843,BlueCart,Upcountry,True
908917,BlueCart,Upcountry,False
903005,SwiftLine,Metro,True
904801,SwiftLine,Metro,True
902225,SwiftLine,Metro,True
907530,BlueCart,Upcountry,True
901928,SwiftLine,Metro,True
906436,BlueCart,Metro,True
906559,BlueCart,Metro,True
903578,SwiftLine,Metro,True
903031,SwiftLine,Metro,True
903879,SwiftLine,Metro,True
904684,SwiftLine,Metro,True
902421,SwiftLine,Metro,True
907097,BlueCart,Metro,True
904022,SwiftLine,Metro,True
902874,SwiftLine,Metro,True
902885,SwiftLine,Metro,True
906587,BlueCart,Metro,True
909011,BlueCart,Upcountry,True
910384,BlueCart,Upcountry,True
909873,BlueCart,Upcountry,True
907095,BlueCart,Metro,True
906929,BlueCart,Metro,True
911280,BlueCart,Upcountry,True
901985,SwiftLine,Metro,True
909084,BlueCart,Upcountry,True
907753,BlueCart,Upcountry,False
900544,SwiftLine,Metro,True
901809,SwiftLine,Metro,True
910607,BlueCart,Upcountry,False
906065,SwiftLine,Upcountry,True
911356,BlueCart,Upcountry,True
905344,SwiftLine,Upcountry,True
905829,SwiftLine,Upcountry,True
903897,SwiftLine,Metro,True
908299,BlueCart,Upcountry,False
906764,BlueCart,Metro,True
903982,SwiftLine,Metro,True
903060,SwiftLine,Metro,True
904169,SwiftLine,Metro,True
902804,SwiftLine,Metro,True
906067,SwiftLine,Upcountry,True
910717,BlueCart,Upcountry,True
902828,SwiftLine,Metro,True
911139,BlueCart,Upcountry,False
902471,SwiftLine,Metro,True
907658,BlueCart,Upcountry,True
906871,BlueCart,Metro,True
906142,BlueCart,Metro,True
900462,SwiftLine,Metro,True
908634,BlueCart,Upcountry,True
911045,BlueCart,Upcountry,True
909952,BlueCart,Upcountry,False
908047,BlueCart,Upcountry,True
902571,SwiftLine,Metro,False
900037,SwiftLine,Metro,True
910716,BlueCart,Upcountry,True
905753,SwiftLine,Upcountry,True
901298,SwiftLine,Metro,True
911114,BlueCart,Upcountry,True
907829,BlueCart,Upcountry,True
907741,BlueCart,Upcountry,True
908804,BlueCart,Upcountry,False
910399,BlueCart,Upcountry,True
910420,BlueCart,Upcountry,True
903281,SwiftLine,Metro,True
904626,SwiftLine,Metro,True
900644,SwiftLine,Metro,True
900392,SwiftLine,Metro,True
900244,SwiftLine,Metro,True
902826,SwiftLine,Metro,True
902204,SwiftLine,Metro,True
910989,BlueCart,Upcountry,False
902991,SwiftLine,Metro,True
908363,BlueCart,Upcountry,True
901107,SwiftLine,Metro,True
906724,BlueCart,Metro,True
909215,BlueCart,Upcountry,True
906006,SwiftLine,Upcountry,True
900082,SwiftLine,Metro,True
905973,SwiftLine,Upcountry,True
911019,BlueCart,Upcountry,True
904570,SwiftLine,Metro,True
902527,SwiftLine,Metro,True
900242,SwiftLine,Metro,False
905338,SwiftLine,Upcountry,True
901999,SwiftLine,Metro,True
901150,SwiftLine,Metro,True
905057,SwiftLine,Metro,True
910952,BlueCart,Upcountry,True
907232,BlueCart,Upcountry,True
910220,BlueCart,Upcountry,True
909339,BlueCart,Upcountry,True
906160,BlueCart,Metro,True
911430,BlueCart,Upcountry,True
910758,BlueCart,Upcountry,False
903056,SwiftLine,Metro,True
906300,BlueCart,Metro,True
900379,SwiftLine,Metro,True
907399,BlueCart,Upcountry,False
908458,BlueCart,Upcountry,True
908193,BlueCart,Upcountry,True
904920,SwiftLine,Metro,True
907366,BlueCart,Upcountry,True
903296,SwiftLine,Metro,True
902156,SwiftLine,Metro,True
910846,BlueCart,Upcountry,True
910460,BlueCart,Upcountry,True
905675,SwiftLine,Upcountry,True
902249,SwiftLine,Metro,True
909531,BlueCart,Upcountry,True
907262,BlueCart,Upcountry,True
902902,SwiftLine,Metro,True
903000,SwiftLine,Metro,True
909695,BlueCart,Upcountry,True
907943,BlueCart,Upcountry,True
902404,SwiftLine,Metro,True
904180,SwiftLine,Metro,True
903348,SwiftLine,Metro,True
911475,BlueCart,Upcountry,True
906737,BlueCart,Metro,True
911123,BlueCart,Upcountry,False
910331,BlueCart,Upcountry,True
906657,BlueCart,Metro,True
900901,SwiftLine,Metro,True
907016,BlueCart,Metro,True
905483,SwiftLine,Upcountry,True
901889,SwiftLine,Metro,True
903729,SwiftLine,Metro,True
907307,BlueCart,Upcountry,True
907237,BlueCart,Upcountry,True
909389,BlueCart,Upcountry,True
905111,SwiftLine,Metro,True
910708,BlueCart,Upcountry,True
901592,SwiftLine,Metro,True
910237,BlueCart,Upcountry,True
909246,BlueCart,Upcountry,True
908341,BlueCart,Upcountry,True
902716,SwiftLine,Metro,True
904658,SwiftLine,Metro,True
907740,BlueCart,Upcountry,True
910230,BlueCart,Upcountry,True
909255,BlueCart,Upcountry,True
903103,SwiftLine,Metro,True
909285,BlueCart,Upcountry,True
900696,SwiftLine,Metro,True
907247,BlueCart,Upcountry,False
907630,BlueCart,Upcountry,True
903730,SwiftLine,Metro,True
906387,BlueCart,Metro,True
903819,SwiftLine,Metro,True
911434,BlueCart,Upcountry,True
910820,BlueCart,Upcountry,True
910919,BlueCart,Upcountry,True
911459,BlueCart,Upcountry,False
905889,SwiftLine,Upcountry,True
903086,SwiftLine,Metro,False
900859,SwiftLine,Metro,True
909911,BlueCart,Upcountry,False
907612,BlueCart,Upcountry,True
909887,BlueCart,Upcountry,True
906025,SwiftLine,Upcountry,False
902119,SwiftLine,Metro,True
900837,SwiftLine,Metro,True
908913,BlueCart,Upcountry,True
908743,BlueCart,Upcountry,False
900585,SwiftLine,Metro,True
910047,BlueCart,Upcountry,False
911177,BlueCart,Upcountry,True
903469,SwiftLine,Metro,True
903504,SwiftLine,Metro,True
901846,SwiftLine,Metro,True
904750,SwiftLine,Metro,False
909855,BlueCart,Upcountry,False
905170,SwiftLine,Metro,True
911244,BlueCart,Upcountry,True
904141,SwiftLine,Metro,True
911060,BlueCart,Upcountry,True
908274,BlueCart,Upcountry,True
907419,BlueCart,Upcountry,True
907783,BlueCart,Upcountry,False
907798,BlueCart,Upcountry,True
909717,BlueCart,Upcountry,True
900318,SwiftLine,Metro,False
902756,SwiftLine,Metro,True
903818,SwiftLine,Metro,True
905994,SwiftLine,Upcountry,True
901566,SwiftLine,Metro,True
908257,BlueCart,Upcountry,False
903994,SwiftLine,Metro,True
905995,SwiftLine,Upcountry,True
902050,SwiftLine,Metro,True
900515,SwiftLine,Metro,True
900914,SwiftLine,Metro,True
907813,BlueCart,Upcountry,True
907610,BlueCart,Upcountry,False
904212,SwiftLine,Metro,True
905565,SwiftLine,Upcountry,True
904762,SwiftLine,Metro,True
911144,BlueCart,Upcountry,True
905298,SwiftLine,Upcountry,True
900955,SwiftLine,Metro,True
900799,SwiftLine,Metro,True
904817,SwiftLine,Metro,True
911518,BlueCart,Upcountry,True
905629,SwiftLine,Upcountry,True
906287,BlueCart,Metro,True
901487,SwiftLine,Metro,True
910923,BlueCart,Upcountry,True
906128,BlueCart,Metro,True
911481,BlueCart,Upcountry,True
901067,SwiftLine,Metro,True
900452,SwiftLine,Metro,False
900846,SwiftLine,Metro,True
906812,BlueCart,Metro,True
907661,BlueCart,Upcountry,True
906605,BlueCart,Metro,True
909073,BlueCart,Upcountry,True
910620,BlueCart,Upcountry,False
909947,BlueCart,Upcountry,True
909183,BlueCart,Upcountry,True
906948,BlueCart,Metro,True
904757,SwiftLine,Metro,True
908308,BlueCart,Upcountry,True
902592,SwiftLine,Metro,True
901159,SwiftLine,Metro,True
907990,BlueCart,Upcountry,True
910148,BlueCart,Upcountry,False
909955,BlueCart,Upcountry,True
909106,BlueCart,Upcountry,True
907367,BlueCart,Upcountry,False
910998,BlueCart,Upcountry,False
907807,BlueCart,Upcountry,False
910979,BlueCart,Upcountry,True
906985,BlueCart,Metro,True
906484,BlueCart,Metro,True
903449,SwiftLine,Metro,True
900616,SwiftLine,Metro,True
902145,SwiftLine,Metro,True
905418,SwiftLine,Upcountry,False
905033,SwiftLine,Metro,True
908045,BlueCart,Upcountry,True
910418,BlueCart,Upcountry,True
908855,BlueCart,Upcountry,True
904647,SwiftLine,Metro,True
906643,BlueCart,Metro,True
903534,SwiftLine,Metro,True
902750,SwiftLine,Metro,True
911024,BlueCart,Upcountry,True
900599,SwiftLine,Metro,True
910901,BlueCart,Upcountry,True
909077,BlueCart,Upcountry,True
910904,BlueCart,Upcountry,True
903216,SwiftLine,Metro,True
904718,SwiftLine,Metro,True
904166,SwiftLine,Metro,True
910586,BlueCart,Upcountry,True
909826,BlueCart,Upcountry,True
903918,SwiftLine,Metro,True
905879,SwiftLine,Upcountry,True
901582,SwiftLine,Metro,True
905544,SwiftLine,Upcountry,True
911594,BlueCart,Upcountry,True
910769,BlueCart,Upcountry,True
904380,SwiftLine,Metro,True
907456,BlueCart,Upcountry,False
900093,SwiftLine,Metro,True
908935,BlueCart,Upcountry,False
903200,SwiftLine,Metro,False
905818,SwiftLine,Upcountry,True
903867,SwiftLine,Metro,True
908321,BlueCart,Upcountry,True
903015,SwiftLine,Metro,True
908518,BlueCart,Upcountry,True
904128,SwiftLine,Metro,True
908404,BlueCart,Upcountry,True
904069,SwiftLine,Metro,False
902422,SwiftLine,Metro,True
904664,SwiftLine,Metro,True
908966,BlueCart,Upcountry,False
902647,SwiftLine,Metro,True
903090,SwiftLine,Metro,True
909672,BlueCart,Upcountry,True
905232,SwiftLine,Upcountry,True
908618,BlueCart,Upcountry,True
908994,BlueCart,Upcountry,True
902763,SwiftLine,Metro,True
908541,BlueCart,Upcountry,True
902124,SwiftLine,Metro,True
909247,BlueCart,Upcountry,True
909472,BlueCart,Upcountry,True
901370,SwiftLine,Metro,True
907968,BlueCart,Upcountry,True
900632,SwiftLine,Metro,True
901468,SwiftLine,Metro,True
908870,BlueCart,Upcountry,True
900397,SwiftLine,Metro,True
902579,SwiftLine,Metro,True
903353,SwiftLine,Metro,True
903954,SwiftLine,Metro,True
909639,BlueCart,Upcountry,True
910930,BlueCart,Upcountry,True
902314,SwiftLine,Metro,True
908485,BlueCart,Upcountry,True
904000,SwiftLine,Metro,True
902078,SwiftLine,Metro,True
902293,SwiftLine,Metro,True
907259,BlueCart,Upcountry,True
908775,BlueCart,Upcountry,True
901135,SwiftLine,Metro,True
901138,SwiftLine,Metro,False
904691,SwiftLine,Metro,True
903244,SwiftLine,Metro,True
904579,SwiftLine,Metro,True
906677,BlueCart,Metro,True
908391,BlueCart,Upcountry,True
904583,SwiftLine,Metro,True
901895,SwiftLine,Metro,True
900803,SwiftLine,Metro,True
911238,BlueCart,Upcountry,True
910912,BlueCart,Upcountry,False
911560,BlueCart,Upcountry,False
908330,BlueCart,Upcountry,True
904337,SwiftLine,Metro,True
907113,BlueCart,Metro,True
908285,BlueCart,Upcountry,False
910760,BlueCart,Upcountry,True
911546,BlueCart,Upcountry,False
902481,SwiftLine,Metro,True
906714,BlueCart,Metro,True
903116,SwiftLine,Metro,True
910149,BlueCart,Upcountry,True
906884,BlueCart,Metro,True
906032,SwiftLine,Upcountry,True
905293,SwiftLine,Upcountry,True
908657,BlueCart,Upcountry,True
907548,BlueCart,Upcountry,True
907648,BlueCart,Upcountry,True
903607,SwiftLine,Metro,True
901541,SwiftLine,Metro,True
906212,BlueCart,Metro,True
909730,BlueCart,Upcountry,True
904970,SwiftLine,Metro,True
908234,BlueCart,Upcountry,True
904052,SwiftLine,Metro,True
903021,SwiftLine,Metro,True
910068,BlueCart,Upcountry,True
910753,BlueCart,Upcountry,True
902177,SwiftLine,Metro,True
901586,SwiftLine,Metro,True
902925,SwiftLine,Metro,True
902267,SwiftLine,Metro,False
902549,SwiftLine,Metro,True
908507,BlueCart,Upcountry,True
901667,SwiftLine,Metro,True
905906,SwiftLine,Upcountry,False
908791,BlueCart,Upcountry,True
905690,SwiftLine,Upcountry,False
907338,BlueCart,Upcountry,False
906990,BlueCart,Metro,True
904688,SwiftLine,Metro,True
904854,SwiftLine,Metro,True
900732,SwiftLine,Metro,True
905619,SwiftLine,Upcountry,True
901285,SwiftLine,Metro,True
901905,SwiftLine,Metro,False
900870,SwiftLine,Metro,True
902120,SwiftLine,Metro,True
906008,SwiftLine,Upcountry,True
900836,SwiftLine,Metro,True
910956,BlueCart,Upcountry,True
907437,BlueCart,Upcountry,True
906695,BlueCart,Metro,True
906390,BlueCart,Metro,True
904755,SwiftLine,Metro,False
903026,SwiftLine,Metro,True
911066,BlueCart,Upcountry,False
910281,BlueCart,Upcountry,False
903967,SwiftLine,Metro,True
900067,SwiftLine,Metro,True
902243,SwiftLine,Metro,False
907032,BlueCart,Metro,True
906148,BlueCart,Metro,False
909737,BlueCart,Upcountry,True
900913,SwiftLine,Metro,True
906675,BlueCart,Metro,True
907997,BlueCart,Upcountry,False
904443,SwiftLine,Metro,True
911104,BlueCart,Upcountry,True
910727,BlueCart,Upcountry,False
901832,SwiftLine,Metro,True
908242,BlueCart,Upcountry,True
901413,SwiftLine,Metro,True
908973,BlueCart,Upcountry,True
904938,SwiftLine,Metro,True
906095,SwiftLine,Upcountry,False
909908,BlueCart,Upcountry,True
906570,BlueCart,Metro,True
901727,SwiftLine,Metro,True
901665,SwiftLine,Metro,True
905420,SwiftLine,Upcountry,False
900196,SwiftLine,Metro,True
903136,SwiftLine,Metro,True
902209,SwiftLine,Metro,True
908660,BlueCart,Upcountry,False
910631,BlueCart,Upcountry,True
906571,BlueCart,Metro,True
903530,SwiftLine,Metro,True
900936,SwiftLine,Metro,True
904057,SwiftLine,Metro,True
908491,BlueCart,Upcountry,True
910330,BlueCart,Upcountry,True
906626,BlueCart,Metro,True
906944,BlueCart,Metro,True
903873,SwiftLine,Metro,True
907611,BlueCart,Upcountry,True
905434,SwiftLine,Upcountry,True
911089,BlueCart,Upcountry,True
908605,BlueCart,Upcountry,True
910608,BlueCart,Upcountry,True
906813,BlueCart,Metro,True
911275,BlueCart,Upcountry,True
905712,SwiftLine,Upcountry,True
902784,SwiftLine,Metro,True
911488,BlueCart,Upcountry,False
908180,BlueCart,Upcountry,True
907315,BlueCart,Upcountry,False
903582,SwiftLine,Metro,True
901121,SwiftLine,Metro,True
910153,BlueCart,Upcountry,True
909086,BlueCart,Upcountry,True
900911,SwiftLine,Metro,True
908416,BlueCart,Upcountry,False
900845,SwiftLine,Metro,True
900373,SwiftLine,Metro,True
907438,BlueCart,Upcountry,False
910734,BlueCart,Upcountry,False
906482,BlueCart,Metro,True
902230,SwiftLine,Metro,True
909545,BlueCart,Upcountry,False
908179,BlueCart,Upcountry,True
900065,SwiftLine,Metro,True
904521,SwiftLine,Metro,True
903289,SwiftLine,Metro,True
905525,SwiftLine,Upcountry,True
910872,BlueCart,Upcountry,True
905287,SwiftLine,Upcountry,False
903915,SwiftLine,Metro,True
908191,BlueCart,Upcountry,True
903960,SwiftLine,Metro,True
902403,SwiftLine,Metro,True
907382,BlueCart,Upcountry,True
911592,BlueCart,Upcountry,True
900418,SwiftLine,Metro,True
902059,SwiftLine,Metro,True
904204,SwiftLine,Metro,False
905070,SwiftLine,Metro,True
902998,SwiftLine,Metro,True
911150,BlueCart,Upcountry,True
911176,BlueCart,Upcountry,False
908365,BlueCart,Upcountry,False
901260,SwiftLine,Metro,True
900797,SwiftLine,Metro,True
901577,SwiftLine,Metro,True
904699,SwiftLine,Metro,True
906796,BlueCart,Metro,True
911084,BlueCart,Upcountry,True
902389,SwiftLine,Metro,True
906165,BlueCart,Metro,True
905062,SwiftLine,Metro,True
903787,SwiftLine,Metro,True
906795,BlueCart,Metro,False
900560,SwiftLine,Metro,True
901532,SwiftLine,Metro,True
906092,SwiftLine,Upcountry,True
907024,BlueCart,Metro,True
904703,SwiftLine,Metro,True
901047,SwiftLine,Metro,True
909517,BlueCart,Upcountry,True
904215,SwiftLine,Metro,False
904102,SwiftLine,Metro,True
900150,SwiftLine,Metro,True
909901,BlueCart,Upcountry,True
903500,SwiftLine,Metro,True
904875,SwiftLine,Metro,True
908430,BlueCart,Upcountry,True
905065,SwiftLine,Metro,True
910483,BlueCart,Upcountry,True
904248,SwiftLine,Metro,False
905808,SwiftLine,Upcountry,False
903859,SwiftLine,Metro,True
901053,SwiftLine,Metro,True
907604,BlueCart,Upcountry,False
901471,SwiftLine,Metro,True
905025,SwiftLine,Metro,True
905001,SwiftLine,Metro,True
903198,SwiftLine,Metro,True
908441,BlueCart,Upcountry,False
905480,SwiftLine,Upcountry,False
900475,SwiftLine,Metro,True
901088,SwiftLine,Metro,True
900087,SwiftLine,Metro,True
900808,SwiftLine,Metro,True
902971,SwiftLine,Metro,True
907571,BlueCart,Upcountry,False
903993,SwiftLine,Metro,True
900137,SwiftLine,Metro,True
910848,BlueCart,Upcountry,True
902680,SwiftLine,Metro,True
904064,SwiftLine,Metro,True
910791,BlueCart,Upcountry,True
906697,BlueCart,Metro,True
901099,SwiftLine,Metro,True
910604,BlueCart,Upcountry,True
905441,SwiftLine,Upcountry,True
900554,SwiftLine,Metro,True
900789,SwiftLine,Metro,True
900922,SwiftLine,Metro,True
907418,BlueCart,Upcountry,True
901946,SwiftLine,Metro,True
906294,BlueCart,Metro,True
904323,SwiftLine,Metro,True
908683,BlueCart,Upcountry,True
904084,SwiftLine,Metro,True
903262,SwiftLine,Metro,True
901970,SwiftLine,Metro,True
900323,SwiftLine,Metro,True
906335,BlueCart,Metro,True
908057,BlueCart,Upcountry,True
901013,SwiftLine,Metro,True
902228,SwiftLine,Metro,True
907925,BlueCart,Upcountry,True
901341,SwiftLine,Metro,True
910191,BlueCart,Upcountry,True
911011,BlueCart,Upcountry,True
905343,SwiftLine,Upcountry,False
908338,BlueCart,Upcountry,True
901192,SwiftLine,Metro,True
910908,BlueCart,Upcountry,False
901787,SwiftLine,Metro,True
903159,SwiftLine,Metro,True
907651,BlueCart,Upcountry,True
908761,BlueCart,Upcountry,False
909101,BlueCart,Upcountry,True
910296,BlueCart,Upcountry,False
908674,BlueCart,Upcountry,True
911105,BlueCart,Upcountry,True
901835,SwiftLine,Metro,True
901624,SwiftLine,Metro,True
906241,BlueCart,Metro,True
908482,BlueCart,Upcountry,False
907138,BlueCart,Metro,True
902758,SwiftLine,Metro,True
907593,BlueCart,Upcountry,False
909403,BlueCart,Upcountry,True
907906,BlueCart,Upcountry,False
908621,BlueCart,Upcountry,False
902327,SwiftLine,Metro,True
901679,SwiftLine,Metro,True
900133,SwiftLine,Metro,True
909375,BlueCart,Upcountry,True
910534,BlueCart,Upcountry,False
901885,SwiftLine,Metro,True
905342,SwiftLine,Upcountry,True
908046,BlueCart,Upcountry,False
900126,SwiftLine,Metro,True
910790,BlueCart,Upcountry,True
908846,BlueCart,Upcountry,True
903587,SwiftLine,Metro,True
911568,BlueCart,Upcountry,True
903206,SwiftLine,Metro,True
908082,BlueCart,Upcountry,True
911102,BlueCart,Upcountry,True
905207,SwiftLine,Upcountry,True
907921,BlueCart,Upcountry,True
901731,SwiftLine,Metro,True
911239,BlueCart,Upcountry,True
902916,SwiftLine,Metro,True
910728,BlueCart,Upcountry,False
904290,SwiftLine,Metro,True
903061,SwiftLine,Metro,True
908003,BlueCart,Upcountry,True
903302,SwiftLine,Metro,True
901046,SwiftLine,Metro,False
906182,BlueCart,Metro,True
905508,SwiftLine,Upcountry,False
908572,BlueCart,Upcountry,True
900938,SwiftLine,Metro,True
910140,BlueCart,Upcountry,True
903213,SwiftLine,Metro,True
903964,SwiftLine,Metro,True
903431,SwiftLine,Metro,True
910355,BlueCart,Upcountry,True
904900,SwiftLine,Metro,True
911287,BlueCart,Upcountry,True
905315,SwiftLine,Upcountry,True
910270,BlueCart,Upcountry,True
902028,SwiftLine,Metro,True
901934,SwiftLine,Metro,True
908111,BlueCart,Upcountry,True
911167,BlueCart,Upcountry,True
909088,BlueCart,Upcountry,False
911190,BlueCart,Upcountry,False
903037,SwiftLine,Metro,True
907555,BlueCart,Upcountry,True
910570,BlueCart,Upcountry,True
904860,SwiftLine,Metro,True
901720,SwiftLine,Metro,True
905226,SwiftLine,Upcountry,True
907064,BlueCart,Metro,True
911571,BlueCart,Upcountry,True
904918,SwiftLine,Metro,True
901795,SwiftLine,Metro,True
902347,SwiftLine,Metro,True
909762,BlueCart,Upcountry,False
908651,BlueCart,Upcountry,True
911509,BlueCart,Upcountry,True
911068,BlueCart,Upcountry,True
903635,SwiftLine,Metro,True
904654,SwiftLine,Metro,True
911007,BlueCart,Upcountry,False
902433,SwiftLine,Metro,True
903454,SwiftLine,Metro,True
905689,SwiftLine,Upcountry,True
908531,BlueCart,Upcountry,True
903821,SwiftLine,Metro,True
904978,SwiftLine,Metro,True
909811,BlueCart,Upcountry,True
910123,BlueCart,Upcountry,True
911381,BlueCart,Upcountry,True
905076,SwiftLine,Metro,True
907143,BlueCart,Metro,True
910133,BlueCart,Upcountry,True
910472,BlueCart,Upcountry,True
900509,SwiftLine,Metro,True
910748,BlueCart,Upcountry,True
903145,SwiftLine,Metro,True
906996,BlueCart,Metro,True
910443,BlueCart,Upcountry,True
909452,BlueCart,Upcountry,True
908534,BlueCart,Upcountry,False
901378,SwiftLine,Metro,True
904066,SwiftLine,Metro,True
907698,BlueCart,Upcountry,True
902143,SwiftLine,Metro,True
903874,SwiftLine,Metro,True
903199,SwiftLine,Metro,True
910144,BlueCart,Upcountry,True
910845,BlueCart,Upcountry,True
902029,SwiftLine,Metro,True
901488,SwiftLine,Metro,True
905549,SwiftLine,Upcountry,False
908989,BlueCart,Upcountry,False
911314,BlueCart,Upcountry,True
909509,BlueCart,Upcountry,True
901893,SwiftLine,Metro,True
904190,SwiftLine,Metro,True
902401,SwiftLine,Metro,True
906896,BlueCart,Metro,True
900028,SwiftLine,Metro,True
909999,BlueCart,Upcountry,True
910783,BlueCart,Upcountry,False
905775,SwiftLine,Upcountry,True
906627,BlueCart,Metro,True
901986,SwiftLine,Metro,True
904734,SwiftLine,Metro,False
911457,BlueCart,Upcountry,True
908933,BlueCart,Upcountry,True
909936,BlueCart,Upcountry,False
905211,SwiftLine,Upcountry,True
905203,SwiftLine,Upcountry,True
909020,BlueCart,Upcountry,False
905978,SwiftLine,Upcountry,True
904395,SwiftLine,Metro,True
901086,SwiftLine,Metro,True
909175,BlueCart,Upcountry,True
909649,BlueCart,Upcountry,True
908384,BlueCart,Upcountry,True
906386,BlueCart,Metro,True
905530,SwiftLine,Upcountry,False
902264,SwiftLine,Metro,True
904272,SwiftLine,Metro,True
901030,SwiftLine,Metro,True
904874,SwiftLine,Metro,True
905652,SwiftLine,Upcountry,False
910299,BlueCart,Upcountry,False
911160,BlueCart,Upcountry,True
907208,BlueCart,Upcountry,True
904651,SwiftLine,Metro,True
910796,BlueCart,Upcountry,False
907400,BlueCart,Upcountry,True
904504,SwiftLine,Metro,True
906059,SwiftLine,Upcountry,True
906799,BlueCart,Metro,True
901189,SwiftLine,Metro,True
900516,SwiftLine,Metro,True
900256,SwiftLine,Metro,True
902667,SwiftLine,Metro,True
907374,BlueCart,Upcountry,True
901976,SwiftLine,Metro,True
908243,BlueCart,Upcountry,True
907115,BlueCart,Metro,True
907706,BlueCart,Upcountry,True
901059,SwiftLine,Metro,True
903403,SwiftLine,Metro,True
901288,SwiftLine,Metro,True
901302,SwiftLine,Metro,True
905899,SwiftLine,Upcountry,True
902135,SwiftLine,Metro,True
905611,SwiftLine,Upcountry,False
904950,SwiftLine,Metro,True
910939,BlueCart,Upcountry,True
910572,BlueCart,Upcountry,True
910363,BlueCart,Upcountry,True
901163,SwiftLine,Metro,True
907218,BlueCart,Upcountry,True
900404,SwiftLine,Metro,True
904155,SwiftLine,Metro,True
910914,BlueCart,Upcountry,True
903586,SwiftLine,Metro,True
903122,SwiftLine,Metro,True
902125,SwiftLine,Metro,True
902702,SwiftLine,Metro,True
901728,SwiftLine,Metro,True
903354,SwiftLine,Metro,True
901623,SwiftLine,Metro,True
909301,BlueCart,Upcountry,True
901051,SwiftLine,Metro,True
904567,SwiftLine,Metro,True
909051,BlueCart,Upcountry,True
906238,BlueCart,Metro,True
905219,SwiftLine,Upcountry,True
905612,SwiftLine,Upcountry,False
906373,BlueCart,Metro,True
909315,BlueCart,Upcountry,True
900939,SwiftLine,Metro,True
900608,SwiftLine,Metro,True
907102,BlueCart,Metro,True
910053,BlueCart,Upcountry,True
906091,SwiftLine,Upcountry,False
907584,BlueCart,Upcountry,True
901686,SwiftLine,Metro,True
905793,SwiftLine,Upcountry,False
909501,BlueCart,Upcountry,True
907490,BlueCart,Upcountry,True
903538,SwiftLine,Metro,True
900088,SwiftLine,Metro,True
901474,SwiftLine,Metro,True
900863,SwiftLine,Metro,True
902490,SwiftLine,Metro,True
906937,BlueCart,Metro,True
911115,BlueCart,Upcountry,True
903561,SwiftLine,Metro,True
900099,SwiftLine,Metro,True
907286,BlueCart,Upcountry,True
902483,SwiftLine,Metro,True
904279,SwiftLine,Metro,True
907984,BlueCart,Upcountry,False
902780,SwiftLine,Metro,True
909500,BlueCart,Upcountry,True
901212,SwiftLine,Metro,True
910393,BlueCart,Upcountry,False
906889,BlueCart,Metro,True
902547,SwiftLine,Metro,True
907386,BlueCart,Upcountry,True
904822,SwiftLine,Metro,True
905455,SwiftLine,Upcountry,True
910395,BlueCart,Upcountry,True
902970,SwiftLine,Metro,True
910772,BlueCart,Upcountry,True
904752,SwiftLine,Metro,True
909718,BlueCart,Upcountry,True
901630,SwiftLine,Metro,True
910316,BlueCart,Upcountry,False
900995,SwiftLine,Metro,True
900550,SwiftLine,Metro,True
904144,SwiftLine,Metro,True
910639,BlueCart,Upcountry,False
903969,SwiftLine,Metro,True
901854,SwiftLine,Metro,True
908812,BlueCart,Upcountry,True
902027,SwiftLine,Metro,True
902566,SwiftLine,Metro,True
903238,SwiftLine,Metro,True
907939,BlueCart,Upcountry,True
906935,BlueCart,Metro,True
908748,BlueCart,Upcountry,True
910136,BlueCart,Upcountry,True
900521,SwiftLine,Metro,False
902928,SwiftLine,Metro,True
910683,BlueCart,Upcountry,True
903311,SwiftLine,Metro,True
900589,SwiftLine,Metro,True
906127,BlueCart,Metro,True
900001,SwiftLine,Metro,True
906124,BlueCart,Metro,True
904618,SwiftLine,Metro,True
906767,BlueCart,Metro,True
900687,SwiftLine,Metro,True
909249,BlueCart,Upcountry,False
908356,BlueCart,Upcountry,False
902714,SwiftLine,Metro,True
901517,SwiftLine,Metro,True
903205,SwiftLine,Metro,True
907524,BlueCart,Upcountry,True
903668,SwiftLine,Metro,True
908297,BlueCart,Upcountry,True
901625,SwiftLine,Metro,True
907376,BlueCart,Upcountry,True
905786,SwiftLine,Upcountry,True
904704,SwiftLine,Metro,True
906881,BlueCart,Metro,True
907634,BlueCart,Upcountry,True
911514,BlueCart,Upcountry,True
906429,BlueCart,Metro,True
902831,SwiftLine,Metro,True
902151,SwiftLine,Metro,True
901871,SwiftLine,Metro,True
911208,BlueCart,Upcountry,True
904660,SwiftLine,Metro,True
900719,SwiftLine,Metro,True
901704,SwiftLine,Metro,True
903492,SwiftLine,Metro,True
902849,SwiftLine,Metro,True
910900,BlueCart,Upcountry,True
901573,SwiftLine,Metro,True
905897,SwiftLine,Upcountry,True
904622,SwiftLine,Metro,True
902539,SwiftLine,Metro,True
911326,BlueCart,Upcountry,True
905002,SwiftLine,Metro,True
909129,BlueCart,Upcountry,True
903319,SwiftLine,Metro,True
907688,BlueCart,Upcountry,True
901273,SwiftLine,Metro,True
902187,SwiftLine,Metro,True
901148,SwiftLine,Metro,True
901828,SwiftLine,Metro,False
906197,BlueCart,Metro,True
911388,BlueCart,Upcountry,True
910126,BlueCart,Upcountry,True
911056,BlueCart,Upcountry,True
910978,BlueCart,Upcountry,True
901637,SwiftLine,Metro,True
906539,BlueCart,Metro,True
902513,SwiftLine,Metro,True
908278,BlueCart,Upcountry,True
908403,BlueCart,Upcountry,False
907033,BlueCart,Metro,True
907875,BlueCart,Upcountry,True
905285,SwiftLine,Upcountry,True
906542,BlueCart,Metro,True
903570,SwiftLine,Metro,True
905377,SwiftLine,Upcountry,True
910231,BlueCart,Upcountry,True
905809,SwiftLine,Upcountry,True
900766,SwiftLine,Metro,True
908883,BlueCart,Upcountry,False
907156,BlueCart,Metro,True
906610,BlueCart,Metro,True
910740,BlueCart,Upcountry,True
908897,BlueCart,Upcountry,False
900672,SwiftLine,Metro,True
905132,SwiftLine,Metro,True
904445,SwiftLine,Metro,True
910595,BlueCart,Upcountry,True
904468,SwiftLine,Metro,True
911520,BlueCart,Upcountry,True
911476,BlueCart,Upcountry,True
902197,SwiftLine,Metro,True
909641,BlueCart,Upcountry,True
910098,BlueCart,Upcountry,True
904678,SwiftLine,Metro,True
904410,SwiftLine,Metro,True
901785,SwiftLine,Metro,True
906372,BlueCart,Metro,True
907421,BlueCart,Upcountry,False
905729,SwiftLine,Upcountry,True
908349,BlueCart,Upcountry,True
910318,BlueCart,Upcountry,True
908533,BlueCart,Upcountry,True
900795,SwiftLine,Metro,True
906728,BlueCart,Metro,True
901387,SwiftLine,Metro,True
910114,BlueCart,Upcountry,True
900604,SwiftLine,Metro,True
907195,BlueCart,Metro,True
907107,BlueCart,Metro,True
909953,BlueCart,Upcountry,True
901506,SwiftLine,Metro,True
905986,SwiftLine,Upcountry,False
909918,BlueCart,Upcountry,True
908095,BlueCart,Upcountry,True
906546,BlueCart,Metro,True
900124,SwiftLine,Metro,True
908866,BlueCart,Upcountry,True
909964,BlueCart,Upcountry,True
908910,BlueCart,Upcountry,True
901130,SwiftLine,Metro,True
910424,BlueCart,Upcountry,False
911577,BlueCart,Upcountry,True
908360,BlueCart,Upcountry,True
907350,BlueCart,Upcountry,True
908741,BlueCart,Upcountry,True
910067,BlueCart,Upcountry,False
911030,BlueCart,Upcountry,True
900220,SwiftLine,Metro,True
901120,SwiftLine,Metro,False
909228,BlueCart,Upcountry,True
901214,SwiftLine,Metro,True
909605,BlueCart,Upcountry,True
905091,SwiftLine,Metro,True
909072,BlueCart,Upcountry,True
901996,SwiftLine,Metro,True
900311,SwiftLine,Metro,True
907857,BlueCart,Upcountry,False
907913,BlueCart,Upcountry,True
900158,SwiftLine,Metro,True
910204,BlueCart,Upcountry,True
902247,SwiftLine,Metro,True
905543,SwiftLine,Upcountry,True
902176,SwiftLine,Metro,True
908583,BlueCart,Upcountry,False
901545,SwiftLine,Metro,True
908599,BlueCart,Upcountry,True
908401,BlueCart,Upcountry,True
904114,SwiftLine,Metro,False
904398,SwiftLine,Metro,True
907568,BlueCart,Upcountry,True
906699,BlueCart,Metro,True
904001,SwiftLine,Metro,True
901109,SwiftLine,Metro,True
903264,SwiftLine,Metro,True
902512,SwiftLine,Metro,True
902760,SwiftLine,Metro,True
903309,SwiftLine,Metro,True
909680,BlueCart,Upcountry,True
909997,BlueCart,Upcountry,True
904104,SwiftLine,Metro,True
908382,BlueCart,Upcountry,True
910518,BlueCart,Upcountry,False
903209,SwiftLine,Metro,True
906063,SwiftLine,Upcountry,True
901750,SwiftLine,Metro,True
906374,BlueCart,Metro,True
904409,SwiftLine,Metro,True
905873,SwiftLine,Upcountry,False
906221,BlueCart,Metro,True
901055,SwiftLine,Metro,True
904047,SwiftLine,Metro,True
901778,SwiftLine,Metro,True
906217,BlueCart,Metro,True
904649,SwiftLine,Metro,True
904633,SwiftLine,Metro,True
900977,SwiftLine,Metro,True
902458,SwiftLine,Metro,False
901951,SwiftLine,Metro,True
908377,BlueCart,Upcountry,True
911526,BlueCart,Upcountry,False
906588,BlueCart,Metro,True
905554,SwiftLine,Upcountry,True
906247,BlueCart,Metro,True
900933,SwiftLine,Metro,True
906821,BlueCart,Metro,True
905257,SwiftLine,Upcountry,False
905401,SwiftLine,Upcountry,False
909225,BlueCart,Upcountry,True
901108,SwiftLine,Metro,True
902217,SwiftLine,Metro,True
909899,BlueCart,Upcountry,True
909707,BlueCart,Upcountry,True
905821,SwiftLine,Upcountry,True
907878,BlueCart,Upcountry,True
907245,BlueCart,Upcountry,True
905965,SwiftLine,Upcountry,True
903836,SwiftLine,Metro,True
911541,BlueCart,Upcountry,True
903053,SwiftLine,Metro,True
901620,SwiftLine,Metro,False
910574,BlueCart,Upcountry,True
909079,BlueCart,Upcountry,True
910642,BlueCart,Upcountry,False
904264,SwiftLine,Metro,True
909886,BlueCart,Upcountry,False
903937,SwiftLine,Metro,True
909977,BlueCart,Upcountry,True
908166,BlueCart,Upcountry,True
909721,BlueCart,Upcountry,True
907831,BlueCart,Upcountry,False
907847,BlueCart,Upcountry,True
907890,BlueCart,Upcountry,True
902503,SwiftLine,Metro,True
906364,BlueCart,Metro,True
902141,SwiftLine,Metro,True
900308,SwiftLine,Metro,False
905230,SwiftLine,Upcountry,True
904802,SwiftLine,Metro,True
902816,SwiftLine,Metro,True
904453,SwiftLine,Metro,True
909772,BlueCart,Upcountry,True
911196,BlueCart,Upcountry,True
901282,SwiftLine,Metro,True
905193,SwiftLine,Metro,True
909511,BlueCart,Upcountry,True
900218,SwiftLine,Metro,True
906453,BlueCart,Metro,True
910813,BlueCart,Upcountry,False
900086,SwiftLine,Metro,True
907715,BlueCart,Upcountry,True
901101,SwiftLine,Metro,True
901089,SwiftLine,Metro,True
905182,SwiftLine,Metro,True
907116,BlueCart,Metro,True
909139,BlueCart,Upcountry,True
903477,SwiftLine,Metro,True
909373,BlueCart,Upcountry,True
907217,BlueCart,Upcountry,True
907212,BlueCart,Upcountry,True
908879,BlueCart,Upcountry,False
908444,BlueCart,Upcountry,True
900588,SwiftLine,Metro,True
909961,BlueCart,Upcountry,True
908551,BlueCart,Upcountry,True
905511,SwiftLine,Upcountry,True
904450,SwiftLine,Metro,True
903064,SwiftLine,Metro,True
904097,SwiftLine,Metro,False
906502,BlueCart,Metro,True
900658,SwiftLine,Metro,True
901002,SwiftLine,Metro,True
906074,SwiftLine,Upcountry,True
904557,SwiftLine,Metro,True
901646,SwiftLine,Metro,True
909958,BlueCart,Upcountry,True
902858,SwiftLine,Metro,True
902770,SwiftLine,Metro,True
900890,SwiftLine,Metro,True
905152,SwiftLine,Metro,True
900780,SwiftLine,Metro,True
905939,SwiftLine,Upcountry,True
900445,SwiftLine,Metro,True
905739,SwiftLine,Upcountry,False
900927,SwiftLine,Metro,True
903019,SwiftLine,Metro,True
905318,SwiftLine,Upcountry,True
905340,SwiftLine,Upcountry,True
909119,BlueCart,Upcountry,False
900172,SwiftLine,Metro,True
900171,SwiftLine,Metro,True
906260,BlueCart,Metro,True
901205,SwiftLine,Metro,True
909880,BlueCart,Upcountry,True
904868,SwiftLine,Metro,False
907819,BlueCart,Upcountry,True
909520,BlueCart,Upcountry,False
906512,BlueCart,Metro,True
911012,BlueCart,Upcountry,True
910176,BlueCart,Upcountry,True
900760,SwiftLine,Metro,True
906807,BlueCart,Metro,True
900639,SwiftLine,Metro,True
911250,BlueCart,Upcountry,True
905795,SwiftLine,Upcountry,True
900084,SwiftLine,Metro,True
910535,BlueCart,Upcountry,True
905122,SwiftLine,Metro,True
904284,SwiftLine,Metro,True
904276,SwiftLine,Metro,True
903895,SwiftLine,Metro,True
910942,BlueCart,Upcountry,True
905471,SwiftLine,Upcountry,True
908953,BlueCart,Upcountry,False
908698,BlueCart,Upcountry,False
905360,SwiftLine,Upcountry,True
901808,SwiftLine,Metro,True
911559,BlueCart,Upcountry,False
904174,SwiftLine,Metro,True
903195,SwiftLine,Metro,True
911202,BlueCart,Upcountry,False
910838,BlueCart,Upcountry,True
904574,SwiftLine,Metro,False
907627,BlueCart,Upcountry,False
905043,SwiftLine,Metro,True
911054,BlueCart,Upcountry,False
902635,SwiftLine,Metro,True
903810,SwiftLine,Metro,True
909114,BlueCart,Upcountry,False
910645,BlueCart,Upcountry,True
907894,BlueCart,Upcountry,False
901292,SwiftLine,Metro,True
904437,SwiftLine,Metro,True
903085,SwiftLine,Metro,True
911146,BlueCart,Upcountry,True
907161,BlueCart,Metro,True
907301,BlueCart,Upcountry,True
903826,SwiftLine,Metro,True
908920,BlueCart,Upcountry,True
903746,SwiftLine,Metro,True
904724,SwiftLine,Metro,True
906354,BlueCart,Metro,True
907575,BlueCart,Upcountry,False
907493,BlueCart,Upcountry,True
905981,SwiftLine,Upcountry,False
901913,SwiftLine,Metro,True
900029,SwiftLine,Metro,True
908952,BlueCart,Upcountry,True
906671,BlueCart,Metro,True
906895,BlueCart,Metro,True
905278,SwiftLine,Upcountry,True
904766,SwiftLine,Metro,True
903024,SwiftLine,Metro,True
904671,SwiftLine,Metro,True
910856,BlueCart,Upcountry,True
901495,SwiftLine,Metro,True
902912,SwiftLine,Metro,True
907023,BlueCart,Metro,True
903328,SwiftLine,Metro,True
906443,BlueCart,Metro,True
905117,SwiftLine,Metro,True
905605,SwiftLine,Upcountry,True
909222,BlueCart,Upcountry,True
908521,BlueCart,Upcountry,True
907110,BlueCart,Metro,True
909455,BlueCart,Upcountry,True
900695,SwiftLine,Metro,True
904794,SwiftLine,Metro,True
904824,SwiftLine,Metro,True
906064,SwiftLine,Upcountry,False
903843,SwiftLine,Metro,True
904050,SwiftLine,Metro,True
904112,SwiftLine,Metro,True
903439,SwiftLine,Metro,True
908040,BlueCart,Upcountry,True
901535,SwiftLine,Metro,True
903368,SwiftLine,Metro,True
910625,BlueCart,Upcountry,True
911469,BlueCart,Upcountry,True
906942,BlueCart,Metro,True
903765,SwiftLine,Metro,True
908096,BlueCart,Upcountry,False
910232,BlueCart,Upcountry,True
909705,BlueCart,Upcountry,False
901344,SwiftLine,Metro,True
904200,SwiftLine,Metro,True
905574,SwiftLine,Upcountry,True
908152,BlueCart,Upcountry,True
904995,SwiftLine,Metro,True
901217,SwiftLine,Metro,True
903948,SwiftLine,Metro,True
901897,SwiftLine,Metro,True
901359,SwiftLine,Metro,True
904790,SwiftLine,Metro,False
910462,BlueCart,Upcountry,True
908780,BlueCart,Upcountry,True
910508,BlueCart,Upcountry,True
909151,BlueCart,Upcountry,True
900294,SwiftLine,Metro,True
902682,SwiftLine,Metro,True
901827,SwiftLine,Metro,True
907621,BlueCart,Upcountry,True
900892,SwiftLine,Metro,True
902166,SwiftLine,Metro,True
907570,BlueCart,Upcountry,True
909905,BlueCart,Upcountry,True
904319,SwiftLine,Metro,True
901611,SwiftLine,Metro,True
909458,BlueCart,Upcountry,True
907628,BlueCart,Upcountry,True
901348,SwiftLine,Metro,True
903731,SwiftLine,Metro,True
911325,BlueCart,Upcountry,True
902757,SwiftLine,Metro,True
905546,SwiftLine,Upcountry,True
901333,SwiftLine,Metro,True
901866,SwiftLine,Metro,True
904686,SwiftLine,Metro,True
908845,BlueCart,Upcountry,True
907791,BlueCart,Upcountry,True
907752,BlueCart,Upcountry,True
900159,SwiftLine,Metro,True
902922,SwiftLine,Metro,True
911079,BlueCart,Upcountry,True
904676,SwiftLine,Metro,True
902656,SwiftLine,Metro,True
900941,SwiftLine,Metro,True
910907,BlueCart,Upcountry,True
909049,BlueCart,Upcountry,False
908301,BlueCart,Upcountry,True
908724,BlueCart,Upcountry,True
901678,SwiftLine,Metro,True
910046,BlueCart,Upcountry,True
903269,SwiftLine,Metro,True
901023,SwiftLine,Metro,True
903857,SwiftLine,Metro,True
907884,BlueCart,Upcountry,False
907987,BlueCart,Upcountry,True
902402,SwiftLine,Metro,True
906687,BlueCart,Metro,True
911090,BlueCart,Upcountry,True
905183,SwiftLine,Metro,True
907114,BlueCart,Metro,True
903533,SwiftLine,Metro,True
905229,SwiftLine,Upcountry,True
903338,SwiftLine,Metro,True
904484,SwiftLine,Metro,True
904903,SwiftLine,Metro,True
904273,SwiftLine,Metro,True
905867,SwiftLine,Upcountry,True
901513,SwiftLine,Metro,True
909994,BlueCart,Upcountry,True
902813,SwiftLine,Metro,True
906028,SwiftLine,Upcountry,True
904952,SwiftLine,Metro,True
904882,SwiftLine,Metro,True
908715,BlueCart,Upcountry,True
910275,BlueCart,Upcountry,True
906014,SwiftLine,Upcountry,False
900547,SwiftLine,Metro,True
906175,BlueCart,Metro,True
910323,BlueCart,Upcountry,False
902449,SwiftLine,Metro,True
902004,SwiftLine,Metro,True
900471,SwiftLine,Metro,True
902226,SwiftLine,Metro,True
910083,BlueCart,Upcountry,True
905426,SwiftLine,Upcountry,True
905477,SwiftLine,Upcountry,True
908951,BlueCart,Upcountry,False
900200,SwiftLine,Metro,True
903824,SwiftLine,Metro,True
908722,BlueCart,Upcountry,False
904164,SwiftLine,Metro,True
911536,BlueCart,Upcountry,True
901702,SwiftLine,Metro,True
901878,SwiftLine,Metro,True
908607,BlueCart,Upcountry,False
908425,BlueCart,Upcountry,True
901683,SwiftLine,Metro,True
909820,BlueCart,Upcountry,False
904189,SwiftLine,Metro,True
905830,SwiftLine,Upcountry,True
910832,BlueCart,Upcountry,True
910161,BlueCart,Upcountry,True
910466,BlueCart,Upcountry,True
908440,BlueCart,Upcountry,True
905738,SwiftLine,Upcountry,True
905765,SwiftLine,Upcountry,True
905171,SwiftLine,Metro,True
900867,SwiftLine,Metro,True
905907,SwiftLine,Upcountry,True
907368,BlueCart,Upcountry,True
902038,SwiftLine,Metro,True
905153,SwiftLine,Metro,True
903383,SwiftLine,Metro,True
902948,SwiftLine,Metro,True
905040,SwiftLine,Metro,True
904852,SwiftLine,Metro,True
907111,BlueCart,Metro,True
902214,SwiftLine,Metro,True
911358,BlueCart,Upcountry,True
905466,SwiftLine,Upcountry,True
908392,BlueCart,Upcountry,True
903991,SwiftLine,Metro,True
903134,SwiftLine,Metro,True
909499,BlueCart,Upcountry,False
902882,SwiftLine,Metro,True
908400,BlueCart,Upcountry,False
905046,SwiftLine,Metro,True
910023,BlueCart,Upcountry,True
905456,SwiftLine,Upcountry,True
906001,SwiftLine,Upcountry,True
900962,SwiftLine,Metro,True
905882,SwiftLine,Upcountry,True
903672,SwiftLine,Metro,True
910664,BlueCart,Upcountry,False
904739,SwiftLine,Metro,True
907851,BlueCart,Upcountry,True
900988,SwiftLine,Metro,True
904365,SwiftLine,Metro,True
907465,BlueCart,Upcountry,True
902889,SwiftLine,Metro,True
906595,BlueCart,Metro,False
903272,SwiftLine,Metro,True
902959,SwiftLine,Metro,True
910451,BlueCart,Upcountry,False
906288,BlueCart,Metro,True
906119,BlueCart,Metro,True
906850,BlueCart,Metro,True
909684,BlueCart,Upcountry,True
911557,BlueCart,Upcountry,True
905550,SwiftLine,Upcountry,True
903092,SwiftLine,Metro,True
903733,SwiftLine,Metro,True
906351,BlueCart,Metro,True
911103,BlueCart,Upcountry,True
901749,SwiftLine,Metro,True
900498,SwiftLine,Metro,True
908822,BlueCart,Upcountry,True
908847,BlueCart,Upcountry,True
910703,BlueCart,Upcountry,True
901241,SwiftLine,Metro,True
907722,BlueCart,Upcountry,False
908478,BlueCart,Upcountry,True
904159,SwiftLine,Metro,True
906829,BlueCart,Metro,True
908751,BlueCart,Upcountry,True
901225,SwiftLine,Metro,True
909757,BlueCart,Upcountry,True
905583,SwiftLine,Upcountry,False
904865,SwiftLine,Metro,True
905382,SwiftLine,Upcountry,True
906457,BlueCart,Metro,True
905578,SwiftLine,Upcountry,True
901742,SwiftLine,Metro,True
900451,SwiftLine,Metro,True
909682,BlueCart,Upcountry,True
908556,BlueCart,Upcountry,False
905567,SwiftLine,Upcountry,True
900352,SwiftLine,Metro,True
900893,SwiftLine,Metro,True
908864,BlueCart,Upcountry,True
900341,SwiftLine,Metro,True
901599,SwiftLine,Metro,True
902548,SwiftLine,Metro,True
903147,SwiftLine,Metro,True
903326,SwiftLine,Metro,True
902048,SwiftLine,Metro,True
900904,SwiftLine,Metro,True
907351,BlueCart,Upcountry,True
908750,BlueCart,Upcountry,False
906101,BlueCart,Metro,True
904981,SwiftLine,Metro,True
902654,SwiftLine,Metro,True
905396,SwiftLine,Upcountry,True
908315,BlueCart,Upcountry,True
908211,BlueCart,Upcountry,True
904256,SwiftLine,Metro,True
902073,SwiftLine,Metro,True
903270,SwiftLine,Metro,True
902340,SwiftLine,Metro,True
900729,SwiftLine,Metro,True
903669,SwiftLine,Metro,False
900019,SwiftLine,Metro,True
905561,SwiftLine,Upcountry,True
901648,SwiftLine,Metro,True
907179,BlueCart,Metro,True
900329,SwiftLine,Metro,True
902531,SwiftLine,Metro,True
907619,BlueCart,Upcountry,False
903625,SwiftLine,Metro,True
906924,BlueCart,Metro,True
909147,BlueCart,Upcountry,True
906487,BlueCart,Metro,True
906194,BlueCart,Metro,True
905603,SwiftLine,Upcountry,True
909637,BlueCart,Upcountry,True
907897,BlueCart,Upcountry,True
910932,BlueCart,Upcountry,True
903847,SwiftLine,Metro,True
905522,SwiftLine,Upcountry,True
904474,SwiftLine,Metro,True
908133,BlueCart,Upcountry,True
905374,SwiftLine,Upcountry,True
909093,BlueCart,Upcountry,False
910069,BlueCart,Upcountry,True
907955,BlueCart,Upcountry,True
910467,BlueCart,Upcountry,True
902115,SwiftLine,Metro,False
906591,BlueCart,Metro,True
911433,BlueCart,Upcountry,True
900942,SwiftLine,Metro,False
903051,SwiftLine,Metro,True
901015,SwiftLine,Metro,True
904789,SwiftLine,Metro,True
903927,SwiftLine,Metro,True
903218,SwiftLine,Metro,True
905941,SwiftLine,Upcountry,True
904487,SwiftLine,Metro,True
908323,BlueCart,Upcountry,True
900572,SwiftLine,Metro,True
904225,SwiftLine,Metro,True
908898,BlueCart,Upcountry,True
907248,BlueCart,Upcountry,True
900161,SwiftLine,Metro,True
911140,BlueCart,Upcountry,False
906583,BlueCart,Metro,True
911321,BlueCart,Upcountry,False
902725,SwiftLine,Metro,True
901710,SwiftLine,Metro,True
900997,SwiftLine,Metro,True
900484,SwiftLine,Metro,True
902957,SwiftLine,Metro,True
909508,BlueCart,Upcountry,True
905199,SwiftLine,Metro,True
906084,SwiftLine,Upcountry,False
907632,BlueCart,Upcountry,True
900834,SwiftLine,Metro,True
906735,BlueCart,Metro,True
901430,SwiftLine,Metro,True
908189,BlueCart,Upcountry,True
907305,BlueCart,Upcountry,True
903471,SwiftLine,Metro,True
905380,SwiftLine,Upcountry,True
905736,SwiftLine,Upcountry,True
904784,SwiftLine,Metro,True
905636,SwiftLine,Upcountry,True
910812,BlueCart,Upcountry,True
908620,BlueCart,Upcountry,True
903487,SwiftLine,Metro,True
909368,BlueCart,Upcountry,False
903592,SwiftLine,Metro,True
903375,SwiftLine,Metro,True
911211,BlueCart,Upcountry,True
900523,SwiftLine,Metro,True
904003,SwiftLine,Metro,True
910032,BlueCart,Upcountry,False
901833,SwiftLine,Metro,True
907582,BlueCart,Upcountry,True
903406,SwiftLine,Metro,True
904667,SwiftLine,Metro,True
901315,SwiftLine,Metro,True
903910,SwiftLine,Metro,True
904899,SwiftLine,Metro,False
902138,SwiftLine,Metro,True
907994,BlueCart,Upcountry,True
908719,BlueCart,Upcountry,False
904838,SwiftLine,Metro,False
908844,BlueCart,Upcountry,True
909018,BlueCart,Upcountry,True
903438,SwiftLine,Metro,True
909171,BlueCart,Upcountry,True
908367,BlueCart,Upcountry,False
900949,SwiftLine,Metro,True
910417,BlueCart,Upcountry,True
901615,SwiftLine,Metro,True
904203,SwiftLine,Metro,True
910725,BlueCart,Upcountry,True
901562,SwiftLine,Metro,True
910090,BlueCart,Upcountry,False
904581,SwiftLine,Metro,True
908417,BlueCart,Upcountry,False
910492,BlueCart,Upcountry,True
901975,SwiftLine,Metro,True
903499,SwiftLine,Metro,True
910458,BlueCart,Upcountry,False
900520,SwiftLine,Metro,True
905532,SwiftLine,Upcountry,True
910088,BlueCart,Upcountry,True
903176,SwiftLine,Metro,True
901739,SwiftLine,Metro,True
905929,SwiftLine,Upcountry,True
909053,BlueCart,Upcountry,True
905708,SwiftLine,Upcountry,True
906913,BlueCart,Metro,True
906694,BlueCart,Metro,True
910274,BlueCart,Upcountry,False
904015,SwiftLine,Metro,True
907331,BlueCart,Upcountry,True
910028,BlueCart,Upcountry,False
908925,BlueCart,Upcountry,False
909117,BlueCart,Upcountry,True
901368,SwiftLine,Metro,True
910976,BlueCart,Upcountry,False
910647,BlueCart,Upcountry,True
905112,SwiftLine,Metro,True
911412,BlueCart,Upcountry,True
903817,SwiftLine,Metro,True
908687,BlueCart,Upcountry,True
900698,SwiftLine,Metro,False
904753,SwiftLine,Metro,True
906589,BlueCart,Metro,True
908543,BlueCart,Upcountry,True
909094,BlueCart,Upcountry,False
901105,SwiftLine,Metro,True
901807,SwiftLine,Metro,True
904746,SwiftLine,Metro,True
908012,BlueCart,Upcountry,True
910254,BlueCart,Upcountry,True
905872,SwiftLine,Upcountry,True
901324,SwiftLine,Metro,True
911133,BlueCart,Upcountry,True
901966,SwiftLine,Metro,True
904388,SwiftLine,Metro,True
906916,BlueCart,Metro,True
908276,BlueCart,Upcountry,True
900483,SwiftLine,Metro,True
904904,SwiftLine,Metro,True
910983,BlueCart,Upcountry,True
903442,SwiftLine,Metro,True
906331,BlueCart,Metro,True
910579,BlueCart,Upcountry,False
905386,SwiftLine,Upcountry,False
905256,SwiftLine,Upcountry,False
910527,BlueCart,Upcountry,True
909542,BlueCart,Upcountry,True
903675,SwiftLine,Metro,True
905681,SwiftLine,Upcountry,False
907137,BlueCart,Metro,True
903513,SwiftLine,Metro,True
908776,BlueCart,Upcountry,True
908172,BlueCart,Upcountry,False
908522,BlueCart,Upcountry,True
907174,BlueCart,Metro,True
907093,BlueCart,Metro,True
900170,SwiftLine,Metro,True
907676,BlueCart,Upcountry,True
905564,SwiftLine,Upcountry,False
910439,BlueCart,Upcountry,True
903324,SwiftLine,Metro,True
900211,SwiftLine,Metro,True
904124,SwiftLine,Metro,True
900518,SwiftLine,Metro,True
908251,BlueCart,Upcountry,True
905868,SwiftLine,Upcountry,False
907163,BlueCart,Metro,True
901257,SwiftLine,Metro,True
909633,BlueCart,Upcountry,True
907737,BlueCart,Upcountry,False
908065,BlueCart,Upcountry,True
908912,BlueCart,Upcountry,True
906732,BlueCart,Metro,False
902117,SwiftLine,Metro,True
905942,SwiftLine,Upcountry,True
906769,BlueCart,Metro,True
905710,SwiftLine,Upcountry,True
904375,SwiftLine,Metro,True
902988,SwiftLine,Metro,True
911374,BlueCart,Upcountry,True
904635,SwiftLine,Metro,True
909581,BlueCart,Upcountry,True
907191,BlueCart,Metro,True
902180,SwiftLine,Metro,True
906154,BlueCart,Metro,True
906326,BlueCart,Metro,True
903742,SwiftLine,Metro,True
901726,SwiftLine,Metro,True
902452,SwiftLine,Metro,True
904449,SwiftLine,Metro,True
907948,BlueCart,Upcountry,True
908604,BlueCart,Upcountry,False
901666,SwiftLine,Metro,True
903076,SwiftLine,Metro,True
906367,BlueCart,Metro,True
909160,BlueCart,Upcountry,False
906123,BlueCart,Metro,True
900230,SwiftLine,Metro,True
906087,SwiftLine,Upcountry,True
901180,SwiftLine,Metro,True
901304,SwiftLine,Metro,True
907606,BlueCart,Upcountry,False
908606,BlueCart,Upcountry,True
908679,BlueCart,Upcountry,True
908538,BlueCart,Upcountry,True
907723,BlueCart,Upcountry,True
908830,BlueCart,Upcountry,False
909909,BlueCart,Upcountry,True
905209,SwiftLine,Upcountry,False
910615,BlueCart,Upcountry,False
902607,SwiftLine,Metro,True
906902,BlueCart,Metro,True
900975,SwiftLine,Metro,True
906994,BlueCart,Metro,True
905842,SwiftLine,Upcountry,True
901746,SwiftLine,Metro,True
901194,SwiftLine,Metro,True
901944,SwiftLine,Metro,True
905241,SwiftLine,Upcountry,True
902633,SwiftLine,Metro,True
905107,SwiftLine,Metro,True
909849,BlueCart,Upcountry,True
900266,SwiftLine,Metro,True
905802,SwiftLine,Upcountry,False
907793,BlueCart,Upcountry,False
907349,BlueCart,Upcountry,True
904277,SwiftLine,Metro,True
907290,BlueCart,Upcountry,True
907910,BlueCart,Upcountry,False
903333,SwiftLine,Metro,True
910984,BlueCart,Upcountry,False
904545,SwiftLine,Metro,True
906826,BlueCart,Metro,True
902790,SwiftLine,Metro,True
907814,BlueCart,Upcountry,True
904917,SwiftLine,Metro,False
906083,SwiftLine,Upcountry,True
909882,BlueCart,Upcountry,True
909626,BlueCart,Upcountry,True
901414,SwiftLine,Metro,True
904029,SwiftLine,Metro,True
910927,BlueCart,Upcountry,True
905967,SwiftLine,Upcountry,False
904397,SwiftLine,Metro,True
903860,SwiftLine,Metro,True
907225,BlueCart,Upcountry,False
908520,BlueCart,Upcountry,True
908574,BlueCart,Upcountry,True
902670,SwiftLine,Metro,True
903695,SwiftLine,Metro,True
909885,BlueCart,Upcountry,True
908153,BlueCart,Upcountry,False
903175,SwiftLine,Metro,True
904616,SwiftLine,Metro,True
900679,SwiftLine,Metro,True
906433,BlueCart,Metro,True
907031,BlueCart,Metro,True
906483,BlueCart,Metro,True
900667,SwiftLine,Metro,True
902709,SwiftLine,Metro,True
910736,BlueCart,Upcountry,True
904086,SwiftLine,Metro,True
910101,BlueCart,Upcountry,True
907773,BlueCart,Upcountry,True
908190,BlueCart,Upcountry,True
909817,BlueCart,Upcountry,True
900381,SwiftLine,Metro,True
900253,SwiftLine,Metro,True
903972,SwiftLine,Metro,True
904311,SwiftLine,Metro,True
907152,BlueCart,Metro,True
909411,BlueCart,Upcountry,True
908061,BlueCart,Upcountry,True
907647,BlueCart,Upcountry,True
903038,SwiftLine,Metro,True
901463,SwiftLine,Metro,True
905126,SwiftLine,Metro,True
911132,BlueCart,Upcountry,True
900330,SwiftLine,Metro,True
904597,SwiftLine,Metro,True
901947,SwiftLine,Metro,True
908109,BlueCart,Upcountry,False
906120,BlueCart,Metro,True
908631,BlueCart,Upcountry,False
906071,SwiftLine,Upcountry,False
907705,BlueCart,Upcountry,True
906295,BlueCart,Metro,True
900659,SwiftLine,Metro,True
904615,SwiftLine,Metro,True
902067,SwiftLine,Metro,True
906716,BlueCart,Metro,True
906361,BlueCart,Metro,True
900567,SwiftLine,Metro,True
907344,BlueCart,Upcountry,True
909700,BlueCart,Upcountry,True
909956,BlueCart,Upcountry,False
900224,SwiftLine,Metro,True
900415,SwiftLine,Metro,True
909166,BlueCart,Upcountry,True
903316,SwiftLine,Metro,True
904274,SwiftLine,Metro,True
908233,BlueCart,Upcountry,True
911317,BlueCart,Upcountry,False
911169,BlueCart,Upcountry,True
906350,BlueCart,Metro,True
900310,SwiftLine,Metro,True
907151,BlueCart,Metro,True
909493,BlueCart,Upcountry,False
905661,SwiftLine,Upcountry,True
900497,SwiftLine,Metro,True
909110,BlueCart,Upcountry,True
900031,SwiftLine,Metro,True
910689,BlueCart,Upcountry,False
901627,SwiftLine,Metro,False
902448,SwiftLine,Metro,True
910440,BlueCart,Upcountry,True
900380,SwiftLine,Metro,True
909263,BlueCart,Upcountry,True
903518,SwiftLine,Metro,True
905659,SwiftLine,Upcountry,True
900486,SwiftLine,Metro,True
910833,BlueCart,Upcountry,True
906982,BlueCart,Metro,True
905668,SwiftLine,Upcountry,True
908885,BlueCart,Upcountry,True
903376,SwiftLine,Metro,True
900690,SwiftLine,Metro,True
905264,SwiftLine,Upcountry,True
908828,BlueCart,Upcountry,True
901406,SwiftLine,Metro,True
910925,BlueCart,Upcountry,True
908730,BlueCart,Upcountry,True
902116,SwiftLine,Metro,True
904711,SwiftLine,Metro,True
906720,BlueCart,Metro,True
909865,BlueCart,Upcountry,True
911303,BlueCart,Upcountry,True
910306,BlueCart,Upcountry,True
906620,BlueCart,Metro,True
900612,SwiftLine,Metro,True
900368,SwiftLine,Metro,True
902514,SwiftLine,Metro,False
901380,SwiftLine,Metro,True
900147,SwiftLine,Metro,True
909843,BlueCart,Upcountry,False
910228,BlueCart,Upcountry,True
909613,BlueCart,Upcountry,True
910234,BlueCart,Upcountry,True
904458,SwiftLine,Metro,True
907249,BlueCart,Upcountry,True
910145,BlueCart,Upcountry,False
911528,BlueCart,Upcountry,False
905551,SwiftLine,Upcountry,False
909552,BlueCart,Upcountry,True
907654,BlueCart,Upcountry,True
906187,BlueCart,Metro,True
905817,SwiftLine,Upcountry,False
903717,SwiftLine,Metro,True
904154,SwiftLine,Metro,True
909856,BlueCart,Upcountry,True
910490,BlueCart,Upcountry,True
907692,BlueCart,Upcountry,False
904301,SwiftLine,Metro,True
909327,BlueCart,Upcountry,False
911274,BlueCart,Upcountry,True
901687,SwiftLine,Metro,True
900551,SwiftLine,Metro,True
909521,BlueCart,Upcountry,False
902322,SwiftLine,Metro,True
905221,SwiftLine,Upcountry,False
905306,SwiftLine,Upcountry,True
903946,SwiftLine,Metro,True
909697,BlueCart,Upcountry,False
905596,SwiftLine,Upcountry,False
900902,SwiftLine,Metro,True
907299,BlueCart,Upcountry,False
908449,BlueCart,Upcountry,True
900566,SwiftLine,Metro,False
902357,SwiftLine,Metro,True
902468,SwiftLine,Metro,True
909379,BlueCart,Upcountry,True
902690,SwiftLine,Metro,True
901011,SwiftLine,Metro,True
907183,BlueCart,Metro,True
910035,BlueCart,Upcountry,True
910354,BlueCart,Upcountry,True
903006,SwiftLine,Metro,True
906270,BlueCart,Metro,True
905254,SwiftLine,Upcountry,True
904441,SwiftLine,Metro,True
911444,BlueCart,Upcountry,True
903615,SwiftLine,Metro,True
910116,BlueCart,Upcountry,True
904948,SwiftLine,Metro,False
900858,SwiftLine,Metro,True
904656,SwiftLine,Metro,True
904411,SwiftLine,Metro,True
910314,BlueCart,Upcountry,True
907471,BlueCart,Upcountry,True
910422,BlueCart,Upcountry,True
905028,SwiftLine,Metro,True
910617,BlueCart,Upcountry,True
909900,BlueCart,Upcountry,False
908716,BlueCart,Upcountry,True
903802,SwiftLine,Metro,True
907809,BlueCart,Upcountry,False
910687,BlueCart,Upcountry,False
905864,SwiftLine,Upcountry,True
910712,BlueCart,Upcountry,True
903268,SwiftLine,Metro,True
902955,SwiftLine,Metro,True
908919,BlueCart,Upcountry,False
903146,SwiftLine,Metro,True
902094,SwiftLine,Metro,True
902536,SwiftLine,Metro,True
903137,SwiftLine,Metro,True
904663,SwiftLine,Metro,True
907567,BlueCart,Upcountry,True
903331,SwiftLine,Metro,True
909142,BlueCart,Upcountry,True
902074,SwiftLine,Metro,True
908217,BlueCart,Upcountry,True
900537,SwiftLine,Metro,True
910500,BlueCart,Upcountry,False
905628,SwiftLine,Upcountry,True
902515,SwiftLine,Metro,True
901168,SwiftLine,Metro,True
900778,SwiftLine,Metro,True
908569,BlueCart,Upcountry,False
910388,BlueCart,Upcountry,True
902485,SwiftLine,Metro,True
905159,SwiftLine,Metro,True
904536,SwiftLine,Metro,True
906394,BlueCart,Metro,True
905174,SwiftLine,Metro,True
907952,BlueCart,Upcountry,True
902686,SwiftLine,Metro,True
911562,BlueCart,Upcountry,True
906204,BlueCart,Metro,True
909319,BlueCart,Upcountry,False
905275,SwiftLine,Upcountry,True
910949,BlueCart,Upcountry,True
905222,SwiftLine,Upcountry,True
909125,BlueCart,Upcountry,True
904490,SwiftLine,Metro,True
907105,BlueCart,Metro,False
901674,SwiftLine,Metro,True
901226,SwiftLine,Metro,True
903078,SwiftLine,Metro,True
909474,BlueCart,Upcountry,True
911227,BlueCart,Upcountry,True
911451,BlueCart,Upcountry,True
902671,SwiftLine,Metro,True
900918,SwiftLine,Metro,True
910815,BlueCart,Upcountry,True
902400,SwiftLine,Metro,True
903849,SwiftLine,Metro,True
900849,SwiftLine,Metro,True
907895,BlueCart,Upcountry,False
902829,SwiftLine,Metro,True
901861,SwiftLine,Metro,True
907745,BlueCart,Upcountry,False
908386,BlueCart,Upcountry,True
906993,BlueCart,Metro,True
900299,SwiftLine,Metro,True
901553,SwiftLine,Metro,True
900221,SwiftLine,Metro,True
902877,SwiftLine,Metro,True
910731,BlueCart,Upcountry,True
911415,BlueCart,Upcountry,True
903926,SwiftLine,Metro,True
905688,SwiftLine,Upcountry,True
904855,SwiftLine,Metro,True
903923,SwiftLine,Metro,False
908499,BlueCart,Upcountry,True
900223,SwiftLine,Metro,True
904268,SwiftLine,Metro,False
900527,SwiftLine,Metro,True
911397,BlueCart,Upcountry,False
909562,BlueCart,Upcountry,True
901719,SwiftLine,Metro,True
902860,SwiftLine,Metro,True
900506,SwiftLine,Metro,True
908484,BlueCart,Upcountry,True
908448,BlueCart,Upcountry,True
900730,SwiftLine,Metro,True
904984,SwiftLine,Metro,False
904612,SwiftLine,Metro,True
907822,BlueCart,Upcountry,True
904035,SwiftLine,Metro,True
910718,BlueCart,Upcountry,True
902212,SwiftLine,Metro,True
911077,BlueCart,Upcountry,True
909188,BlueCart,Upcountry,True
905120,SwiftLine,Metro,True
905435,SwiftLine,Upcountry,False
909928,BlueCart,Upcountry,True
906665,BlueCart,Metro,True
909470,BlueCart,Upcountry,False
908662,BlueCart,Upcountry,False
904032,SwiftLine,Metro,True
902562,SwiftLine,Metro,True
911129,BlueCart,Upcountry,False
903947,SwiftLine,Metro,True
903365,SwiftLine,Metro,True
900853,SwiftLine,Metro,True
901771,SwiftLine,Metro,True
909023,BlueCart,Upcountry,True
901140,SwiftLine,Metro,True
904799,SwiftLine,Metro,True
903911,SwiftLine,Metro,True
910652,BlueCart,Upcountry,True
910519,BlueCart,Upcountry,True
906401,BlueCart,Metro,True
905482,SwiftLine,Upcountry,False
904062,SwiftLine,Metro,True
907885,BlueCart,Upcountry,True
908083,BlueCart,Upcountry,True
906448,BlueCart,Metro,True
910081,BlueCart,Upcountry,True
904829,SwiftLine,Metro,True
902417,SwiftLine,Metro,True
911292,BlueCart,Upcountry,True
910445,BlueCart,Upcountry,True
902384,SwiftLine,Metro,True
906544,BlueCart,Metro,True
903585,SwiftLine,Metro,True
902932,SwiftLine,Metro,True
911312,BlueCart,Upcountry,True
905895,SwiftLine,Upcountry,True
910766,BlueCart,Upcountry,True
901703,SwiftLine,Metro,True
905246,SwiftLine,Upcountry,True
909384,BlueCart,Upcountry,True
906206,BlueCart,Metro,True
909333,BlueCart,Upcountry,True
904426,SwiftLine,Metro,True
911320,BlueCart,Upcountry,True
900188,SwiftLine,Metro,True
907328,BlueCart,Upcountry,False
902678,SwiftLine,Metro,True
906201,BlueCart,Metro,True
900784,SwiftLine,Metro,True
904708,SwiftLine,Metro,True
903738,SwiftLine,Metro,True
903519,SwiftLine,Metro,False
902844,SwiftLine,Metro,False
900474,SwiftLine,Metro,True
906363,BlueCart,Metro,True
900103,SwiftLine,Metro,True
909795,BlueCart,Upcountry,True
906290,BlueCart,Metro,True
908446,BlueCart,Upcountry,True
910892,BlueCart,Upcountry,True
902390,SwiftLine,Metro,True
903143,SwiftLine,Metro,True
911013,BlueCart,Upcountry,True
900006,SwiftLine,Metro,True
903580,SwiftLine,Metro,True
903812,SwiftLine,Metro,True
901250,SwiftLine,Metro,True
900239,SwiftLine,Metro,True
901307,SwiftLine,Metro,True
909497,BlueCart,Upcountry,False
904953,SwiftLine,Metro,True
906941,BlueCart,Metro,True
905187,SwiftLine,Metro,True
906189,BlueCart,Metro,True
910972,BlueCart,Upcountry,True
901016,SwiftLine,Metro,True
900066,SwiftLine,Metro,True
908686,BlueCart,Upcountry,True
908902,BlueCart,Upcountry,True
903478,SwiftLine,Metro,True
911042,BlueCart,Upcountry,True
908106,BlueCart,Upcountry,True
901006,SwiftLine,Metro,True
909201,BlueCart,Upcountry,True
902457,SwiftLine,Metro,False
905743,SwiftLine,Upcountry,True
901358,SwiftLine,Metro,True
903769,SwiftLine,Metro,True
900934,SwiftLine,Metro,True
902747,SwiftLine,Metro,True
902570,SwiftLine,Metro,True
900107,SwiftLine,Metro,False
905952,SwiftLine,Upcountry,True
900663,SwiftLine,Metro,True
906756,BlueCart,Metro,False
907075,BlueCart,Metro,True
900026,SwiftLine,Metro,True
909836,BlueCart,Upcountry,True
910044,BlueCart,Upcountry,True
905955,SwiftLine,Upcountry,True
908895,BlueCart,Upcountry,True
908678,BlueCart,Upcountry,True
901941,SwiftLine,Metro,True
906860,BlueCart,Metro,True
905718,SwiftLine,Upcountry,True
900726,SwiftLine,Metro,True
908156,BlueCart,Upcountry,True
906041,SwiftLine,Upcountry,True
905250,SwiftLine,Upcountry,True
902019,SwiftLine,Metro,True
905495,SwiftLine,Upcountry,True
904628,SwiftLine,Metro,True
904945,SwiftLine,Metro,True
910696,BlueCart,Upcountry,True
908334,BlueCart,Upcountry,True
910468,BlueCart,Upcountry,False
903400,SwiftLine,Metro,True
903693,SwiftLine,Metro,True
905617,SwiftLine,Upcountry,True
905225,SwiftLine,Upcountry,True
901061,SwiftLine,Metro,True
904538,SwiftLine,Metro,True
900286,SwiftLine,Metro,True
907965,BlueCart,Upcountry,True
900985,SwiftLine,Metro,True
904378,SwiftLine,Metro,True
906534,BlueCart,Metro,True
904723,SwiftLine,Metro,True
909233,BlueCart,Upcountry,True
909543,BlueCart,Upcountry,False
909863,BlueCart,Upcountry,True
900909,SwiftLine,Metro,True
905776,SwiftLine,Upcountry,True
903491,SwiftLine,Metro,True
901065,SwiftLine,Metro,True
905131,SwiftLine,Metro,True
907332,BlueCart,Upcountry,True
908108,BlueCart,Upcountry,True
903359,SwiftLine,Metro,True
909756,BlueCart,Upcountry,True
900844,SwiftLine,Metro,True
901900,SwiftLine,Metro,True
904677,SwiftLine,Metro,True
902746,SwiftLine,Metro,True
902738,SwiftLine,Metro,True
906108,BlueCart,Metro,True
902628,SwiftLine,Metro,True
905627,SwiftLine,Upcountry,True
907917,BlueCart,Upcountry,True
905087,SwiftLine,Metro,True
902155,SwiftLine,Metro,True
904188,SwiftLine,Metro,True
900149,SwiftLine,Metro,True
904707,SwiftLine,Metro,True
908498,BlueCart,Upcountry,True
909547,BlueCart,Upcountry,True
904429,SwiftLine,Metro,True
911232,BlueCart,Upcountry,True
902856,SwiftLine,Metro,True
905721,SwiftLine,Upcountry,True
902666,SwiftLine,Metro,True
905058,SwiftLine,Metro,True
903173,SwiftLine,Metro,True
904138,SwiftLine,Metro,True
900267,SwiftLine,Metro,True
904843,SwiftLine,Metro,True
905116,SwiftLine,Metro,True
900534,SwiftLine,Metro,True
909444,BlueCart,Upcountry,True
904769,SwiftLine,Metro,True
902846,SwiftLine,Metro,False
903020,SwiftLine,Metro,True
907169,BlueCart,Metro,True
907017,BlueCart,Metro,True
908597,BlueCart,Upcountry,False
910433,BlueCart,Upcountry,True
901755,SwiftLine,Metro,True
902589,SwiftLine,Metro,True
904039,SwiftLine,Metro,True
901730,SwiftLine,Metro,True
907597,BlueCart,Upcountry,False
908513,BlueCart,Upcountry,True
900948,SwiftLine,Metro,True
906047,SwiftLine,Upcountry,True
908008,BlueCart,Upcountry,True
904107,SwiftLine,Metro,True
900924,SwiftLine,Metro,True
910746,BlueCart,Upcountry,True
911051,BlueCart,Upcountry,True
909015,BlueCart,Upcountry,True
909507,BlueCart,Upcountry,True
911207,BlueCart,Upcountry,False
902472,SwiftLine,Metro,True
900896,SwiftLine,Metro,True
906692,BlueCart,Metro,True
904033,SwiftLine,Metro,True
905841,SwiftLine,Upcountry,True
907891,BlueCart,Upcountry,True
903562,SwiftLine,Metro,True
911542,BlueCart,Upcountry,True
903490,SwiftLine,Metro,False
905528,SwiftLine,Upcountry,True
903170,SwiftLine,Metro,True
910257,BlueCart,Upcountry,True
900932,SwiftLine,Metro,True
902967,SwiftLine,Metro,True
906965,BlueCart,Metro,True
902324,SwiftLine,Metro,True
900261,SwiftLine,Metro,True
907956,BlueCart,Upcountry,True
903557,SwiftLine,Metro,True
906498,BlueCart,Metro,True
904716,SwiftLine,Metro,True
911022,BlueCart,Upcountry,True
911332,BlueCart,Upcountry,False
900614,SwiftLine,Metro,True
904831,SwiftLine,Metro,True
902137,SwiftLine,Metro,True
902498,SwiftLine,Metro,True
902779,SwiftLine,Metro,False
909599,BlueCart,Upcountry,True
904841,SwiftLine,Metro,True
909305,BlueCart,Upcountry,False
905234,SwiftLine,Upcountry,True
911340,BlueCart,Upcountry,True
909683,BlueCart,Upcountry,True
902238,SwiftLine,Metro,True
905713,SwiftLine,Upcountry,True
909033,BlueCart,Upcountry,True
905409,SwiftLine,Upcountry,False
904749,SwiftLine,Metro,True
900476,SwiftLine,Metro,True
911120,BlueCart,Upcountry,False
901293,SwiftLine,Metro,True
909250,BlueCart,Upcountry,False
901351,SwiftLine,Metro,True
907656,BlueCart,Upcountry,False
907870,BlueCart,Upcountry,True
908633,BlueCart,Upcountry,False
908677,BlueCart,Upcountry,True
904731,SwiftLine,Metro,True
904406,SwiftLine,Metro,True
906430,BlueCart,Metro,True
903680,SwiftLine,Metro,True
908467,BlueCart,Upcountry,False
909380,BlueCart,Upcountry,False
902624,SwiftLine,Metro,True
907508,BlueCart,Upcountry,False
910836,BlueCart,Upcountry,False
903484,SwiftLine,Metro,True
902323,SwiftLine,Metro,True
905453,SwiftLine,Upcountry,True
905005,SwiftLine,Metro,True
909876,BlueCart,Upcountry,True
908974,BlueCart,Upcountry,True
911116,BlueCart,Upcountry,True
904018,SwiftLine,Metro,True
903290,SwiftLine,Metro,True
905296,SwiftLine,Upcountry,False
905432,SwiftLine,Upcountry,True
904778,SwiftLine,Metro,True
903543,SwiftLine,Metro,True
903770,SwiftLine,Metro,True
910924,BlueCart,Upcountry,False
904347,SwiftLine,Metro,True
904218,SwiftLine,Metro,True
906869,BlueCart,Metro,True
907369,BlueCart,Upcountry,True
910894,BlueCart,Upcountry,True
900815,SwiftLine,Metro,True
908799,BlueCart,Upcountry,True
907710,BlueCart,Upcountry,True
901446,SwiftLine,Metro,True
905852,SwiftLine,Upcountry,True
904721,SwiftLine,Metro,True
904645,SwiftLine,Metro,True
901113,SwiftLine,Metro,True
904674,SwiftLine,Metro,False
910212,BlueCart,Upcountry,True
908196,BlueCart,Upcountry,True
900978,SwiftLine,Metro,True
909866,BlueCart,Upcountry,False
903250,SwiftLine,Metro,True
909922,BlueCart,Upcountry,True
905034,SwiftLine,Metro,False
904120,SwiftLine,Metro,True
911404,BlueCart,Upcountry,True
906804,BlueCart,Metro,True
907663,BlueCart,Upcountry,True
910129,BlueCart,Upcountry,False
906307,BlueCart,Metro,True
903055,SwiftLine,Metro,True
907193,BlueCart,Metro,True
911290,BlueCart,Upcountry,True
903358,SwiftLine,Metro,True
911315,BlueCart,Upcountry,True
901428,SwiftLine,Metro,True
901779,SwiftLine,Metro,True
905861,SwiftLine,Upcountry,True
904554,SwiftLine,Metro,False
910525,BlueCart,Upcountry,True
901389,SwiftLine,Metro,True
901329,SwiftLine,Metro,True
907194,BlueCart,Metro,True
902509,SwiftLine,Metro,True
908036,BlueCart,Upcountry,True
910556,BlueCart,Upcountry,False
901465,SwiftLine,Metro,True
911529,BlueCart,Upcountry,True
907861,BlueCart,Upcountry,True
905053,SwiftLine,Metro,True
909439,BlueCart,Upcountry,False
901233,SwiftLine,Metro,True
906934,BlueCart,Metro,True
908932,BlueCart,Upcountry,True
908426,BlueCart,Upcountry,True
906849,BlueCart,Metro,True
905810,SwiftLine,Upcountry,True
901995,SwiftLine,Metro,True
908707,BlueCart,Upcountry,True
902645,SwiftLine,Metro,False
905191,SwiftLine,Metro,True
902857,SwiftLine,Metro,True
911410,BlueCart,Upcountry,True
908792,BlueCart,Upcountry,True
900996,SwiftLine,Metro,True
903655,SwiftLine,Metro,True
909258,BlueCart,Upcountry,False
901940,SwiftLine,Metro,True
904727,SwiftLine,Metro,True
907420,BlueCart,Upcountry,True
906521,BlueCart,Metro,True
902644,SwiftLine,Metro,True
903182,SwiftLine,Metro,True
901410,SwiftLine,Metro,True
907944,BlueCart,Upcountry,False
902728,SwiftLine,Metro,True
909234,BlueCart,Upcountry,False
903157,SwiftLine,Metro,True
904326,SwiftLine,Metro,True
905724,SwiftLine,Upcountry,True
903712,SwiftLine,Metro,True
907343,BlueCart,Upcountry,True
907881,BlueCart,Upcountry,False
901377,SwiftLine,Metro,True
902353,SwiftLine,Metro,True
909819,BlueCart,Upcountry,True
906623,BlueCart,Metro,True
909134,BlueCart,Upcountry,True
911558,BlueCart,Upcountry,True
901208,SwiftLine,Metro,True
905021,SwiftLine,Metro,True
908930,BlueCart,Upcountry,False
905905,SwiftLine,Upcountry,True
907251,BlueCart,Upcountry,False
901886,SwiftLine,Metro,True
910482,BlueCart,Upcountry,False
908704,BlueCart,Upcountry,True
905999,SwiftLine,Upcountry,False
900401,SwiftLine,Metro,True
900940,SwiftLine,Metro,True
902112,SwiftLine,Metro,True
909309,BlueCart,Upcountry,True
909437,BlueCart,Upcountry,True
905651,SwiftLine,Upcountry,False
909358,BlueCart,Upcountry,True
903032,SwiftLine,Metro,True
909419,BlueCart,Upcountry,True
909392,BlueCart,Upcountry,True
910705,BlueCart,Upcountry,True
901253,SwiftLine,Metro,False
901898,SwiftLine,Metro,True
902799,SwiftLine,Metro,True
900577,SwiftLine,Metro,True
909461,BlueCart,Upcountry,False
909729,BlueCart,Upcountry,True
904302,SwiftLine,Metro,True
907979,BlueCart,Upcountry,True
902958,SwiftLine,Metro,True
911368,BlueCart,Upcountry,False
910215,BlueCart,Upcountry,True
910203,BlueCart,Upcountry,True
908526,BlueCart,Upcountry,True
903956,SwiftLine,Metro,True
903288,SwiftLine,Metro,True
906943,BlueCart,Metro,True
908849,BlueCart,Upcountry,True
910776,BlueCart,Upcountry,False
904823,SwiftLine,Metro,True
907060,BlueCart,Metro,True
905354,SwiftLine,Upcountry,True
908566,BlueCart,Upcountry,True
900231,SwiftLine,Metro,True
908813,BlueCart,Upcountry,True
907145,BlueCart,Metro,True
911092,BlueCart,Upcountry,False
904249,SwiftLine,Metro,True
902956,SwiftLine,Metro,True
906785,BlueCart,Metro,True
909394,BlueCart,Upcountry,True
910341,BlueCart,Upcountry,True
903841,SwiftLine,Metro,True
907767,BlueCart,Upcountry,True
901639,SwiftLine,Metro,True
904313,SwiftLine,Metro,True
904081,SwiftLine,Metro,True
904553,SwiftLine,Metro,True
909993,BlueCart,Upcountry,False
902812,SwiftLine,Metro,True
904017,SwiftLine,Metro,True
909751,BlueCart,Upcountry,True
906444,BlueCart,Metro,True
911128,BlueCart,Upcountry,True
911535,BlueCart,Upcountry,True
905826,SwiftLine,Upcountry,True
901245,SwiftLine,Metro,True
906852,BlueCart,Metro,True
900801,SwiftLine,Metro,True
905400,SwiftLine,Upcountry,False
903485,SwiftLine,Metro,True
909203,BlueCart,Upcountry,False
909112,BlueCart,Upcountry,True
903682,SwiftLine,Metro,True
908654,BlueCart,Upcountry,False
904118,SwiftLine,Metro,True
903402,SwiftLine,Metro,True
900148,SwiftLine,Metro,True
907210,BlueCart,Upcountry,True
904291,SwiftLine,Metro,True
905716,SwiftLine,Upcountry,True
904661,SwiftLine,Metro,True
903013,SwiftLine,Metro,True
911037,BlueCart,Upcountry,True
906999,BlueCart,Metro,True
909950,BlueCart,Upcountry,False
904979,SwiftLine,Metro,True
904106,SwiftLine,Metro,True
906137,BlueCart,Metro,True
907329,BlueCart,Upcountry,True
900072,SwiftLine,Metro,True
900125,SwiftLine,Metro,True
902358,SwiftLine,Metro,True
910965,BlueCart,Upcountry,True
907731,BlueCart,Upcountry,False
903295,SwiftLine,Metro,True
910669,BlueCart,Upcountry,True
902803,SwiftLine,Metro,False
911355,BlueCart,Upcountry,True
909903,BlueCart,Upcountry,True
908402,BlueCart,Upcountry,True
901644,SwiftLine,Metro,True
900829,SwiftLine,Metro,True
907519,BlueCart,Upcountry,True
909892,BlueCart,Upcountry,False
904928,SwiftLine,Metro,True
901441,SwiftLine,Metro,True
901271,SwiftLine,Metro,True
909355,BlueCart,Upcountry,True
905838,SwiftLine,Upcountry,False
906859,BlueCart,Metro,True
907311,BlueCart,Upcountry,True
907516,BlueCart,Upcountry,False
905262,SwiftLine,Upcountry,True
908554,BlueCart,Upcountry,False
906337,BlueCart,Metro,True
903110,SwiftLine,Metro,True
906956,BlueCart,Metro,True
905194,SwiftLine,Metro,True
900833,SwiftLine,Metro,True
900282,SwiftLine,Metro,True
902886,SwiftLine,Metro,True
901676,SwiftLine,Metro,True
905811,SwiftLine,Upcountry,True
900754,SwiftLine,Metro,True
909045,BlueCart,Upcountry,True
900227,SwiftLine,Metro,True
902349,SwiftLine,Metro,False
910121,BlueCart,Upcountry,True
907088,BlueCart,Metro,True
905891,SwiftLine,Upcountry,True
904522,SwiftLine,Metro,True
907112,BlueCart,Metro,True
901026,SwiftLine,Metro,True
910559,BlueCart,Upcountry,True
902632,SwiftLine,Metro,True
911586,BlueCart,Upcountry,True
905030,SwiftLine,Metro,True
901415,SwiftLine,Metro,True
900371,SwiftLine,Metro,True
905963,SwiftLine,Upcountry,True
910961,BlueCart,Upcountry,True
907507,BlueCart,Upcountry,False
906636,BlueCart,Metro,True
905556,SwiftLine,Upcountry,True
905671,SwiftLine,Upcountry,True
905491,SwiftLine,Upcountry,True
908904,BlueCart,Upcountry,True
903291,SwiftLine,Metro,True
904194,SwiftLine,Metro,True
905068,SwiftLine,Metro,True
900248,SwiftLine,Metro,True
903161,SwiftLine,Metro,True
903201,SwiftLine,Metro,True
911163,BlueCart,Upcountry,True
904016,SwiftLine,Metro,True
903944,SwiftLine,Metro,True
900376,SwiftLine,Metro,True
906950,BlueCart,Metro,True
903564,SwiftLine,Metro,True
902423,SwiftLine,Metro,True
901499,SwiftLine,Metro,True
902376,SwiftLine,Metro,True
900247,SwiftLine,Metro,True
903125,SwiftLine,Metro,True
907255,BlueCart,Upcountry,True
902724,SwiftLine,Metro,True
901242,SwiftLine,Metro,True
904931,SwiftLine,Metro,True
909574,BlueCart,Upcountry,True
900405,SwiftLine,Metro,False
911214,BlueCart,Upcountry,True
909536,BlueCart,Upcountry,False
910427,BlueCart,Upcountry,True
903676,SwiftLine,Metro,True
901477,SwiftLine,Metro,True
906309,BlueCart,Metro,True
902466,SwiftLine,Metro,True
907412,BlueCart,Upcountry,True
900439,SwiftLine,Metro,True
907947,BlueCart,Upcountry,True
905717,SwiftLine,Upcountry,True
910335,BlueCart,Upcountry,True
906736,BlueCart,Metro,True
905968,SwiftLine,Upcountry,False
903651,SwiftLine,Metro,True
902619,SwiftLine,Metro,True
909195,BlueCart,Upcountry,True
911124,BlueCart,Upcountry,True
904975,SwiftLine,Metro,True
900907,SwiftLine,Metro,True
903325,SwiftLine,Metro,False
900710,SwiftLine,Metro,True
908958,BlueCart,Upcountry,False
907365,BlueCart,Upcountry,True
910455,BlueCart,Upcountry,True
906177,BlueCart,Metro,True
906611,BlueCart,Metro,True
901156,SwiftLine,Metro,True
903142,SwiftLine,Metro,True
906696,BlueCart,Metro,True
903593,SwiftLine,Metro,True
901522,SwiftLine,Metro,True
902026,SwiftLine,Metro,True
902465,SwiftLine,Metro,True
901424,SwiftLine,Metro,True
904982,SwiftLine,Metro,True
906284,BlueCart,Metro,True
904363,SwiftLine,Metro,True
905486,SwiftLine,Upcountry,True
901618,SwiftLine,Metro,False
906340,BlueCart,Metro,True
901017,SwiftLine,Metro,True
909546,BlueCart,Upcountry,True
907827,BlueCart,Upcountry,False
910050,BlueCart,Upcountry,False
901512,SwiftLine,Metro,True
902806,SwiftLine,Metro,True
906009,SwiftLine,Upcountry,False
900184,SwiftLine,Metro,True
910765,BlueCart,Upcountry,False
910895,BlueCart,Upcountry,True
900207,SwiftLine,Metro,True
901345,SwiftLine,Metro,True
901681,SwiftLine,Metro,True
909063,BlueCart,Upcountry,True
901593,SwiftLine,Metro,True
902192,SwiftLine,Metro,True
904394,SwiftLine,Metro,True
905266,SwiftLine,Upcountry,True
910406,BlueCart,Upcountry,False
902464,SwiftLine,Metro,True
905351,SwiftLine,Upcountry,True
908970,BlueCart,Upcountry,True
907950,BlueCart,Upcountry,False
904682,SwiftLine,Metro,True
905462,SwiftLine,Upcountry,True
904870,SwiftLine,Metro,True
911496,BlueCart,Upcountry,True
911425,BlueCart,Upcountry,True
901246,SwiftLine,Metro,True
902244,SwiftLine,Metro,True
904292,SwiftLine,Metro,True
904943,SwiftLine,Metro,True
909127,BlueCart,Upcountry,True
909591,BlueCart,Upcountry,True
910638,BlueCart,Upcountry,True
909226,BlueCart,Upcountry,True
908843,BlueCart,Upcountry,True
911226,BlueCart,Upcountry,True
901954,SwiftLine,Metro,True
903850,SwiftLine,Metro,True
911281,BlueCart,Upcountry,True
901568,SwiftLine,Metro,True
906178,BlueCart,Metro,True
901550,SwiftLine,Metro,True
908771,BlueCart,Upcountry,False
903265,SwiftLine,Metro,True
910066,BlueCart,Upcountry,True
911521,BlueCart,Upcountry,False
900422,SwiftLine,Metro,True
902819,SwiftLine,Metro,True
909382,BlueCart,Upcountry,True
911454,BlueCart,Upcountry,True
903299,SwiftLine,Metro,True
905314,SwiftLine,Upcountry,True
911284,BlueCart,Upcountry,True
902872,SwiftLine,Metro,True
902024,SwiftLine,Metro,True
902622,SwiftLine,Metro,True
905099,SwiftLine,Metro,True
908227,BlueCart,Upcountry,True
908020,BlueCart,Upcountry,True
902025,SwiftLine,Metro,True
905393,SwiftLine,Upcountry,True
910087,BlueCart,Upcountry,True
904913,SwiftLine,Metro,False
908088,BlueCart,Upcountry,True
908187,BlueCart,Upcountry,False
903046,SwiftLine,Metro,False
906302,BlueCart,Metro,True
910022,BlueCart,Upcountry,True
908570,BlueCart,Upcountry,True
909920,BlueCart,Upcountry,True
902561,SwiftLine,Metro,True
909872,BlueCart,Upcountry,True
906648,BlueCart,Metro,True
903234,SwiftLine,Metro,True
900437,SwiftLine,Metro,True
901353,SwiftLine,Metro,True
911122,BlueCart,Upcountry,True
908907,BlueCart,Upcountry,True
902540,SwiftLine,Metro,True
911375,BlueCart,Upcountry,True
900328,SwiftLine,Metro,True
911276,BlueCart,Upcountry,True
907528,BlueCart,Upcountry,False
907440,BlueCart,Upcountry,False
906683,BlueCart,Metro,False
900069,SwiftLine,Metro,True
901792,SwiftLine,Metro,True
905162,SwiftLine,Metro,True
900408,SwiftLine,Metro,True
910295,BlueCart,Upcountry,True
911074,BlueCart,Upcountry,True
907503,BlueCart,Upcountry,True
901640,SwiftLine,Metro,True
907041,BlueCart,Metro,True
906535,BlueCart,Metro,True
905930,SwiftLine,Upcountry,False
911020,BlueCart,Upcountry,True
901789,SwiftLine,Metro,True
904774,SwiftLine,Metro,True
911249,BlueCart,Upcountry,True
900865,SwiftLine,Metro,True
907682,BlueCart,Upcountry,True
910089,BlueCart,Upcountry,True
904115,SwiftLine,Metro,True
900991,SwiftLine,Metro,True
904989,SwiftLine,Metro,True
908593,BlueCart,Upcountry,True
900744,SwiftLine,Metro,True
909799,BlueCart,Upcountry,True
909056,BlueCart,Upcountry,True
900874,SwiftLine,Metro,True
900505,SwiftLine,Metro,True
910206,BlueCart,Upcountry,True
906058,SwiftLine,Upcountry,True
905784,SwiftLine,Upcountry,True
900142,SwiftLine,Metro,True
903820,SwiftLine,Metro,True
902086,SwiftLine,Metro,True
911525,BlueCart,Upcountry,True
903479,SwiftLine,Metro,True
902333,SwiftLine,Metro,True
902914,SwiftLine,Metro,True
900508,SwiftLine,Metro,True
911527,BlueCart,Upcountry,True
901758,SwiftLine,Metro,True
907461,BlueCart,Upcountry,True
904919,SwiftLine,Metro,True
907221,BlueCart,Upcountry,True
909796,BlueCart,Upcountry,True
910358,BlueCart,Upcountry,False
905244,SwiftLine,Upcountry,True
904229,SwiftLine,Metro,True
905130,SwiftLine,Metro,True
901698,SwiftLine,Metro,True
910514,BlueCart,Upcountry,False
905728,SwiftLine,Upcountry,False
903989,SwiftLine,Metro,True
903983,SwiftLine,Metro,True
902009,SwiftLine,Metro,True
905090,SwiftLine,Metro,True
904165,SwiftLine,Metro,True
904760,SwiftLine,Metro,True
902862,SwiftLine,Metro,True
908352,BlueCart,Upcountry,True
905413,SwiftLine,Upcountry,True
906399,BlueCart,Metro,True
904596,SwiftLine,Metro,True
906135,BlueCart,Metro,True
911364,BlueCart,Upcountry,True
900273,SwiftLine,Metro,True
909606,BlueCart,Upcountry,True
904546,SwiftLine,Metro,True
910837,BlueCart,Upcountry,False
906566,BlueCart,Metro,True
901277,SwiftLine,Metro,True
901791,SwiftLine,Metro,True
905523,SwiftLine,Upcountry,False
903401,SwiftLine,Metro,True
904924,SwiftLine,Metro,True
900830,SwiftLine,Metro,True
903572,SwiftLine,Metro,True
907622,BlueCart,Upcountry,True
900908,SwiftLine,Metro,True
901283,SwiftLine,Metro,True
910950,BlueCart,Upcountry,True
902663,SwiftLine,Metro,True
910497,BlueCart,Upcountry,True
901548,SwiftLine,Metro,True
906200,BlueCart,Metro,True
908787,BlueCart,Upcountry,True
903573,SwiftLine,Metro,True
901888,SwiftLine,Metro,True
906837,BlueCart,Metro,True
910933,BlueCart,Upcountry,True
906181,BlueCart,Metro,False
903962,SwiftLine,Metro,True
909165,BlueCart,Upcountry,True
905148,SwiftLine,Metro,True
907252,BlueCart,Upcountry,True
911589,BlueCart,Upcountry,True
909673,BlueCart,Upcountry,True
904866,SwiftLine,Metro,True
911099,BlueCart,Upcountry,True
902279,SwiftLine,Metro,True
900512,SwiftLine,Metro,True
907823,BlueCart,Upcountry,True
902256,SwiftLine,Metro,True
906612,BlueCart,Metro,True
910495,BlueCart,Upcountry,True
908364,BlueCart,Upcountry,False
905950,SwiftLine,Upcountry,True
906663,BlueCart,Metro,True
910410,BlueCart,Upcountry,True
911085,BlueCart,Upcountry,True
911357,BlueCart,Upcountry,True
903109,SwiftLine,Metro,True
905517,SwiftLine,Upcountry,True
902397,SwiftLine,Metro,True
904482,SwiftLine,Metro,False
909713,BlueCart,Upcountry,True
906473,BlueCart,Metro,True
903144,SwiftLine,Metro,True
910701,BlueCart,Upcountry,False
900105,SwiftLine,Metro,True
901311,SwiftLine,Metro,True
905943,SwiftLine,Upcountry,False
909400,BlueCart,Upcountry,True
909969,BlueCart,Upcountry,True
903807,SwiftLine,Metro,True
908993,BlueCart,Upcountry,False
905022,SwiftLine,Metro,True
902486,SwiftLine,Metro,True
906244,BlueCart,Metro,True
901296,SwiftLine,Metro,True
910804,BlueCart,Upcountry,True
909709,BlueCart,Upcountry,False
900395,SwiftLine,Metro,True
901142,SwiftLine,Metro,True
909209,BlueCart,Upcountry,True
903364,SwiftLine,Metro,True
909397,BlueCart,Upcountry,True
911337,BlueCart,Upcountry,True
901767,SwiftLine,Metro,True
909204,BlueCart,Upcountry,False
909743,BlueCart,Upcountry,True
908079,BlueCart,Upcountry,True
904793,SwiftLine,Metro,True
900191,SwiftLine,Metro,True
906565,BlueCart,Metro,True
902150,SwiftLine,Metro,True
903521,SwiftLine,Metro,True
901455,SwiftLine,Metro,True
907094,BlueCart,Metro,True
906727,BlueCart,Metro,True
900580,SwiftLine,Metro,True
900720,SwiftLine,Metro,True
900753,SwiftLine,Metro,True
909825,BlueCart,Upcountry,True
900610,SwiftLine,Metro,True
909766,BlueCart,Upcountry,False
907316,BlueCart,Upcountry,False
905333,SwiftLine,Upcountry,True
900262,SwiftLine,Metro,True
903340,SwiftLine,Metro,True
902782,SwiftLine,Metro,True
903114,SwiftLine,Metro,True
905422,SwiftLine,Upcountry,True
909841,BlueCart,Upcountry,True
903377,SwiftLine,Metro,True
908460,BlueCart,Upcountry,True
904650,SwiftLine,Metro,True
905699,SwiftLine,Upcountry,True
909663,BlueCart,Upcountry,True
904930,SwiftLine,Metro,True
902815,SwiftLine,Metro,True
901197,SwiftLine,Metro,False
904423,SwiftLine,Metro,True
902178,SwiftLine,Metro,True
904735,SwiftLine,Metro,True
900396,SwiftLine,Metro,True
906739,BlueCart,Metro,True
907539,BlueCart,Upcountry,True
904540,SwiftLine,Metro,True
902236,SwiftLine,Metro,True
900413,SwiftLine,Metro,True
903335,SwiftLine,Metro,True
900838,SwiftLine,Metro,True
900783,SwiftLine,Metro,True
903638,SwiftLine,Metro,True
905512,SwiftLine,Upcountry,False
910854,BlueCart,Upcountry,True
902555,SwiftLine,Metro,True
900459,SwiftLine,Metro,True
908945,BlueCart,Upcountry,True
903219,SwiftLine,Metro,True
907139,BlueCart,Metro,True
903917,SwiftLine,Metro,True
902855,SwiftLine,Metro,True
909177,BlueCart,Upcountry,True
910506,BlueCart,Upcountry,False
903696,SwiftLine,Metro,True
901800,SwiftLine,Metro,True
910697,BlueCart,Upcountry,True
902399,SwiftLine,Metro,True
903465,SwiftLine,Metro,True
905454,SwiftLine,Upcountry,True
902722,SwiftLine,Metro,True
904610,SwiftLine,Metro,True
900421,SwiftLine,Metro,True
908127,BlueCart,Upcountry,False
905669,SwiftLine,Upcountry,True
908532,BlueCart,Upcountry,True
909352,BlueCart,Upcountry,True
906312,BlueCart,Metro,True
907460,BlueCart,Upcountry,False
909312,BlueCart,Upcountry,True
901751,SwiftLine,Metro,True
906310,BlueCart,Metro,True
906223,BlueCart,Metro,True
903865,SwiftLine,Metro,True
906209,BlueCart,Metro,True
909337,BlueCart,Upcountry,False
900251,SwiftLine,Metro,True
909861,BlueCart,Upcountry,True
905894,SwiftLine,Upcountry,True
907207,BlueCart,Upcountry,True
909026,BlueCart,Upcountry,True
910294,BlueCart,Upcountry,True
908840,BlueCart,Upcountry,True
907463,BlueCart,Upcountry,True
911003,BlueCart,Upcountry,True
902411,SwiftLine,Metro,True
907067,BlueCart,Metro,False
902420,SwiftLine,Metro,True
904356,SwiftLine,Metro,True
903554,SwiftLine,Metro,True
902745,SwiftLine,Metro,True
909314,BlueCart,Upcountry,False
906110,BlueCart,Metro,True
906959,BlueCart,Metro,True
902013,SwiftLine,Metro,True
904806,SwiftLine,Metro,True
901841,SwiftLine,Metro,True
905539,SwiftLine,Upcountry,True
902808,SwiftLine,Metro,True
908712,BlueCart,Upcountry,True
900300,SwiftLine,Metro,True
906149,BlueCart,Metro,True
900562,SwiftLine,Metro,True
900374,SwiftLine,Metro,True
901068,SwiftLine,Metro,True
904526,SwiftLine,Metro,True
907764,BlueCart,Upcountry,True
910435,BlueCart,Upcountry,False
910713,BlueCart,Upcountry,False
900384,SwiftLine,Metro,True
909308,BlueCart,Upcountry,True
907720,BlueCart,Upcountry,True
902752,SwiftLine,Metro,True
905750,SwiftLine,Upcountry,True
903603,SwiftLine,Metro,True
907729,BlueCart,Upcountry,True
900193,SwiftLine,Metro,True
908459,BlueCart,Upcountry,True
903039,SwiftLine,Metro,True
900319,SwiftLine,Metro,True
903809,SwiftLine,Metro,True
903673,SwiftLine,Metro,True
902533,SwiftLine,Metro,True
903599,SwiftLine,Metro,True
907867,BlueCart,Upcountry,True
909332,BlueCart,Upcountry,False
908000,BlueCart,Upcountry,True
903184,SwiftLine,Metro,True
905848,SwiftLine,Upcountry,False
910673,BlueCart,Upcountry,True
911002,BlueCart,Upcountry,True
901170,SwiftLine,Metro,True
909965,BlueCart,Upcountry,False
904642,SwiftLine,Metro,True
905760,SwiftLine,Upcountry,True
907291,BlueCart,Upcountry,True
904459,SwiftLine,Metro,True
910063,BlueCart,Upcountry,True
909398,BlueCart,Upcountry,False
901546,SwiftLine,Metro,True
910685,BlueCart,Upcountry,False
906513,BlueCart,Metro,True
908946,BlueCart,Upcountry,True
904300,SwiftLine,Metro,True
904933,SwiftLine,Metro,True
910112,BlueCart,Upcountry,True
910397,BlueCart,Upcountry,False
908553,BlueCart,Upcountry,False
900144,SwiftLine,Metro,True
904483,SwiftLine,Metro,True
904382,SwiftLine,Metro,False
906915,BlueCart,Metro,True
910729,BlueCart,Upcountry,True
905093,SwiftLine,Metro,True
905045,SwiftLine,Metro,False
909608,BlueCart,Upcountry,False
905448,SwiftLine,Upcountry,True
901587,SwiftLine,Metro,True
908006,BlueCart,Upcountry,False
902436,SwiftLine,Metro,True
908765,BlueCart,Upcountry,True
901881,SwiftLine,Metro,True
902753,SwiftLine,Metro,False
909152,BlueCart,Upcountry,True
905503,SwiftLine,Upcountry,True
905725,SwiftLine,Upcountry,True
900842,SwiftLine,Metro,True
909192,BlueCart,Upcountry,False
909297,BlueCart,Upcountry,False
904675,SwiftLine,Metro,True
906249,BlueCart,Metro,True
903310,SwiftLine,Metro,True
911484,BlueCart,Upcountry,True
909050,BlueCart,Upcountry,False
901263,SwiftLine,Metro,True
900210,SwiftLine,Metro,True
902910,SwiftLine,Metro,True
907394,BlueCart,Upcountry,False
903501,SwiftLine,Metro,True
904568,SwiftLine,Metro,True
911302,BlueCart,Upcountry,True
908207,BlueCart,Upcountry,True
904787,SwiftLine,Metro,True
904452,SwiftLine,Metro,True
901442,SwiftLine,Metro,True
903929,SwiftLine,Metro,False
904516,SwiftLine,Metro,True
902616,SwiftLine,Metro,False
911229,BlueCart,Upcountry,True
901490,SwiftLine,Metro,True
909014,BlueCart,Upcountry,True
906725,BlueCart,Metro,True
902961,SwiftLine,Metro,True
905135,SwiftLine,Metro,True
902069,SwiftLine,Metro,True
911046,BlueCart,Upcountry,True
904796,SwiftLine,Metro,True
911142,BlueCart,Upcountry,True
910735,BlueCart,Upcountry,True
905881,SwiftLine,Upcountry,False
900444,SwiftLine,Metro,True
906225,BlueCart,Metro,True
905844,SwiftLine,Upcountry,True
902817,SwiftLine,Metro,True
903155,SwiftLine,Metro,True
903636,SwiftLine,Metro,True
903973,SwiftLine,Metro,True
900674,SwiftLine,Metro,True
907812,BlueCart,Upcountry,True
907129,BlueCart,Metro,True
900694,SwiftLine,Metro,True
908646,BlueCart,Upcountry,True
900763,SwiftLine,Metro,True
911416,BlueCart,Upcountry,True
904129,SwiftLine,Metro,True
900187,SwiftLine,Metro,False
900976,SwiftLine,Metro,True
910403,BlueCart,Upcountry,True
900814,SwiftLine,Metro,True
903737,SwiftLine,Metro,True
904131,SwiftLine,Metro,True
906800,BlueCart,Metro,False
900356,SwiftLine,Metro,True
910479,BlueCart,Upcountry,True
906431,BlueCart,Metro,True
906654,BlueCart,Metro,True
905987,SwiftLine,Upcountry,True
902185,SwiftLine,Metro,True
900363,SwiftLine,Metro,False
911082,BlueCart,Upcountry,True
903458,SwiftLine,Metro,True
905684,SwiftLine,Upcountry,True
902684,SwiftLine,Metro,True
909356,BlueCart,Upcountry,False
900885,SwiftLine,Metro,True
911446,BlueCart,Upcountry,True
909482,BlueCart,Upcountry,True
903154,SwiftLine,Metro,False
907086,BlueCart,Metro,True
901675,SwiftLine,Metro,True
911467,BlueCart,Upcountry,True
907242,BlueCart,Upcountry,True
906977,BlueCart,Metro,True
909959,BlueCart,Upcountry,False
902392,SwiftLine,Metro,True
906632,BlueCart,Metro,True
905845,SwiftLine,Upcountry,True
910598,BlueCart,Upcountry,True
907506,BlueCart,Upcountry,False
902041,SwiftLine,Metro,True
903877,SwiftLine,Metro,True
900758,SwiftLine,Metro,True
906531,BlueCart,Metro,True
900044,SwiftLine,Metro,True
908808,BlueCart,Upcountry,True
909666,BlueCart,Upcountry,True
903415,SwiftLine,Metro,True
907494,BlueCart,Upcountry,True
903215,SwiftLine,Metro,True
903708,SwiftLine,Metro,True
908739,BlueCart,Upcountry,True
908889,BlueCart,Upcountry,True
911590,BlueCart,Upcountry,True
905876,SwiftLine,Upcountry,False
907423,BlueCart,Upcountry,False
905676,SwiftLine,Upcountry,True
904223,SwiftLine,Metro,True
911363,BlueCart,Upcountry,False
901942,SwiftLine,Metro,False
902787,SwiftLine,Metro,True
903647,SwiftLine,Metro,True
903520,SwiftLine,Metro,False
907065,BlueCart,Metro,True
911318,BlueCart,Upcountry,False
903589,SwiftLine,Metro,True
900060,SwiftLine,Metro,True
904828,SwiftLine,Metro,True
906960,BlueCart,Metro,True
901408,SwiftLine,Metro,True
903171,SwiftLine,Metro,True
907929,BlueCart,Upcountry,True
904127,SwiftLine,Metro,False
910782,BlueCart,Upcountry,False
902936,SwiftLine,Metro,True
902394,SwiftLine,Metro,True
905683,SwiftLine,Upcountry,True
904260,SwiftLine,Metro,True
900824,SwiftLine,Metro,True
907298,BlueCart,Upcountry,False
909962,BlueCart,Upcountry,False
907467,BlueCart,Upcountry,False
911076,BlueCart,Upcountry,True
902532,SwiftLine,Metro,True
911165,BlueCart,Upcountry,False
908659,BlueCart,Upcountry,True
903098,SwiftLine,Metro,True
908874,BlueCart,Upcountry,True
902480,SwiftLine,Metro,True
906772,BlueCart,Metro,True
907963,BlueCart,Upcountry,True
903121,SwiftLine,Metro,True
909690,BlueCart,Upcountry,True
906743,BlueCart,Metro,True
901337,SwiftLine,Metro,True
903704,SwiftLine,Metro,True
908752,BlueCart,Upcountry,True
903791,SwiftLine,Metro,True
906753,BlueCart,Metro,True
900305,SwiftLine,Metro,True
908041,BlueCart,Upcountry,True
905119,SwiftLine,Metro,True
900689,SwiftLine,Metro,True
909326,BlueCart,Upcountry,True
901196,SwiftLine,Metro,True
911342,BlueCart,Upcountry,True
911334,BlueCart,Upcountry,True
909645,BlueCart,Upcountry,True
910934,BlueCart,Upcountry,False
909293,BlueCart,Upcountry,True
909259,BlueCart,Upcountry,True
908832,BlueCart,Upcountry,True
910115,BlueCart,Upcountry,True
907018,BlueCart,Metro,True
911438,BlueCart,Upcountry,False
908155,BlueCart,Upcountry,False
910860,BlueCart,Upcountry,False
902835,SwiftLine,Metro,True
903980,SwiftLine,Metro,True
909963,BlueCart,Upcountry,True
911553,BlueCart,Upcountry,True
905141,SwiftLine,Metro,True
901959,SwiftLine,Metro,False
911289,BlueCart,Upcountry,True
902727,SwiftLine,Metro,True
904433,SwiftLine,Metro,True
902034,SwiftLine,Metro,True
906686,BlueCart,Metro,True
904582,SwiftLine,Metro,True
907184,BlueCart,Metro,True
907526,BlueCart,Upcountry,False
903099,SwiftLine,Metro,True
902369,SwiftLine,Metro,False
910550,BlueCart,Upcountry,True
904869,SwiftLine,Metro,False
904369,SwiftLine,Metro,True
906486,BlueCart,Metro,True
901903,SwiftLine,Metro,True
902797,SwiftLine,Metro,False
907973,BlueCart,Upcountry,False
902879,SwiftLine,Metro,True
902114,SwiftLine,Metro,True
904639,SwiftLine,Metro,True
909180,BlueCart,Upcountry,True
904963,SwiftLine,Metro,True
909292,BlueCart,Upcountry,True
902405,SwiftLine,Metro,True
904438,SwiftLine,Metro,True
904873,SwiftLine,Metro,True
902827,SwiftLine,Metro,True
906973,BlueCart,Metro,True
908209,BlueCart,Upcountry,True
900539,SwiftLine,Metro,True
904162,SwiftLine,Metro,True
901602,SwiftLine,Metro,True
909824,BlueCart,Upcountry,False
904087,SwiftLine,Metro,True
903611,SwiftLine,Metro,True
909044,BlueCart,Upcountry,True
903629,SwiftLine,Metro,True
901139,SwiftLine,Metro,True
909407,BlueCart,Upcountry,True
904926,SwiftLine,Metro,True
910188,BlueCart,Upcountry,False
906898,BlueCart,Metro,False
908928,BlueCart,Upcountry,False
906855,BlueCart,Metro,True
901505,SwiftLine,Metro,True
905925,SwiftLine,Upcountry,True
910061,BlueCart,Upcountry,False
900436,SwiftLine,Metro,True
906020,SwiftLine,Upcountry,False
902165,SwiftLine,Metro,True
909218,BlueCart,Upcountry,False
900984,SwiftLine,Metro,True
902899,SwiftLine,Metro,True
910097,BlueCart,Upcountry,True
903639,SwiftLine,Metro,True
903088,SwiftLine,Metro,True
905630,SwiftLine,Upcountry,True
907220,BlueCart,Upcountry,False
906358,BlueCart,Metro,True
908435,BlueCart,Upcountry,True
906773,BlueCart,Metro,True
906138,BlueCart,Metro,True
907101,BlueCart,Metro,True
903595,SwiftLine,Metro,True
909153,BlueCart,Upcountry,False
905804,SwiftLine,Upcountry,True
903780,SwiftLine,Metro,True
900517,SwiftLine,Metro,True
907243,BlueCart,Upcountry,True
904153,SwiftLine,Metro,True
907337,BlueCart,Upcountry,True
907050,BlueCart,Metro,True
906391,BlueCart,Metro,True
907085,BlueCart,Metro,True
904108,SwiftLine,Metro,True
906922,BlueCart,Metro,True
905623,SwiftLine,Upcountry,True
909261,BlueCart,Upcountry,False
901289,SwiftLine,Metro,True
909659,BlueCart,Upcountry,False
905142,SwiftLine,Metro,True
906489,BlueCart,Metro,True
905909,SwiftLine,Upcountry,True
908380,BlueCart,Upcountry,True
907586,BlueCart,Upcountry,True
909848,BlueCart,Upcountry,True
907732,BlueCart,Upcountry,False
900241,SwiftLine,Metro,True
909498,BlueCart,Upcountry,False
909694,BlueCart,Upcountry,False
903537,SwiftLine,Metro,True
901781,SwiftLine,Metro,True
910515,BlueCart,Upcountry,True
910874,BlueCart,Upcountry,True
902778,SwiftLine,Metro,False
908878,BlueCart,Upcountry,True
902437,SwiftLine,Metro,True
900656,SwiftLine,Metro,True
908146,BlueCart,Upcountry,True
910163,BlueCart,Upcountry,True
911580,BlueCart,Upcountry,True
906840,BlueCart,Metro,True
909582,BlueCart,Upcountry,True
905316,SwiftLine,Upcountry,True
900925,SwiftLine,Metro,True
903112,SwiftLine,Metro,True
903893,SwiftLine,Metro,True
906402,BlueCart,Metro,True
901529,SwiftLine,Metro,True
904342,SwiftLine,Metro,True
900276,SwiftLine,Metro,True
904201,SwiftLine,Metro,True
909596,BlueCart,Upcountry,False
907476,BlueCart,Upcountry,True
903941,SwiftLine,Metro,True
900660,SwiftLine,Metro,True
902519,SwiftLine,Metro,True
902977,SwiftLine,Metro,True
906131,BlueCart,Metro,True
908218,BlueCart,Upcountry,False
906005,SwiftLine,Upcountry,True
904605,SwiftLine,Metro,True
908326,BlueCart,Upcountry,False
906043,SwiftLine,Upcountry,False
909679,BlueCart,Upcountry,True
900894,SwiftLine,Metro,True
902164,SwiftLine,Metro,True
909349,BlueCart,Upcountry,False
911201,BlueCart,Upcountry,True
907709,BlueCart,Upcountry,True
901601,SwiftLine,Metro,False
906899,BlueCart,Metro,True
902825,SwiftLine,Metro,True
905715,SwiftLine,Upcountry,True
903703,SwiftLine,Metro,True
908069,BlueCart,Upcountry,True
902704,SwiftLine,Metro,True
902569,SwiftLine,Metro,True
900464,SwiftLine,Metro,True
910589,BlueCart,Upcountry,True
903932,SwiftLine,Metro,True
906333,BlueCart,Metro,True
911027,BlueCart,Upcountry,False
908749,BlueCart,Upcountry,True
906317,BlueCart,Metro,True
903924,SwiftLine,Metro,True
908419,BlueCart,Upcountry,True
901290,SwiftLine,Metro,True
900832,SwiftLine,Metro,True
910109,BlueCart,Upcountry,True
908077,BlueCart,Upcountry,False
907726,BlueCart,Upcountry,True
900446,SwiftLine,Metro,True
901921,SwiftLine,Metro,True
900139,SwiftLine,Metro,True
910157,BlueCart,Upcountry,True
910526,BlueCart,Upcountry,True
901470,SwiftLine,Metro,True
908547,BlueCart,Upcountry,True
911398,BlueCart,Upcountry,True
900810,SwiftLine,Metro,True
908938,BlueCart,Upcountry,True
907901,BlueCart,Upcountry,True
902186,SwiftLine,Metro,False
906126,BlueCart,Metro,True
901450,SwiftLine,Metro,True
910798,BlueCart,Upcountry,True
906384,BlueCart,Metro,True
905972,SwiftLine,Upcountry,True
902814,SwiftLine,Metro,True
902997,SwiftLine,Metro,True
907949,BlueCart,Upcountry,True
905000,SwiftLine,Metro,True
907538,BlueCart,Upcountry,True
905475,SwiftLine,Upcountry,True
903901,SwiftLine,Metro,True
908052,BlueCart,Upcountry,True
907721,BlueCart,Upcountry,True
900816,SwiftLine,Metro,True
906914,BlueCart,Metro,True
906789,BlueCart,Metro,True
908619,BlueCart,Upcountry,True
900968,SwiftLine,Metro,True
900999,SwiftLine,Metro,True
910704,BlueCart,Upcountry,True
903883,SwiftLine,Metro,True
908726,BlueCart,Upcountry,False
902303,SwiftLine,Metro,True
906778,BlueCart,Metro,True
901547,SwiftLine,Metro,True
910396,BlueCart,Upcountry,True
907430,BlueCart,Upcountry,False
903278,SwiftLine,Metro,True
907498,BlueCart,Upcountry,True
900961,SwiftLine,Metro,True
902693,SwiftLine,Metro,True
903001,SwiftLine,Metro,True
908876,BlueCart,Upcountry,True
910775,BlueCart,Upcountry,True
907007,BlueCart,Metro,True
911093,BlueCart,Upcountry,True
904221,SwiftLine,Metro,True
907485,BlueCart,Upcountry,True
904956,SwiftLine,Metro,True
909735,BlueCart,Upcountry,True
902590,SwiftLine,Metro,True
900943,SwiftLine,Metro,True
903029,SwiftLine,Metro,True
900335,SwiftLine,Metro,True
901969,SwiftLine,Metro,True
909169,BlueCart,Upcountry,True
904226,SwiftLine,Metro,True
903464,SwiftLine,Metro,True
900146,SwiftLine,Metro,True
902603,SwiftLine,Metro,True
903526,SwiftLine,Metro,True
908374,BlueCart,Upcountry,True
906470,BlueCart,Metro,True
902001,SwiftLine,Metro,True
901231,SwiftLine,Metro,False
905041,SwiftLine,Metro,True
906442,BlueCart,Metro,False
900759,SwiftLine,Metro,True
908029,BlueCart,Upcountry,True
904370,SwiftLine,Metro,True
903040,SwiftLine,Metro,True
909846,BlueCart,Upcountry,False
909792,BlueCart,Upcountry,True
907739,BlueCart,Upcountry,True
908376,BlueCart,Upcountry,False
908647,BlueCart,Upcountry,True
908768,BlueCart,Upcountry,True
901578,SwiftLine,Metro,True
904477,SwiftLine,Metro,True
902354,SwiftLine,Metro,True
908086,BlueCart,Upcountry,False
901621,SwiftLine,Metro,True
909040,BlueCart,Upcountry,True
908701,BlueCart,Upcountry,True
906710,BlueCart,Metro,True
900449,SwiftLine,Metro,True
910711,BlueCart,Upcountry,False
909492,BlueCart,Upcountry,False
901346,SwiftLine,Metro,True
903783,SwiftLine,Metro,True
907022,BlueCart,Metro,True
906550,BlueCart,Metro,True
900661,SwiftLine,Metro,True
910376,BlueCart,Upcountry,False
904350,SwiftLine,Metro,True
905992,SwiftLine,Upcountry,False
903890,SwiftLine,Metro,True
910788,BlueCart,Upcountry,False
905974,SwiftLine,Upcountry,False
910342,BlueCart,Upcountry,True
908051,BlueCart,Upcountry,True
909083,BlueCart,Upcountry,False
910325,BlueCart,Upcountry,True
900926,SwiftLine,Metro,True
901912,SwiftLine,Metro,True
900570,SwiftLine,Metro,True
905977,SwiftLine,Upcountry,False
905245,SwiftLine,Upcountry,True
910709,BlueCart,Upcountry,True
902266,SwiftLine,Metro,True
906578,BlueCart,Metro,True
902802,SwiftLine,Metro,True
900602,SwiftLine,Metro,True
904043,SwiftLine,Metro,True
903323,SwiftLine,Metro,True
908496,BlueCart,Upcountry,True
902395,SwiftLine,Metro,True
907768,BlueCart,Upcountry,True
906616,BlueCart,Metro,True
908961,BlueCart,Upcountry,True
904491,SwiftLine,Metro,True
902317,SwiftLine,Metro,True
905938,SwiftLine,Upcountry,False
904947,SwiftLine,Metro,True
906321,BlueCart,Metro,False
909307,BlueCart,Upcountry,True
901485,SwiftLine,Metro,True
910940,BlueCart,Upcountry,True
900568,SwiftLine,Metro,True
910372,BlueCart,Upcountry,True
905083,SwiftLine,Metro,True
911565,BlueCart,Upcountry,True
903226,SwiftLine,Metro,True
909438,BlueCart,Upcountry,True
903443,SwiftLine,Metro,True
909436,BlueCart,Upcountry,False
901819,SwiftLine,Metro,True
909555,BlueCart,Upcountry,True
902918,SwiftLine,Metro,True
906787,BlueCart,Metro,True
900306,SwiftLine,Metro,True
911386,BlueCart,Upcountry,True
905971,SwiftLine,Upcountry,True
903010,SwiftLine,Metro,True
909027,BlueCart,Upcountry,False
900804,SwiftLine,Metro,True
901638,SwiftLine,Metro,True
908099,BlueCart,Upcountry,True
904935,SwiftLine,Metro,False
908921,BlueCart,Upcountry,True
908891,BlueCart,Upcountry,True
900425,SwiftLine,Metro,True
906832,BlueCart,Metro,True
900427,SwiftLine,Metro,True
907633,BlueCart,Upcountry,True
903089,SwiftLine,Metro,True
905134,SwiftLine,Metro,True
903356,SwiftLine,Metro,False
901987,SwiftLine,Metro,True
908669,BlueCart,Upcountry,False
911174,BlueCart,Upcountry,False
907635,BlueCart,Upcountry,True
909640,BlueCart,Upcountry,True
900496,SwiftLine,Metro,True
908224,BlueCart,Upcountry,True
900593,SwiftLine,Metro,True
902425,SwiftLine,Metro,True
903679,SwiftLine,Metro,True
908009,BlueCart,Upcountry,True
906045,SwiftLine,Upcountry,False
907601,BlueCart,Upcountry,True
900820,SwiftLine,Metro,True
906010,SwiftLine,Upcountry,True
905436,SwiftLine,Upcountry,True
900653,SwiftLine,Metro,True
906382,BlueCart,Metro,True
910208,BlueCart,Upcountry,True
908339,BlueCart,Upcountry,True
905875,SwiftLine,Upcountry,True
900442,SwiftLine,Metro,True
903429,SwiftLine,Metro,True
902292,SwiftLine,Metro,True
900541,SwiftLine,Metro,True
907296,BlueCart,Upcountry,True
901397,SwiftLine,Metro,False
902640,SwiftLine,Metro,True
904199,SwiftLine,Metro,True
907126,BlueCart,Metro,True
903855,SwiftLine,Metro,True
904470,SwiftLine,Metro,True
901713,SwiftLine,Metro,True
903524,SwiftLine,Metro,True
903801,SwiftLine,Metro,True
904497,SwiftLine,Metro,True
907495,BlueCart,Upcountry,True
910430,BlueCart,Upcountry,True
906077,SwiftLine,Upcountry,True
909914,BlueCart,Upcountry,True
906702,BlueCart,Metro,True
909734,BlueCart,Upcountry,True
902683,SwiftLine,Metro,False
910027,BlueCart,Upcountry,True
911131,BlueCart,Upcountry,False
901480,SwiftLine,Metro,True
906856,BlueCart,Metro,True
907267,BlueCart,Upcountry,True
909951,BlueCart,Upcountry,True
907655,BlueCart,Upcountry,False
903476,SwiftLine,Metro,True
902865,SwiftLine,Metro,False
908820,BlueCart,Upcountry,True
901420,SwiftLine,Metro,True
900197,SwiftLine,Metro,True
910192,BlueCart,Upcountry,True
908601,BlueCart,Upcountry,False
903104,SwiftLine,Metro,True
901373,SwiftLine,Metro,True
908232,BlueCart,Upcountry,True
905580,SwiftLine,Upcountry,True
905966,SwiftLine,Upcountry,False
909769,BlueCart,Upcountry,True
907502,BlueCart,Upcountry,True
910412,BlueCart,Upcountry,True
902455,SwiftLine,Metro,True
901184,SwiftLine,Metro,True
904125,SwiftLine,Metro,True
906261,BlueCart,Metro,True
901396,SwiftLine,Metro,True
904318,SwiftLine,Metro,True
902575,SwiftLine,Metro,True
903230,SwiftLine,Metro,True
901754,SwiftLine,Metro,True
904332,SwiftLine,Metro,True
908279,BlueCart,Upcountry,False
910880,BlueCart,Upcountry,False
901880,SwiftLine,Metro,True
911170,BlueCart,Upcountry,True
907391,BlueCart,Upcountry,True
906964,BlueCart,Metro,True
902669,SwiftLine,Metro,True
906051,SwiftLine,Upcountry,True
904140,SwiftLine,Metro,True
900178,SwiftLine,Metro,True
900957,SwiftLine,Metro,True
911052,BlueCart,Upcountry,False
909931,BlueCart,Upcountry,True
907999,BlueCart,Upcountry,True
911215,BlueCart,Upcountry,False
903095,SwiftLine,Metro,True
908284,BlueCart,Upcountry,True
902325,SwiftLine,Metro,True
901122,SwiftLine,Metro,True
910507,BlueCart,Upcountry,True
910414,BlueCart,Upcountry,True
903480,SwiftLine,Metro,True
904479,SwiftLine,Metro,True
905912,SwiftLine,Upcountry,True
904024,SwiftLine,Metro,True
907559,BlueCart,Upcountry,True
903793,SwiftLine,Metro,True
902439,SwiftLine,Metro,True
903245,SwiftLine,Metro,False
903808,SwiftLine,Metro,True
910366,BlueCart,Upcountry,True
900864,SwiftLine,Metro,True
903177,SwiftLine,Metro,True
905279,SwiftLine,Upcountry,True
906475,BlueCart,Metro,True
906016,SwiftLine,Upcountry,True
902374,SwiftLine,Metro,True
905805,SwiftLine,Upcountry,True
902809,SwiftLine,Metro,True
911402,BlueCart,Upcountry,True
909236,BlueCart,Upcountry,True
905502,SwiftLine,Upcountry,True
910548,BlueCart,Upcountry,True
910449,BlueCart,Upcountry,True
911137,BlueCart,Upcountry,True
901722,SwiftLine,Metro,True
904689,SwiftLine,Metro,True
902005,SwiftLine,Metro,True
903049,SwiftLine,Metro,True
910841,BlueCart,Upcountry,True
904111,SwiftLine,Metro,True
910415,BlueCart,Upcountry,True
907792,BlueCart,Upcountry,True
907049,BlueCart,Metro,False
901124,SwiftLine,Metro,True
909476,BlueCart,Upcountry,False
909781,BlueCart,Upcountry,False
900884,SwiftLine,Metro,True
900487,SwiftLine,Metro,True
901224,SwiftLine,Metro,True
911445,BlueCart,Upcountry,False
910487,BlueCart,Upcountry,False
900854,SwiftLine,Metro,True
909105,BlueCart,Upcountry,True
904613,SwiftLine,Metro,True
907854,BlueCart,Upcountry,True
902463,SwiftLine,Metro,True
903706,SwiftLine,Metro,True
900495,SwiftLine,Metro,True
906019,SwiftLine,Upcountry,True
907020,BlueCart,Metro,True
906068,SwiftLine,Upcountry,True
904139,SwiftLine,Metro,True
901519,SwiftLine,Metro,True
903722,SwiftLine,Metro,False
910974,BlueCart,Upcountry,False
906621,BlueCart,Metro,True
903256,SwiftLine,Metro,True
901527,SwiftLine,Metro,True
901188,SwiftLine,Metro,True
901330,SwiftLine,Metro,True
907051,BlueCart,Metro,True
906007,SwiftLine,Upcountry,False
904846,SwiftLine,Metro,True
901431,SwiftLine,Metro,True
902830,SwiftLine,Metro,True
909039,BlueCart,Upcountry,True
909773,BlueCart,Upcountry,False
900676,SwiftLine,Metro,True
907912,BlueCart,Upcountry,False
905723,SwiftLine,Upcountry,True
911422,BlueCart,Upcountry,True
907924,BlueCart,Upcountry,True
905224,SwiftLine,Upcountry,True
903981,SwiftLine,Metro,True
907395,BlueCart,Upcountry,True
911588,BlueCart,Upcountry,True
905694,SwiftLine,Upcountry,False
908175,BlueCart,Upcountry,True
903788,SwiftLine,Metro,True
900288,SwiftLine,Metro,True
903985,SwiftLine,Metro,True
901325,SwiftLine,Metro,True
906882,BlueCart,Metro,True
900587,SwiftLine,Metro,True
903995,SwiftLine,Metro,False
909768,BlueCart,Upcountry,False
900344,SwiftLine,Metro,True
908542,BlueCart,Upcountry,True
905016,SwiftLine,Metro,True
900626,SwiftLine,Metro,True
908578,BlueCart,Upcountry,True
901158,SwiftLine,Metro,True
902510,SwiftLine,Metro,True
910095,BlueCart,Upcountry,True
911000,BlueCart,Upcountry,False
904891,SwiftLine,Metro,True
908505,BlueCart,Upcountry,True
900098,SwiftLine,Metro,False
907226,BlueCart,Upcountry,True
905039,SwiftLine,Metro,True
904285,SwiftLine,Metro,True
904366,SwiftLine,Metro,False
905691,SwiftLine,Upcountry,False
901533,SwiftLine,Metro,True
911062,BlueCart,Upcountry,True
908770,BlueCart,Upcountry,True
910877,BlueCart,Upcountry,True
900097,SwiftLine,Metro,True
908909,BlueCart,Upcountry,True
911097,BlueCart,Upcountry,True
900357,SwiftLine,Metro,True
909844,BlueCart,Upcountry,False
911113,BlueCart,Upcountry,True
904641,SwiftLine,Metro,True
901452,SwiftLine,Metro,True
911100,BlueCart,Upcountry,False
903475,SwiftLine,Metro,True
904428,SwiftLine,Metro,False
906615,BlueCart,Metro,True
907211,BlueCart,Upcountry,True
907135,BlueCart,Metro,False
903379,SwiftLine,Metro,True
901777,SwiftLine,Metro,True
902106,SwiftLine,Metro,True
910851,BlueCart,Upcountry,True
905654,SwiftLine,Upcountry,True
905078,SwiftLine,Metro,True
904558,SwiftLine,Metro,True
902098,SwiftLine,Metro,True
903334,SwiftLine,Metro,True
906381,BlueCart,Metro,True
907172,BlueCart,Metro,True
901556,SwiftLine,Metro,True
908013,BlueCart,Upcountry,False
910033,BlueCart,Upcountry,False
900654,SwiftLine,Metro,True
901882,SwiftLine,Metro,False
910267,BlueCart,Upcountry,True
903251,SwiftLine,Metro,True
903986,SwiftLine,Metro,True
901853,SwiftLine,Metro,True
907695,BlueCart,Upcountry,True
906450,BlueCart,Metro,True
910505,BlueCart,Upcountry,False
909862,BlueCart,Upcountry,True
906547,BlueCart,Metro,True
910937,BlueCart,Upcountry,False
900591,SwiftLine,Metro,True
904888,SwiftLine,Metro,True
903657,SwiftLine,Metro,True
910991,BlueCart,Upcountry,True
905843,SwiftLine,Upcountry,False
902517,SwiftLine,Metro,True
902909,SwiftLine,Metro,True
905497,SwiftLine,Upcountry,False
909917,BlueCart,Upcountry,True
900668,SwiftLine,Metro,True
902342,SwiftLine,Metro,True
900431,SwiftLine,Metro,True
906599,BlueCart,Metro,True
905665,SwiftLine,Upcountry,True
905956,SwiftLine,Upcountry,False
908263,BlueCart,Upcountry,True
903166,SwiftLine,Metro,True
906299,BlueCart,Metro,True
904228,SwiftLine,Metro,True
903896,SwiftLine,Metro,True
900683,SwiftLine,Metro,True
906874,BlueCart,Metro,True
906336,BlueCart,Metro,True
903885,SwiftLine,Metro,True
907560,BlueCart,Upcountry,False
902649,SwiftLine,Metro,False
905569,SwiftLine,Upcountry,True
909484,BlueCart,Upcountry,False
905582,SwiftLine,Upcountry,True
906297,BlueCart,Metro,True
904815,SwiftLine,Metro,True
911101,BlueCart,Upcountry,True
906810,BlueCart,Metro,True
909708,BlueCart,Upcountry,True
907841,BlueCart,Upcountry,True
908693,BlueCart,Upcountry,True
906891,BlueCart,Metro,True
908123,BlueCart,Upcountry,True
904157,SwiftLine,Metro,True
908351,BlueCart,Upcountry,True
906426,BlueCart,Metro,True
908955,BlueCart,Upcountry,False
900630,SwiftLine,Metro,True
906639,BlueCart,Metro,True
910867,BlueCart,Upcountry,False
905540,SwiftLine,Upcountry,True
901831,SwiftLine,Metro,True
911032,BlueCart,Upcountry,True
908675,BlueCart,Upcountry,True
910682,BlueCart,Upcountry,True
909966,BlueCart,Upcountry,False
901600,SwiftLine,Metro,True
902128,SwiftLine,Metro,True
900966,SwiftLine,Metro,True
901258,SwiftLine,Metro,True
902934,SwiftLine,Metro,True
902863,SwiftLine,Metro,True
904887,SwiftLine,Metro,True
910789,BlueCart,Upcountry,True
910614,BlueCart,Upcountry,False
903410,SwiftLine,Metro,True
905201,SwiftLine,Upcountry,True
905026,SwiftLine,Metro,True
904959,SwiftLine,Metro,True
905922,SwiftLine,Upcountry,False
902335,SwiftLine,Metro,True
902460,SwiftLine,Metro,True
905581,SwiftLine,Upcountry,True
902331,SwiftLine,Metro,True
903248,SwiftLine,Metro,True
910751,BlueCart,Upcountry,True
904542,SwiftLine,Metro,True
907954,BlueCart,Upcountry,True
910898,BlueCart,Upcountry,True
904250,SwiftLine,Metro,True
909975,BlueCart,Upcountry,True
906794,BlueCart,Metro,True
900875,SwiftLine,Metro,True
903579,SwiftLine,Metro,True
905019,SwiftLine,Metro,True
904862,SwiftLine,Metro,True
908515,BlueCart,Upcountry,True
904314,SwiftLine,Metro,True
910195,BlueCart,Upcountry,False
900361,SwiftLine,Metro,True
907766,BlueCart,Upcountry,True
900264,SwiftLine,Metro,True
910847,BlueCart,Upcountry,True
904030,SwiftLine,Metro,True
909443,BlueCart,Upcountry,True
910755,BlueCart,Upcountry,True
905490,SwiftLine,Upcountry,True
907279,BlueCart,Upcountry,True
900598,SwiftLine,Metro,True
902105,SwiftLine,Metro,True
902065,SwiftLine,Metro,True
904446,SwiftLine,Metro,True
901820,SwiftLine,Metro,True
900303,SwiftLine,Metro,True
909767,BlueCart,Upcountry,True
902954,SwiftLine,Metro,True
910110,BlueCart,Upcountry,False
910029,BlueCart,Upcountry,True
905253,SwiftLine,Upcountry,False
906653,BlueCart,Metro,True
902136,SwiftLine,Metro,True
907615,BlueCart,Upcountry,True
900331,SwiftLine,Metro,True
908373,BlueCart,Upcountry,False
903008,SwiftLine,Metro,True
905348,SwiftLine,Upcountry,True
901860,SwiftLine,Metro,True
909537,BlueCart,Upcountry,True
902960,SwiftLine,Metro,True
909338,BlueCart,Upcountry,False
910567,BlueCart,Upcountry,True
909095,BlueCart,Upcountry,True
903322,SwiftLine,Metro,True
906762,BlueCart,Metro,True
901308,SwiftLine,Metro,True
909749,BlueCart,Upcountry,True
901636,SwiftLine,Metro,True
904133,SwiftLine,Metro,True
907537,BlueCart,Upcountry,True
904587,SwiftLine,Metro,True
908949,BlueCart,Upcountry,True
901857,SwiftLine,Metro,True
909703,BlueCart,Upcountry,True
902518,SwiftLine,Metro,False
904049,SwiftLine,Metro,True
905469,SwiftLine,Upcountry,True
903283,SwiftLine,Metro,False
910784,BlueCart,Upcountry,True
907985,BlueCart,Upcountry,True
903506,SwiftLine,Metro,True
905649,SwiftLine,Upcountry,False
901143,SwiftLine,Metro,True
908977,BlueCart,Upcountry,True
904336,SwiftLine,Metro,True
900556,SwiftLine,Metro,True
907836,BlueCart,Upcountry,False
909467,BlueCart,Upcountry,True
900994,SwiftLine,Metro,True
910897,BlueCart,Upcountry,True
903858,SwiftLine,Metro,True
907053,BlueCart,Metro,True
910710,BlueCart,Upcountry,True
910678,BlueCart,Upcountry,True
907333,BlueCart,Upcountry,False
905911,SwiftLine,Upcountry,True
907742,BlueCart,Upcountry,True
908128,BlueCart,Upcountry,True
906984,BlueCart,Metro,True
902060,SwiftLine,Metro,False
911485,BlueCart,Upcountry,True
901460,SwiftLine,Metro,True
902911,SwiftLine,Metro,True
901830,SwiftLine,Metro,True
908501,BlueCart,Upcountry,False
900116,SwiftLine,Metro,True
910871,BlueCart,Upcountry,True
911477,BlueCart,Upcountry,True
901134,SwiftLine,Metro,True
901694,SwiftLine,Metro,True
906524,BlueCart,Metro,True
904448,SwiftLine,Metro,True
907011,BlueCart,Metro,True
901554,SwiftLine,Metro,True
904072,SwiftLine,Metro,True
909304,BlueCart,Upcountry,True
900571,SwiftLine,Metro,True
907327,BlueCart,Upcountry,True
901464,SwiftLine,Metro,True
905163,SwiftLine,Metro,True
911182,BlueCart,Upcountry,True
911460,BlueCart,Upcountry,True
910189,BlueCart,Upcountry,False
902508,SwiftLine,Metro,True
911078,BlueCart,Upcountry,True
903378,SwiftLine,Metro,True
902309,SwiftLine,Metro,True
905579,SwiftLine,Upcountry,True
905799,SwiftLine,Upcountry,False
903829,SwiftLine,Metro,True
906086,SwiftLine,Upcountry,True
900682,SwiftLine,Metro,True
908439,BlueCart,Upcountry,True
910936,BlueCart,Upcountry,True
910269,BlueCart,Upcountry,True
911121,BlueCart,Upcountry,True
901172,SwiftLine,Metro,True
903614,SwiftLine,Metro,True
904603,SwiftLine,Metro,True
900777,SwiftLine,Metro,True
904329,SwiftLine,Metro,True
905785,SwiftLine,Upcountry,False
904515,SwiftLine,Metro,True
911001,BlueCart,Upcountry,True
905586,SwiftLine,Upcountry,True
907826,BlueCart,Upcountry,True
909821,BlueCart,Upcountry,False
908101,BlueCart,Upcountry,True
900951,SwiftLine,Metro,True
903462,SwiftLine,Metro,True
900546,SwiftLine,Metro,True
901161,SwiftLine,Metro,True
906231,BlueCart,Metro,True
907439,BlueCart,Upcountry,True
909979,BlueCart,Upcountry,True
910850,BlueCart,Upcountry,True
909216,BlueCart,Upcountry,True
911517,BlueCart,Upcountry,True
907713,BlueCart,Upcountry,True
902665,SwiftLine,Metro,True
905756,SwiftLine,Upcountry,False
904602,SwiftLine,Metro,True
908002,BlueCart,Upcountry,True
908475,BlueCart,Upcountry,False
907877,BlueCart,Upcountry,True
901211,SwiftLine,Metro,True
900501,SwiftLine,Metro,True
905798,SwiftLine,Upcountry,False
903057,SwiftLine,Metro,True
901953,SwiftLine,Metro,False
908369,BlueCart,Upcountry,True
908476,BlueCart,Upcountry,True
906833,BlueCart,Metro,True
906403,BlueCart,Metro,True
902173,SwiftLine,Metro,True
908979,BlueCart,Upcountry,True
906682,BlueCart,Metro,True
908255,BlueCart,Upcountry,True
905510,SwiftLine,Upcountry,True
905160,SwiftLine,Metro,True
907712,BlueCart,Upcountry,False
905172,SwiftLine,Metro,False
907962,BlueCart,Upcountry,True
907940,BlueCart,Upcountry,True
906562,BlueCart,Metro,True
901922,SwiftLine,Metro,True
904826,SwiftLine,Metro,True
906936,BlueCart,Metro,True
906256,BlueCart,Metro,True
910139,BlueCart,Upcountry,False
906644,BlueCart,Metro,True
901714,SwiftLine,Metro,False
903160,SwiftLine,Metro,True
910533,BlueCart,Upcountry,True
902602,SwiftLine,Metro,True
904054,SwiftLine,Metro,True
907130,BlueCart,Metro,True
905542,SwiftLine,Upcountry,False
902360,SwiftLine,Metro,True
910646,BlueCart,Upcountry,True
910196,BlueCart,Upcountry,True
901572,SwiftLine,Metro,True
909269,BlueCart,Upcountry,True
909624,BlueCart,Upcountry,True
904385,SwiftLine,Metro,True
907704,BlueCart,Upcountry,True
909038,BlueCart,Upcountry,True
902982,SwiftLine,Metro,True
904528,SwiftLine,Metro,True
900055,SwiftLine,Metro,True
901872,SwiftLine,Metro,True
908336,BlueCart,Upcountry,True
900115,SwiftLine,Metro,True
902295,SwiftLine,Metro,True
902962,SwiftLine,Metro,True
904740,SwiftLine,Metro,True
902007,SwiftLine,Metro,True
906980,BlueCart,Metro,True
901078,SwiftLine,Metro,True
904881,SwiftLine,Metro,True
901964,SwiftLine,Metro,True
908976,BlueCart,Upcountry,False
908985,BlueCart,Upcountry,False
908500,BlueCart,Upcountry,True
910091,BlueCart,Upcountry,True
901400,SwiftLine,Metro,True
909089,BlueCart,Upcountry,False
905359,SwiftLine,Upcountry,True
900764,SwiftLine,Metro,True
910350,BlueCart,Upcountry,False
910501,BlueCart,Upcountry,True
907281,BlueCart,Upcountry,True
901050,SwiftLine,Metro,True
910117,BlueCart,Upcountry,True
910825,BlueCart,Upcountry,True
911350,BlueCart,Upcountry,False
907106,BlueCart,Metro,True
901716,SwiftLine,Metro,False
903646,SwiftLine,Metro,True
906650,BlueCart,Metro,True
905168,SwiftLine,Metro,True
901419,SwiftLine,Metro,False
911543,BlueCart,Upcountry,True
903425,SwiftLine,Metro,True
908199,BlueCart,Upcountry,True
904077,SwiftLine,Metro,True
905184,SwiftLine,Metro,True
905524,SwiftLine,Upcountry,False
908223,BlueCart,Upcountry,True
903736,SwiftLine,Metro,True
901659,SwiftLine,Metro,True
910915,BlueCart,Upcountry,True
903694,SwiftLine,Metro,True
910809,BlueCart,Upcountry,True
905334,SwiftLine,Upcountry,True
903907,SwiftLine,Metro,True
906111,BlueCart,Metro,True
900640,SwiftLine,Metro,True
900002,SwiftLine,Metro,True
908038,BlueCart,Upcountry,True
910945,BlueCart,Upcountry,True
909390,BlueCart,Upcountry,True
905240,SwiftLine,Upcountry,True
908824,BlueCart,Upcountry,True
900499,SwiftLine,Metro,True
904754,SwiftLine,Metro,True
909069,BlueCart,Upcountry,True
907855,BlueCart,Upcountry,True
907805,BlueCart,Upcountry,True
905996,SwiftLine,Upcountry,True
905825,SwiftLine,Upcountry,True
910476,BlueCart,Upcountry,True
906723,BlueCart,Metro,True
905100,SwiftLine,Metro,True
907681,BlueCart,Upcountry,True
908691,BlueCart,Upcountry,True
901839,SwiftLine,Metro,True
907157,BlueCart,Metro,True
909266,BlueCart,Upcountry,True
900468,SwiftLine,Metro,True
909006,BlueCart,Upcountry,False
908672,BlueCart,Upcountry,True
910347,BlueCart,Upcountry,True
900603,SwiftLine,Metro,True
901141,SwiftLine,Metro,True
901312,SwiftLine,Metro,True
910890,BlueCart,Upcountry,True
906220,BlueCart,Metro,True
900222,SwiftLine,Metro,True
900699,SwiftLine,Metro,True
910632,BlueCart,Upcountry,False
904135,SwiftLine,Metro,True
910305,BlueCart,Upcountry,True
903975,SwiftLine,Metro,True
900245,SwiftLine,Metro,True
907608,BlueCart,Upcountry,True
904346,SwiftLine,Metro,True
904501,SwiftLine,Metro,True
906018,SwiftLine,Upcountry,False
907136,BlueCart,Metro,True
910207,BlueCart,Upcountry,False
910187,BlueCart,Upcountry,True
907470,BlueCart,Upcountry,False
903414,SwiftLine,Metro,True
910770,BlueCart,Upcountry,True
910873,BlueCart,Upcountry,True
907417,BlueCart,Upcountry,True
904805,SwiftLine,Metro,True
908794,BlueCart,Upcountry,True
908117,BlueCart,Upcountry,False
907821,BlueCart,Upcountry,True
908185,BlueCart,Upcountry,True
906491,BlueCart,Metro,True
908653,BlueCart,Upcountry,False
908354,BlueCart,Upcountry,False
905487,SwiftLine,Upcountry,True
903426,SwiftLine,Metro,True
901092,SwiftLine,Metro,True
909414,BlueCart,Upcountry,True
909519,BlueCart,Upcountry,True
906301,BlueCart,Metro,True
906423,BlueCart,Metro,True
900435,SwiftLine,Metro,True
905945,SwiftLine,Upcountry,True
901852,SwiftLine,Metro,True
909230,BlueCart,Upcountry,True
900272,SwiftLine,Metro,True
911125,BlueCart,Upcountry,True
910132,BlueCart,Upcountry,True
908632,BlueCart,Upcountry,True
908206,BlueCart,Upcountry,True
905408,SwiftLine,Upcountry,False
909364,BlueCart,Upcountry,True
904244,SwiftLine,Metro,True
905414,SwiftLine,Upcountry,True
906342,BlueCart,Metro,True
904328,SwiftLine,Metro,True
901631,SwiftLine,Metro,True
901417,SwiftLine,Metro,True
903715,SwiftLine,Metro,True
909907,BlueCart,Upcountry,True
911041,BlueCart,Upcountry,False
905123,SwiftLine,Metro,True
910221,BlueCart,Upcountry,True
909809,BlueCart,Upcountry,True
908461,BlueCart,Upcountry,False
904717,SwiftLine,Metro,True
906576,BlueCart,Metro,True
908168,BlueCart,Upcountry,True
905072,SwiftLine,Metro,True
902951,SwiftLine,Metro,False
903361,SwiftLine,Metro,True
910436,BlueCart,Upcountry,True
911405,BlueCart,Upcountry,True
911346,BlueCart,Upcountry,True
910025,BlueCart,Upcountry,False
901249,SwiftLine,Metro,True
908877,BlueCart,Upcountry,True
911600,BlueCart,Upcountry,False
906180,BlueCart,Metro,True
906052,SwiftLine,Upcountry,True
904192,SwiftLine,Metro,True
902328,SwiftLine,Metro,True
905904,SwiftLine,Upcountry,False
900110,SwiftLine,Metro,True
910471,BlueCart,Upcountry,True
908622,BlueCart,Upcountry,True
907646,BlueCart,Upcountry,True
903876,SwiftLine,Metro,True
903285,SwiftLine,Metro,True
906908,BlueCart,Metro,False
909003,BlueCart,Upcountry,False
905272,SwiftLine,Upcountry,True
911267,BlueCart,Upcountry,False
904996,SwiftLine,Metro,True
908911,BlueCart,Upcountry,True
901070,SwiftLine,Metro,False
905916,SwiftLine,Upcountry,False
905673,SwiftLine,Upcountry,True
906398,BlueCart,Metro,True
900946,SwiftLine,Metro,True
900688,SwiftLine,Metro,True
910051,BlueCart,Upcountry,True
906324,BlueCart,Metro,True
903838,SwiftLine,Metro,True
901682,SwiftLine,Metro,True
905173,SwiftLine,Metro,True
905858,SwiftLine,Upcountry,True
907263,BlueCart,Upcountry,True
906070,SwiftLine,Upcountry,True
906952,BlueCart,Metro,True
901118,SwiftLine,Metro,True
908143,BlueCart,Upcountry,True
908988,BlueCart,Upcountry,True
903225,SwiftLine,Metro,True
901255,SwiftLine,Metro,True
902777,SwiftLine,Metro,True
902947,SwiftLine,Metro,True
908965,BlueCart,Upcountry,True
907270,BlueCart,Upcountry,True
905031,SwiftLine,Metro,True
905666,SwiftLine,Upcountry,True
906848,BlueCart,Metro,True
906365,BlueCart,Metro,True
901221,SwiftLine,Metro,True
903445,SwiftLine,Metro,True
907886,BlueCart,Upcountry,True
910540,BlueCart,Upcountry,False
906842,BlueCart,Metro,True
910780,BlueCart,Upcountry,True
906262,BlueCart,Metro,True
901607,SwiftLine,Metro,True
907882,BlueCart,Upcountry,True
907035,BlueCart,Metro,False
905597,SwiftLine,Upcountry,False
907300,BlueCart,Upcountry,True
901014,SwiftLine,Metro,True
904270,SwiftLine,Metro,True
903832,SwiftLine,Metro,True
903077,SwiftLine,Metro,True
900970,SwiftLine,Metro,True
907856,BlueCart,Upcountry,True
901597,SwiftLine,Metro,True
909446,BlueCart,Upcountry,True
905687,SwiftLine,Upcountry,False
909877,BlueCart,Upcountry,True
910227,BlueCart,Upcountry,True
902046,SwiftLine,Metro,True
902981,SwiftLine,Metro,True
909980,BlueCart,Upcountry,False
900895,SwiftLine,Metro,True
909733,BlueCart,Upcountry,False
909510,BlueCart,Upcountry,True
909976,BlueCart,Upcountry,False
901144,SwiftLine,Metro,True
906758,BlueCart,Metro,True
906456,BlueCart,Metro,True
908956,BlueCart,Upcountry,False
905452,SwiftLine,Upcountry,True
904772,SwiftLine,Metro,True
904444,SwiftLine,Metro,True
906000,SwiftLine,Upcountry,True
900032,SwiftLine,Metro,True
903618,SwiftLine,Metro,True
906406,BlueCart,Metro,True
904330,SwiftLine,Metro,True
906054,SwiftLine,Upcountry,True
907860,BlueCart,Upcountry,True
900206,SwiftLine,Metro,True
900030,SwiftLine,Metro,True
900708,SwiftLine,Metro,True
911411,BlueCart,Upcountry,True
906983,BlueCart,Metro,True
909353,BlueCart,Upcountry,True
902712,SwiftLine,Metro,True
900406,SwiftLine,Metro,True
906933,BlueCart,Metro,True
907782,BlueCart,Upcountry,True
903168,SwiftLine,Metro,True
909524,BlueCart,Upcountry,True
900954,SwiftLine,Metro,True
900702,SwiftLine,Metro,True
905206,SwiftLine,Upcountry,False
910648,BlueCart,Upcountry,True
910264,BlueCart,Upcountry,False
911345,BlueCart,Upcountry,True
909676,BlueCart,Upcountry,True
906339,BlueCart,Metro,True
909224,BlueCart,Upcountry,False
906528,BlueCart,Metro,True
910392,BlueCart,Upcountry,True
910113,BlueCart,Upcountry,True
900046,SwiftLine,Metro,True
904745,SwiftLine,Metro,True
903390,SwiftLine,Metro,True
909417,BlueCart,Upcountry,True
900733,SwiftLine,Metro,True
909698,BlueCart,Upcountry,False
902287,SwiftLine,Metro,True
903120,SwiftLine,Metro,True
903913,SwiftLine,Metro,True
905792,SwiftLine,Upcountry,False
904163,SwiftLine,Metro,True
907015,BlueCart,Metro,True
904216,SwiftLine,Metro,True
900646,SwiftLine,Metro,True
901340,SwiftLine,Metro,False
905806,SwiftLine,Upcountry,True
906060,SwiftLine,Upcountry,True
910742,BlueCart,Upcountry,True
908929,BlueCart,Upcountry,True
905011,SwiftLine,Metro,True
904500,SwiftLine,Metro,True
910345,BlueCart,Upcountry,True
904856,SwiftLine,Metro,True
906670,BlueCart,Metro,True
908144,BlueCart,Upcountry,False
910679,BlueCart,Upcountry,True
900596,SwiftLine,Metro,True
902765,SwiftLine,Metro,True
905931,SwiftLine,Upcountry,True
906633,BlueCart,Metro,True
907001,BlueCart,Metro,True
900151,SwiftLine,Metro,True
903087,SwiftLine,Metro,True
910655,BlueCart,Upcountry,False
911369,BlueCart,Upcountry,True
910070,BlueCart,Upcountry,True
905969,SwiftLine,Upcountry,False
902275,SwiftLine,Metro,True
905178,SwiftLine,Metro,True
902754,SwiftLine,Metro,False
906085,SwiftLine,Upcountry,True
900563,SwiftLine,Metro,True
907598,BlueCart,Upcountry,True
907006,BlueCart,Metro,True
909946,BlueCart,Upcountry,True
907029,BlueCart,Metro,True
901429,SwiftLine,Metro,True
909779,BlueCart,Upcountry,True
904894,SwiftLine,Metro,True
909564,BlueCart,Upcountry,True
901201,SwiftLine,Metro,True
909457,BlueCart,Upcountry,False
907578,BlueCart,Upcountry,False
910381,BlueCart,Upcountry,True
910863,BlueCart,Upcountry,True
911487,BlueCart,Upcountry,False
911324,BlueCart,Upcountry,True
907865,BlueCart,Upcountry,True
911156,BlueCart,Upcountry,True
909090,BlueCart,Upcountry,True
904960,SwiftLine,Metro,False
907003,BlueCart,Metro,True
908610,BlueCart,Upcountry,True
910801,BlueCart,Upcountry,False
902419,SwiftLine,Metro,True
910062,BlueCart,Upcountry,True
903460,SwiftLine,Metro,True
909334,BlueCart,Upcountry,True
908609,BlueCart,Upcountry,True
909449,BlueCart,Upcountry,True
906953,BlueCart,Metro,False
902189,SwiftLine,Metro,True
909602,BlueCart,Upcountry,True
902469,SwiftLine,Metro,True
905584,SwiftLine,Upcountry,True
911395,BlueCart,Upcountry,True
910743,BlueCart,Upcountry,False
905514,SwiftLine,Upcountry,True
908806,BlueCart,Upcountry,False
900417,SwiftLine,Metro,False
907991,BlueCart,Upcountry,False
904372,SwiftLine,Metro,True
900986,SwiftLine,Metro,True
900214,SwiftLine,Metro,True
910289,BlueCart,Upcountry,False
900576,SwiftLine,Metro,True
910948,BlueCart,Upcountry,False
909786,BlueCart,Upcountry,True
909013,BlueCart,Upcountry,True
900141,SwiftLine,Metro,True
901125,SwiftLine,Metro,True
900129,SwiftLine,Metro,True
907938,BlueCart,Upcountry,False
907069,BlueCart,Metro,True
904486,SwiftLine,Metro,True
908420,BlueCart,Upcountry,True
900725,SwiftLine,Metro,True
911574,BlueCart,Upcountry,False
908237,BlueCart,Upcountry,False
901814,SwiftLine,Metro,True
904719,SwiftLine,Metro,True
901262,SwiftLine,Metro,True
905797,SwiftLine,Upcountry,True
906520,BlueCart,Metro,False
902391,SwiftLine,Metro,True
905742,SwiftLine,Upcountry,True
906106,BlueCart,Metro,True
907734,BlueCart,Upcountry,True
906748,BlueCart,Metro,True
904451,SwiftLine,Metro,True
901766,SwiftLine,Metro,True
903512,SwiftLine,Metro,True
909830,BlueCart,Upcountry,True
905431,SwiftLine,Upcountry,False
902054,SwiftLine,Metro,True
901962,SwiftLine,Metro,True
904309,SwiftLine,Metro,True
907414,BlueCart,Upcountry,True
910551,BlueCart,Upcountry,True
908406,BlueCart,Upcountry,True
911470,BlueCart,Upcountry,True
904506,SwiftLine,Metro,True
900343,SwiftLine,Metro,True
906888,BlueCart,Metro,True
906341,BlueCart,Metro,True
909251,BlueCart,Upcountry,False
910512,BlueCart,Upcountry,True
902366,SwiftLine,Metro,True
903436,SwiftLine,Metro,True
906408,BlueCart,Metro,False
911551,BlueCart,Upcountry,False
911570,BlueCart,Upcountry,True
910605,BlueCart,Upcountry,True
900062,SwiftLine,Metro,True
909731,BlueCart,Upcountry,True
902832,SwiftLine,Metro,True
900114,SwiftLine,Metro,True
904863,SwiftLine,Metro,True
907148,BlueCart,Metro,True
905440,SwiftLine,Upcountry,True
900390,SwiftLine,Metro,True
901126,SwiftLine,Metro,True
906957,BlueCart,Metro,True
908131,BlueCart,Upcountry,True
900132,SwiftLine,Metro,True
909727,BlueCart,Upcountry,True
902450,SwiftLine,Metro,True
900164,SwiftLine,Metro,True
911009,BlueCart,Upcountry,True
907200,BlueCart,Metro,True
901042,SwiftLine,Metro,True
902122,SwiftLine,Metro,False
905887,SwiftLine,Upcountry,True
909189,BlueCart,Upcountry,True
905859,SwiftLine,Upcountry,False
906146,BlueCart,Metro,True
903740,SwiftLine,Metro,True
910698,BlueCart,Upcountry,True
908798,BlueCart,Upcountry,True
909833,BlueCart,Upcountry,False
902332,SwiftLine,Metro,True
910537,BlueCart,Upcountry,True
907058,BlueCart,Metro,True
906740,BlueCart,Metro,True
906112,BlueCart,Metro,True
904697,SwiftLine,Metro,True
908381,BlueCart,Upcountry,True
901321,SwiftLine,Metro,True
910102,BlueCart,Upcountry,True
910763,BlueCart,Upcountry,True
907953,BlueCart,Upcountry,True
909656,BlueCart,Upcountry,True
904340,SwiftLine,Metro,True
910681,BlueCart,Upcountry,True
907515,BlueCart,Upcountry,True
910970,BlueCart,Upcountry,True
908215,BlueCart,Upcountry,False
911219,BlueCart,Upcountry,True
907905,BlueCart,Upcountry,False
911472,BlueCart,Upcountry,True
907649,BlueCart,Upcountry,True
904560,SwiftLine,Metro,True
904961,SwiftLine,Metro,True
903434,SwiftLine,Metro,True
909896,BlueCart,Upcountry,False
903372,SwiftLine,Metro,True
905975,SwiftLine,Upcountry,True
900192,SwiftLine,Metro,True
907477,BlueCart,Upcountry,True
905764,SwiftLine,Upcountry,True
904391,SwiftLine,Metro,False
902194,SwiftLine,Metro,True
901668,SwiftLine,Metro,True
903697,SwiftLine,Metro,True
903105,SwiftLine,Metro,True
900827,SwiftLine,Metro,True
908261,BlueCart,Upcountry,True
902908,SwiftLine,Metro,True
908025,BlueCart,Upcountry,False
906157,BlueCart,Metro,True
904384,SwiftLine,Metro,True
905746,SwiftLine,Upcountry,True
902281,SwiftLine,Metro,True
901494,SwiftLine,Metro,True
904306,SwiftLine,Metro,True
907775,BlueCart,Upcountry,True
911106,BlueCart,Upcountry,False
909227,BlueCart,Upcountry,False
904556,SwiftLine,Metro,True
907433,BlueCart,Upcountry,True
905391,SwiftLine,Upcountry,False
906776,BlueCart,Metro,True
906745,BlueCart,Metro,True
905614,SwiftLine,Upcountry,True
908414,BlueCart,Upcountry,True
903767,SwiftLine,Metro,True
906279,BlueCart,Metro,True
909130,BlueCart,Upcountry,True
907545,BlueCart,Upcountry,True
911216,BlueCart,Upcountry,True
903320,SwiftLine,Metro,True
910781,BlueCart,Upcountry,True
910509,BlueCart,Upcountry,True
911135,BlueCart,Upcountry,True
903887,SwiftLine,Metro,True
901826,SwiftLine,Metro,True
906437,BlueCart,Metro,True
904257,SwiftLine,Metro,True
906289,BlueCart,Metro,True
902475,SwiftLine,Metro,True
905327,SwiftLine,Upcountry,True
904527,SwiftLine,Metro,True
910692,BlueCart,Upcountry,True
911449,BlueCart,Upcountry,True
901744,SwiftLine,Metro,True
901117,SwiftLine,Metro,True
901222,SwiftLine,Metro,True
900637,SwiftLine,Metro,True
900657,SwiftLine,Metro,True
911511,BlueCart,Upcountry,False
907748,BlueCart,Upcountry,False
909570,BlueCart,Upcountry,True
910516,BlueCart,Upcountry,False
900337,SwiftLine,Metro,True
901825,SwiftLine,Metro,True
904559,SwiftLine,Metro,True
903030,SwiftLine,Metro,True
909347,BlueCart,Upcountry,True
904304,SwiftLine,Metro,True
907436,BlueCart,Upcountry,True
911582,BlueCart,Upcountry,True
908927,BlueCart,Upcountry,True
904725,SwiftLine,Metro,True
911053,BlueCart,Upcountry,True
903542,SwiftLine,Metro,True
903831,SwiftLine,Metro,True
908399,BlueCart,Upcountry,True
901054,SwiftLine,Metro,True
906601,BlueCart,Metro,True
906441,BlueCart,Metro,True
908249,BlueCart,Upcountry,True
906283,BlueCart,Metro,True
909635,BlueCart,Upcountry,True
901606,SwiftLine,Metro,True
902564,SwiftLine,Metro,True
901039,SwiftLine,Metro,True
908838,BlueCart,Upcountry,False
900825,SwiftLine,Metro,True
905481,SwiftLine,Upcountry,True
902049,SwiftLine,Metro,True
902144,SwiftLine,Metro,True
908433,BlueCart,Upcountry,True
908805,BlueCart,Upcountry,True
910100,BlueCart,Upcountry,False
900403,SwiftLine,Metro,True
906590,BlueCart,Metro,True
908007,BlueCart,Upcountry,True
902581,SwiftLine,Metro,True
910596,BlueCart,Upcountry,True
902012,SwiftLine,Metro,True
902705,SwiftLine,Metro,True
905815,SwiftLine,Upcountry,True
904420,SwiftLine,Metro,True
907027,BlueCart,Metro,True
903246,SwiftLine,Metro,True
905748,SwiftLine,Upcountry,True
906700,BlueCart,Metro,True
902169,SwiftLine,Metro,True
900194,SwiftLine,Metro,True
905444,SwiftLine,Upcountry,True
906864,BlueCart,Metro,True
901425,SwiftLine,Metro,True
911286,BlueCart,Upcountry,True
906098,SwiftLine,Upcountry,True
904281,SwiftLine,Metro,True
911256,BlueCart,Upcountry,False
907313,BlueCart,Upcountry,True
908043,BlueCart,Upcountry,True
907072,BlueCart,Metro,True
905850,SwiftLine,Upcountry,True
902410,SwiftLine,Metro,True
906529,BlueCart,Metro,False
902278,SwiftLine,Metro,True
905307,SwiftLine,Upcountry,True
900321,SwiftLine,Metro,True
907846,BlueCart,Upcountry,True
900284,SwiftLine,Metro,True
906313,BlueCart,Metro,True
902129,SwiftLine,Metro,True
909665,BlueCart,Upcountry,True
903539,SwiftLine,Metro,True
905538,SwiftLine,Upcountry,True
907219,BlueCart,Upcountry,True
901433,SwiftLine,Metro,True
900750,SwiftLine,Metro,True
907458,BlueCart,Upcountry,False
910346,BlueCart,Upcountry,True
901171,SwiftLine,Metro,True
907862,BlueCart,Upcountry,False
902895,SwiftLine,Metro,True
908591,BlueCart,Upcountry,True
904439,SwiftLine,Metro,True
907044,BlueCart,Metro,True
902273,SwiftLine,Metro,False
904932,SwiftLine,Metro,True
901361,SwiftLine,Metro,True
901411,SwiftLine,Metro,True
901965,SwiftLine,Metro,True
900412,SwiftLine,Metro,True
907144,BlueCart,Metro,True
900866,SwiftLine,Metro,True
901955,SwiftLine,Metro,True
909240,BlueCart,Upcountry,False
906105,BlueCart,Metro,True
907273,BlueCart,Upcountry,False
901022,SwiftLine,Metro,True
908893,BlueCart,Upcountry,True
906989,BlueCart,Metro,True
905803,SwiftLine,Upcountry,True
911563,BlueCart,Upcountry,True
909984,BlueCart,Upcountry,True
911204,BlueCart,Upcountry,False
903766,SwiftLine,Metro,True
909812,BlueCart,Upcountry,True
910947,BlueCart,Upcountry,True
902110,SwiftLine,Metro,True
906167,BlueCart,Metro,True
911222,BlueCart,Upcountry,True
903507,SwiftLine,Metro,True
904415,SwiftLine,Metro,True
903249,SwiftLine,Metro,True
910565,BlueCart,Upcountry,True
906651,BlueCart,Metro,True
907837,BlueCart,Upcountry,True
909859,BlueCart,Upcountry,False
906113,BlueCart,Metro,True
902442,SwiftLine,Metro,True
909460,BlueCart,Upcountry,False
907457,BlueCart,Upcountry,True
908497,BlueCart,Upcountry,True
906690,BlueCart,Metro,True
906598,BlueCart,Metro,True
906153,BlueCart,Metro,True
903494,SwiftLine,Metro,True
900359,SwiftLine,Metro,True
911427,BlueCart,Upcountry,True
904669,SwiftLine,Metro,True
911498,BlueCart,Upcountry,False
907341,BlueCart,Upcountry,False
906226,BlueCart,Metro,True
900712,SwiftLine,Metro,True
900794,SwiftLine,Metro,True
905832,SwiftLine,Upcountry,False
900971,SwiftLine,Metro,True
903971,SwiftLine,Metro,True
909661,BlueCart,Upcountry,False
904629,SwiftLine,Metro,True
901811,SwiftLine,Metro,True
901984,SwiftLine,Metro,True
903803,SwiftLine,Metro,True
903094,SwiftLine,Metro,True
904233,SwiftLine,Metro,True
905088,SwiftLine,Metro,True
901342,SwiftLine,Metro,True
901261,SwiftLine,Metro,True
904093,SwiftLine,Metro,True
907641,BlueCart,Upcountry,True
910404,BlueCart,Upcountry,False
906552,BlueCart,Metro,True
909017,BlueCart,Upcountry,False
910511,BlueCart,Upcountry,False
911310,BlueCart,Upcountry,True
906712,BlueCart,Metro,True
907175,BlueCart,Metro,True
910670,BlueCart,Upcountry,False
903332,SwiftLine,Metro,True
904732,SwiftLine,Metro,False
904729,SwiftLine,Metro,True
904604,SwiftLine,Metro,False
901034,SwiftLine,Metro,True
910503,BlueCart,Upcountry,True
904495,SwiftLine,Metro,True
901799,SwiftLine,Metro,True
910613,BlueCart,Upcountry,True
906558,BlueCart,Metro,True
911393,BlueCart,Upcountry,True
904307,SwiftLine,Metro,True
902432,SwiftLine,Metro,True
902984,SwiftLine,Metro,True
911407,BlueCart,Upcountry,True
904130,SwiftLine,Metro,True
905744,SwiftLine,Upcountry,True
906592,BlueCart,Metro,True
906970,BlueCart,Metro,True
910826,BlueCart,Upcountry,True
909211,BlueCart,Upcountry,True
904173,SwiftLine,Metro,True
909330,BlueCart,Upcountry,False
906715,BlueCart,Metro,True
903919,SwiftLine,Metro,True
909739,BlueCart,Upcountry,True
902990,SwiftLine,Metro,True
901879,SwiftLine,Metro,True
908731,BlueCart,Upcountry,False
909068,BlueCart,Upcountry,False
901761,SwiftLine,Metro,True
905352,SwiftLine,Upcountry,False
905533,SwiftLine,Upcountry,True
904655,SwiftLine,Metro,True
902361,SwiftLine,Metro,True
908638,BlueCart,Upcountry,False
900297,SwiftLine,Metro,True
901432,SwiftLine,Metro,True
907751,BlueCart,Upcountry,True
905674,SwiftLine,Upcountry,False
900558,SwiftLine,Metro,True
903774,SwiftLine,Metro,True
908535,BlueCart,Upcountry,True
903463,SwiftLine,Metro,True
909124,BlueCart,Upcountry,True
905067,SwiftLine,Metro,False
903992,SwiftLine,Metro,True
902274,SwiftLine,Metro,True
907517,BlueCart,Upcountry,False
902668,SwiftLine,Metro,True
905940,SwiftLine,Upcountry,True
906392,BlueCart,Metro,True
904921,SwiftLine,Metro,True
907879,BlueCart,Upcountry,False
910541,BlueCart,Upcountry,True
909579,BlueCart,Upcountry,True
909122,BlueCart,Upcountry,False
909675,BlueCart,Upcountry,True
910077,BlueCart,Upcountry,False
903062,SwiftLine,Metro,True
900410,SwiftLine,Metro,True
907408,BlueCart,Upcountry,True
903011,SwiftLine,Metro,True
901757,SwiftLine,Metro,True
903771,SwiftLine,Metro,True
905146,SwiftLine,Metro,True
900134,SwiftLine,Metro,True
908014,BlueCart,Upcountry,False
906308,BlueCart,Metro,True
903360,SwiftLine,Metro,True
900090,SwiftLine,Metro,True
905863,SwiftLine,Upcountry,True
909532,BlueCart,Upcountry,True
903271,SwiftLine,Metro,True
906693,BlueCart,Metro,True
900771,SwiftLine,Metro,True
901423,SwiftLine,Metro,True
903277,SwiftLine,Metro,True
910891,BlueCart,Upcountry,True
900542,SwiftLine,Metro,True
911023,BlueCart,Upcountry,True
910291,BlueCart,Upcountry,True
910049,BlueCart,Upcountry,True
903749,SwiftLine,Metro,True
911143,BlueCart,Upcountry,True
903382,SwiftLine,Metro,True
910973,BlueCart,Upcountry,False
900182,SwiftLine,Metro,True
905770,SwiftLine,Upcountry,True
907142,BlueCart,Metro,True
908860,BlueCart,Upcountry,True
900526,SwiftLine,Metro,True
906930,BlueCart,Metro,True
902198,SwiftLine,Metro,True
901552,SwiftLine,Metro,True
908450,BlueCart,Upcountry,False
906750,BlueCart,Metro,True
908861,BlueCart,Upcountry,True
908490,BlueCart,Upcountry,True
905686,SwiftLine,Upcountry,True
907724,BlueCart,Upcountry,True
911016,BlueCart,Upcountry,True
904877,SwiftLine,Metro,True
907541,BlueCart,Upcountry,True
901511,SwiftLine,Metro,True
910461,BlueCart,Upcountry,True
908158,BlueCart,Upcountry,True
903204,SwiftLine,Metro,True
900889,SwiftLine,Metro,True
905214,SwiftLine,Upcountry,True
900899,SwiftLine,Metro,True
906768,BlueCart,Metro,True
900201,SwiftLine,Metro,False
902408,SwiftLine,Metro,True
902591,SwiftLine,Metro,True
904464,SwiftLine,Metro,False
903532,SwiftLine,Metro,True
900757,SwiftLine,Metro,True
901445,SwiftLine,Metro,True
908331,BlueCart,Upcountry,True
900664,SwiftLine,Metro,True
903525,SwiftLine,Metro,True
902008,SwiftLine,Metro,True
904126,SwiftLine,Metro,True
907021,BlueCart,Metro,True
902534,SwiftLine,Metro,True
909217,BlueCart,Upcountry,False
907487,BlueCart,Upcountry,True
901403,SwiftLine,Metro,True
910134,BlueCart,Upcountry,True
907594,BlueCart,Upcountry,False
904966,SwiftLine,Metro,True
909814,BlueCart,Upcountry,False
910038,BlueCart,Upcountry,True
906013,SwiftLine,Upcountry,False
908916,BlueCart,Upcountry,True
909940,BlueCart,Upcountry,False
910016,BlueCart,Upcountry,False
906516,BlueCart,Metro,True
909981,BlueCart,Upcountry,False
902523,SwiftLine,Metro,True
902558,SwiftLine,Metro,True
908682,BlueCart,Upcountry,True
902638,SwiftLine,Metro,True
901444,SwiftLine,Metro,False
902859,SwiftLine,Metro,True
910364,BlueCart,Upcountry,True
904955,SwiftLine,Metro,True
904569,SwiftLine,Metro,True
900215,SwiftLine,Metro,True
907062,BlueCart,Metro,True
908058,BlueCart,Upcountry,False
901247,SwiftLine,Metro,True
902088,SwiftLine,Metro,True
900822,SwiftLine,Metro,True
909162,BlueCart,Upcountry,True
909998,BlueCart,Upcountry,True
900982,SwiftLine,Metro,True
902102,SwiftLine,Metro,True
910261,BlueCart,Upcountry,False
907673,BlueCart,Upcountry,False
905788,SwiftLine,Upcountry,False
910773,BlueCart,Upcountry,True
910238,BlueCart,Upcountry,True
910569,BlueCart,Upcountry,True
908438,BlueCart,Upcountry,True
910609,BlueCart,Upcountry,True
900582,SwiftLine,Metro,False
905249,SwiftLine,Upcountry,True
905518,SwiftLine,Upcountry,True
904359,SwiftLine,Metro,True
902208,SwiftLine,Metro,True
907352,BlueCart,Upcountry,False
908277,BlueCart,Upcountry,True
906878,BlueCart,Metro,True
900965,SwiftLine,Metro,True
902870,SwiftLine,Metro,True
900430,SwiftLine,Metro,True
906901,BlueCart,Metro,True
902149,SwiftLine,Metro,True
910076,BlueCart,Upcountry,True
906264,BlueCart,Metro,True
906847,BlueCart,Metro,True
902931,SwiftLine,Metro,True
906346,BlueCart,Metro,True
902852,SwiftLine,Metro,True
906472,BlueCart,Metro,True
909764,BlueCart,Upcountry,False
900145,SwiftLine,Metro,True
902687,SwiftLine,Metro,True
904561,SwiftLine,Metro,True
909580,BlueCart,Upcountry,True
901007,SwiftLine,Metro,False
909212,BlueCart,Upcountry,True
910343,BlueCart,Upcountry,True
904051,SwiftLine,Metro,True
900277,SwiftLine,Metro,True
905177,SwiftLine,Metro,True
902921,SwiftLine,Metro,True
908368,BlueCart,Upcountry,True
902720,SwiftLine,Metro,False
904818,SwiftLine,Metro,True
900336,SwiftLine,Metro,True
906202,BlueCart,Metro,True
910423,BlueCart,Upcountry,False
907213,BlueCart,Upcountry,True
910122,BlueCart,Upcountry,True
901167,SwiftLine,Metro,False
902215,SwiftLine,Metro,False
900010,SwiftLine,Metro,True
905188,SwiftLine,Metro,True
907808,BlueCart,Upcountry,True
909565,BlueCart,Upcountry,True
902866,SwiftLine,Metro,True
904005,SwiftLine,Metro,True
906062,SwiftLine,Upcountry,True
911575,BlueCart,Upcountry,True
910242,BlueCart,Upcountry,True
911359,BlueCart,Upcountry,False
909594,BlueCart,Upcountry,True
904019,SwiftLine,Metro,True
906017,SwiftLine,Upcountry,True
911095,BlueCart,Upcountry,True
903984,SwiftLine,Metro,True
910855,BlueCart,Upcountry,True
904374,SwiftLine,Metro,True
909807,BlueCart,Upcountry,True
903909,SwiftLine,Metro,True
908011,BlueCart,Upcountry,True
901027,SwiftLine,Metro,True
902789,SwiftLine,Metro,True
901699,SwiftLine,Metro,True
911282,BlueCart,Upcountry,True
904992,SwiftLine,Metro,True
903718,SwiftLine,Metro,True
907982,BlueCart,Upcountry,True
906078,SwiftLine,Upcountry,True
905259,SwiftLine,Upcountry,True
903212,SwiftLine,Metro,False
910431,BlueCart,Upcountry,True
903242,SwiftLine,Metro,True
903575,SwiftLine,Metro,True
908649,BlueCart,Upcountry,False
904325,SwiftLine,Metro,True
908469,BlueCart,Upcountry,True
900548,SwiftLine,Metro,True
901087,SwiftLine,Metro,True
908473,BlueCart,Upcountry,True
905492,SwiftLine,Upcountry,False
903583,SwiftLine,Metro,True
908370,BlueCart,Upcountry,True
905105,SwiftLine,Metro,True
906940,BlueCart,Metro,True
900071,SwiftLine,Metro,True
901331,SwiftLine,Metro,True
902613,SwiftLine,Metro,True
903307,SwiftLine,Metro,True
909158,BlueCart,Upcountry,False
905839,SwiftLine,Upcountry,True
902066,SwiftLine,Metro,True
903043,SwiftLine,Metro,True
901227,SwiftLine,Metro,True
900606,SwiftLine,Metro,True
906417,BlueCart,Metro,True
903889,SwiftLine,Metro,True
902965,SwiftLine,Metro,True
909589,BlueCart,Upcountry,False
900315,SwiftLine,Metro,True
906688,BlueCart,Metro,True
910906,BlueCart,Upcountry,True
906718,BlueCart,Metro,True
900237,SwiftLine,Metro,True
903192,SwiftLine,Metro,True
906272,BlueCart,Metro,True
902598,SwiftLine,Metro,True
905150,SwiftLine,Metro,True
903065,SwiftLine,Metro,True
906689,BlueCart,Metro,True
904246,SwiftLine,Metro,True
910759,BlueCart,Upcountry,True
905283,SwiftLine,Upcountry,True
908982,BlueCart,Upcountry,False
909187,BlueCart,Upcountry,True
900091,SwiftLine,Metro,True
906012,SwiftLine,Upcountry,False
910699,BlueCart,Upcountry,True
906834,BlueCart,Metro,True
910308,BlueCart,Upcountry,True
907266,BlueCart,Upcountry,False
903073,SwiftLine,Metro,True
903237,SwiftLine,Metro,True
908173,BlueCart,Upcountry,True
909487,BlueCart,Upcountry,True
903100,SwiftLine,Metro,True
908881,BlueCart,Upcountry,True
903640,SwiftLine,Metro,True
903009,SwiftLine,Metro,True
902302,SwiftLine,Metro,True
906192,BlueCart,Metro,True
908358,BlueCart,Upcountry,True
906905,BlueCart,Metro,True
901393,SwiftLine,Metro,True
908240,BlueCart,Upcountry,False
909995,BlueCart,Upcountry,True
910997,BlueCart,Upcountry,True
904908,SwiftLine,Metro,True
906793,BlueCart,Metro,True
905407,SwiftLine,Upcountry,True
911313,BlueCart,Upcountry,False
900655,SwiftLine,Metro,True
901647,SwiftLine,Metro,True
905166,SwiftLine,Metro,True
909412,BlueCart,Upcountry,True
907504,BlueCart,Upcountry,False
900455,SwiftLine,Metro,True
911220,BlueCart,Upcountry,True
906494,BlueCart,Metro,True
906548,BlueCart,Metro,True
908567,BlueCart,Upcountry,True
909860,BlueCart,Upcountry,True
906549,BlueCart,Metro,True
902692,SwiftLine,Metro,True
906048,SwiftLine,Upcountry,False
909058,BlueCart,Upcountry,True
901874,SwiftLine,Metro,True
901129,SwiftLine,Metro,True
908762,BlueCart,Upcountry,True
910640,BlueCart,Upcountry,False
902426,SwiftLine,Metro,True
904389,SwiftLine,Metro,True
906738,BlueCart,Metro,True
906461,BlueCart,Metro,True
911248,BlueCart,Upcountry,False
903652,SwiftLine,Metro,True
903014,SwiftLine,Metro,True
906121,BlueCart,Metro,True
901044,SwiftLine,Metro,True
909193,BlueCart,Upcountry,True
909753,BlueCart,Upcountry,True
902655,SwiftLine,Metro,True
904967,SwiftLine,Metro,True
903314,SwiftLine,Metro,True
903352,SwiftLine,Metro,True
902612,SwiftLine,Metro,True
904076,SwiftLine,Metro,True
900888,SwiftLine,Metro,True
907215,BlueCart,Upcountry,False
910223,BlueCart,Upcountry,True
903619,SwiftLine,Metro,True
908343,BlueCart,Upcountry,True
906862,BlueCart,Metro,True
901219,SwiftLine,Metro,True
906476,BlueCart,Metro,True
905620,SwiftLine,Upcountry,True
900131,SwiftLine,Metro,True
905626,SwiftLine,Upcountry,True
905079,SwiftLine,Metro,True
910474,BlueCart,Upcountry,True
911587,BlueCart,Upcountry,False
905064,SwiftLine,Metro,True
904592,SwiftLine,Metro,True
904957,SwiftLine,Metro,True
904630,SwiftLine,Metro,True
909654,BlueCart,Upcountry,False
902585,SwiftLine,Metro,True
901561,SwiftLine,Metro,True
904519,SwiftLine,Metro,True
902875,SwiftLine,Metro,True
902310,SwiftLine,Metro,True
903976,SwiftLine,Metro,True
906986,BlueCart,Metro,True
906388,BlueCart,Metro,True
911538,BlueCart,Upcountry,False
907431,BlueCart,Upcountry,True
910250,BlueCart,Upcountry,True
901301,SwiftLine,Metro,True
908841,BlueCart,Upcountry,True
906115,BlueCart,Metro,True
907966,BlueCart,Upcountry,True
910649,BlueCart,Upcountry,False
908107,BlueCart,Upcountry,True
908744,BlueCart,Upcountry,True
908818,BlueCart,Upcountry,False
905560,SwiftLine,Upcountry,True
905682,SwiftLine,Upcountry,True
900285,SwiftLine,Metro,False
902478,SwiftLine,Metro,True
908225,BlueCart,Upcountry,True
901937,SwiftLine,Metro,True
906492,BlueCart,Metro,True
909376,BlueCart,Upcountry,False
905719,SwiftLine,Upcountry,True
910012,BlueCart,Upcountry,True
905519,SwiftLine,Upcountry,True
901035,SwiftLine,Metro,True
902146,SwiftLine,Metro,True
910085,BlueCart,Upcountry,True
903417,SwiftLine,Metro,True
906379,BlueCart,Metro,True
904008,SwiftLine,Metro,True
909643,BlueCart,Upcountry,False
906747,BlueCart,Metro,True
900101,SwiftLine,Metro,True
903224,SwiftLine,Metro,True
908136,BlueCart,Upcountry,True
901326,SwiftLine,Metro,True
908696,BlueCart,Upcountry,True
902162,SwiftLine,Metro,True
910573,BlueCart,Upcountry,True
909696,BlueCart,Upcountry,True
906742,BlueCart,Metro,True
906089,SwiftLine,Upcountry,True
909560,BlueCart,Upcountry,True
902516,SwiftLine,Metro,True
901596,SwiftLine,Metro,True
907733,BlueCart,Upcountry,True
911044,BlueCart,Upcountry,True
901523,SwiftLine,Metro,True
906462,BlueCart,Metro,True
905368,SwiftLine,Upcountry,True
910285,BlueCart,Upcountry,True
901673,SwiftLine,Metro,True
904985,SwiftLine,Metro,True
908899,BlueCart,Upcountry,True
902605,SwiftLine,Metro,True
906877,BlueCart,Metro,True
908258,BlueCart,Upcountry,True
903007,SwiftLine,Metro,True
910864,BlueCart,Upcountry,True
900012,SwiftLine,Metro,True
903068,SwiftLine,Metro,True
907907,BlueCart,Upcountry,True
901762,SwiftLine,Metro,True
908145,BlueCart,Upcountry,False
907209,BlueCart,Upcountry,True
903140,SwiftLine,Metro,False
902775,SwiftLine,Metro,True
906679,BlueCart,Metro,True
900118,SwiftLine,Metro,True
900605,SwiftLine,Metro,True
908075,BlueCart,Upcountry,True
902223,SwiftLine,Metro,True
905513,SwiftLine,Upcountry,True
903784,SwiftLine,Metro,True
905592,SwiftLine,Upcountry,False
903902,SwiftLine,Metro,True
908644,BlueCart,Upcountry,True
901279,SwiftLine,Metro,True
911373,BlueCart,Upcountry,True
907754,BlueCart,Upcountry,True
909987,BlueCart,Upcountry,False
907080,BlueCart,Metro,True
910243,BlueCart,Upcountry,False
909818,BlueCart,Upcountry,True
900701,SwiftLine,Metro,True
906925,BlueCart,Metro,True
906659,BlueCart,Metro,True
903405,SwiftLine,Metro,True
900467,SwiftLine,Metro,True
904073,SwiftLine,Metro,True
900721,SwiftLine,Metro,True
907876,BlueCart,Upcountry,True
902500,SwiftLine,Metro,True
906955,BlueCart,Metro,True
911063,BlueCart,Upcountry,True
908950,BlueCart,Upcountry,True
908362,BlueCart,Upcountry,True
905273,SwiftLine,Upcountry,True
903952,SwiftLine,Metro,True
907934,BlueCart,Upcountry,True
908290,BlueCart,Upcountry,True
910714,BlueCart,Upcountry,False
902662,SwiftLine,Metro,True
900252,SwiftLine,Metro,True
900553,SwiftLine,Metro,True
909213,BlueCart,Upcountry,True
905404,SwiftLine,Upcountry,True
904442,SwiftLine,Metro,True
909465,BlueCart,Upcountry,True
905782,SwiftLine,Upcountry,True
907180,BlueCart,Metro,True
901097,SwiftLine,Metro,True
911309,BlueCart,Upcountry,True
910017,BlueCart,Upcountry,False
902559,SwiftLine,Metro,True
903863,SwiftLine,Metro,True
907308,BlueCart,Upcountry,False
910799,BlueCart,Upcountry,True
900312,SwiftLine,Metro,True
909008,BlueCart,Upcountry,True
910131,BlueCart,Upcountry,True
902371,SwiftLine,Metro,True
910910,BlueCart,Upcountry,False
903180,SwiftLine,Metro,True
908811,BlueCart,Upcountry,True
910205,BlueCart,Upcountry,True
907355,BlueCart,Upcountry,True
906034,SwiftLine,Upcountry,True
905290,SwiftLine,Upcountry,True
909670,BlueCart,Upcountry,True
900841,SwiftLine,Metro,True
904593,SwiftLine,Metro,True
909102,BlueCart,Upcountry,True
901649,SwiftLine,Metro,True
901063,SwiftLine,Metro,True
907409,BlueCart,Upcountry,True
910453,BlueCart,Upcountry,True
902171,SwiftLine,Metro,True
903511,SwiftLine,Metro,True
911296,BlueCart,Upcountry,False
906866,BlueCart,Metro,False
907104,BlueCart,Metro,True
904606,SwiftLine,Metro,True
905692,SwiftLine,Upcountry,False
908960,BlueCart,Upcountry,False
910394,BlueCart,Upcountry,False
910398,BlueCart,Upcountry,False
909239,BlueCart,Upcountry,True
908727,BlueCart,Upcountry,False
904320,SwiftLine,Metro,True
904362,SwiftLine,Metro,True
907387,BlueCart,Upcountry,True
907617,BlueCart,Upcountry,True
904289,SwiftLine,Metro,True
903447,SwiftLine,Metro,True
902134,SwiftLine,Metro,True
908074,BlueCart,Upcountry,True
907164,BlueCart,Metro,True
910684,BlueCart,Upcountry,True
905571,SwiftLine,Upcountry,True
903806,SwiftLine,Metro,True
903743,SwiftLine,Metro,True
909617,BlueCart,Upcountry,True
908670,BlueCart,Upcountry,True
905089,SwiftLine,Metro,True
906278,BlueCart,Metro,True
905289,SwiftLine,Upcountry,True
908197,BlueCart,Upcountry,False
903553,SwiftLine,Metro,True
911391,BlueCart,Upcountry,True
908203,BlueCart,Upcountry,True
908436,BlueCart,Upcountry,True
909242,BlueCart,Upcountry,True
910437,BlueCart,Upcountry,True
909262,BlueCart,Upcountry,False
903071,SwiftLine,Metro,True
909761,BlueCart,Upcountry,True
907304,BlueCart,Upcountry,False
904287,SwiftLine,Metro,True
909571,BlueCart,Upcountry,True
901328,SwiftLine,Metro,True
900138,SwiftLine,Metro,True
909288,BlueCart,Upcountry,True
909506,BlueCart,Upcountry,True
910785,BlueCart,Upcountry,False
903150,SwiftLine,Metro,True
907014,BlueCart,Metro,True
907325,BlueCart,Upcountry,True
903084,SwiftLine,Metro,False
907425,BlueCart,Upcountry,True
908833,BlueCart,Upcountry,True
902070,SwiftLine,Metro,True
908454,BlueCart,Upcountry,False
903649,SwiftLine,Metro,True
909121,BlueCart,Upcountry,False
900543,SwiftLine,Metro,True
909447,BlueCart,Upcountry,True
900633,SwiftLine,Metro,True
908027,BlueCart,Upcountry,True
907569,BlueCart,Upcountry,True
909208,BlueCart,Upcountry,True
911329,BlueCart,Upcountry,True
907797,BlueCart,Upcountry,True
901327,SwiftLine,Metro,True
900156,SwiftLine,Metro,True
908592,BlueCart,Upcountry,False
900350,SwiftLine,Metro,True
900423,SwiftLine,Metro,True
903701,SwiftLine,Metro,True
901367,SwiftLine,Metro,True
909433,BlueCart,Upcountry,False
902017,SwiftLine,Metro,True
907565,BlueCart,Upcountry,True
900370,SwiftLine,Metro,True
911271,BlueCart,Upcountry,True
902057,SwiftLine,Metro,True
901559,SwiftLine,Metro,True
907160,BlueCart,Metro,False
910545,BlueCart,Upcountry,True
908636,BlueCart,Upcountry,True
900160,SwiftLine,Metro,True
907190,BlueCart,Metro,True
905223,SwiftLine,Upcountry,True
911061,BlueCart,Upcountry,True
902900,SwiftLine,Metro,True
900281,SwiftLine,Metro,True
911025,BlueCart,Upcountry,True
907666,BlueCart,Upcountry,False
910150,BlueCart,Upcountry,False
904288,SwiftLine,Metro,True
900530,SwiftLine,Metro,True
910889,BlueCart,Upcountry,True
905362,SwiftLine,Upcountry,True
905294,SwiftLine,Upcountry,False
902774,SwiftLine,Metro,True
908658,BlueCart,Upcountry,True
908663,BlueCart,Upcountry,True
911148,BlueCart,Upcountry,True
902675,SwiftLine,Metro,True
900488,SwiftLine,Metro,True
907388,BlueCart,Upcountry,True
909576,BlueCart,Upcountry,False
903017,SwiftLine,Metro,True
911158,BlueCart,Upcountry,True
906704,BlueCart,Metro,True
908997,BlueCart,Upcountry,True
908867,BlueCart,Upcountry,True
901179,SwiftLine,Metro,True
906817,BlueCart,Metro,True
903785,SwiftLine,Metro,True
900349,SwiftLine,Metro,True
911548,BlueCart,Upcountry,True
904098,SwiftLine,Metro,True
906328,BlueCart,Metro,True
908550,BlueCart,Upcountry,True
908494,BlueCart,Upcountry,True
901479,SwiftLine,Metro,False
909289,BlueCart,Upcountry,True
903018,SwiftLine,Metro,True
908347,BlueCart,Upcountry,True
907684,BlueCart,Upcountry,True
900416,SwiftLine,Metro,True
904911,SwiftLine,Metro,True
904771,SwiftLine,Metro,True
907360,BlueCart,Upcountry,True
909937,BlueCart,Upcountry,True
903719,SwiftLine,Metro,True
904481,SwiftLine,Metro,True
905457,SwiftLine,Upcountry,True
902237,SwiftLine,Metro,True
903042,SwiftLine,Metro,True
908817,BlueCart,Upcountry,True
909835,BlueCart,Upcountry,True
909583,BlueCart,Upcountry,True
909774,BlueCart,Upcountry,True
905577,SwiftLine,Upcountry,False
906783,BlueCart,Metro,True
906504,BlueCart,Metro,True
908314,BlueCart,Upcountry,False
905980,SwiftLine,Upcountry,True
901998,SwiftLine,Metro,True
909024,BlueCart,Upcountry,True
907587,BlueCart,Upcountry,True
906506,BlueCart,Metro,True
911383,BlueCart,Upcountry,False
911304,BlueCart,Upcountry,True
900333,SwiftLine,Metro,True
907838,BlueCart,Upcountry,True
907002,BlueCart,Metro,True
900480,SwiftLine,Metro,True
908519,BlueCart,Upcountry,True
906759,BlueCart,Metro,True
906081,SwiftLine,Upcountry,True
905982,SwiftLine,Upcountry,False
905506,SwiftLine,Upcountry,False
910797,BlueCart,Upcountry,True
910883,BlueCart,Upcountry,True
903630,SwiftLine,Metro,True
903097,SwiftLine,Metro,True
907079,BlueCart,Metro,True
910982,BlueCart,Upcountry,True
907466,BlueCart,Upcountry,True
905317,SwiftLine,Upcountry,True
908298,BlueCart,Upcountry,True
904510,SwiftLine,Metro,True
904455,SwiftLine,Metro,True
904842,SwiftLine,Metro,True
900111,SwiftLine,Metro,True
907701,BlueCart,Upcountry,True
902761,SwiftLine,Metro,True
907650,BlueCart,Upcountry,True
908708,BlueCart,Upcountry,True
906281,BlueCart,Metro,True
905599,SwiftLine,Upcountry,False
903786,SwiftLine,Metro,True
910099,BlueCart,Upcountry,True
901963,SwiftLine,Metro,True
901443,SwiftLine,Metro,True
910635,BlueCart,Upcountry,True
907292,BlueCart,Upcountry,True
909241,BlueCart,Upcountry,True
902766,SwiftLine,Metro,True
909022,BlueCart,Upcountry,True
911599,BlueCart,Upcountry,True
901543,SwiftLine,Metro,True
900472,SwiftLine,Metro,True
909646,BlueCart,Upcountry,True
908555,BlueCart,Upcountry,True
905356,SwiftLine,Upcountry,False
904722,SwiftLine,Metro,True
904767,SwiftLine,Metro,True
908978,BlueCart,Upcountry,True
907118,BlueCart,Metro,True
906698,BlueCart,Metro,False
904679,SwiftLine,Metro,True
911473,BlueCart,Upcountry,False
908886,BlueCart,Upcountry,False
909000,BlueCart,Upcountry,True
904741,SwiftLine,Metro,True
901407,SwiftLine,Metro,True
904539,SwiftLine,Metro,False
906291,BlueCart,Metro,True
911464,BlueCart,Upcountry,True
904758,SwiftLine,Metro,True
910141,BlueCart,Upcountry,False
909034,BlueCart,Upcountry,True
911437,BlueCart,Upcountry,True
903339,SwiftLine,Metro,True
905870,SwiftLine,Upcountry,False
901310,SwiftLine,Metro,True
901904,SwiftLine,Metro,False
903259,SwiftLine,Metro,True
908666,BlueCart,Upcountry,True
905535,SwiftLine,Upcountry,True
903645,SwiftLine,Metro,True
905018,SwiftLine,Metro,True
900008,SwiftLine,Metro,True
909351,BlueCart,Upcountry,True
910667,BlueCart,Upcountry,True
909267,BlueCart,Upcountry,True
900426,SwiftLine,Metro,True
906938,BlueCart,Metro,True
904267,SwiftLine,Metro,True
904879,SwiftLine,Metro,True
906909,BlueCart,Metro,True
900212,SwiftLine,Metro,True
901824,SwiftLine,Metro,True
908248,BlueCart,Upcountry,True
905847,SwiftLine,Upcountry,True
909611,BlueCart,Upcountry,True
904715,SwiftLine,Metro,True
901803,SwiftLine,Metro,True
909432,BlueCart,Upcountry,True
906553,BlueCart,Metro,True
902953,SwiftLine,Metro,True
900354,SwiftLine,Metro,False
905791,SwiftLine,Upcountry,False
907042,BlueCart,Metro,True
904728,SwiftLine,Metro,True
902190,SwiftLine,Metro,False
907070,BlueCart,Metro,True
908548,BlueCart,Upcountry,False
902043,SwiftLine,Metro,True
901859,SwiftLine,Metro,True
901759,SwiftLine,Metro,True
901114,SwiftLine,Metro,True
901132,SwiftLine,Metro,True
911478,BlueCart,Upcountry,True
907358,BlueCart,Upcountry,True
903517,SwiftLine,Metro,True
911471,BlueCart,Upcountry,True
905740,SwiftLine,Upcountry,True
904620,SwiftLine,Metro,True
904151,SwiftLine,Metro,True
909540,BlueCart,Upcountry,False
903188,SwiftLine,Metro,True
907185,BlueCart,Metro,True
905767,SwiftLine,Upcountry,True
906203,BlueCart,Metro,True
901110,SwiftLine,Metro,True
908736,BlueCart,Upcountry,True
908028,BlueCart,Upcountry,True
902837,SwiftLine,Metro,True
909615,BlueCart,Upcountry,False
903386,SwiftLine,Metro,True
907235,BlueCart,Upcountry,True
905587,SwiftLine,Upcountry,True
907930,BlueCart,Upcountry,True
908291,BlueCart,Upcountry,False
906978,BlueCart,Metro,True
905366,SwiftLine,Upcountry,True
908914,BlueCart,Upcountry,True
907983,BlueCart,Upcountry,True
910876,BlueCart,Upcountry,False
900510,SwiftLine,Metro,True
905849,SwiftLine,Upcountry,True
908695,BlueCart,Upcountry,True
902688,SwiftLine,Metro,True
904348,SwiftLine,Metro,True
907246,BlueCart,Upcountry,False
903424,SwiftLine,Metro,True
900697,SwiftLine,Metro,True
905600,SwiftLine,Upcountry,False
911534,BlueCart,Upcountry,True
906269,BlueCart,Metro,True
908081,BlueCart,Upcountry,True
903560,SwiftLine,Metro,True
900375,SwiftLine,Metro,True
909442,BlueCart,Upcountry,True
909194,BlueCart,Upcountry,True
906228,BlueCart,Metro,True
907370,BlueCart,Upcountry,True
910356,BlueCart,Upcountry,False
903667,SwiftLine,Metro,True
902657,SwiftLine,Metro,True
907499,BlueCart,Upcountry,True
908114,BlueCart,Upcountry,True
902233,SwiftLine,Metro,True
903452,SwiftLine,Metro,True
901467,SwiftLine,Metro,True
907134,BlueCart,Metro,True
908064,BlueCart,Upcountry,True
900173,SwiftLine,Metro,True
906253,BlueCart,Metro,True
904702,SwiftLine,Metro,True
904324,SwiftLine,Metro,True
902587,SwiftLine,Metro,True
902462,SwiftLine,Metro,True
903545,SwiftLine,Metro,True
900080,SwiftLine,Metro,True
905824,SwiftLine,Upcountry,False
901907,SwiftLine,Metro,True
907614,BlueCart,Upcountry,True
905263,SwiftLine,Upcountry,False
905449,SwiftLine,Upcountry,True
902938,SwiftLine,Metro,True
900850,SwiftLine,Metro,True
910522,BlueCart,Upcountry,False
905308,SwiftLine,Upcountry,True
901938,SwiftLine,Metro,True
907054,BlueCart,Metro,True
907806,BlueCart,Upcountry,False
900485,SwiftLine,Metro,True
910695,BlueCart,Upcountry,True
909644,BlueCart,Upcountry,True
900549,SwiftLine,Metro,True
905220,SwiftLine,Upcountry,False
903864,SwiftLine,Metro,True
906584,BlueCart,Metro,True
910373,BlueCart,Upcountry,True
907531,BlueCart,Upcountry,True
902659,SwiftLine,Metro,True
910059,BlueCart,Upcountry,True
904657,SwiftLine,Metro,True
908992,BlueCart,Upcountry,True
911252,BlueCart,Upcountry,True
904266,SwiftLine,Metro,True
909019,BlueCart,Upcountry,True
905406,SwiftLine,Upcountry,True
910213,BlueCart,Upcountry,True
903726,SwiftLine,Metro,True
900108,SwiftLine,Metro,False
909296,BlueCart,Upcountry,False
911523,BlueCart,Upcountry,True
907922,BlueCart,Upcountry,True
905069,SwiftLine,Metro,True
904835,SwiftLine,Metro,True
908423,BlueCart,Upcountry,False
907687,BlueCart,Upcountry,False
904171,SwiftLine,Metro,True
910568,BlueCart,Upcountry,True
900438,SwiftLine,Metro,True
909480,BlueCart,Upcountry,False
909948,BlueCart,Upcountry,False
908327,BlueCart,Upcountry,True
900629,SwiftLine,Metro,True
902796,SwiftLine,Metro,True
911225,BlueCart,Upcountry,True
909137,BlueCart,Upcountry,True
911109,BlueCart,Upcountry,True
903950,SwiftLine,Metro,True
900313,SwiftLine,Metro,True
902542,SwiftLine,Metro,False
909200,BlueCart,Upcountry,False
910093,BlueCart,Upcountry,True
903412,SwiftLine,Metro,True
902268,SwiftLine,Metro,True
908346,BlueCart,Upcountry,False
905295,SwiftLine,Upcountry,False
903854,SwiftLine,Metro,True
907967,BlueCart,Upcountry,True
906066,SwiftLine,Upcountry,True
910524,BlueCart,Upcountry,False
909642,BlueCart,Upcountry,False
904781,SwiftLine,Metro,False
901864,SwiftLine,Metro,True
904183,SwiftLine,Metro,True
909526,BlueCart,Upcountry,True
911277,BlueCart,Upcountry,True
901272,SwiftLine,Metro,True
907462,BlueCart,Upcountry,False
902853,SwiftLine,Metro,True
901960,SwiftLine,Metro,True
908091,BlueCart,Upcountry,False
904939,SwiftLine,Metro,True
908842,BlueCart,Upcountry,False
908170,BlueCart,Upcountry,True
908948,BlueCart,Upcountry,True
903048,SwiftLine,Metro,True
905957,SwiftLine,Upcountry,True
901020,SwiftLine,Metro,True
904786,SwiftLine,Metro,True
904847,SwiftLine,Metro,True
909155,BlueCart,Upcountry,True
903856,SwiftLine,Metro,True
906885,BlueCart,Metro,True
907957,BlueCart,Upcountry,False
904941,SwiftLine,Metro,True
907942,BlueCart,Upcountry,True
902139,SwiftLine,Metro,True
900857,SwiftLine,Metro,True
909185,BlueCart,Upcountry,False
907469,BlueCart,Upcountry,True
903641,SwiftLine,Metro,True
906026,SwiftLine,Upcountry,True
906179,BlueCart,Metro,True
906505,BlueCart,Metro,True
908280,BlueCart,Upcountry,False
905300,SwiftLine,Upcountry,True
904060,SwiftLine,Metro,True
909329,BlueCart,Upcountry,False
908523,BlueCart,Upcountry,True
908552,BlueCart,Upcountry,True
909408,BlueCart,Upcountry,True
907769,BlueCart,Upcountry,True
901981,SwiftLine,Metro,True
910168,BlueCart,Upcountry,True
905622,SwiftLine,Upcountry,True
903581,SwiftLine,Metro,True
909778,BlueCart,Upcountry,True
910523,BlueCart,Upcountry,True
900703,SwiftLine,Metro,True
910630,BlueCart,Upcountry,True
905615,SwiftLine,Upcountry,True
904973,SwiftLine,Metro,True
904609,SwiftLine,Metro,True
903762,SwiftLine,Metro,True
908648,BlueCart,Upcountry,True
910549,BlueCart,Upcountry,True
905388,SwiftLine,Upcountry,True
908779,BlueCart,Upcountry,True
901191,SwiftLine,Metro,True
903117,SwiftLine,Metro,True
908863,BlueCart,Upcountry,True
908934,BlueCart,Upcountry,False
901858,SwiftLine,Metro,True
900643,SwiftLine,Metro,True
903839,SwiftLine,Metro,True
908286,BlueCart,Upcountry,True
909405,BlueCart,Upcountry,True
904364,SwiftLine,Metro,True
910454,BlueCart,Upcountry,False
901569,SwiftLine,Metro,True
910650,BlueCart,Upcountry,False
909904,BlueCart,Upcountry,True
901318,SwiftLine,Metro,True
904680,SwiftLine,Metro,True
902075,SwiftLine,Metro,True
909109,BlueCart,Upcountry,True
910319,BlueCart,Upcountry,True
905325,SwiftLine,Upcountry,False
907453,BlueCart,Upcountry,True
903435,SwiftLine,Metro,True
901997,SwiftLine,Metro,True
911065,BlueCart,Upcountry,True
900490,SwiftLine,Metro,True
905007,SwiftLine,Metro,True
908311,BlueCart,Upcountry,False
901734,SwiftLine,Metro,True
910603,BlueCart,Upcountry,True
900382,SwiftLine,Metro,True
910039,BlueCart,Upcountry,True
906152,BlueCart,Metro,True
907662,BlueCart,Upcountry,False
909066,BlueCart,Upcountry,False
910977,BlueCart,Upcountry,True
900651,SwiftLine,Metro,True
909678,BlueCart,Upcountry,True
901633,SwiftLine,Metro,True
903421,SwiftLine,Metro,True
904025,SwiftLine,Metro,True
906409,BlueCart,Metro,True
901930,SwiftLine,Metro,True
906022,SwiftLine,Upcountry,True
906255,BlueCart,Metro,True
901112,SwiftLine,Metro,True
909878,BlueCart,Upcountry,True
904092,SwiftLine,Metro,True
910037,BlueCart,Upcountry,False
902168,SwiftLine,Metro,True
911428,BlueCart,Upcountry,True
907896,BlueCart,Upcountry,False
908302,BlueCart,Upcountry,True
903190,SwiftLine,Metro,True
907796,BlueCart,Upcountry,True
903536,SwiftLine,Metro,True
905169,SwiftLine,Metro,True
903393,SwiftLine,Metro,True
904308,SwiftLine,Metro,True
901992,SwiftLine,Metro,True
905988,SwiftLine,Upcountry,True
909744,BlueCart,Upcountry,True
902368,SwiftLine,Metro,True
902740,SwiftLine,Metro,True
908410,BlueCart,Upcountry,True
900240,SwiftLine,Metro,True
910702,BlueCart,Upcountry,False
908287,BlueCart,Upcountry,True
903035,SwiftLine,Metro,True
904811,SwiftLine,Metro,True
905837,SwiftLine,Upcountry,True
905812,SwiftLine,Upcountry,False
903023,SwiftLine,Metro,True
903468,SwiftLine,Metro,True
906162,BlueCart,Metro,True
904184,SwiftLine,Metro,True
907759,BlueCart,Upcountry,True
910592,BlueCart,Upcountry,False
902313,SwiftLine,Metro,True
908221,BlueCart,Upcountry,True
900254,SwiftLine,Metro,False
911424,BlueCart,Upcountry,True
904595,SwiftLine,Metro,True
901585,SwiftLine,Metro,True
906117,BlueCart,Metro,True
906879,BlueCart,Metro,True
903070,SwiftLine,Metro,True
903861,SwiftLine,Metro,True
902118,SwiftLine,Metro,True
902588,SwiftLine,Metro,True
910135,BlueCart,Upcountry,True
909468,BlueCart,Upcountry,True
901319,SwiftLine,Metro,True
900500,SwiftLine,Metro,True
909322,BlueCart,Upcountry,True
908628,BlueCart,Upcountry,False
909884,BlueCart,Upcountry,True
907749,BlueCart,Upcountry,True
906069,SwiftLine,Upcountry,True
906508,BlueCart,Metro,True
906593,BlueCart,Metro,True
911578,BlueCart,Upcountry,True
906672,BlueCart,Metro,True
906075,SwiftLine,Upcountry,False
909989,BlueCart,Upcountry,True
905467,SwiftLine,Upcountry,True
905757,SwiftLine,Upcountry,True
906752,BlueCart,Metro,True
903387,SwiftLine,Metro,True
900513,SwiftLine,Metro,True
905706,SwiftLine,Upcountry,True
900796,SwiftLine,Metro,True
904042,SwiftLine,Metro,True
902205,SwiftLine,Metro,True
901574,SwiftLine,Metro,False
908098,BlueCart,Upcountry,True
903193,SwiftLine,Metro,True
905937,SwiftLine,Upcountry,True
901237,SwiftLine,Metro,True
902174,SwiftLine,Metro,True
905730,SwiftLine,Upcountry,True
905213,SwiftLine,Upcountry,True
909869,BlueCart,Upcountry,True
908198,BlueCart,Upcountry,True
909043,BlueCart,Upcountry,True
902337,SwiftLine,Metro,True
908273,BlueCart,Upcountry,True
910426,BlueCart,Upcountry,True
901906,SwiftLine,Metro,True
904848,SwiftLine,Metro,True
911351,BlueCart,Upcountry,True
907711,BlueCart,Upcountry,True
911480,BlueCart,Upcountry,True
903535,SwiftLine,Metro,True
900916,SwiftLine,Metro,True
910975,BlueCart,Upcountry,True
911149,BlueCart,Upcountry,True
906835,BlueCart,Metro,True
906352,BlueCart,Metro,True
908996,BlueCart,Upcountry,True
903959,SwiftLine,Metro,True
910859,BlueCart,Upcountry,False
908072,BlueCart,Upcountry,True
910297,BlueCart,Upcountry,False
900921,SwiftLine,Metro,True
905635,SwiftLine,Upcountry,True
908171,BlueCart,Upcountry,True
909231,BlueCart,Upcountry,True
911200,BlueCart,Upcountry,True
906870,BlueCart,Metro,True
906572,BlueCart,Metro,True
906076,SwiftLine,Upcountry,True
900263,SwiftLine,Metro,True
900358,SwiftLine,Metro,True
911531,BlueCart,Upcountry,False
903799,SwiftLine,Metro,True
903274,SwiftLine,Metro,True
902543,SwiftLine,Metro,True
901692,SwiftLine,Metro,True
910990,BlueCart,Upcountry,True
908539,BlueCart,Upcountry,True
901763,SwiftLine,Metro,True
911231,BlueCart,Upcountry,False
903208,SwiftLine,Metro,True
910994,BlueCart,Upcountry,True
908983,BlueCart,Upcountry,True
905642,SwiftLine,Upcountry,True
906775,BlueCart,Metro,True
908753,BlueCart,Upcountry,True
909366,BlueCart,Upcountry,False
908394,BlueCart,Upcountry,True
905239,SwiftLine,Upcountry,True
910627,BlueCart,Upcountry,True
902183,SwiftLine,Metro,True
901721,SwiftLine,Metro,True
907198,BlueCart,Metro,True
903739,SwiftLine,Metro,True
900367,SwiftLine,Metro,True
900020,SwiftLine,Metro,True
903790,SwiftLine,Metro,True
900675,SwiftLine,Metro,True
908350,BlueCart,Upcountry,True
902172,SwiftLine,Metro,True
906467,BlueCart,Metro,True
907261,BlueCart,Upcountry,False
907008,BlueCart,Metro,True
909148,BlueCart,Upcountry,True
906072,SwiftLine,Upcountry,True
905463,SwiftLine,Upcountry,True
903707,SwiftLine,Metro,True
909535,BlueCart,Upcountry,False
908307,BlueCart,Upcountry,False
905944,SwiftLine,Upcountry,True
901239,SwiftLine,Metro,True
910142,BlueCart,Upcountry,True
900503,SwiftLine,Metro,True
903968,SwiftLine,Metro,True
908167,BlueCart,Upcountry,True
907147,BlueCart,Metro,True
906459,BlueCart,Metro,True
902783,SwiftLine,Metro,True
901364,SwiftLine,Metro,True
900828,SwiftLine,Metro,True
901564,SwiftLine,Metro,True
904317,SwiftLine,Metro,True
909409,BlueCart,Upcountry,True
901157,SwiftLine,Metro,True
904400,SwiftLine,Metro,True
907533,BlueCart,Upcountry,False
909787,BlueCart,Upcountry,True
908999,BlueCart,Upcountry,True
904334,SwiftLine,Metro,True
902942,SwiftLine,Metro,True
909788,BlueCart,Upcountry,False
909116,BlueCart,Upcountry,False
906100,SwiftLine,Upcountry,True
900198,SwiftLine,Metro,True
907998,BlueCart,Upcountry,False
910752,BlueCart,Upcountry,True
900169,SwiftLine,Metro,True
902258,SwiftLine,Metro,True
909750,BlueCart,Upcountry,False
909344,BlueCart,Upcountry,True
903997,SwiftLine,Metro,True
906495,BlueCart,Metro,True
907378,BlueCart,Upcountry,True
901339,SwiftLine,Metro,True
900233,SwiftLine,Metro,True
902253,SwiftLine,Metro,False
909568,BlueCart,Upcountry,True
908385,BlueCart,Upcountry,True
910197,BlueCart,Upcountry,False
909840,BlueCart,Upcountry,False
907479,BlueCart,Upcountry,True
901200,SwiftLine,Metro,True
910236,BlueCart,Upcountry,True
910842,BlueCart,Upcountry,False
901516,SwiftLine,Metro,True
907671,BlueCart,Upcountry,False
905322,SwiftLine,Upcountry,False
907227,BlueCart,Upcountry,True
902184,SwiftLine,Metro,True
900366,SwiftLine,Metro,True
907392,BlueCart,Upcountry,True
901058,SwiftLine,Metro,True
909386,BlueCart,Upcountry,True
903253,SwiftLine,Metro,True
909138,BlueCart,Upcountry,True
909575,BlueCart,Upcountry,False
909723,BlueCart,Upcountry,False
902695,SwiftLine,Metro,True
910246,BlueCart,Upcountry,True
902940,SwiftLine,Metro,True
911403,BlueCart,Upcountry,False
910814,BlueCart,Upcountry,True
910539,BlueCart,Upcountry,False
908884,BlueCart,Upcountry,True
904387,SwiftLine,Metro,True
901875,SwiftLine,Metro,True
907784,BlueCart,Upcountry,True
909732,BlueCart,Upcountry,True
909879,BlueCart,Upcountry,True
910013,BlueCart,Upcountry,True
909638,BlueCart,Upcountry,True
908984,BlueCart,Upcountry,False
911502,BlueCart,Upcountry,True
900420,SwiftLine,Metro,True
909167,BlueCart,Upcountry,True
902407,SwiftLine,Metro,False
903395,SwiftLine,Metro,True
911331,BlueCart,Upcountry,False
903529,SwiftLine,Metro,True
909196,BlueCart,Upcountry,True
910884,BlueCart,Upcountry,True
907652,BlueCart,Upcountry,True
905035,SwiftLine,Metro,True
908345,BlueCart,Upcountry,True
906843,BlueCart,Metro,True
902584,SwiftLine,Metro,True
900532,SwiftLine,Metro,True
902231,SwiftLine,Metro,True
909286,BlueCart,Upcountry,False
903472,SwiftLine,Metro,True
904240,SwiftLine,Metro,True
906428,BlueCart,Metro,True
905375,SwiftLine,Upcountry,True
908397,BlueCart,Upcountry,True
908871,BlueCart,Upcountry,True
910057,BlueCart,Upcountry,True
909238,BlueCart,Upcountry,True
910610,BlueCart,Upcountry,True
903366,SwiftLine,Metro,True
908102,BlueCart,Upcountry,True
906883,BlueCart,Metro,True
903940,SwiftLine,Metro,True
900202,SwiftLine,Metro,True
907778,BlueCart,Upcountry,True
902271,SwiftLine,Metro,True
910407,BlueCart,Upcountry,False
909108,BlueCart,Upcountry,True
907481,BlueCart,Upcountry,False
900119,SwiftLine,Metro,True
911549,BlueCart,Upcountry,True
906757,BlueCart,Metro,True
911268,BlueCart,Upcountry,True
904058,SwiftLine,Metro,True
905831,SwiftLine,Upcountry,False
907815,BlueCart,Upcountry,True
902919,SwiftLine,Metro,True
901753,SwiftLine,Metro,True
901486,SwiftLine,Metro,True
902023,SwiftLine,Metro,True
900536,SwiftLine,Metro,True
907413,BlueCart,Upcountry,True
902699,SwiftLine,Metro,True
909802,BlueCart,Upcountry,True
911034,BlueCart,Upcountry,True
906931,BlueCart,Metro,True
911343,BlueCart,Upcountry,True
911499,BlueCart,Upcountry,True
903280,SwiftLine,Metro,True
904893,SwiftLine,Metro,True
903574,SwiftLine,Metro,True
908306,BlueCart,Upcountry,True
904565,SwiftLine,Metro,True
906118,BlueCart,Metro,True
902240,SwiftLine,Metro,False
903904,SwiftLine,Metro,True
909298,BlueCart,Upcountry,False
909435,BlueCart,Upcountry,True
902999,SwiftLine,Metro,True
910409,BlueCart,Upcountry,True
900807,SwiftLine,Metro,True
901280,SwiftLine,Metro,False
907340,BlueCart,Upcountry,True
900861,SwiftLine,Metro,False
910009,BlueCart,Upcountry,True
906271,BlueCart,Metro,True
911193,BlueCart,Upcountry,False
904357,SwiftLine,Metro,True
903612,SwiftLine,Metro,True
911550,BlueCart,Upcountry,False
908991,BlueCart,Upcountry,True
901473,SwiftLine,Metro,True
910980,BlueCart,Upcountry,True
902010,SwiftLine,Metro,True
909052,BlueCart,Upcountry,True
909313,BlueCart,Upcountry,True
902749,SwiftLine,Metro,True
907961,BlueCart,Upcountry,True
903482,SwiftLine,Metro,True
907974,BlueCart,Upcountry,True
906853,BlueCart,Metro,True
902992,SwiftLine,Metro,True
901918,SwiftLine,Metro,True
908389,BlueCart,Upcountry,False
905233,SwiftLine,Upcountry,True
907295,BlueCart,Upcountry,True
901818,SwiftLine,Metro,True
909395,BlueCart,Upcountry,True
908512,BlueCart,Upcountry,False
903678,SwiftLine,Metro,True
906705,BlueCart,Metro,True
910959,BlueCart,Upcountry,False
903123,SwiftLine,Metro,True
907585,BlueCart,Upcountry,False
907026,BlueCart,Metro,True
904775,SwiftLine,Metro,True
907416,BlueCart,Upcountry,True
900204,SwiftLine,Metro,True
909711,BlueCart,Upcountry,True
902330,SwiftLine,Metro,True
904858,SwiftLine,Metro,True
908511,BlueCart,Upcountry,True
902286,SwiftLine,Metro,True
907679,BlueCart,Upcountry,True
906366,BlueCart,Metro,True
910438,BlueCart,Upcountry,False
901286,SwiftLine,Metro,True
906894,BlueCart,Metro,True
910675,BlueCart,Upcountry,True
908831,BlueCart,Upcountry,True
904454,SwiftLine,Metro,True
908489,BlueCart,Upcountry,True
911421,BlueCart,Upcountry,True
907450,BlueCart,Upcountry,True
910778,BlueCart,Upcountry,True
906790,BlueCart,Metro,True
909103,BlueCart,Upcountry,True
905594,SwiftLine,Upcountry,True
909806,BlueCart,Upcountry,True
907592,BlueCart,Upcountry,False
904088,SwiftLine,Metro,True
905269,SwiftLine,Upcountry,True
908969,BlueCart,Upcountry,True
910909,BlueCart,Upcountry,True
906836,BlueCart,Metro,True
904672,SwiftLine,Metro,True
906717,BlueCart,Metro,True
908348,BlueCart,Upcountry,True
907613,BlueCart,Upcountry,True
908371,BlueCart,Upcountry,True
907320,BlueCart,Upcountry,True
902583,SwiftLine,Metro,True
908703,BlueCart,Upcountry,True
902818,SwiftLine,Metro,True
902578,SwiftLine,Metro,True
908626,BlueCart,Upcountry,True
903622,SwiftLine,Metro,True
903389,SwiftLine,Metro,True
911316,BlueCart,Upcountry,True
900972,SwiftLine,Metro,True
908848,BlueCart,Upcountry,False
907283,BlueCart,Upcountry,True
901405,SwiftLine,Metro,True
906315,BlueCart,Metro,True
908259,BlueCart,Upcountry,False
901501,SwiftLine,Metro,False
905563,SwiftLine,Upcountry,True
907699,BlueCart,Upcountry,True
911270,BlueCart,Upcountry,True
907640,BlueCart,Upcountry,False
909425,BlueCart,Upcountry,True
906602,BlueCart,Metro,True
903409,SwiftLine,Metro,True
911166,BlueCart,Upcountry,True
907889,BlueCart,Upcountry,False
900369,SwiftLine,Metro,True
901352,SwiftLine,Metro,True
903266,SwiftLine,Metro,True
908228,BlueCart,Upcountry,True
909893,BlueCart,Upcountry,True
900433,SwiftLine,Metro,True
905372,SwiftLine,Upcountry,True
904954,SwiftLine,Metro,True
904100,SwiftLine,Metro,True
900226,SwiftLine,Metro,True
910349,BlueCart,Upcountry,False
907771,BlueCart,Upcountry,True
904235,SwiftLine,Metro,True
904463,SwiftLine,Metro,True
907122,BlueCart,Metro,True
905136,SwiftLine,Metro,True
902764,SwiftLine,Metro,True
905443,SwiftLine,Upcountry,True
905679,SwiftLine,Upcountry,True
906024,SwiftLine,Upcountry,False
907590,BlueCart,Upcountry,False
903247,SwiftLine,Metro,True
910405,BlueCart,Upcountry,True
902864,SwiftLine,Metro,True
909614,BlueCart,Upcountry,True
908289,BlueCart,Upcountry,True
907763,BlueCart,Upcountry,False
903381,SwiftLine,Metro,True
911544,BlueCart,Upcountry,True
900910,SwiftLine,Metro,True
906410,BlueCart,Metro,True
904632,SwiftLine,Metro,True
902639,SwiftLine,Metro,True
903654,SwiftLine,Metro,True
910628,BlueCart,Upcountry,False
910276,BlueCart,Upcountry,True
907268,BlueCart,Upcountry,True
903789,SwiftLine,Metro,True
911597,BlueCart,Upcountry,False
900162,SwiftLine,Metro,True
906132,BlueCart,Metro,True
907117,BlueCart,Metro,True
907132,BlueCart,Metro,True
901696,SwiftLine,Metro,True
901422,SwiftLine,Metro,True
907379,BlueCart,Upcountry,True
906604,BlueCart,Metro,True
902108,SwiftLine,Metro,True
908656,BlueCart,Upcountry,True
901010,SwiftLine,Metro,True
907931,BlueCart,Upcountry,True
901162,SwiftLine,Metro,True
906122,BlueCart,Metro,True
904849,SwiftLine,Metro,True
902719,SwiftLine,Metro,True
907501,BlueCart,Upcountry,False
905108,SwiftLine,Metro,True
911319,BlueCart,Upcountry,True
904232,SwiftLine,Metro,True
906951,BlueCart,Metro,True
902642,SwiftLine,Metro,True
900259,SwiftLine,Metro,True
902381,SwiftLine,Metro,False
905908,SwiftLine,Upcountry,False
907665,BlueCart,Upcountry,True
902943,SwiftLine,Metro,True
909341,BlueCart,Upcountry,True
910428,BlueCart,Upcountry,True
903069,SwiftLine,Metro,True
900293,SwiftLine,Metro,True
907096,BlueCart,Metro,True
906625,BlueCart,Metro,True
902703,SwiftLine,Metro,True
900555,SwiftLine,Metro,True
903922,SwiftLine,Metro,True
908740,BlueCart,Upcountry,True
906348,BlueCart,Metro,True
900906,SwiftLine,Metro,True
909029,BlueCart,Upcountry,True
906405,BlueCart,Metro,True
908252,BlueCart,Upcountry,True
909558,BlueCart,Upcountry,True
903872,SwiftLine,Metro,True
904809,SwiftLine,Metro,True
904465,SwiftLine,Metro,True
907543,BlueCart,Upcountry,True
905425,SwiftLine,Upcountry,False
908293,BlueCart,Upcountry,False
901000,SwiftLine,Metro,False
900724,SwiftLine,Metro,True
902933,SwiftLine,Metro,True
901004,SwiftLine,Metro,True
910450,BlueCart,Upcountry,True
902838,SwiftLine,Metro,True
908590,BlueCart,Upcountry,True
900891,SwiftLine,Metro,True
901166,SwiftLine,Metro,True
902897,SwiftLine,Metro,True
910999,BlueCart,Upcountry,False
902346,SwiftLine,Metro,True
903920,SwiftLine,Metro,True
902406,SwiftLine,Metro,True
900511,SwiftLine,Metro,True
909677,BlueCart,Upcountry,True
906451,BlueCart,Metro,True
903002,SwiftLine,Metro,False
909771,BlueCart,Upcountry,True
908868,BlueCart,Upcountry,True
901199,SwiftLine,Metro,True
907644,BlueCart,Upcountry,False
902326,SwiftLine,Metro,True
902565,SwiftLine,Metro,True
910024,BlueCart,Upcountry,True
909078,BlueCart,Upcountry,True
909278,BlueCart,Upcountry,True
901870,SwiftLine,Metro,True
909850,BlueCart,Upcountry,False
909701,BlueCart,Upcountry,True
905332,SwiftLine,Upcountry,True
900079,SwiftLine,Metro,True
900342,SwiftLine,Metro,True
910663,BlueCart,Upcountry,True
906464,BlueCart,Metro,True
911483,BlueCart,Upcountry,True
903441,SwiftLine,Metro,True
908926,BlueCart,Upcountry,True
900952,SwiftLine,Metro,True
908972,BlueCart,Upcountry,True
901628,SwiftLine,Metro,True
906676,BlueCart,Metro,True
905310,SwiftLine,Upcountry,True
902338,SwiftLine,Metro,True
905771,SwiftLine,Upcountry,True
903772,SwiftLine,Metro,True
902298,SwiftLine,Metro,True
900167,SwiftLine,Metro,True
902492,SwiftLine,Metro,True
906538,BlueCart,Metro,False
903594,SwiftLine,Metro,True
911230,BlueCart,Upcountry,False
901274,SwiftLine,Metro,True
901662,SwiftLine,Metro,True
910446,BlueCart,Upcountry,True
909323,BlueCart,Upcountry,True
906174,BlueCart,Metro,True
907743,BlueCart,Upcountry,True
909607,BlueCart,Upcountry,True
902459,SwiftLine,Metro,True
911288,BlueCart,Upcountry,True
909081,BlueCart,Upcountry,False
910641,BlueCart,Upcountry,True
905927,SwiftLine,Upcountry,True
906145,BlueCart,Metro,True
903041,SwiftLine,Metro,True
900409,SwiftLine,Metro,True
909191,BlueCart,Upcountry,True
907059,BlueCart,Metro,True
904512,SwiftLine,Metro,False
906422,BlueCart,Metro,True
909915,BlueCart,Upcountry,False
905860,SwiftLine,Upcountry,False
906359,BlueCart,Metro,True
903978,SwiftLine,Metro,True
904744,SwiftLine,Metro,True
906395,BlueCart,Metro,True
907181,BlueCart,Metro,True
910473,BlueCart,Upcountry,True
901991,SwiftLine,Metro,True
908387,BlueCart,Upcountry,True
906945,BlueCart,Metro,True
907680,BlueCart,Upcountry,True
907605,BlueCart,Upcountry,True
902077,SwiftLine,Metro,True
900443,SwiftLine,Metro,True
910361,BlueCart,Upcountry,True
902978,SwiftLine,Metro,True
904116,SwiftLine,Metro,False
910739,BlueCart,Upcountry,False
900411,SwiftLine,Metro,True
908766,BlueCart,Upcountry,True
903796,SwiftLine,Metro,True
911399,BlueCart,Upcountry,True
910546,BlueCart,Upcountry,True
902608,SwiftLine,Metro,True
900507,SwiftLine,Metro,True
900812,SwiftLine,Metro,True
907993,BlueCart,Upcountry,True
905993,SwiftLine,Upcountry,False
900157,SwiftLine,Metro,True
908667,BlueCart,Upcountry,True
901350,SwiftLine,Metro,True
903174,SwiftLine,Metro,True
904121,SwiftLine,Metro,True
907780,BlueCart,Upcountry,False
904988,SwiftLine,Metro,True
908388,BlueCart,Upcountry,True
900365,SwiftLine,Metro,False
903851,SwiftLine,Metro,True
907725,BlueCart,Upcountry,True
900877,SwiftLine,Metro,True
906400,BlueCart,Metro,True
900102,SwiftLine,Metro,True
902104,SwiftLine,Metro,True
905115,SwiftLine,Metro,True
907293,BlueCart,Upcountry,True
902788,SwiftLine,Metro,True
910654,BlueCart,Upcountry,True
905185,SwiftLine,Metro,True
908894,BlueCart,Upcountry,True
904136,SwiftLine,Metro,True
903871,SwiftLine,Metro,True
905962,SwiftLine,Upcountry,True
901901,SwiftLine,Metro,True
907443,BlueCart,Upcountry,True
902280,SwiftLine,Metro,True
905390,SwiftLine,Upcountry,False
906375,BlueCart,Metro,True
902969,SwiftLine,Metro,True
911186,BlueCart,Upcountry,True
909253,BlueCart,Upcountry,True
904867,SwiftLine,Metro,False
908616,BlueCart,Upcountry,True
900723,SwiftLine,Metro,True
910328,BlueCart,Upcountry,True
903938,SwiftLine,Metro,True
900920,SwiftLine,Metro,True
904234,SwiftLine,Metro,True
905985,SwiftLine,Upcountry,True
900773,SwiftLine,Metro,True
901539,SwiftLine,Metro,True
907451,BlueCart,Upcountry,True
909636,BlueCart,Upcountry,False
906268,BlueCart,Metro,True
905704,SwiftLine,Upcountry,True
907282,BlueCart,Upcountry,True
908694,BlueCart,Upcountry,True
903130,SwiftLine,Metro,True
907403,BlueCart,Upcountry,True
902152,SwiftLine,Metro,True
910348,BlueCart,Upcountry,True
901459,SwiftLine,Metro,True
909206,BlueCart,Upcountry,True
907960,BlueCart,Upcountry,True
909828,BlueCart,Upcountry,False
910434,BlueCart,Upcountry,False
910288,BlueCart,Upcountry,False
902652,SwiftLine,Metro,True
903547,SwiftLine,Metro,True
906514,BlueCart,Metro,True
907708,BlueCart,Upcountry,True
905048,SwiftLine,Metro,True
906617,BlueCart,Metro,True
901435,SwiftLine,Metro,True
906404,BlueCart,Metro,True
910470,BlueCart,Upcountry,True
900057,SwiftLine,Metro,True
906215,BlueCart,Metro,True
901060,SwiftLine,Metro,True
905181,SwiftLine,Metro,True
908103,BlueCart,Upcountry,True
908213,BlueCart,Upcountry,True
907173,BlueCart,Metro,True
901691,SwiftLine,Metro,True
903584,SwiftLine,Metro,True
910662,BlueCart,Upcountry,True
906886,BlueCart,Metro,True
904239,SwiftLine,Metro,True
906628,BlueCart,Metro,True
901100,SwiftLine,Metro,True
901806,SwiftLine,Metro,True
900531,SwiftLine,Metro,True
904976,SwiftLine,Metro,True
907777,BlueCart,Upcountry,True
903448,SwiftLine,Metro,True
904965,SwiftLine,Metro,True
910520,BlueCart,Upcountry,True
908625,BlueCart,Upcountry,False
904777,SwiftLine,Metro,True
902673,SwiftLine,Metro,True
901656,SwiftLine,Metro,True
901813,SwiftLine,Metro,True
906259,BlueCart,Metro,True
905670,SwiftLine,Upcountry,True
911191,BlueCart,Upcountry,True
904231,SwiftLine,Metro,True
902037,SwiftLine,Metro,True
901843,SwiftLine,Metro,True
904222,SwiftLine,Metro,True
904145,SwiftLine,Metro,False
902742,SwiftLine,Metro,True
902316,SwiftLine,Metro,True
905658,SwiftLine,Upcountry,True
908066,BlueCart,Upcountry,True
907287,BlueCart,Upcountry,False
910042,BlueCart,Upcountry,True
901083,SwiftLine,Metro,False
903203,SwiftLine,Metro,True
901748,SwiftLine,Metro,True
906574,BlueCart,Metro,True
905745,SwiftLine,Upcountry,True
909295,BlueCart,Upcountry,False
901234,SwiftLine,Metro,False
901476,SwiftLine,Metro,True
910831,BlueCart,Upcountry,True
900678,SwiftLine,Metro,True
906218,BlueCart,Metro,True
903609,SwiftLine,Metro,True
907903,BlueCart,Upcountry,True
910155,BlueCart,Upcountry,True
903141,SwiftLine,Metro,True
900095,SwiftLine,Metro,True
900739,SwiftLine,Metro,True
906090,SwiftLine,Upcountry,True
909371,BlueCart,Upcountry,True
905242,SwiftLine,Upcountry,True
908087,BlueCart,Upcountry,True
902255,SwiftLine,Metro,True
906501,BlueCart,Metro,True
909141,BlueCart,Upcountry,False
911283,BlueCart,Upcountry,False
906669,BlueCart,Metro,True
904765,SwiftLine,Metro,True
906509,BlueCart,Metro,True
907883,BlueCart,Upcountry,True
902926,SwiftLine,Metro,True
910879,BlueCart,Upcountry,True
903045,SwiftLine,Metro,True
909463,BlueCart,Upcountry,True
906344,BlueCart,Metro,False
910020,BlueCart,Upcountry,True
902196,SwiftLine,Metro,True
905080,SwiftLine,Metro,True
910130,BlueCart,Upcountry,True
900578,SwiftLine,Metro,True
901151,SwiftLine,Metro,True
908493,BlueCart,Upcountry,True
910367,BlueCart,Upcountry,True
907727,BlueCart,Upcountry,True
909047,BlueCart,Upcountry,True
903498,SwiftLine,Metro,True
910865,BlueCart,Upcountry,False
906276,BlueCart,Metro,True
910448,BlueCart,Upcountry,True
911591,BlueCart,Upcountry,True
902336,SwiftLine,Metro,True
910014,BlueCart,Upcountry,False
911254,BlueCart,Upcountry,True
909107,BlueCart,Upcountry,True
905877,SwiftLine,Upcountry,False
901520,SwiftLine,Metro,True
909402,BlueCart,Upcountry,True
910532,BlueCart,Upcountry,False
901439,SwiftLine,Metro,True
903178,SwiftLine,Metro,True
904736,SwiftLine,Metro,True
902440,SwiftLine,Metro,True
904243,SwiftLine,Metro,True
908148,BlueCart,Upcountry,True
910661,BlueCart,Upcountry,False
901579,SwiftLine,Metro,True
902097,SwiftLine,Metro,True
909032,BlueCart,Upcountry,True
909361,BlueCart,Upcountry,True
906609,BlueCart,Metro,True
906234,BlueCart,Metro,True
910805,BlueCart,Upcountry,True
905762,SwiftLine,Upcountry,False
903627,SwiftLine,Metro,True
910624,BlueCart,Upcountry,True
909687,BlueCart,Upcountry,False
908266,BlueCart,Upcountry,False
904123,SwiftLine,Metro,True
901737,SwiftLine,Metro,True
902428,SwiftLine,Metro,True
904998,SwiftLine,Metro,True
909280,BlueCart,Upcountry,True
911086,BlueCart,Upcountry,True
901797,SwiftLine,Metro,True
907448,BlueCart,Upcountry,False
910313,BlueCart,Upcountry,True
900887,SwiftLine,Metro,True
904834,SwiftLine,Metro,True
911353,BlueCart,Upcountry,True
905023,SwiftLine,Metro,True
904665,SwiftLine,Metro,True
910700,BlueCart,Upcountry,True
906004,SwiftLine,Upcountry,False
903714,SwiftLine,Metro,True
900600,SwiftLine,Metro,False
911442,BlueCart,Upcountry,True
905677,SwiftLine,Upcountry,True
905722,SwiftLine,Upcountry,True
910320,BlueCart,Upcountry,True
907319,BlueCart,Upcountry,False
909631,BlueCart,Upcountry,True
910658,BlueCart,Upcountry,True
904002,SwiftLine,Metro,False
901917,SwiftLine,Metro,True
910475,BlueCart,Upcountry,True
903106,SwiftLine,Metro,True
905017,SwiftLine,Metro,True
908303,BlueCart,Upcountry,False
902979,SwiftLine,Metro,True
904152,SwiftLine,Metro,True
901544,SwiftLine,Metro,True
904833,SwiftLine,Metro,True
909832,BlueCart,Upcountry,True
905726,SwiftLine,Upcountry,True
902890,SwiftLine,Metro,True
904857,SwiftLine,Metro,True
909150,BlueCart,Upcountry,True
908545,BlueCart,Upcountry,True
901376,SwiftLine,Metro,True
905218,SwiftLine,Upcountry,True
900636,SwiftLine,Metro,True
900745,SwiftLine,Metro,True
902887,SwiftLine,Metro,True
908502,BlueCart,Upcountry,True
907900,BlueCart,Upcountry,True
904341,SwiftLine,Metro,True
908282,BlueCart,Upcountry,True
905323,SwiftLine,Upcountry,True
908044,BlueCart,Upcountry,True
904419,SwiftLine,Metro,True
902413,SwiftLine,Metro,False
910771,BlueCart,Upcountry,True
902153,SwiftLine,Metro,True
902530,SwiftLine,Metro,True
908837,BlueCart,Upcountry,True
902210,SwiftLine,Metro,True
901733,SwiftLine,Metro,True
905470,SwiftLine,Upcountry,True
906816,BlueCart,Metro,True
904421,SwiftLine,Metro,True
905008,SwiftLine,Metro,True
911308,BlueCart,Upcountry,True
904619,SwiftLine,Metro,False
911107,BlueCart,Upcountry,True
902382,SwiftLine,Metro,True
905998,SwiftLine,Upcountry,False
903576,SwiftLine,Metro,True
908589,BlueCart,Upcountry,True
907828,BlueCart,Upcountry,True
901390,SwiftLine,Metro,True
910800,BlueCart,Upcountry,True
907811,BlueCart,Upcountry,True
909168,BlueCart,Upcountry,False
904780,SwiftLine,Metro,True
905536,SwiftLine,Upcountry,True
909986,BlueCart,Upcountry,False
908862,BlueCart,Upcountry,True
907799,BlueCart,Upcountry,True
908424,BlueCart,Upcountry,True
906656,BlueCart,Metro,True
907623,BlueCart,Upcountry,True
911069,BlueCart,Upcountry,True
911298,BlueCart,Upcountry,True
908629,BlueCart,Upcountry,True
907718,BlueCart,Upcountry,True
910036,BlueCart,Upcountry,False
907756,BlueCart,Upcountry,True
909505,BlueCart,Upcountry,True
900856,SwiftLine,Metro,True
904909,SwiftLine,Metro,True
902100,SwiftLine,Metro,True
902906,SwiftLine,Metro,True
910715,BlueCart,Upcountry,True
908412,BlueCart,Upcountry,False
903344,SwiftLine,Metro,True
905190,SwiftLine,Metro,True
907670,BlueCart,Upcountry,True
910946,BlueCart,Upcountry,True
910359,BlueCart,Upcountry,True
909115,BlueCart,Upcountry,False
908603,BlueCart,Upcountry,True
902062,SwiftLine,Metro,True
906875,BlueCart,Metro,True
908004,BlueCart,Upcountry,True
908517,BlueCart,Upcountry,False
909838,BlueCart,Upcountry,True
903107,SwiftLine,Metro,True
908142,BlueCart,Upcountry,True
907779,BlueCart,Upcountry,False
909173,BlueCart,Upcountry,False
910105,BlueCart,Upcountry,False
904014,SwiftLine,Metro,True
908915,BlueCart,Upcountry,False
904759,SwiftLine,Metro,True
903600,SwiftLine,Metro,True
904555,SwiftLine,Metro,True
904293,SwiftLine,Metro,True
908205,BlueCart,Upcountry,True
909528,BlueCart,Upcountry,True
910377,BlueCart,Upcountry,True
904068,SwiftLine,Metro,True
906439,BlueCart,Metro,True
900243,SwiftLine,Metro,True
905595,SwiftLine,Upcountry,False
905121,SwiftLine,Metro,True
903768,SwiftLine,Metro,True
903732,SwiftLine,Metro,False
901236,SwiftLine,Metro,True
903433,SwiftLine,Metro,True
907303,BlueCart,Upcountry,True
900540,SwiftLine,Metro,True
911539,BlueCart,Upcountry,True
904783,SwiftLine,Metro,True
906343,BlueCart,Metro,True
908944,BlueCart,Upcountry,False
909932,BlueCart,Upcountry,True
903261,SwiftLine,Metro,False
906904,BlueCart,Metro,True
901528,SwiftLine,Metro,True
900692,SwiftLine,Metro,True
908068,BlueCart,Upcountry,True
905330,SwiftLine,Upcountry,True
907830,BlueCart,Upcountry,False
901994,SwiftLine,Metro,True
901530,SwiftLine,Metro,True
900117,SwiftLine,Metro,True
906229,BlueCart,Metro,True
908924,BlueCart,Upcountry,True
910408,BlueCart,Upcountry,True
908903,BlueCart,Upcountry,False
904089,SwiftLine,Metro,True
900268,SwiftLine,Metro,True
909551,BlueCart,Upcountry,True
910913,BlueCart,Upcountry,True
909763,BlueCart,Upcountry,False
901335,SwiftLine,Metro,True
908506,BlueCart,Upcountry,True
902524,SwiftLine,Metro,True
906109,BlueCart,Metro,True
904367,SwiftLine,Metro,True
905029,SwiftLine,Metro,True
905618,SwiftLine,Upcountry,True
909340,BlueCart,Upcountry,False
910494,BlueCart,Upcountry,True
905709,SwiftLine,Upcountry,True
908395,BlueCart,Upcountry,True
901482,SwiftLine,Metro,True
910357,BlueCart,Upcountry,False
900296,SwiftLine,Metro,True
908568,BlueCart,Upcountry,True
904435,SwiftLine,Metro,True
907532,BlueCart,Upcountry,True
907459,BlueCart,Upcountry,False
902681,SwiftLine,Metro,True
902620,SwiftLine,Metro,True
905161,SwiftLine,Metro,True
904907,SwiftLine,Metro,True
910263,BlueCart,Upcountry,False
900489,SwiftLine,Metro,False
905357,SwiftLine,Upcountry,False
904010,SwiftLine,Metro,True
908853,BlueCart,Upcountry,True
905702,SwiftLine,Upcountry,True
900638,SwiftLine,Metro,True
909098,BlueCart,Upcountry,True
908734,BlueCart,Upcountry,True
907869,BlueCart,Upcountry,True
910481,BlueCart,Upcountry,False
909184,BlueCart,Upcountry,True
903869,SwiftLine,Metro,True
908022,BlueCart,Upcountry,True
903148,SwiftLine,Metro,True
903293,SwiftLine,Metro,True
909388,BlueCart,Upcountry,True
906306,BlueCart,Metro,True
901536,SwiftLine,Metro,False
905202,SwiftLine,Upcountry,False
902732,SwiftLine,Metro,True
904872,SwiftLine,Metro,True
907761,BlueCart,Upcountry,False
908130,BlueCart,Upcountry,False
904063,SwiftLine,Metro,True
910432,BlueCart,Upcountry,True
910852,BlueCart,Upcountry,True
908195,BlueCart,Upcountry,True
904914,SwiftLine,Metro,True
905433,SwiftLine,Upcountry,False
903687,SwiftLine,Metro,True
910958,BlueCart,Upcountry,True
904185,SwiftLine,Metro,True
904964,SwiftLine,Metro,True
911377,BlueCart,Upcountry,True
902721,SwiftLine,Metro,True
903217,SwiftLine,Metro,True
904122,SwiftLine,Metro,False
902944,SwiftLine,Metro,True
911392,BlueCart,Upcountry,False
902181,SwiftLine,Metro,True
902983,SwiftLine,Metro,True
910304,BlueCart,Upcountry,True
905653,SwiftLine,Upcountry,False
902126,SwiftLine,Metro,True
903844,SwiftLine,Metro,True
911572,BlueCart,Upcountry,True
910040,BlueCart,Upcountry,True
905210,SwiftLine,Upcountry,True
901701,SwiftLine,Metro,True
910686,BlueCart,Upcountry,True
902505,SwiftLine,Metro,False
910953,BlueCart,Upcountry,False
909210,BlueCart,Upcountry,False
901689,SwiftLine,Metro,True
904878,SwiftLine,Metro,True
907052,BlueCart,Metro,True
905935,SwiftLine,Upcountry,True
902299,SwiftLine,Metro,False
904103,SwiftLine,Metro,True
902573,SwiftLine,Metro,True
905854,SwiftLine,Upcountry,True
908216,BlueCart,Upcountry,True
901155,SwiftLine,Metro,True
906411,BlueCart,Metro,True
906474,BlueCart,Metro,True
901651,SwiftLine,Metro,True
906500,BlueCart,Metro,True
904405,SwiftLine,Metro,True
908680,BlueCart,Upcountry,True
902544,SwiftLine,Metro,True
908615,BlueCart,Upcountry,True
902020,SwiftLine,Metro,True
902521,SwiftLine,Metro,True
909424,BlueCart,Upcountry,True
905656,SwiftLine,Upcountry,False
911389,BlueCart,Upcountry,True
903411,SwiftLine,Metro,True
906465,BlueCart,Metro,True
911279,BlueCart,Upcountry,True
907677,BlueCart,Upcountry,False
903374,SwiftLine,Metro,True
904962,SwiftLine,Metro,True
901571,SwiftLine,Metro,True
909742,BlueCart,Upcountry,True
909140,BlueCart,Upcountry,True
909534,BlueCart,Upcountry,False
903898,SwiftLine,Metro,True
909548,BlueCart,Upcountry,True
902968,SwiftLine,Metro,True
903925,SwiftLine,Metro,True
909085,BlueCart,Upcountry,True
910054,BlueCart,Upcountry,False
906766,BlueCart,Metro,True
905379,SwiftLine,Upcountry,True
903610,SwiftLine,Metro,True
900709,SwiftLine,Metro,True
911490,BlueCart,Upcountry,True
908814,BlueCart,Upcountry,True
901594,SwiftLine,Metro,True
906857,BlueCart,Metro,True
911408,BlueCart,Upcountry,True
900014,SwiftLine,Metro,True
909254,BlueCart,Upcountry,True
903800,SwiftLine,Metro,True
909479,BlueCart,Upcountry,True
903559,SwiftLine,Metro,True
907205,BlueCart,Upcountry,True
905903,SwiftLine,Upcountry,True
902242,SwiftLine,Metro,True
900665,SwiftLine,Metro,True
908906,BlueCart,Upcountry,True
905095,SwiftLine,Metro,True
903052,SwiftLine,Metro,True
903794,SwiftLine,Metro,True
908581,BlueCart,Upcountry,True
906305,BlueCart,Metro,True
903758,SwiftLine,Metro,True
906577,BlueCart,Metro,True
909064,BlueCart,Upcountry,True
907424,BlueCart,Upcountry,True
902111,SwiftLine,Metro,True
904737,SwiftLine,Metro,True
903757,SwiftLine,Metro,True
909489,BlueCart,Upcountry,False
901979,SwiftLine,Metro,True
908692,BlueCart,Upcountry,True
907000,BlueCart,Metro,True
909065,BlueCart,Upcountry,True
906760,BlueCart,Metro,True
903022,SwiftLine,Metro,True
908705,BlueCart,Upcountry,True
905609,SwiftLine,Upcountry,True
902200,SwiftLine,Metro,True
906755,BlueCart,Metro,True
903899,SwiftLine,Metro,True
910811,BlueCart,Upcountry,True
903399,SwiftLine,Metro,True
910737,BlueCart,Upcountry,True
910119,BlueCart,Upcountry,True
909854,BlueCart,Upcountry,True
907566,BlueCart,Upcountry,True
906057,SwiftLine,Upcountry,False
910996,BlueCart,Upcountry,False
908681,BlueCart,Upcountry,False
903709,SwiftLine,Metro,True
901899,SwiftLine,Metro,True
906186,BlueCart,Metro,True
909282,BlueCart,Upcountry,False
909059,BlueCart,Upcountry,True
907580,BlueCart,Upcountry,True
911147,BlueCart,Upcountry,False
903072,SwiftLine,Metro,True
906963,BlueCart,Metro,True
911569,BlueCart,Upcountry,False
904825,SwiftLine,Metro,True
901240,SwiftLine,Metro,True
904662,SwiftLine,Metro,True
908763,BlueCart,Upcountry,True
907835,BlueCart,Upcountry,True
902520,SwiftLine,Metro,True
906819,BlueCart,Metro,True
903939,SwiftLine,Metro,True
900033,SwiftLine,Metro,False
909758,BlueCart,Upcountry,True
900564,SwiftLine,Metro,True
900189,SwiftLine,Metro,True
903601,SwiftLine,Metro,True
901451,SwiftLine,Metro,True
902582,SwiftLine,Metro,True
904353,SwiftLine,Metro,True
900274,SwiftLine,Metro,True
902206,SwiftLine,Metro,True
905853,SwiftLine,Upcountry,False
908595,BlueCart,Upcountry,True
905329,SwiftLine,Upcountry,True
904876,SwiftLine,Metro,True
907480,BlueCart,Upcountry,True
902245,SwiftLine,Metro,True
905144,SwiftLine,Metro,True
909385,BlueCart,Upcountry,True
901334,SwiftLine,Metro,True
900043,SwiftLine,Metro,True
910008,BlueCart,Upcountry,True
910104,BlueCart,Upcountry,False
901104,SwiftLine,Metro,True
905763,SwiftLine,Upcountry,True
901671,SwiftLine,Metro,True
900618,SwiftLine,Metro,True
901491,SwiftLine,Metro,True
903025,SwiftLine,Metro,True
908859,BlueCart,Upcountry,False
909010,BlueCart,Upcountry,True
907914,BlueCart,Upcountry,True
907909,BlueCart,Upcountry,True
903467,SwiftLine,Metro,False
900236,SwiftLine,Metro,True
909706,BlueCart,Upcountry,False
911380,BlueCart,Upcountry,True
901154,SwiftLine,Metro,True
900434,SwiftLine,Metro,True
909736,BlueCart,Upcountry,False
911413,BlueCart,Upcountry,True
906845,BlueCart,Metro,True
909172,BlueCart,Upcountry,True
901177,SwiftLine,Metro,True
904492,SwiftLine,Metro,True
904408,SwiftLine,Metro,True
902203,SwiftLine,Metro,True
905545,SwiftLine,Upcountry,True
900100,SwiftLine,Metro,True
905216,SwiftLine,Upcountry,True
906606,BlueCart,Metro,True
907747,BlueCart,Upcountry,True
902081,SwiftLine,Metro,True
900034,SwiftLine,Metro,True
906140,BlueCart,Metro,True
902131,SwiftLine,Metro,True
901313,SwiftLine,Metro,True
904861,SwiftLine,Metro,True
901091,SwiftLine,Metro,False
906239,BlueCart,Metro,True
901851,SwiftLine,Metro,True
902888,SwiftLine,Metro,True
901576,SwiftLine,Metro,True
906362,BlueCart,Metro,True
907037,BlueCart,Metro,True
910478,BlueCart,Upcountry,False
907620,BlueCart,Upcountry,True
901021,SwiftLine,Metro,True
902847,SwiftLine,Metro,True
905504,SwiftLine,Upcountry,True
900041,SwiftLine,Metro,True
903691,SwiftLine,Metro,True
906039,SwiftLine,Upcountry,True
906861,BlueCart,Metro,True
901440,SwiftLine,Metro,True
901869,SwiftLine,Metro,False
907346,BlueCart,Upcountry,True
907683,BlueCart,Upcountry,True
907410,BlueCart,Upcountry,True
906144,BlueCart,Metro,True
902493,SwiftLine,Metro,True
904544,SwiftLine,Metro,True
910665,BlueCart,Upcountry,True
911040,BlueCart,Upcountry,True
901915,SwiftLine,Metro,True
911365,BlueCart,Upcountry,True
908126,BlueCart,Upcountry,True
900280,SwiftLine,Metro,True
903233,SwiftLine,Metro,True
901213,SwiftLine,Metro,True
907746,BlueCart,Upcountry,True
906873,BlueCart,Metro,True
904026,SwiftLine,Metro,True
908418,BlueCart,Upcountry,False
907166,BlueCart,Metro,True
908017,BlueCart,Upcountry,False
905572,SwiftLine,Upcountry,True
900883,SwiftLine,Metro,True
900402,SwiftLine,Metro,True
906383,BlueCart,Metro,True
910322,BlueCart,Upcountry,True
907626,BlueCart,Upcountry,True
908757,BlueCart,Upcountry,True
905051,SwiftLine,Metro,True
904743,SwiftLine,Metro,True
903158,SwiftLine,Metro,True
907607,BlueCart,Upcountry,True
901782,SwiftLine,Metro,True
905747,SwiftLine,Upcountry,False
902580,SwiftLine,Metro,False
902744,SwiftLine,Metro,True
904046,SwiftLine,Metro,True
910233,BlueCart,Upcountry,True
901518,SwiftLine,Metro,True
906691,BlueCart,Metro,True
903830,SwiftLine,Metro,True
908892,BlueCart,Upcountry,False
911241,BlueCart,Upcountry,True
905731,SwiftLine,Upcountry,True
910719,BlueCart,Upcountry,False
910721,BlueCart,Upcountry,False
904255,SwiftLine,Metro,True
903164,SwiftLine,Metro,True
909111,BlueCart,Upcountry,True
907937,BlueCart,Upcountry,True
902418,SwiftLine,Metro,True
908577,BlueCart,Upcountry,True
904535,SwiftLine,Metro,True
905948,SwiftLine,Upcountry,True
909972,BlueCart,Upcountry,True
900963,SwiftLine,Metro,True
909428,BlueCart,Upcountry,True
901567,SwiftLine,Metro,True
909035,BlueCart,Upcountry,True
903751,SwiftLine,Metro,True
900983,SwiftLine,Metro,True
902894,SwiftLine,Metro,True
900775,SwiftLine,Metro,True
902296,SwiftLine,Metro,True
907544,BlueCart,Upcountry,True
903684,SwiftLine,Metro,True
907432,BlueCart,Upcountry,False
909002,BlueCart,Upcountry,False
904352,SwiftLine,Metro,True
905248,SwiftLine,Upcountry,True
904119,SwiftLine,Metro,True
900716,SwiftLine,Metro,True
910018,BlueCart,Upcountry,False
907992,BlueCart,Upcountry,True
906035,SwiftLine,Upcountry,True
906507,BlueCart,Metro,True
901176,SwiftLine,Metro,True
900601,SwiftLine,Metro,True
905732,SwiftLine,Upcountry,True
910421,BlueCart,Upcountry,False
902261,SwiftLine,Metro,False
907488,BlueCart,Upcountry,True
909691,BlueCart,Upcountry,False
906080,SwiftLine,Upcountry,True
902277,SwiftLine,Metro,False
908465,BlueCart,Upcountry,True
908442,BlueCart,Upcountry,True
906640,BlueCart,Metro,True
900353,SwiftLine,Metro,True
900120,SwiftLine,Metro,True
906823,BlueCart,Metro,True
906347,BlueCart,Metro,True
901815,SwiftLine,Metro,True
903531,SwiftLine,Metro,True
907197,BlueCart,Metro,True
904258,SwiftLine,Metro,True
908062,BlueCart,Upcountry,True
905822,SwiftLine,Upcountry,True
906233,BlueCart,Metro,True
906407,BlueCart,Metro,False
901492,SwiftLine,Metro,True
903351,SwiftLine,Metro,True
911258,BlueCart,Upcountry,True
911450,BlueCart,Upcountry,True
911118,BlueCart,Upcountry,True
911447,BlueCart,Upcountry,True
908611,BlueCart,Upcountry,True
901202,SwiftLine,Metro,True
903422,SwiftLine,Metro,True
909176,BlueCart,Upcountry,True
903258,SwiftLine,Metro,True
903527,SwiftLine,Metro,True
911151,BlueCart,Upcountry,True
903304,SwiftLine,Metro,True
903420,SwiftLine,Metro,True
903315,SwiftLine,Metro,True
910164,BlueCart,Upcountry,True
909331,BlueCart,Upcountry,True
904648,SwiftLine,Metro,True
903392,SwiftLine,Metro,True
904236,SwiftLine,Metro,True
902022,SwiftLine,Metro,True
902290,SwiftLine,Metro,True
905267,SwiftLine,Upcountry,False
903093,SwiftLine,Metro,True
901575,SwiftLine,Metro,True
902445,SwiftLine,Metro,True
905898,SwiftLine,Upcountry,False
906510,BlueCart,Metro,True
905461,SwiftLine,Upcountry,True
911285,BlueCart,Upcountry,True
909275,BlueCart,Upcountry,True
910599,BlueCart,Upcountry,True
904275,SwiftLine,Metro,True
908375,BlueCart,Upcountry,True
908729,BlueCart,Upcountry,True
902224,SwiftLine,Metro,True
905286,SwiftLine,Upcountry,True
908980,BlueCart,Upcountry,True
902444,SwiftLine,Metro,True
907491,BlueCart,Upcountry,True
902884,SwiftLine,Metro,True
905696,SwiftLine,Upcountry,True
903514,SwiftLine,Metro,True
908990,BlueCart,Upcountry,True
905101,SwiftLine,Metro,True
900246,SwiftLine,Metro,True
900216,SwiftLine,Metro,True
905624,SwiftLine,Upcountry,True
907505,BlueCart,Upcountry,True
910180,BlueCart,Upcountry,True
904327,SwiftLine,Metro,False
906972,BlueCart,Metro,True
901375,SwiftLine,Metro,True
905143,SwiftLine,Metro,True
907082,BlueCart,Metro,True
905321,SwiftLine,Upcountry,True
905345,SwiftLine,Upcountry,True
901504,SwiftLine,Metro,True
907149,BlueCart,Metro,True
909161,BlueCart,Upcountry,False
906073,SwiftLine,Upcountry,False
903773,SwiftLine,Metro,False
905547,SwiftLine,Upcountry,True
902945,SwiftLine,Metro,True
911595,BlueCart,Upcountry,True
905855,SwiftLine,Upcountry,True
907675,BlueCart,Upcountry,True
909273,BlueCart,Upcountry,True
905125,SwiftLine,Metro,True
905835,SwiftLine,Upcountry,True
906730,BlueCart,Metro,True
907977,BlueCart,Upcountry,True
900677,SwiftLine,Metro,True
908113,BlueCart,Upcountry,True
909205,BlueCart,Upcountry,False
906619,BlueCart,Metro,False
906597,BlueCart,Metro,True
903058,SwiftLine,Metro,True
905755,SwiftLine,Upcountry,True
905570,SwiftLine,Upcountry,True
904059,SwiftLine,Metro,True
905036,SwiftLine,Metro,True
900627,SwiftLine,Metro,True
907653,BlueCart,Upcountry,False
906327,BlueCart,Metro,True
903119,SwiftLine,Metro,True
903455,SwiftLine,Metro,True
909190,BlueCart,Upcountry,True
905415,SwiftLine,Upcountry,True
911429,BlueCart,Upcountry,True
900707,SwiftLine,Metro,True
905573,SwiftLine,Upcountry,False
907244,BlueCart,Upcountry,True
911199,BlueCart,Upcountry,False
911130,BlueCart,Upcountry,True
901926,SwiftLine,Metro,True
900749,SwiftLine,Metro,True
904713,SwiftLine,Metro,True
909627,BlueCart,Upcountry,False
902297,SwiftLine,Metro,True
911081,BlueCart,Upcountry,False
910601,BlueCart,Upcountry,True
909071,BlueCart,Upcountry,True
911180,BlueCart,Upcountry,True
910369,BlueCart,Upcountry,True
910853,BlueCart,Upcountry,False
907926,BlueCart,Upcountry,True
905954,SwiftLine,Upcountry,True
911323,BlueCart,Upcountry,True
900393,SwiftLine,Metro,True
911033,BlueCart,Upcountry,True
907233,BlueCart,Upcountry,True
907176,BlueCart,Metro,True
907625,BlueCart,Upcountry,True
906147,BlueCart,Metro,True
906040,SwiftLine,Upcountry,False
902021,SwiftLine,Metro,True
905947,SwiftLine,Upcountry,True
905500,SwiftLine,Upcountry,True
905394,SwiftLine,Upcountry,True
902195,SwiftLine,Metro,True
907040,BlueCart,Metro,True
902161,SwiftLine,Metro,True
905312,SwiftLine,Upcountry,True
904399,SwiftLine,Metro,True
908264,BlueCart,Upcountry,False
908717,BlueCart,Upcountry,True
907781,BlueCart,Upcountry,True
906624,BlueCart,Metro,True
908529,BlueCart,Upcountry,True
904776,SwiftLine,Metro,True
906438,BlueCart,Metro,True
901524,SwiftLine,Metro,False
909801,BlueCart,Upcountry,True
907542,BlueCart,Upcountry,False
910499,BlueCart,Upcountry,True
908428,BlueCart,Upcountry,False
901708,SwiftLine,Metro,True
901968,SwiftLine,Metro,True
908405,BlueCart,Upcountry,True
909423,BlueCart,Upcountry,True
908834,BlueCart,Upcountry,True
902525,SwiftLine,Metro,True
904685,SwiftLine,Metro,True
908468,BlueCart,Upcountry,True
900879,SwiftLine,Metro,True
905092,SwiftLine,Metro,True
903347,SwiftLine,Metro,True
902250,SwiftLine,Metro,True
900575,SwiftLine,Metro,True
905820,SwiftLine,Upcountry,True
908637,BlueCart,Upcountry,True
907258,BlueCart,Upcountry,True
902084,SwiftLine,Metro,True
909754,BlueCart,Upcountry,True
903284,SwiftLine,Metro,True
901103,SwiftLine,Metro,True
909391,BlueCart,Upcountry,True
906668,BlueCart,Metro,True
901363,SwiftLine,Metro,True
909557,BlueCart,Upcountry,False
908783,BlueCart,Upcountry,True
907192,BlueCart,Metro,True
907216,BlueCart,Upcountry,True
905056,SwiftLine,Metro,True
902867,SwiftLine,Metro,True
900302,SwiftLine,Metro,True
903816,SwiftLine,Metro,True
907839,BlueCart,Upcountry,True
908573,BlueCart,Upcountry,False
909527,BlueCart,Upcountry,True
904895,SwiftLine,Metro,False
901765,SwiftLine,Metro,True
902318,SwiftLine,Metro,True
910964,BlueCart,Upcountry,False
906975,BlueCart,Metro,True
900917,SwiftLine,Metro,True
908116,BlueCart,Upcountry,True
901291,SwiftLine,Metro,True
904550,SwiftLine,Metro,True
903541,SwiftLine,Metro,True
908024,BlueCart,Upcountry,True
908697,BlueCart,Upcountry,True
907804,BlueCart,Upcountry,True
910637,BlueCart,Upcountry,True
906432,BlueCart,Metro,True
905438,SwiftLine,Upcountry,True
904280,SwiftLine,Metro,True
906958,BlueCart,Metro,True
905591,SwiftLine,Upcountry,False
900802,SwiftLine,Metro,True
904345,SwiftLine,Metro,True
902504,SwiftLine,Metro,True
910071,BlueCart,Upcountry,True
908201,BlueCart,Upcountry,False
911347,BlueCart,Upcountry,True
909037,BlueCart,Upcountry,False
905800,SwiftLine,Upcountry,True
908268,BlueCart,Upcountry,True
908427,BlueCart,Upcountry,True
902053,SwiftLine,Metro,True
911189,BlueCart,Upcountry,True
908463,BlueCart,Upcountry,True
901299,SwiftLine,Metro,True
905423,SwiftLine,Upcountry,True
902219,SwiftLine,Metro,True
911300,BlueCart,Upcountry,True
908788,BlueCart,Upcountry,True
908067,BlueCart,Upcountry,True
904871,SwiftLine,Metro,True
902980,SwiftLine,Metro,True
907154,BlueCart,Metro,True
908872,BlueCart,Upcountry,True
906568,BlueCart,Metro,True
900414,SwiftLine,Metro,True
908562,BlueCart,Upcountry,True
901840,SwiftLine,Metro,True
902811,SwiftLine,Metro,True
901657,SwiftLine,Metro,True
909381,BlueCart,Upcountry,True
904994,SwiftLine,Metro,False
903681,SwiftLine,Metro,True
903833,SwiftLine,Metro,True
900035,SwiftLine,Metro,False
902568,SwiftLine,Metro,True
910502,BlueCart,Upcountry,True
910794,BlueCart,Upcountry,False
905302,SwiftLine,Upcountry,True
906981,BlueCart,Metro,True
902064,SwiftLine,Metro,True
905555,SwiftLine,Upcountry,True
910905,BlueCart,Upcountry,True
910643,BlueCart,Upcountry,True
900855,SwiftLine,Metro,True
911328,BlueCart,Upcountry,True
906161,BlueCart,Metro,True
906021,SwiftLine,Upcountry,True
906614,BlueCart,Metro,True
904693,SwiftLine,Metro,True
902973,SwiftLine,Metro,True
905336,SwiftLine,Upcountry,True
901891,SwiftLine,Metro,True
903044,SwiftLine,Metro,True
906634,BlueCart,Metro,True
904520,SwiftLine,Metro,True
911366,BlueCart,Upcountry,True
900579,SwiftLine,Metro,True
909179,BlueCart,Upcountry,True
900345,SwiftLine,Metro,True
911278,BlueCart,Upcountry,True
904186,SwiftLine,Metro,True
911598,BlueCart,Upcountry,True
902259,SwiftLine,Metro,True
906416,BlueCart,Metro,True
910839,BlueCart,Upcountry,True
903254,SwiftLine,Metro,True
909983,BlueCart,Upcountry,True
905924,SwiftLine,Upcountry,True
903210,SwiftLine,Metro,True
906061,SwiftLine,Upcountry,True
906286,BlueCart,Metro,True
908135,BlueCart,Upcountry,True
905819,SwiftLine,Upcountry,True
906596,BlueCart,Metro,True
901349,SwiftLine,Metro,True
906440,BlueCart,Metro,True
910284,BlueCart,Upcountry,True
910726,BlueCart,Upcountry,True
900774,SwiftLine,Metro,True
904038,SwiftLine,Metro,True
910896,BlueCart,Upcountry,True
903016,SwiftLine,Metro,True
904071,SwiftLine,Metro,True
906258,BlueCart,Metro,False
908728,BlueCart,Upcountry,True
907091,BlueCart,Metro,True
908774,BlueCart,Upcountry,False
906242,BlueCart,Metro,True
909120,BlueCart,Upcountry,True
910351,BlueCart,Upcountry,False
906557,BlueCart,Metro,True
908661,BlueCart,Upcountry,True
906585,BlueCart,Metro,True
905932,SwiftLine,Upcountry,False
905515,SwiftLine,Upcountry,True
906567,BlueCart,Metro,True
903012,SwiftLine,Metro,True
909652,BlueCart,Upcountry,True
908305,BlueCart,Upcountry,True
900504,SwiftLine,Metro,True
905501,SwiftLine,Upcountry,False
910171,BlueCart,Upcountry,False
901642,SwiftLine,Metro,True
900113,SwiftLine,Metro,True
902307,SwiftLine,Metro,True
906618,BlueCart,Metro,True
901385,SwiftLine,Metro,True
906926,BlueCart,Metro,False
908702,BlueCart,Upcountry,False
907427,BlueCart,Upcountry,False
907589,BlueCart,Upcountry,True
905052,SwiftLine,Metro,True
907484,BlueCart,Upcountry,True
910707,BlueCart,Upcountry,False
903503,SwiftLine,Metro,True
900715,SwiftLine,Metro,True
906349,BlueCart,Metro,False
901948,SwiftLine,Metro,True
909973,BlueCart,Upcountry,True
903648,SwiftLine,Metro,True
903156,SwiftLine,Metro,True
907063,BlueCart,Metro,True
901635,SwiftLine,Metro,True
907514,BlueCart,Upcountry,False
908940,BlueCart,Upcountry,False
902913,SwiftLine,Metro,True
910886,BlueCart,Upcountry,True
906523,BlueCart,Metro,True
907354,BlueCart,Upcountry,False
908671,BlueCart,Upcountry,True
902014,SwiftLine,Metro,True
904551,SwiftLine,Metro,True
904514,SwiftLine,Metro,True
901619,SwiftLine,Metro,True
903705,SwiftLine,Metro,True
901372,SwiftLine,Metro,True
902586,SwiftLine,Metro,True
901160,SwiftLine,Metro,True
909610,BlueCart,Upcountry,True
910060,BlueCart,Upcountry,False
908310,BlueCart,Upcountry,True
905720,SwiftLine,Upcountry,True
908778,BlueCart,Upcountry,False
906424,BlueCart,Metro,True
903214,SwiftLine,Metro,True
900021,SwiftLine,Metro,True
903067,SwiftLine,Metro,True
909456,BlueCart,Upcountry,True
910315,BlueCart,Upcountry,True
904502,SwiftLine,Metro,True
910644,BlueCart,Upcountry,True
900143,SwiftLine,Metro,True
910706,BlueCart,Upcountry,False
907236,BlueCart,Upcountry,True
905037,SwiftLine,Metro,True
903827,SwiftLine,Metro,True
908816,BlueCart,Upcountry,False
911026,BlueCart,Upcountry,True
906480,BlueCart,Metro,True
905180,SwiftLine,Metro,True
902312,SwiftLine,Metro,True
905494,SwiftLine,Upcountry,False
901181,SwiftLine,Metro,True
902103,SwiftLine,Metro,True
900595,SwiftLine,Metro,True
905474,SwiftLine,Upcountry,False
908294,BlueCart,Upcountry,True
900944,SwiftLine,Metro,True
911306,BlueCart,Upcountry,False
907362,BlueCart,Upcountry,True
910158,BlueCart,Upcountry,True
905102,SwiftLine,Metro,True
900025,SwiftLine,Metro,True
902743,SwiftLine,Metro,True
910298,BlueCart,Upcountry,True
905558,SwiftLine,Upcountry,True
904219,SwiftLine,Metro,True
909660,BlueCart,Upcountry,True
903905,SwiftLine,Metro,True
905399,SwiftLine,Upcountry,True
902650,SwiftLine,Metro,True
911307,BlueCart,Upcountry,True
900945,SwiftLine,Metro,True
906183,BlueCart,Metro,True
906050,SwiftLine,Upcountry,True
904738,SwiftLine,Metro,True
909777,BlueCart,Upcountry,False
906770,BlueCart,Metro,True
911461,BlueCart,Upcountry,True
910887,BlueCart,Upcountry,True
904929,SwiftLine,Metro,True
905601,SwiftLine,Upcountry,False
903257,SwiftLine,Metro,True
906493,BlueCart,Metro,True
911311,BlueCart,Upcountry,True
909745,BlueCart,Upcountry,True
903606,SwiftLine,Metro,True
904803,SwiftLine,Metro,True
902701,SwiftLine,Metro,True
911265,BlueCart,Upcountry,True
903782,SwiftLine,Metro,True
910072,BlueCart,Upcountry,True
906243,BlueCart,Metro,False
902082,SwiftLine,Metro,True
904079,SwiftLine,Metro,True
902473,SwiftLine,Metro,True
906703,BlueCart,Metro,True
904460,SwiftLine,Metro,True
900068,SwiftLine,Metro,True
907887,BlueCart,Upcountry,False
902915,SwiftLine,Metro,True
903128,SwiftLine,Metro,True
908795,BlueCart,Upcountry,False
904360,SwiftLine,Metro,True
907074,BlueCart,Metro,False
900265,SwiftLine,Metro,False
903942,SwiftLine,Metro,True
907980,BlueCart,Upcountry,True
908236,BlueCart,Upcountry,False
910966,BlueCart,Upcountry,True
900056,SwiftLine,Metro,True
901248,SwiftLine,Metro,True
909478,BlueCart,Upcountry,True
905527,SwiftLine,Upcountry,True
911206,BlueCart,Upcountry,True
910209,BlueCart,Upcountry,True
900823,SwiftLine,Metro,True
908530,BlueCart,Upcountry,True
904090,SwiftLine,Metro,True
903605,SwiftLine,Metro,True
909949,BlueCart,Upcountry,False
905754,SwiftLine,Upcountry,False
905086,SwiftLine,Metro,True
911253,BlueCart,Upcountry,False
901036,SwiftLine,Metro,True
905707,SwiftLine,Upcountry,True
902708,SwiftLine,Metro,True
910259,BlueCart,Upcountry,True
900700,SwiftLine,Metro,True
904096,SwiftLine,Metro,True
902042,SwiftLine,Metro,True
907935,BlueCart,Upcountry,True
904040,SwiftLine,Metro,True
910488,BlueCart,Upcountry,True
909748,BlueCart,Upcountry,True
900628,SwiftLine,Metro,True
903934,SwiftLine,Metro,False
909502,BlueCart,Upcountry,False
907447,BlueCart,Upcountry,True
909630,BlueCart,Upcountry,True
906660,BlueCart,Metro,True
900362,SwiftLine,Metro,True
908815,BlueCart,Upcountry,True
904589,SwiftLine,Metro,True
910724,BlueCart,Upcountry,True
904134,SwiftLine,Metro,True
907911,BlueCart,Upcountry,True
906037,SwiftLine,Upcountry,False
904377,SwiftLine,Metro,True
906561,BlueCart,Metro,True
903617,SwiftLine,Metro,True
907230,BlueCart,Upcountry,True
904600,SwiftLine,Metro,True
906466,BlueCart,Metro,True
910400,BlueCart,Upcountry,True
902291,SwiftLine,Metro,True
907046,BlueCart,Metro,True
908383,BlueCart,Upcountry,True
902627,SwiftLine,Metro,True
902892,SwiftLine,Metro,True
904652,SwiftLine,Metro,True
909685,BlueCart,Upcountry,True
902939,SwiftLine,Metro,False
910806,BlueCart,Upcountry,False
900762,SwiftLine,Metro,True
906216,BlueCart,Metro,True
901024,SwiftLine,Metro,True
901228,SwiftLine,Metro,False
910293,BlueCart,Upcountry,True
906666,BlueCart,Metro,True
902006,SwiftLine,Metro,True
906765,BlueCart,Metro,True
901198,SwiftLine,Metro,True
901278,SwiftLine,Metro,True
900327,SwiftLine,Metro,True
900684,SwiftLine,Metro,True
910154,BlueCart,Upcountry,True
904808,SwiftLine,Metro,True
903327,SwiftLine,Metro,True
902576,SwiftLine,Metro,True
900731,SwiftLine,Metro,True
900121,SwiftLine,Metro,True
907919,BlueCart,Upcountry,True
907321,BlueCart,Upcountry,True
908623,BlueCart,Upcountry,False
911134,BlueCart,Upcountry,False
905430,SwiftLine,Upcountry,True
908901,BlueCart,Upcountry,False
901509,SwiftLine,Metro,True
906713,BlueCart,Metro,True
901634,SwiftLine,Metro,True
903840,SwiftLine,Metro,True
910691,BlueCart,Upcountry,False
905499,SwiftLine,Upcountry,False
906536,BlueCart,Metro,True
901856,SwiftLine,Metro,True
902785,SwiftLine,Metro,False
904730,SwiftLine,Metro,True
902435,SwiftLine,Metro,True
903508,SwiftLine,Metro,True
904206,SwiftLine,Metro,True
900389,SwiftLine,Metro,True
910317,BlueCart,Upcountry,True
906314,BlueCart,Metro,True
903761,SwiftLine,Metro,True
908434,BlueCart,Upcountry,True
900199,SwiftLine,Metro,True
906205,BlueCart,Metro,True
910375,BlueCart,Upcountry,True
907359,BlueCart,Upcountry,False
908407,BlueCart,Upcountry,False
907941,BlueCart,Upcountry,False
911005,BlueCart,Upcountry,True
910544,BlueCart,Upcountry,True
907057,BlueCart,Metro,True
908026,BlueCart,Upcountry,True
910623,BlueCart,Upcountry,False
908773,BlueCart,Upcountry,True
902175,SwiftLine,Metro,True
907030,BlueCart,Metro,True
900718,SwiftLine,Metro,True
904245,SwiftLine,Metro,True
900257,SwiftLine,Metro,True
907959,BlueCart,Upcountry,True
901945,SwiftLine,Metro,True
903735,SwiftLine,Metro,True
905951,SwiftLine,Upcountry,False
907318,BlueCart,Upcountry,True
911370,BlueCart,Upcountry,True
906530,BlueCart,Metro,True
901774,SwiftLine,Metro,True
902101,SwiftLine,Metro,True
911489,BlueCart,Upcountry,True
900076,SwiftLine,Metro,True
908971,BlueCart,Upcountry,True
903750,SwiftLine,Metro,False
901705,SwiftLine,Metro,True
907119,BlueCart,Metro,True
909584,BlueCart,Upcountry,True
903752,SwiftLine,Metro,True
901072,SwiftLine,Metro,True
903292,SwiftLine,Metro,True
911566,BlueCart,Upcountry,True
900482,SwiftLine,Metro,True
900385,SwiftLine,Metro,True
908796,BlueCart,Upcountry,True
905493,SwiftLine,Upcountry,False
906031,SwiftLine,Upcountry,True
901932,SwiftLine,Metro,True
911500,BlueCart,Upcountry,False
908214,BlueCart,Upcountry,True
909104,BlueCart,Upcountry,True
905047,SwiftLine,Metro,True
910253,BlueCart,Upcountry,True
902975,SwiftLine,Metro,True
904371,SwiftLine,Metro,True
901540,SwiftLine,Metro,True
902033,SwiftLine,Metro,True
900309,SwiftLine,Metro,True
901001,SwiftLine,Metro,True
904709,SwiftLine,Metro,True
903260,SwiftLine,Metro,True
907043,BlueCart,Metro,True
900106,SwiftLine,Metro,True
903252,SwiftLine,Metro,False
905276,SwiftLine,Upcountry,True
902052,SwiftLine,Metro,True
911492,BlueCart,Upcountry,True
906282,BlueCart,Metro,False
903273,SwiftLine,Metro,True
900024,SwiftLine,Metro,True
904109,SwiftLine,Metro,True
902946,SwiftLine,Metro,True
907685,BlueCart,Upcountry,True
911423,BlueCart,Upcountry,True
906907,BlueCart,Metro,True
908835,BlueCart,Upcountry,True
904335,SwiftLine,Metro,True
906919,BlueCart,Metro,True
905780,SwiftLine,Upcountry,True
905024,SwiftLine,Metro,True
900181,SwiftLine,Metro,True
908165,BlueCart,Upcountry,False
907873,BlueCart,Upcountry,True
906002,SwiftLine,Upcountry,True
901508,SwiftLine,Metro,True
906056,SwiftLine,Upcountry,False
909441,BlueCart,Upcountry,True
904012,SwiftLine,Metro,True
905358,SwiftLine,Upcountry,True
906139,BlueCart,Metro,True
901531,SwiftLine,Metro,True
905648,SwiftLine,Upcountry,True
903963,SwiftLine,Metro,True
905044,SwiftLine,Metro,True
905541,SwiftLine,Upcountry,False
905353,SwiftLine,Upcountry,True
900792,SwiftLine,Metro,True
907970,BlueCart,Upcountry,True
906532,BlueCart,Metro,False
901394,SwiftLine,Metro,True
910258,BlueCart,Upcountry,True
907923,BlueCart,Upcountry,True
901338,SwiftLine,Metro,True
905920,SwiftLine,Upcountry,True
900304,SwiftLine,Metro,True
904205,SwiftLine,Metro,True
904422,SwiftLine,Metro,True
908857,BlueCart,Upcountry,True
907789,BlueCart,Upcountry,False
904827,SwiftLine,Metro,False
909490,BlueCart,Upcountry,True
906655,BlueCart,Metro,True
905309,SwiftLine,Upcountry,True
910249,BlueCart,Upcountry,True
902383,SwiftLine,Metro,True
910419,BlueCart,Upcountry,True
906455,BlueCart,Metro,True
902207,SwiftLine,Metro,True
911117,BlueCart,Upcountry,True
908288,BlueCart,Upcountry,True
907638,BlueCart,Upcountry,True
900519,SwiftLine,Metro,True
910870,BlueCart,Upcountry,True
911439,BlueCart,Upcountry,True
910767,BlueCart,Upcountry,True
905402,SwiftLine,Upcountry,False
905576,SwiftLine,Upcountry,True
908650,BlueCart,Upcountry,True
910006,BlueCart,Upcountry,True
901877,SwiftLine,Metro,True
905282,SwiftLine,Upcountry,True
904782,SwiftLine,Metro,True
906811,BlueCart,Metro,True
910584,BlueCart,Upcountry,True
902414,SwiftLine,Metro,True
902443,SwiftLine,Metro,True
905737,SwiftLine,Upcountry,True
909724,BlueCart,Upcountry,True
901873,SwiftLine,Metro,True
905751,SwiftLine,Upcountry,False
908850,BlueCart,Upcountry,True
907330,BlueCart,Upcountry,True
903760,SwiftLine,Metro,True
911043,BlueCart,Upcountry,True
907081,BlueCart,Metro,True
904214,SwiftLine,Metro,False
907833,BlueCart,Upcountry,True
907167,BlueCart,Metro,True
910995,BlueCart,Upcountry,True
906413,BlueCart,Metro,True
902905,SwiftLine,Metro,True
905200,SwiftLine,Metro,False
900740,SwiftLine,Metro,True
907306,BlueCart,Upcountry,True
903185,SwiftLine,Metro,True
901790,SwiftLine,Metro,True
910219,BlueCart,Upcountry,False
907800,BlueCart,Upcountry,True
909967,BlueCart,Upcountry,True
904085,SwiftLine,Metro,True
910251,BlueCart,Upcountry,True
905365,SwiftLine,Upcountry,True
910416,BlueCart,Upcountry,True
901538,SwiftLine,Metro,True
903346,SwiftLine,Metro,True
901770,SwiftLine,Metro,True
903221,SwiftLine,Metro,True
904101,SwiftLine,Metro,True
910553,BlueCart,Upcountry,True
901916,SwiftLine,Metro,True
904631,SwiftLine,Metro,True
910452,BlueCart,Upcountry,True
905734,SwiftLine,Upcountry,True
909912,BlueCart,Upcountry,False
908176,BlueCart,Upcountry,True
907576,BlueCart,Upcountry,True
904296,SwiftLine,Metro,True
903303,SwiftLine,Metro,True
902572,SwiftLine,Metro,True
909883,BlueCart,Upcountry,False
909664,BlueCart,Upcountry,True
904227,SwiftLine,Metro,True
904936,SwiftLine,Metro,False
906435,BlueCart,Metro,True
909794,BlueCart,Upcountry,True
908918,BlueCart,Upcountry,False
907540,BlueCart,Upcountry,True
903716,SwiftLine,Metro,True
908503,BlueCart,Upcountry,True
904934,SwiftLine,Metro,True
907474,BlueCart,Upcountry,True
903974,SwiftLine,Metro,True
909145,BlueCart,Upcountry,True
911540,BlueCart,Upcountry,True
907357,BlueCart,Upcountry,True
910074,BlueCart,Upcountry,True
907253,BlueCart,Upcountry,True
911178,BlueCart,Upcountry,True
907832,BlueCart,Upcountry,False
907103,BlueCart,Metro,True
901402,SwiftLine,Metro,True
908105,BlueCart,Upcountry,False
906678,BlueCart,Metro,True
900258,SwiftLine,Metro,True
903419,SwiftLine,Metro,True
911031,BlueCart,Upcountry,True
906188,BlueCart,Metro,False
910626,BlueCart,Upcountry,True
908767,BlueCart,Upcountry,True
907076,BlueCart,Metro,True
910334,BlueCart,Upcountry,True
906722,BlueCart,Metro,True
902362,SwiftLine,Metro,False
910244,BlueCart,Upcountry,True
907186,BlueCart,Metro,True
904547,SwiftLine,Metro,True
902387,SwiftLine,Metro,False
900835,SwiftLine,Metro,True
909496,BlueCart,Upcountry,True
901743,SwiftLine,Metro,True
900752,SwiftLine,Metro,True
908887,BlueCart,Upcountry,True
909991,BlueCart,Upcountry,True
909970,BlueCart,Upcountry,True
904132,SwiftLine,Metro,True
907078,BlueCart,Metro,True
904195,SwiftLine,Metro,True
900898,SwiftLine,Metro,True
904197,SwiftLine,Metro,True
904149,SwiftLine,Metro,True
905055,SwiftLine,Metro,True
900903,SwiftLine,Metro,True
907264,BlueCart,Upcountry,True
905888,SwiftLine,Upcountry,True
908700,BlueCart,Upcountry,True
903628,SwiftLine,Metro,True
911453,BlueCart,Upcountry,False
908226,BlueCart,Upcountry,True
907204,BlueCart,Upcountry,True
910127,BlueCart,Upcountry,True
907401,BlueCart,Upcountry,False
906427,BlueCart,Metro,True
900081,SwiftLine,Metro,True
904572,SwiftLine,Metro,True
910000,BlueCart,Upcountry,True
907302,BlueCart,Upcountry,True
906903,BlueCart,Metro,True
906667,BlueCart,Metro,False
909048,BlueCart,Upcountry,True
903522,SwiftLine,Metro,True
901549,SwiftLine,Metro,True
905061,SwiftLine,Metro,True
902132,SwiftLine,Metro,True
903430,SwiftLine,Metro,True
910676,BlueCart,Upcountry,True
901855,SwiftLine,Metro,True
909074,BlueCart,Upcountry,False
900751,SwiftLine,Metro,True
910447,BlueCart,Upcountry,False
909549,BlueCart,Upcountry,True
905281,SwiftLine,Upcountry,False
909159,BlueCart,Upcountry,True
909260,BlueCart,Upcountry,True
909653,BlueCart,Upcountry,False
905901,SwiftLine,Upcountry,True
901911,SwiftLine,Metro,True
911234,BlueCart,Upcountry,True
908967,BlueCart,Upcountry,True
907609,BlueCart,Upcountry,True
902593,SwiftLine,Metro,True
909622,BlueCart,Upcountry,True
905389,SwiftLine,Upcountry,True
900183,SwiftLine,Metro,False
907703,BlueCart,Upcountry,False
902154,SwiftLine,Metro,True
910058,BlueCart,Upcountry,True
901521,SwiftLine,Metro,True
903549,SwiftLine,Metro,True
903470,SwiftLine,Metro,True
910386,BlueCart,Upcountry,True
900947,SwiftLine,Metro,False
907310,BlueCart,Upcountry,True
905367,SwiftLine,Upcountry,False
902083,SwiftLine,Metro,True
910827,BlueCart,Upcountry,True
900074,SwiftLine,Metro,True
902511,SwiftLine,Metro,False
911530,BlueCart,Upcountry,True
906541,BlueCart,Metro,True
906788,BlueCart,Metro,True
902364,SwiftLine,Metro,True
903497,SwiftLine,Metro,True
905082,SwiftLine,Metro,False
906445,BlueCart,Metro,True
904009,SwiftLine,Metro,True
910307,BlueCart,Upcountry,False
902495,SwiftLine,Metro,True
910078,BlueCart,Upcountry,False
909157,BlueCart,Upcountry,False
908260,BlueCart,Upcountry,True
909149,BlueCart,Upcountry,False
906974,BlueCart,Metro,True
911593,BlueCart,Upcountry,True
908457,BlueCart,Upcountry,True
909561,BlueCart,Upcountry,True
905311,SwiftLine,Upcountry,False
908781,BlueCart,Upcountry,True
902372,SwiftLine,Metro,False
903906,SwiftLine,Metro,True
910657,BlueCart,Upcountry,True
910075,BlueCart,Upcountry,False
909294,BlueCart,Upcountry,True
910757,BlueCart,Upcountry,False
907468,BlueCart,Upcountry,True
910810,BlueCart,Upcountry,True
906003,SwiftLine,Upcountry,False
907171,BlueCart,Metro,True
904213,SwiftLine,Metro,True
910385,BlueCart,Upcountry,False
902781,SwiftLine,Metro,True
910092,BlueCart,Upcountry,False
907168,BlueCart,Metro,True
901369,SwiftLine,Metro,True
905918,SwiftLine,Upcountry,True
900387,SwiftLine,Metro,True
902188,SwiftLine,Metro,True
908192,BlueCart,Upcountry,True
900950,SwiftLine,Metro,True
909783,BlueCart,Upcountry,True
905098,SwiftLine,Metro,True
907124,BlueCart,Metro,True
907482,BlueCart,Upcountry,True
902768,SwiftLine,Metro,True
909454,BlueCart,Upcountry,True
904807,SwiftLine,Metro,True
911465,BlueCart,Upcountry,True
904224,SwiftLine,Metro,True
900923,SwiftLine,Metro,True
902248,SwiftLine,Metro,True
908361,BlueCart,Upcountry,False
902378,SwiftLine,Metro,True
902878,SwiftLine,Metro,True
907573,BlueCart,Upcountry,True
910786,BlueCart,Upcountry,False
901497,SwiftLine,Metro,False
906114,BlueCart,Metro,True
907629,BlueCart,Upcountry,True
906664,BlueCart,Metro,True
901043,SwiftLine,Metro,True
908085,BlueCart,Upcountry,True
905156,SwiftLine,Metro,True
909357,BlueCart,Upcountry,True
905959,SwiftLine,Upcountry,True
900174,SwiftLine,Metro,True
900270,SwiftLine,Metro,True
910174,BlueCart,Upcountry,False
900897,SwiftLine,Metro,True
908936,BlueCart,Upcountry,True
908585,BlueCart,Upcountry,True
904670,SwiftLine,Metro,True
903834,SwiftLine,Metro,True
905437,SwiftLine,Upcountry,True
900278,SwiftLine,Metro,True
904916,SwiftLine,Metro,True
905261,SwiftLine,Upcountry,True
903674,SwiftLine,Metro,True
905009,SwiftLine,Metro,True
905585,SwiftLine,Upcountry,True
908746,BlueCart,Upcountry,True
909440,BlueCart,Upcountry,True
910921,BlueCart,Upcountry,False
905953,SwiftLine,Upcountry,True
908882,BlueCart,Upcountry,True
908777,BlueCart,Upcountry,True
910179,BlueCart,Upcountry,False
909126,BlueCart,Upcountry,False
900456,SwiftLine,Metro,True
907672,BlueCart,Upcountry,False
910193,BlueCart,Upcountry,True
901741,SwiftLine,Metro,True
911294,BlueCart,Upcountry,True
905149,SwiftLine,Metro,True
905478,SwiftLine,Upcountry,True
903149,SwiftLine,Metro,True
900109,SwiftLine,Metro,True
902343,SwiftLine,Metro,True
908080,BlueCart,Upcountry,True
908212,BlueCart,Upcountry,True
908801,BlueCart,Upcountry,True
907483,BlueCart,Upcountry,True
904247,SwiftLine,Metro,True
905698,SwiftLine,Upcountry,True
910226,BlueCart,Upcountry,True
909042,BlueCart,Upcountry,True
911419,BlueCart,Upcountry,True
901045,SwiftLine,Metro,True
907127,BlueCart,Metro,True
904608,SwiftLine,Metro,False
908759,BlueCart,Upcountry,True
900112,SwiftLine,Metro,True
905886,SwiftLine,Upcountry,False
904082,SwiftLine,Metro,True
900208,SwiftLine,Metro,True
901449,SwiftLine,Metro,False
908797,BlueCart,Upcountry,True
910442,BlueCart,Upcountry,True
906049,SwiftLine,Upcountry,True
902456,SwiftLine,Metro,True
901204,SwiftLine,Metro,True
911243,BlueCart,Upcountry,False
905320,SwiftLine,Upcountry,True
900419,SwiftLine,Metro,True
901210,SwiftLine,Metro,True
908231,BlueCart,Upcountry,True
907155,BlueCart,Metro,True
901929,SwiftLine,Metro,True
906858,BlueCart,Metro,True
904172,SwiftLine,Metro,True
908246,BlueCart,Upcountry,False
902729,SwiftLine,Metro,True
903828,SwiftLine,Metro,True
910875,BlueCart,Upcountry,True
900287,SwiftLine,Metro,True
900624,SwiftLine,Metro,True
907309,BlueCart,Upcountry,True
907908,BlueCart,Upcountry,True
900077,SwiftLine,Metro,False
902416,SwiftLine,Metro,True
904573,SwiftLine,Metro,True
906093,SwiftLine,Upcountry,True
911004,BlueCart,Upcountry,True
911035,BlueCart,Upcountry,True
908269,BlueCart,Upcountry,True
907603,BlueCart,Upcountry,True
904949,SwiftLine,Metro,True
901218,SwiftLine,Metro,True
911070,BlueCart,Upcountry,True
903556,SwiftLine,Metro,True
905288,SwiftLine,Upcountry,True
905252,SwiftLine,Upcountry,False
910878,BlueCart,Upcountry,True
904044,SwiftLine,Metro,True
901300,SwiftLine,Metro,True
902734,SwiftLine,Metro,True
901805,SwiftLine,Metro,True
910774,BlueCart,Upcountry,True
907849,BlueCart,Upcountry,True
909658,BlueCart,Upcountry,True
911071,BlueCart,Upcountry,True
909990,BlueCart,Upcountry,True
906257,BlueCart,Metro,True
907289,BlueCart,Upcountry,True
902379,SwiftLine,Metro,True
904832,SwiftLine,Metro,True
908049,BlueCart,Upcountry,True
910830,BlueCart,Upcountry,False
909702,BlueCart,Upcountry,True
908409,BlueCart,Upcountry,False
905752,SwiftLine,Upcountry,True
905403,SwiftLine,Upcountry,True
900686,SwiftLine,Metro,True
908839,BlueCart,Upcountry,True
909082,BlueCart,Upcountry,True
905783,SwiftLine,Upcountry,True
911091,BlueCart,Upcountry,False
910971,BlueCart,Upcountry,True
901661,SwiftLine,Metro,True
905075,SwiftLine,Metro,True
900670,SwiftLine,Metro,True
901908,SwiftLine,Metro,True
902350,SwiftLine,Metro,True
908322,BlueCart,Upcountry,False
906932,BlueCart,Metro,True
902345,SwiftLine,Metro,True
909971,BlueCart,Upcountry,True
905509,SwiftLine,Upcountry,False
900869,SwiftLine,Metro,True
902393,SwiftLine,Metro,True
901525,SwiftLine,Metro,True
900154,SwiftLine,Metro,True
903059,SwiftLine,Metro,True
907334,BlueCart,Upcountry,False
904636,SwiftLine,Metro,True
911455,BlueCart,Upcountry,True
900811,SwiftLine,Metro,True
903075,SwiftLine,Metro,True
901356,SwiftLine,Metro,True
907009,BlueCart,Metro,True
907858,BlueCart,Upcountry,True
901182,SwiftLine,Metro,True
902319,SwiftLine,Metro,False
906355,BlueCart,Metro,True
904563,SwiftLine,Metro,True
905376,SwiftLine,Upcountry,True
903671,SwiftLine,Metro,True
904434,SwiftLine,Metro,True
908016,BlueCart,Upcountry,True
908598,BlueCart,Upcountry,True
902907,SwiftLine,Metro,True
902949,SwiftLine,Metro,True
901605,SwiftLine,Metro,True
908968,BlueCart,Upcountry,True
909923,BlueCart,Upcountry,False
910590,BlueCart,Upcountry,True
909662,BlueCart,Upcountry,True
906082,SwiftLine,Upcountry,True
901796,SwiftLine,Metro,True
904295,SwiftLine,Metro,True
902000,SwiftLine,Metro,True
908690,BlueCart,Upcountry,True
911515,BlueCart,Upcountry,True
906136,BlueCart,Metro,True
902216,SwiftLine,Metro,True
909674,BlueCart,Upcountry,True
909272,BlueCart,Upcountry,True
904269,SwiftLine,Metro,True
900673,SwiftLine,Metro,True
907657,BlueCart,Upcountry,True
905778,SwiftLine,Upcountry,True
909985,BlueCart,Upcountry,True
906370,BlueCart,Metro,True
907975,BlueCart,Upcountry,True
904498,SwiftLine,Metro,True
903466,SwiftLine,Metro,True
903428,SwiftLine,Metro,True
911223,BlueCart,Upcountry,True
904251,SwiftLine,Metro,True
907125,BlueCart,Metro,True
900880,SwiftLine,Metro,True
910911,BlueCart,Upcountry,True
901793,SwiftLine,Metro,True
909383,BlueCart,Upcountry,True
905305,SwiftLine,Upcountry,True
910004,BlueCart,Upcountry,True
900533,SwiftLine,Metro,True
908335,BlueCart,Upcountry,True
908947,BlueCart,Upcountry,True
907385,BlueCart,Upcountry,False
904045,SwiftLine,Metro,True
902717,SwiftLine,Metro,True
900448,SwiftLine,Metro,True
910581,BlueCart,Upcountry,False
905147,SwiftLine,Metro,True
903987,SwiftLine,Metro,True
902793,SwiftLine,Metro,True
910510,BlueCart,Upcountry,True
908194,BlueCart,Upcountry,True
901481,SwiftLine,Metro,True
902541,SwiftLine,Metro,True
903949,SwiftLine,Metro,True
903660,SwiftLine,Metro,True
903227,SwiftLine,Metro,True
907380,BlueCart,Upcountry,True
901005,SwiftLine,Metro,True
904181,SwiftLine,Metro,True
900015,SwiftLine,Metro,True
905488,SwiftLine,Upcountry,True
906332,BlueCart,Metro,True
905236,SwiftLine,Upcountry,False
906330,BlueCart,Metro,True
901603,SwiftLine,Metro,True
909902,BlueCart,Upcountry,True
908413,BlueCart,Upcountry,True
904230,SwiftLine,Metro,True
904590,SwiftLine,Metro,True
900915,SwiftLine,Metro,True
901366,SwiftLine,Metro,True
906011,SwiftLine,Upcountry,True
910529,BlueCart,Upcountry,True
902211,SwiftLine,Metro,True
905828,SwiftLine,Upcountry,True
907345,BlueCart,Upcountry,True
901961,SwiftLine,Metro,True
900522,SwiftLine,Metro,True
908359,BlueCart,Upcountry,True
906876,BlueCart,Metro,True
902199,SwiftLine,Metro,True
909954,BlueCart,Upcountry,True
903632,SwiftLine,Metro,True
907240,BlueCart,Upcountry,False
900671,SwiftLine,Metro,True
905548,SwiftLine,Upcountry,True
903115,SwiftLine,Metro,False
911049,BlueCart,Upcountry,False
909523,BlueCart,Upcountry,True
906168,BlueCart,Metro,True
909925,BlueCart,Upcountry,True
908337,BlueCart,Upcountry,True
908735,BlueCart,Upcountry,True
908312,BlueCart,Upcountry,True
910021,BlueCart,Upcountry,True
900140,SwiftLine,Metro,True
909759,BlueCart,Upcountry,True
909248,BlueCart,Upcountry,True
911420,BlueCart,Upcountry,True
911162,BlueCart,Upcountry,True
907285,BlueCart,Upcountry,True
906685,BlueCart,Metro,True
909632,BlueCart,Upcountry,True
903643,SwiftLine,Metro,True
910287,BlueCart,Upcountry,True
904764,SwiftLine,Metro,True
907690,BlueCart,Upcountry,False
908645,BlueCart,Upcountry,True
910390,BlueCart,Upcountry,False
903301,SwiftLine,Metro,True
908706,BlueCart,Upcountry,False
901890,SwiftLine,Metro,False
903276,SwiftLine,Metro,True
910310,BlueCart,Upcountry,False
902731,SwiftLine,Metro,True
910030,BlueCart,Upcountry,True
902976,SwiftLine,Metro,True
910138,BlueCart,Upcountry,False
903298,SwiftLine,Metro,True
908959,BlueCart,Upcountry,True
906851,BlueCart,Metro,True
902304,SwiftLine,Metro,True
905140,SwiftLine,Metro,True
908451,BlueCart,Upcountry,True
903804,SwiftLine,Metro,True
904637,SwiftLine,Metro,True
900622,SwiftLine,Metro,True
902606,SwiftLine,Metro,True
910732,BlueCart,Upcountry,True
908760,BlueCart,Upcountry,True
909671,BlueCart,Upcountry,True
910496,BlueCart,Upcountry,False
901259,SwiftLine,Metro,True
904687,SwiftLine,Metro,True
902880,SwiftLine,Metro,False
910178,BlueCart,Upcountry,True
910517,BlueCart,Upcountry,True
906033,SwiftLine,Upcountry,False
905790,SwiftLine,Upcountry,True
910885,BlueCart,Upcountry,True
908447,BlueCart,Upcountry,True
903113,SwiftLine,Metro,True
908121,BlueCart,Upcountry,True
901760,SwiftLine,Metro,True
904601,SwiftLine,Metro,False
908134,BlueCart,Upcountry,True
906917,BlueCart,Metro,True
908149,BlueCart,Upcountry,True
907396,BlueCart,Upcountry,True
904456,SwiftLine,Metro,True
901655,SwiftLine,Metro,True
910819,BlueCart,Upcountry,True
902039,SwiftLine,Metro,True
909396,BlueCart,Upcountry,True
909265,BlueCart,Upcountry,True
911330,BlueCart,Upcountry,True
907834,BlueCart,Upcountry,True
910542,BlueCart,Upcountry,False
909057,BlueCart,Upcountry,False
906195,BlueCart,Metro,True
906378,BlueCart,Metro,True
900339,SwiftLine,Metro,True
904798,SwiftLine,Metro,True
908320,BlueCart,Upcountry,True
905796,SwiftLine,Upcountry,True
902964,SwiftLine,Metro,True
900180,SwiftLine,Metro,True
908995,BlueCart,Upcountry,True
908042,BlueCart,Upcountry,True
904489,SwiftLine,Metro,True
908963,BlueCart,Upcountry,True
901238,SwiftLine,Metro,False
909080,BlueCart,Upcountry,True
907872,BlueCart,Upcountry,True
901354,SwiftLine,Metro,True
901684,SwiftLine,Metro,True
907500,BlueCart,Upcountry,True
903153,SwiftLine,Metro,True
900460,SwiftLine,Metro,True
908524,BlueCart,Upcountry,True
905772,SwiftLine,Upcountry,False
909459,BlueCart,Upcountry,True
902522,SwiftLine,Metro,True
906630,BlueCart,Metro,False
908937,BlueCart,Upcountry,True
903551,SwiftLine,Metro,True
902351,SwiftLine,Metro,True
908162,BlueCart,Upcountry,True
902320,SwiftLine,Metro,True
909798,BlueCart,Upcountry,True
908613,BlueCart,Upcountry,True
903713,SwiftLine,Metro,True
910899,BlueCart,Upcountry,True
911010,BlueCart,Upcountry,True
903336,SwiftLine,Metro,True
904623,SwiftLine,Metro,True
907407,BlueCart,Upcountry,True
907547,BlueCart,Upcountry,True
904182,SwiftLine,Metro,True
900617,SwiftLine,Metro,True
907446,BlueCart,Upcountry,False
911184,BlueCart,Upcountry,True
910167,BlueCart,Upcountry,True
910560,BlueCart,Upcountry,True
902842,SwiftLine,Metro,True
909030,BlueCart,Upcountry,False
910125,BlueCart,Upcountry,True
909220,BlueCart,Upcountry,True
910010,BlueCart,Upcountry,True
909944,BlueCart,Upcountry,True
909007,BlueCart,Upcountry,True
908332,BlueCart,Upcountry,False
907760,BlueCart,Upcountry,True
905154,SwiftLine,Metro,False
900873,SwiftLine,Metro,True
910597,BlueCart,Upcountry,True
911291,BlueCart,Upcountry,True
904773,SwiftLine,Metro,True
909968,BlueCart,Upcountry,True
906345,BlueCart,Metro,True
909689,BlueCart,Upcountry,True
909268,BlueCart,Upcountry,True
911385,BlueCart,Upcountry,True
908319,BlueCart,Upcountry,True
900383,SwiftLine,Metro,True
900565,SwiftLine,Metro,True
908329,BlueCart,Upcountry,True
910821,BlueCart,Upcountry,True
906029,SwiftLine,Upcountry,False
910279,BlueCart,Upcountry,True
910733,BlueCart,Upcountry,True
910744,BlueCart,Upcountry,True
909451,BlueCart,Upcountry,True
910001,BlueCart,Upcountry,True
910239,BlueCart,Upcountry,True
903862,SwiftLine,Metro,True
901322,SwiftLine,Metro,True
903835,SwiftLine,Metro,True
903444,SwiftLine,Metro,True
905015,SwiftLine,Metro,True
909933,BlueCart,Upcountry,True
910829,BlueCart,Upcountry,False
911494,BlueCart,Upcountry,True
901977,SwiftLine,Metro,True
909539,BlueCart,Upcountry,False
909306,BlueCart,Upcountry,False
905473,SwiftLine,Upcountry,False
900669,SwiftLine,Metro,True
909146,BlueCart,Upcountry,True
905896,SwiftLine,Upcountry,False
907803,BlueCart,Upcountry,False
908160,BlueCart,Upcountry,False
906246,BlueCart,Metro,True
904534,SwiftLine,Metro,True
911224,BlueCart,Upcountry,True
902974,SwiftLine,Metro,True
902609,SwiftLine,Metro,True
902935,SwiftLine,Metro,True
904322,SwiftLine,Metro,True
902494,SwiftLine,Metro,True
900559,SwiftLine,Metro,True
907256,BlueCart,Upcountry,True
906170,BlueCart,Metro,False
906449,BlueCart,Metro,True
906708,BlueCart,Metro,True
903721,SwiftLine,Metro,True
902160,SwiftLine,Metro,True
903027,SwiftLine,Metro,True
901598,SwiftLine,Metro,True
903753,SwiftLine,Metro,True
905633,SwiftLine,Upcountry,True
903852,SwiftLine,Metro,True
901952,SwiftLine,Metro,True
906603,BlueCart,Metro,True
910096,BlueCart,Upcountry,True
907529,BlueCart,Upcountry,True
905324,SwiftLine,Upcountry,True
906726,BlueCart,Metro,True
904023,SwiftLine,Metro,True
901347,SwiftLine,Metro,True
906575,BlueCart,Metro,True
904564,SwiftLine,Metro,True
909178,BlueCart,Upcountry,True
910235,BlueCart,Upcountry,False
904282,SwiftLine,Metro,True
906196,BlueCart,Metro,True
900320,SwiftLine,Metro,True
909466,BlueCart,Upcountry,True
906396,BlueCart,Metro,True
904361,SwiftLine,Metro,True
902163,SwiftLine,Metro,True
904217,SwiftLine,Metro,True
906556,BlueCart,Metro,True
911138,BlueCart,Upcountry,True
909938,BlueCart,Upcountry,False
909469,BlueCart,Upcountry,True
900791,SwiftLine,Metro,True
900013,SwiftLine,Metro,True
906103,BlueCart,Metro,True
907788,BlueCart,Upcountry,True
907669,BlueCart,Upcountry,True
902664,SwiftLine,Metro,True
905766,SwiftLine,Upcountry,True
902301,SwiftLine,Metro,True
903613,SwiftLine,Metro,True
905228,SwiftLine,Upcountry,True
910498,BlueCart,Upcountry,True
906267,BlueCart,Metro,True
907933,BlueCart,Upcountry,True
901700,SwiftLine,Metro,True
906967,BlueCart,Metro,False
909335,BlueCart,Upcountry,True
900078,SwiftLine,Metro,True
900123,SwiftLine,Metro,True
902748,SwiftLine,Metro,True
911235,BlueCart,Upcountry,False
910241,BlueCart,Upcountry,True
904053,SwiftLine,Metro,True
905883,SwiftLine,Upcountry,True
911293,BlueCart,Upcountry,False
900195,SwiftLine,Metro,True
901614,SwiftLine,Metro,True
902491,SwiftLine,Metro,True
905606,SwiftLine,Upcountry,True
902447,SwiftLine,Metro,True
907810,BlueCart,Upcountry,True
908241,BlueCart,Upcountry,True
909491,BlueCart,Upcountry,True
901595,SwiftLine,Metro,True
904653,SwiftLine,Metro,True
906280,BlueCart,Metro,True
900987,SwiftLine,Metro,True
901580,SwiftLine,Metro,True
911573,BlueCart,Upcountry,True
900767,SwiftLine,Metro,True
901235,SwiftLine,Metro,True
911583,BlueCart,Upcountry,True
905328,SwiftLine,Upcountry,True
908030,BlueCart,Upcountry,True
901466,SwiftLine,Metro,True
902367,SwiftLine,Metro,True
910344,BlueCart,Upcountry,True
902550,SwiftLine,Metro,True
903363,SwiftLine,Metro,True
907600,BlueCart,Upcountry,True
909214,BlueCart,Upcountry,True
909926,BlueCart,Upcountry,True
901542,SwiftLine,Metro,True
906987,BlueCart,Metro,True
904303,SwiftLine,Metro,True
910034,BlueCart,Upcountry,True
907275,BlueCart,Upcountry,True
904178,SwiftLine,Metro,False
909921,BlueCart,Upcountry,False
908177,BlueCart,Upcountry,False
905151,SwiftLine,Metro,True
904478,SwiftLine,Metro,True
903459,SwiftLine,Metro,True
904156,SwiftLine,Metro,True
909541,BlueCart,Upcountry,True
907899,BlueCart,Upcountry,True
900203,SwiftLine,Metro,True
911073,BlueCart,Upcountry,True
903486,SwiftLine,Metro,True
909091,BlueCart,Upcountry,False
910738,BlueCart,Upcountry,False
906629,BlueCart,Metro,True
905304,SwiftLine,Upcountry,False
902179,SwiftLine,Metro,True
902631,SwiftLine,Metro,True
901773,SwiftLine,Metro,True
905270,SwiftLine,Upcountry,False
909387,BlueCart,Upcountry,True
900817,SwiftLine,Metro,True
909586,BlueCart,Upcountry,False
903297,SwiftLine,Metro,True
901374,SwiftLine,Metro,True
909378,BlueCart,Upcountry,True
908445,BlueCart,Upcountry,True
905129,SwiftLine,Metro,True
905794,SwiftLine,Upcountry,False
909714,BlueCart,Upcountry,True
903223,SwiftLine,Metro,True
902861,SwiftLine,Metro,True
905507,SwiftLine,Upcountry,False
903329,SwiftLine,Metro,True
908174,BlueCart,Upcountry,True
909655,BlueCart,Upcountry,False
903165,SwiftLine,Metro,True
909791,BlueCart,Upcountry,True
908710,BlueCart,Upcountry,False
903853,SwiftLine,Metro,True
900238,SwiftLine,Metro,True
902989,SwiftLine,Metro,True
905833,SwiftLine,Upcountry,True
908642,BlueCart,Upcountry,False
909620,BlueCart,Upcountry,True
900609,SwiftLine,Metro,True
907880,BlueCart,Upcountry,True
907089,BlueCart,Metro,True
908366,BlueCart,Upcountry,False
901066,SwiftLine,Metro,True
907066,BlueCart,Metro,True
903596,SwiftLine,Metro,True
900477,SwiftLine,Metro,True
903456,SwiftLine,Metro,True
905946,SwiftLine,Upcountry,True
906779,BlueCart,Metro,True
905363,SwiftLine,Upcountry,True
906744,BlueCart,Metro,True
901863,SwiftLine,Metro,True
905097,SwiftLine,Metro,True
904401,SwiftLine,Metro,True
911493,BlueCart,Upcountry,True
907693,BlueCart,Upcountry,True
911458,BlueCart,Upcountry,True
908561,BlueCart,Upcountry,False
906385,BlueCart,Metro,True
904537,SwiftLine,Metro,True
900295,SwiftLine,Metro,True
901837,SwiftLine,Metro,True
911401,BlueCart,Upcountry,True
905610,SwiftLine,Upcountry,False
900314,SwiftLine,Metro,True
901677,SwiftLine,Metro,True
901589,SwiftLine,Metro,True
910968,BlueCart,Upcountry,False
909223,BlueCart,Upcountry,False
901829,SwiftLine,Metro,True
901064,SwiftLine,Metro,True
909603,BlueCart,Upcountry,True
905588,SwiftLine,Upcountry,True
910106,BlueCart,Upcountry,True
904747,SwiftLine,Metro,True
906357,BlueCart,Metro,True
904034,SwiftLine,Metro,True
902109,SwiftLine,Metro,True
910636,BlueCart,Upcountry,True
903183,SwiftLine,Metro,True
900089,SwiftLine,Metro,True
904358,SwiftLine,Metro,True
910761,BlueCart,Upcountry,True
901923,SwiftLine,Metro,True
911497,BlueCart,Upcountry,True
901147,SwiftLine,Metro,True
902079,SwiftLine,Metro,True
909245,BlueCart,Upcountry,True
908721,BlueCart,Upcountry,True
901395,SwiftLine,Metro,True
902182,SwiftLine,Metro,True
908516,BlueCart,Upcountry,True
909202,BlueCart,Upcountry,True
903916,SwiftLine,Metro,True
901038,SwiftLine,Metro,True
908954,BlueCart,Upcountry,True
905421,SwiftLine,Upcountry,True
906311,BlueCart,Metro,True
908254,BlueCart,Upcountry,True
910365,BlueCart,Upcountry,True
908396,BlueCart,Upcountry,True
906661,BlueCart,Metro,True
902272,SwiftLine,Metro,True
906185,BlueCart,Metro,True
900466,SwiftLine,Metro,True
909776,BlueCart,Upcountry,True
901270,SwiftLine,Metro,True
906608,BlueCart,Metro,True
901498,SwiftLine,Metro,True
911087,BlueCart,Upcountry,True
905774,SwiftLine,Upcountry,True
903930,SwiftLine,Metro,False
911501,BlueCart,Upcountry,True
911236,BlueCart,Upcountry,False
906319,BlueCart,Metro,True
910668,BlueCart,Upcountry,True
908495,BlueCart,Upcountry,False
906397,BlueCart,Metro,True
906995,BlueCart,Metro,True
908186,BlueCart,Upcountry,True
902080,SwiftLine,Metro,True
907642,BlueCart,Upcountry,True
903754,SwiftLine,Metro,True
902630,SwiftLine,Metro,True
909252,BlueCart,Upcountry,False
901798,SwiftLine,Metro,True
908869,BlueCart,Upcountry,False
905114,SwiftLine,Metro,True
907700,BlueCart,Upcountry,True
901093,SwiftLine,Metro,False
902920,SwiftLine,Metro,True
906797,BlueCart,Metro,True
905498,SwiftLine,Upcountry,True
910005,BlueCart,Upcountry,True
911344,BlueCart,Upcountry,True
908054,BlueCart,Upcountry,True
906490,BlueCart,Metro,True
902140,SwiftLine,Metro,True
902843,SwiftLine,Metro,True
910817,BlueCart,Upcountry,True
909752,BlueCart,Upcountry,False
909399,BlueCart,Upcountry,True
908668,BlueCart,Upcountry,True
902615,SwiftLine,Metro,True
906155,BlueCart,Metro,True
910861,BlueCart,Upcountry,True
901752,SwiftLine,Metro,True
905862,SwiftLine,Upcountry,True
901816,SwiftLine,Metro,True
907272,BlueCart,Upcountry,True
909595,BlueCart,Upcountry,True
907182,BlueCart,Metro,True
901137,SwiftLine,Metro,True
910824,BlueCart,Upcountry,False
901096,SwiftLine,Metro,True
911014,BlueCart,Upcountry,True
901663,SwiftLine,Metro,True
901031,SwiftLine,Metro,True
900347,SwiftLine,Metro,True
908132,BlueCart,Upcountry,True
909712,BlueCart,Upcountry,True
900298,SwiftLine,Metro,True
909657,BlueCart,Upcountry,False
902845,SwiftLine,Metro,True
911155,BlueCart,Upcountry,True
907583,BlueCart,Upcountry,True
911561,BlueCart,Upcountry,True
909755,BlueCart,Upcountry,True
906646,BlueCart,Metro,True
906729,BlueCart,Metro,True
901398,SwiftLine,Metro,True
909530,BlueCart,Upcountry,True
910593,BlueCart,Upcountry,True
905846,SwiftLine,Upcountry,True
900800,SwiftLine,Metro,True
900453,SwiftLine,Metro,True
909618,BlueCart,Upcountry,True
902634,SwiftLine,Metro,True
911367,BlueCart,Upcountry,False
901267,SwiftLine,Metro,True
901252,SwiftLine,Metro,True
909592,BlueCart,Upcountry,True
902755,SwiftLine,Metro,True
909164,BlueCart,Upcountry,True
906044,SwiftLine,Upcountry,True
911047,BlueCart,Upcountry,True
902553,SwiftLine,Metro,True
905936,SwiftLine,Upcountry,True
906517,BlueCart,Metro,True
910214,BlueCart,Upcountry,True
901680,SwiftLine,Metro,True
910160,BlueCart,Upcountry,True
905410,SwiftLine,Upcountry,True
911192,BlueCart,Upcountry,False
908689,BlueCart,Upcountry,True
905641,SwiftLine,Upcountry,True
904418,SwiftLine,Metro,True
907562,BlueCart,Upcountry,True
907816,BlueCart,Upcountry,True
900790,SwiftLine,Metro,True
909302,BlueCart,Upcountry,True
900061,SwiftLine,Metro,True
907478,BlueCart,Upcountry,False
909515,BlueCart,Upcountry,True
900053,SwiftLine,Metro,True
902700,SwiftLine,Metro,True
903451,SwiftLine,Metro,True
911242,BlueCart,Upcountry,True
903699,SwiftLine,Metro,True
907958,BlueCart,Upcountry,True
909453,BlueCart,Upcountry,True
908575,BlueCart,Upcountry,True
906414,BlueCart,Metro,True
901772,SwiftLine,Metro,True
901404,SwiftLine,Metro,True
911110,BlueCart,Upcountry,True
906613,BlueCart,Metro,True
906968,BlueCart,Metro,True
910858,BlueCart,Upcountry,True
910183,BlueCart,Upcountry,True
902759,SwiftLine,Metro,False
901303,SwiftLine,Metro,True
908063,BlueCart,Upcountry,True
905004,SwiftLine,Metro,True
902854,SwiftLine,Metro,True
902868,SwiftLine,Metro,True
905680,SwiftLine,Upcountry,True
909462,BlueCart,Upcountry,False
908851,BlueCart,Upcountry,True
907618,BlueCart,Upcountry,False
910222,BlueCart,Upcountry,True
905081,SwiftLine,Metro,True
904810,SwiftLine,Metro,True
903275,SwiftLine,Metro,True
907028,BlueCart,Metro,True
910216,BlueCart,Upcountry,True
911240,BlueCart,Upcountry,True
911197,BlueCart,Upcountry,True
910247,BlueCart,Upcountry,False
904252,SwiftLine,Metro,True
908089,BlueCart,Upcountry,True
901650,SwiftLine,Metro,True
907588,BlueCart,Upcountry,True
906731,BlueCart,Metro,True
904969,SwiftLine,Metro,True
909235,BlueCart,Upcountry,True
909871,BlueCart,Upcountry,False
904208,SwiftLine,Metro,True
910578,BlueCart,Upcountry,True
904056,SwiftLine,Metro,True
901978,SwiftLine,Metro,True
907818,BlueCart,Upcountry,True
910224,BlueCart,Upcountry,False
910931,BlueCart,Upcountry,True
909945,BlueCart,Upcountry,True
900905,SwiftLine,Metro,True
908398,BlueCart,Upcountry,True
902359,SwiftLine,Metro,True
909514,BlueCart,Upcountry,True
910808,BlueCart,Upcountry,False
905917,SwiftLine,Upcountry,True
910882,BlueCart,Upcountry,True
900289,SwiftLine,Metro,False
905118,SwiftLine,Metro,True
901764,SwiftLine,Metro,True
908488,BlueCart,Upcountry,False
902095,SwiftLine,Metro,True
910745,BlueCart,Upcountry,True
907201,BlueCart,Upcountry,True
907750,BlueCart,Upcountry,False
907449,BlueCart,Upcountry,True
909827,BlueCart,Upcountry,True
909393,BlueCart,Upcountry,False
910007,BlueCart,Upcountry,True
903577,SwiftLine,Metro,True
904886,SwiftLine,Metro,True
906325,BlueCart,Metro,True
910286,BlueCart,Upcountry,True
909775,BlueCart,Upcountry,False
908745,BlueCart,Upcountry,True
904254,SwiftLine,Metro,False
901604,SwiftLine,Metro,True
901617,SwiftLine,Metro,True
907599,BlueCart,Upcountry,False
907265,BlueCart,Upcountry,False
908164,BlueCart,Upcountry,False
911080,BlueCart,Upcountry,True
903763,SwiftLine,Metro,True
908630,BlueCart,Upcountry,False
901902,SwiftLine,Metro,True
905816,SwiftLine,Upcountry,True
910302,BlueCart,Upcountry,True
905520,SwiftLine,Upcountry,False
900470,SwiftLine,Metro,True
903108,SwiftLine,Metro,True
907196,BlueCart,Metro,True
907464,BlueCart,Upcountry,True
903396,SwiftLine,Metro,False
904990,SwiftLine,Metro,True
902044,SwiftLine,Metro,True
900338,SwiftLine,Metro,True
900054,SwiftLine,Metro,True
903124,SwiftLine,Metro,True
905562,SwiftLine,Upcountry,True
905301,SwiftLine,Upcountry,True
904414,SwiftLine,Metro,True
908527,BlueCart,Upcountry,True
909348,BlueCart,Upcountry,True
905385,SwiftLine,Upcountry,False
901073,SwiftLine,Metro,True
902257,SwiftLine,Metro,True
903286,SwiftLine,Metro,True
909325,BlueCart,Upcountry,True
904091,SwiftLine,Metro,True
908437,BlueCart,Upcountry,True
901850,SwiftLine,Metro,True
911436,BlueCart,Upcountry,True
910118,BlueCart,Upcountry,False
902461,SwiftLine,Metro,True
906036,SwiftLine,Upcountry,False
911264,BlueCart,Upcountry,True
901483,SwiftLine,Metro,True
910768,BlueCart,Upcountry,True
910002,BlueCart,Upcountry,False
907689,BlueCart,Upcountry,False
907553,BlueCart,Upcountry,True
907842,BlueCart,Upcountry,True
903197,SwiftLine,Metro,True
911171,BlueCart,Upcountry,True
906887,BlueCart,Metro,True
905997,SwiftLine,Upcountry,True
911440,BlueCart,Upcountry,True
900631,SwiftLine,Metro,True
902380,SwiftLine,Metro,True
901149,SwiftLine,Metro,True
910543,BlueCart,Upcountry,False
901365,SwiftLine,Metro,True
909365,BlueCart,Upcountry,True
901507,SwiftLine,Metro,True
908939,BlueCart,Upcountry,True
900049,SwiftLine,Metro,True
906213,BlueCart,Metro,True
903781,SwiftLine,Metro,True
908018,BlueCart,Upcountry,True
907574,BlueCart,Upcountry,True
906607,BlueCart,Metro,True
906446,BlueCart,Metro,True
905705,SwiftLine,Upcountry,True
905625,SwiftLine,Upcountry,True
904666,SwiftLine,Metro,False
904349,SwiftLine,Metro,True
906865,BlueCart,Metro,True
906830,BlueCart,Metro,True
909525,BlueCart,Upcountry,True
907511,BlueCart,Upcountry,True
904923,SwiftLine,Metro,True
904698,SwiftLine,Metro,True
901500,SwiftLine,Metro,True
904013,SwiftLine,Metro,True
903945,SwiftLine,Metro,True
909299,BlueCart,Upcountry,True
904351,SwiftLine,Metro,True
902063,SwiftLine,Metro,True
904614,SwiftLine,Metro,True
902871,SwiftLine,Metro,True
907716,BlueCart,Upcountry,False
902470,SwiftLine,Metro,True
902047,SwiftLine,Metro,True
907497,BlueCart,Upcountry,True
900038,SwiftLine,Metro,True
906947,BlueCart,Metro,True
902262,SwiftLine,Metro,True
906298,BlueCart,Metro,True
900009,SwiftLine,Metro,False
901697,SwiftLine,Metro,True
910332,BlueCart,Upcountry,True
905020,SwiftLine,Metro,True
904432,SwiftLine,Metro,True
903102,SwiftLine,Metro,True
903380,SwiftLine,Metro,True
902220,SwiftLine,Metro,True
908652,BlueCart,Upcountry,True
903892,SwiftLine,Metro,True
902415,SwiftLine,Metro,True
907757,BlueCart,Upcountry,False
909374,BlueCart,Upcountry,True
907728,BlueCart,Upcountry,False
908540,BlueCart,Upcountry,True
908100,BlueCart,Upcountry,False
910339,BlueCart,Upcountry,True
902467,SwiftLine,Metro,True
901178,SwiftLine,Metro,True
902193,SwiftLine,Metro,True
908655,BlueCart,Upcountry,True
910561,BlueCart,Upcountry,True
900407,SwiftLine,Metro,True
901437,SwiftLine,Metro,False
900979,SwiftLine,Metro,True
909857,BlueCart,Upcountry,False
910587,BlueCart,Upcountry,False
908565,BlueCart,Upcountry,True
902412,SwiftLine,Metro,True
901983,SwiftLine,Metro,True
903496,SwiftLine,Metro,True
907591,BlueCart,Upcountry,True
907288,BlueCart,Upcountry,True
907025,BlueCart,Metro,True
911301,BlueCart,Upcountry,True
911094,BlueCart,Upcountry,True
902710,SwiftLine,Metro,True
902927,SwiftLine,Metro,True
904179,SwiftLine,Metro,True
910290,BlueCart,Upcountry,False
901153,SwiftLine,Metro,False
908432,BlueCart,Upcountry,True
900040,SwiftLine,Metro,False
901297,SwiftLine,Metro,True
911387,BlueCart,Upcountry,False
904525,SwiftLine,Metro,True
902142,SwiftLine,Metro,True
908318,BlueCart,Upcountry,True
910162,BlueCart,Upcountry,True
906721,BlueCart,Metro,True
901085,SwiftLine,Metro,False
903239,SwiftLine,Metro,True
911245,BlueCart,Upcountry,True
903882,SwiftLine,Metro,True
904901,SwiftLine,Metro,True
905711,SwiftLine,Upcountry,True
902556,SwiftLine,Metro,True
908579,BlueCart,Upcountry,True
906824,BlueCart,Metro,True
900781,SwiftLine,Metro,True
904792,SwiftLine,Metro,True
902762,SwiftLine,Metro,True
908943,BlueCart,Upcountry,True
904480,SwiftLine,Metro,True
908641,BlueCart,Upcountry,True
905634,SwiftLine,Upcountry,True
900175,SwiftLine,Metro,True
910362,BlueCart,Upcountry,True
900650,SwiftLine,Metro,True
901724,SwiftLine,Metro,False
902055,SwiftLine,Metro,True
902996,SwiftLine,Metro,True
900843,SwiftLine,Metro,True
906452,BlueCart,Metro,True
904634,SwiftLine,Metro,True
908486,BlueCart,Upcountry,True
904844,SwiftLine,Metro,True
908129,BlueCart,Upcountry,True
905637,SwiftLine,Upcountry,True
910229,BlueCart,Upcountry,False
900840,SwiftLine,Metro,True
907513,BlueCart,Upcountry,True
900693,SwiftLine,Metro,True
909276,BlueCart,Upcountry,False
903875,SwiftLine,Metro,True
904376,SwiftLine,Metro,True
904797,SwiftLine,Metro,True
906219,BlueCart,Metro,True
906893,BlueCart,Metro,True
905516,SwiftLine,Upcountry,True
907928,BlueCart,Upcountry,False
902076,SwiftLine,Metro,True
905247,SwiftLine,Upcountry,True
904381,SwiftLine,Metro,False
904472,SwiftLine,Metro,True
908210,BlueCart,Upcountry,True
906227,BlueCart,Metro,True
903621,SwiftLine,Metro,True
904338,SwiftLine,Metro,True
904710,SwiftLine,Metro,True
900743,SwiftLine,Metro,True
908182,BlueCart,Upcountry,True
902252,SwiftLine,Metro,True
908033,BlueCart,Upcountry,True
909667,BlueCart,Upcountry,True
904543,SwiftLine,Metro,True
910383,BlueCart,Upcountry,True
901780,SwiftLine,Metro,True
905645,SwiftLine,Upcountry,True
903091,SwiftLine,Metro,True
910557,BlueCart,Upcountry,True
900776,SwiftLine,Metro,True
906815,BlueCart,Metro,True
908137,BlueCart,Upcountry,False
910530,BlueCart,Upcountry,True
910787,BlueCart,Upcountry,True
900155,SwiftLine,Metro,True
908281,BlueCart,Upcountry,True
908265,BlueCart,Upcountry,True
904392,SwiftLine,Metro,True
900953,SwiftLine,Metro,True
911029,BlueCart,Upcountry,True
910916,BlueCart,Upcountry,False
900573,SwiftLine,Metro,True
907071,BlueCart,Metro,True
908112,BlueCart,Upcountry,True
906527,BlueCart,Metro,True
902289,SwiftLine,Metro,True
906573,BlueCart,Metro,True
904494,SwiftLine,Metro,False
907229,BlueCart,Upcountry,True
906389,BlueCart,Metro,True
904944,SwiftLine,Metro,True
909529,BlueCart,Upcountry,True
907335,BlueCart,Upcountry,True
900980,SwiftLine,Metro,True
903979,SwiftLine,Metro,True
902036,SwiftLine,Metro,True
906125,BlueCart,Metro,True
905378,SwiftLine,Upcountry,True
903118,SwiftLine,Metro,True
903689,SwiftLine,Metro,True
904638,SwiftLine,Metro,True
905085,SwiftLine,Metro,True
900765,SwiftLine,Metro,True
906540,BlueCart,Metro,True
904977,SwiftLine,Metro,True
908639,BlueCart,Upcountry,True
901896,SwiftLine,Metro,True
910504,BlueCart,Upcountry,False
904761,SwiftLine,Metro,False
901822,SwiftLine,Metro,True
900494,SwiftLine,Metro,True
907238,BlueCart,Upcountry,True
904431,SwiftLine,Metro,True
901106,SwiftLine,Metro,True
903308,SwiftLine,Metro,True
911596,BlueCart,Upcountry,True
902091,SwiftLine,Metro,True
904987,SwiftLine,Metro,True
903151,SwiftLine,Metro,True
908608,BlueCart,Upcountry,True
900793,SwiftLine,Metro,True
902557,SwiftLine,Metro,True
910477,BlueCart,Upcountry,False
908178,BlueCart,Upcountry,True
906569,BlueCart,Metro,True
904137,SwiftLine,Metro,True
906250,BlueCart,Metro,True
906939,BlueCart,Metro,False
900872,SwiftLine,Metro,True
904031,SwiftLine,Metro,True
900279,SwiftLine,Metro,True
904922,SwiftLine,Metro,True
906992,BlueCart,Metro,True
900881,SwiftLine,Metro,True
907055,BlueCart,Metro,True
903961,SwiftLine,Metro,False
907918,BlueCart,Upcountry,True
904814,SwiftLine,Metro,True
904404,SwiftLine,Metro,True
902241,SwiftLine,Metro,True
903900,SwiftLine,Metro,False
910265,BlueCart,Upcountry,True
905919,SwiftLine,Upcountry,True
904598,SwiftLine,Metro,True
903805,SwiftLine,Metro,True
907347,BlueCart,Upcountry,True
907951,BlueCart,Upcountry,True
903350,SwiftLine,Metro,True
904748,SwiftLine,Metro,True
910143,BlueCart,Upcountry,True
906828,BlueCart,Metro,True
901967,SwiftLine,Metro,True
907241,BlueCart,Upcountry,False
904078,SwiftLine,Metro,True
906652,BlueCart,Metro,True
900023,SwiftLine,Metro,True
903127,SwiftLine,Metro,True
902726,SwiftLine,Metro,True
905349,SwiftLine,Upcountry,False
908462,BlueCart,Upcountry,False
902563,SwiftLine,Metro,True
905384,SwiftLine,Upcountry,True
905235,SwiftLine,Upcountry,True
900798,SwiftLine,Metro,True
906199,BlueCart,Metro,True
907406,BlueCart,Upcountry,True
900937,SwiftLine,Metro,True
905355,SwiftLine,Upcountry,True
904695,SwiftLine,Metro,True
902707,SwiftLine,Metro,True
900096,SwiftLine,Metro,True
910611,BlueCart,Upcountry,True
904897,SwiftLine,Metro,True
901936,SwiftLine,Metro,True
902396,SwiftLine,Metro,True
910210,BlueCart,Upcountry,True
906129,BlueCart,Metro,True
902937,SwiftLine,Metro,True
905913,SwiftLine,Upcountry,True
903653,SwiftLine,Metro,True
908071,BlueCart,Upcountry,True
906780,BlueCart,Metro,True
910862,BlueCart,Upcountry,True
904518,SwiftLine,Metro,True
906107,BlueCart,Metro,True
906251,BlueCart,Metro,True
904584,SwiftLine,Metro,True
905326,SwiftLine,Upcountry,True
909943,BlueCart,Upcountry,True
904113,SwiftLine,Metro,True
908580,BlueCart,Upcountry,True
906097,SwiftLine,Upcountry,False
910252,BlueCart,Upcountry,False
904915,SwiftLine,Metro,True
905914,SwiftLine,Upcountry,True
906046,SwiftLine,Upcountry,True
905319,SwiftLine,Upcountry,False
903608,SwiftLine,Metro,True
907010,BlueCart,Metro,True
905472,SwiftLine,Upcountry,True
902096,SwiftLine,Metro,True
901418,SwiftLine,Metro,True
906245,BlueCart,Metro,True
909864,BlueCart,Upcountry,False
901203,SwiftLine,Metro,True
904816,SwiftLine,Metro,True
907572,BlueCart,Upcountry,True
906594,BlueCart,Metro,True
901123,SwiftLine,Metro,True
907863,BlueCart,Upcountry,True
902876,SwiftLine,Metro,True
902058,SwiftLine,Metro,True
908023,BlueCart,Upcountry,False
906130,BlueCart,Metro,True
910374,BlueCart,Upcountry,False
910594,BlueCart,Upcountry,True
900680,SwiftLine,Metro,True
911352,BlueCart,Upcountry,True
906545,BlueCart,Metro,True
904696,SwiftLine,Metro,True
906322,BlueCart,Metro,True
906969,BlueCart,Metro,True
902308,SwiftLine,Metro,True
902127,SwiftLine,Metro,True
901688,SwiftLine,Metro,True
907848,BlueCart,Upcountry,True
904659,SwiftLine,Metro,True
900249,SwiftLine,Metro,True
902487,SwiftLine,Metro,True
900770,SwiftLine,Metro,True
904575,SwiftLine,Metro,True
904624,SwiftLine,Metro,True
903548,SwiftLine,Metro,True
905297,SwiftLine,Upcountry,True
905593,SwiftLine,Upcountry,True
902637,SwiftLine,Metro,True
901989,SwiftLine,Metro,True
903523,SwiftLine,Metro,True
911584,BlueCart,Upcountry,True
911495,BlueCart,Upcountry,True
902506,SwiftLine,Metro,True
904523,SwiftLine,Metro,False
909572,BlueCart,Upcountry,True
908810,BlueCart,Upcountry,True
902596,SwiftLine,Metro,True
906537,BlueCart,Metro,True
900748,SwiftLine,Metro,True
908557,BlueCart,Upcountry,True
911567,BlueCart,Upcountry,False
901776,SwiftLine,Metro,True
902429,SwiftLine,Metro,True
904430,SwiftLine,Metro,True
910938,BlueCart,Upcountry,False
904566,SwiftLine,Metro,True
910818,BlueCart,Upcountry,True
904294,SwiftLine,Metro,True
907034,BlueCart,Metro,True
906564,BlueCart,Metro,True
910585,BlueCart,Upcountry,True
905292,SwiftLine,Upcountry,True
905450,SwiftLine,Upcountry,True
904383,SwiftLine,Metro,True
904971,SwiftLine,Metro,True
910292,BlueCart,Upcountry,True
908782,BlueCart,Upcountry,True
906088,SwiftLine,Upcountry,True
910538,BlueCart,Upcountry,False
902087,SwiftLine,Metro,True
901145,SwiftLine,Metro,True
907904,BlueCart,Upcountry,True
904830,SwiftLine,Metro,True
906133,BlueCart,Metro,False
903370,SwiftLine,Metro,True
901496,SwiftLine,Metro,True
907254,BlueCart,Upcountry,True
908001,BlueCart,Upcountry,True
907736,BlueCart,Upcountry,False
903312,SwiftLine,Metro,True
905446,SwiftLine,Upcountry,True
902311,SwiftLine,Metro,True
906292,BlueCart,Metro,True
903167,SwiftLine,Metro,True
911504,BlueCart,Upcountry,True
908015,BlueCart,Upcountry,True
902735,SwiftLine,Metro,True
902810,SwiftLine,Metro,True
900447,SwiftLine,Metro,True
908492,BlueCart,Upcountry,True
900153,SwiftLine,Metro,True
911273,BlueCart,Upcountry,True
908245,BlueCart,Upcountry,True
910651,BlueCart,Upcountry,True
911510,BlueCart,Upcountry,False
910336,BlueCart,Upcountry,True
902451,SwiftLine,Metro,True
902560,SwiftLine,Metro,False
903191,SwiftLine,Metro,True
907850,BlueCart,Upcountry,True
911382,BlueCart,Upcountry,True
905644,SwiftLine,Upcountry,True
904974,SwiftLine,Metro,True
908122,BlueCart,Upcountry,False
904958,SwiftLine,Metro,True
902355,SwiftLine,Metro,False
901847,SwiftLine,Metro,True
905442,SwiftLine,Upcountry,True
900429,SwiftLine,Metro,True
908718,BlueCart,Upcountry,True
911262,BlueCart,Upcountry,True
900457,SwiftLine,Metro,True
903505,SwiftLine,Metro,True
901416,SwiftLine,Metro,True
902477,SwiftLine,Metro,True
904283,SwiftLine,Metro,True
901775,SwiftLine,Metro,True
909544,BlueCart,Upcountry,True
909197,BlueCart,Upcountry,False
905468,SwiftLine,Upcountry,False
904048,SwiftLine,Metro,True
902535,SwiftLine,Metro,True
903398,SwiftLine,Metro,True
903101,SwiftLine,Metro,True
908640,BlueCart,Upcountry,False
909076,BlueCart,Upcountry,True
907178,BlueCart,Metro,True
906425,BlueCart,Metro,True
909567,BlueCart,Upcountry,True
909719,BlueCart,Upcountry,False
905990,SwiftLine,Upcountry,True
901690,SwiftLine,Metro,True
907525,BlueCart,Upcountry,True
907624,BlueCart,Upcountry,True
900876,SwiftLine,Metro,True
905505,SwiftLine,Upcountry,True
911295,BlueCart,Upcountry,True
904706,SwiftLine,Metro,True
906555,BlueCart,Metro,True
905700,SwiftLine,Upcountry,True
900871,SwiftLine,Metro,True
911175,BlueCart,Upcountry,False
906805,BlueCart,Metro,True
900219,SwiftLine,Metro,True
901323,SwiftLine,Metro,True
902873,SwiftLine,Metro,True
911361,BlueCart,Upcountry,True
903659,SwiftLine,Metro,True
900691,SwiftLine,Metro,True
900756,SwiftLine,Metro,True
904980,SwiftLine,Metro,True
907162,BlueCart,Metro,True
900878,SwiftLine,Metro,True
901136,SwiftLine,Metro,True
905961,SwiftLine,Upcountry,False
909099,BlueCart,Upcountry,True
901009,SwiftLine,Metro,True
906240,BlueCart,Metro,True
909270,BlueCart,Upcountry,True
903814,SwiftLine,Metro,True
908140,BlueCart,Upcountry,True
905663,SwiftLine,Upcountry,True
909274,BlueCart,Upcountry,False
907202,BlueCart,Upcountry,True
903798,SwiftLine,Metro,True
910211,BlueCart,Upcountry,True
900592,SwiftLine,Metro,True
900785,SwiftLine,Metro,True
906966,BlueCart,Metro,True
906802,BlueCart,Metro,True
904668,SwiftLine,Metro,True
906808,BlueCart,Metro,True
906447,BlueCart,Metro,True
905616,SwiftLine,Upcountry,True
900706,SwiftLine,Metro,True
906497,BlueCart,Metro,True
900394,SwiftLine,Metro,True
904692,SwiftLine,Metro,True
910391,BlueCart,Upcountry,True
911431,BlueCart,Upcountry,False
909420,BlueCart,Upcountry,True
902805,SwiftLine,Metro,True
906211,BlueCart,Metro,True
903568,SwiftLine,Metro,True
901115,SwiftLine,Metro,True
908275,BlueCart,Upcountry,True
901175,SwiftLine,Metro,True
901769,SwiftLine,Metro,False
908316,BlueCart,Upcountry,True
910283,BlueCart,Upcountry,True
905566,SwiftLine,Upcountry,True
905139,SwiftLine,Metro,True
909789,BlueCart,Upcountry,False
908786,BlueCart,Upcountry,True
907945,BlueCart,Upcountry,True
910255,BlueCart,Upcountry,True
909601,BlueCart,Upcountry,True
909062,BlueCart,Upcountry,True
909207,BlueCart,Upcountry,True
902679,SwiftLine,Metro,True
907390,BlueCart,Upcountry,False
902499,SwiftLine,Metro,True
908239,BlueCart,Upcountry,True
909839,BlueCart,Upcountry,True
901401,SwiftLine,Metro,True
910262,BlueCart,Upcountry,True
908558,BlueCart,Upcountry,True
900469,SwiftLine,Metro,True
906525,BlueCart,Metro,True
905196,SwiftLine,Metro,True
908732,BlueCart,Upcountry,True
906265,BlueCart,Metro,True
908204,BlueCart,Upcountry,False
909780,BlueCart,Upcountry,True
910368,BlueCart,Upcountry,True
901074,SwiftLine,Metro,True
908733,BlueCart,Upcountry,True
908229,BlueCart,Upcountry,True
901071,SwiftLine,Metro,True
904373,SwiftLine,Metro,True
902002,SwiftLine,Metro,True
905291,SwiftLine,Upcountry,True
910834,BlueCart,Upcountry,True
903588,SwiftLine,Metro,True
907336,BlueCart,Upcountry,True
908125,BlueCart,Upcountry,True
905060,SwiftLine,Metro,False
902385,SwiftLine,Metro,True
903194,SwiftLine,Metro,True
902218,SwiftLine,Metro,True
908220,BlueCart,Upcountry,True
901281,SwiftLine,Metro,True
906673,BlueCart,Metro,True
901756,SwiftLine,Metro,True
907981,BlueCart,Upcountry,False
901215,SwiftLine,Metro,True
909629,BlueCart,Upcountry,True
902841,SwiftLine,Metro,False
911432,BlueCart,Upcountry,False
907234,BlueCart,Upcountry,True
906273,BlueCart,Metro,True
903229,SwiftLine,Metro,True
903811,SwiftLine,Metro,True
906369,BlueCart,Metro,True
900788,SwiftLine,Metro,True
903152,SwiftLine,Metro,False
910108,BlueCart,Upcountry,False
908564,BlueCart,Upcountry,True
907377,BlueCart,Upcountry,False
907372,BlueCart,Upcountry,True
908474,BlueCart,Upcountry,True
909318,BlueCart,Upcountry,True
903842,SwiftLine,Metro,True
905331,SwiftLine,Upcountry,True
909485,BlueCart,Upcountry,True
911255,BlueCart,Upcountry,False
906701,BlueCart,Metro,True
904390,SwiftLine,Metro,True
900900,SwiftLine,Metro,True
904509,SwiftLine,Metro,True
906962,BlueCart,Metro,True
904804,SwiftLine,Metro,True
901931,SwiftLine,Metro,True
904143,SwiftLine,Metro,True
900307,SwiftLine,Metro,True
901080,SwiftLine,Metro,True
901284,SwiftLine,Metro,True
910764,BlueCart,Upcountry,True
911585,BlueCart,Upcountry,True
903349,SwiftLine,Metro,True
907098,BlueCart,Metro,True
900967,SwiftLine,Metro,True
902386,SwiftLine,Metro,True
902840,SwiftLine,Metro,True
910333,BlueCart,Upcountry,True
909232,BlueCart,Upcountry,False
908184,BlueCart,Upcountry,False
903367,SwiftLine,Metro,True
911372,BlueCart,Upcountry,True
902016,SwiftLine,Metro,True
908304,BlueCart,Upcountry,True
901590,SwiftLine,Metro,True
909219,BlueCart,Upcountry,True
908772,BlueCart,Upcountry,False
904625,SwiftLine,Metro,True
908021,BlueCart,Upcountry,True
908372,BlueCart,Upcountry,True
910371,BlueCart,Upcountry,True
909328,BlueCart,Upcountry,True
909324,BlueCart,Upcountry,False
911463,BlueCart,Upcountry,False
907397,BlueCart,Upcountry,True
905964,SwiftLine,Upcountry,True
902694,SwiftLine,Metro,True
903734,SwiftLine,Metro,True
903755,SwiftLine,Metro,True
909837,BlueCart,Upcountry,True
900340,SwiftLine,Metro,True
903369,SwiftLine,Metro,True
908283,BlueCart,Upcountry,True
900479,SwiftLine,Metro,True
910082,BlueCart,Upcountry,True
911209,BlueCart,Upcountry,True
900127,SwiftLine,Metro,True
901251,SwiftLine,Metro,True
901645,SwiftLine,Metro,True
908138,BlueCart,Upcountry,True
907795,BlueCart,Upcountry,True
906275,BlueCart,Metro,True
910929,BlueCart,Upcountry,False
904469,SwiftLine,Metro,True
900847,SwiftLine,Metro,True
906928,BlueCart,Metro,True
905049,SwiftLine,Metro,True
900634,SwiftLine,Metro,True
901220,SwiftLine,Metro,True
908296,BlueCart,Upcountry,False
900625,SwiftLine,Metro,True
903407,SwiftLine,Metro,True
907527,BlueCart,Upcountry,True
901823,SwiftLine,Metro,False
901052,SwiftLine,Metro,True
905465,SwiftLine,Upcountry,False
905063,SwiftLine,Metro,True
905395,SwiftLine,Upcountry,True
904951,SwiftLine,Metro,True
906635,BlueCart,Metro,True
910489,BlueCart,Upcountry,False
904508,SwiftLine,Metro,True
907326,BlueCart,Upcountry,True
904621,SwiftLine,Metro,True
901658,SwiftLine,Metro,True
911064,BlueCart,Upcountry,False
902551,SwiftLine,Metro,True
902254,SwiftLine,Metro,True
907577,BlueCart,Upcountry,True
911576,BlueCart,Upcountry,True
900611,SwiftLine,Metro,True
902288,SwiftLine,Metro,True
903764,SwiftLine,Metro,True
904241,SwiftLine,Metro,True
910266,BlueCart,Upcountry,False
906912,BlueCart,Metro,True
904175,SwiftLine,Metro,True
902003,SwiftLine,Metro,True
908238,BlueCart,Upcountry,True
909935,BlueCart,Upcountry,True
900746,SwiftLine,Metro,True
905823,SwiftLine,Upcountry,False
903741,SwiftLine,Metro,False
906645,BlueCart,Metro,True
902099,SwiftLine,Metro,True
910300,BlueCart,Upcountry,True
910955,BlueCart,Upcountry,True
903998,SwiftLine,Metro,True
909913,BlueCart,Upcountry,True
909372,BlueCart,Upcountry,True
900491,SwiftLine,Metro,True
903928,SwiftLine,Metro,False
903342,SwiftLine,Metro,True
900772,SwiftLine,Metro,True
905238,SwiftLine,Upcountry,True
900615,SwiftLine,Metro,True
904425,SwiftLine,Metro,True
901738,SwiftLine,Metro,True
907755,BlueCart,Upcountry,False
904412,SwiftLine,Metro,True
906543,BlueCart,Metro,True
904150,SwiftLine,Metro,True
905789,SwiftLine,Upcountry,True
907557,BlueCart,Upcountry,True
901788,SwiftLine,Metro,True
909891,BlueCart,Upcountry,True
911168,BlueCart,Upcountry,True
900806,SwiftLine,Metro,False
904529,SwiftLine,Metro,True
903404,SwiftLine,Metro,True
904094,SwiftLine,Metro,True
908790,BlueCart,Upcountry,False
901732,SwiftLine,Metro,False
905459,SwiftLine,Upcountry,True
902595,SwiftLine,Metro,True
904859,SwiftLine,Metro,True
909317,BlueCart,Upcountry,True
909483,BlueCart,Upcountry,True
901588,SwiftLine,Metro,True
904617,SwiftLine,Metro,True
900734,SwiftLine,Metro,True
906163,BlueCart,Metro,True
900064,SwiftLine,Metro,True
906844,BlueCart,Metro,True
900928,SwiftLine,Metro,True
909556,BlueCart,Upcountry,True
909342,BlueCart,Upcountry,True
911552,BlueCart,Upcountry,True
910957,BlueCart,Upcountry,True
910338,BlueCart,Upcountry,True
905280,SwiftLine,Upcountry,True
901048,SwiftLine,Metro,False
902651,SwiftLine,Metro,True
909929,BlueCart,Upcountry,True
904278,SwiftLine,Metro,True
905428,SwiftLine,Upcountry,True
903777,SwiftLine,Metro,True
900004,SwiftLine,Metro,True
904305,SwiftLine,Metro,True
904701,SwiftLine,Metro,True
905874,SwiftLine,Upcountry,True
901458,SwiftLine,Metro,True
906741,BlueCart,Metro,True
905787,SwiftLine,Upcountry,True
902375,SwiftLine,Metro,True
901206,SwiftLine,Metro,True
908456,BlueCart,Upcountry,True
901836,SwiftLine,Metro,True
910277,BlueCart,Upcountry,False
910741,BlueCart,Upcountry,False
900250,SwiftLine,Metro,True
904885,SwiftLine,Metro,True
905557,SwiftLine,Upcountry,True
904148,SwiftLine,Metro,True
906560,BlueCart,Metro,True
901075,SwiftLine,Metro,True
902334,SwiftLine,Metro,True
906285,BlueCart,Metro,True
900450,SwiftLine,Metro,True
907988,BlueCart,Upcountry,True
910389,BlueCart,Upcountry,True
905900,SwiftLine,Upcountry,True
903823,SwiftLine,Metro,True
907595,BlueCart,Upcountry,True
910312,BlueCart,Upcountry,True
910935,BlueCart,Upcountry,True
907077,BlueCart,Metro,True
905110,SwiftLine,Metro,True
906481,BlueCart,Metro,True
903567,SwiftLine,Metro,True
910868,BlueCart,Upcountry,True
902625,SwiftLine,Metro,True
910444,BlueCart,Upcountry,True
904368,SwiftLine,Metro,True
911506,BlueCart,Upcountry,False
905451,SwiftLine,Upcountry,True
906733,BlueCart,Metro,True
903279,SwiftLine,Metro,True
903235,SwiftLine,Metro,True
906055,SwiftLine,Upcountry,True
900930,SwiftLine,Metro,True
910184,BlueCart,Upcountry,False
905660,SwiftLine,Upcountry,True
902987,SwiftLine,Metro,True
903202,SwiftLine,Metro,True
907702,BlueCart,Upcountry,True
903003,SwiftLine,Metro,True
910660,BlueCart,Upcountry,True
907294,BlueCart,Upcountry,True
902276,SwiftLine,Metro,True
900255,SwiftLine,Metro,True
904176,SwiftLine,Metro,True
909416,BlueCart,Upcountry,True
901336,SwiftLine,Metro,True
910619,BlueCart,Upcountry,False
902232,SwiftLine,Metro,True
911154,BlueCart,Upcountry,False
900613,SwiftLine,Metro,True
911341,BlueCart,Upcountry,True
901514,SwiftLine,Metro,True
902507,SwiftLine,Metro,True
904417,SwiftLine,Metro,True
906478,BlueCart,Metro,True
908865,BlueCart,Upcountry,False
907435,BlueCart,Upcountry,True
900819,SwiftLine,Metro,True
904321,SwiftLine,Metro,True
906303,BlueCart,Metro,True
903779,SwiftLine,Metro,True
908525,BlueCart,Upcountry,True
900742,SwiftLine,Metro,True
901784,SwiftLine,Metro,True
904578,SwiftLine,Metro,True
910456,BlueCart,Upcountry,True
907853,BlueCart,Upcountry,True
900728,SwiftLine,Metro,True
906116,BlueCart,Metro,True
907019,BlueCart,Metro,True
907520,BlueCart,Upcountry,True
911203,BlueCart,Upcountry,False
910583,BlueCart,Upcountry,True
906822,BlueCart,Metro,True
902850,SwiftLine,Metro,True
910869,BlueCart,Upcountry,True
909135,BlueCart,Upcountry,False
905631,SwiftLine,Upcountry,True
906053,SwiftLine,Upcountry,True
908342,BlueCart,Upcountry,True
902040,SwiftLine,Metro,True
909369,BlueCart,Upcountry,True
903502,SwiftLine,Metro,True
910580,BlueCart,Upcountry,True
904083,SwiftLine,Metro,False
910321,BlueCart,Upcountry,True
909367,BlueCart,Upcountry,False
902159,SwiftLine,Metro,True
905050,SwiftLine,Metro,True
901454,SwiftLine,Metro,True
900388,SwiftLine,Metro,True
907434,BlueCart,Upcountry,True
907206,BlueCart,Upcountry,False
904690,SwiftLine,Metro,False
901609,SwiftLine,Metro,True
911221,BlueCart,Upcountry,True
903644,SwiftLine,Metro,True
900432,SwiftLine,Metro,True
909598,BlueCart,Upcountry,True
900045,SwiftLine,Metro,True
902952,SwiftLine,Metro,True
909897,BlueCart,Upcountry,True
911379,BlueCart,Upcountry,True
900018,SwiftLine,Metro,True
907696,BlueCart,Upcountry,True
910048,BlueCart,Upcountry,True
904396,SwiftLine,Metro,True
905145,SwiftLine,Metro,True
904193,SwiftLine,Metro,True
901173,SwiftLine,Metro,True
904845,SwiftLine,Metro,True
904355,SwiftLine,Metro,True
907428,BlueCart,Upcountry,True
904511,SwiftLine,Metro,True
902284,SwiftLine,Metro,True
907005,BlueCart,Metro,True
900960,SwiftLine,Metro,True
908890,BlueCart,Upcountry,True
907602,BlueCart,Upcountry,True
902167,SwiftLine,Metro,True
908975,BlueCart,Upcountry,False
910379,BlueCart,Upcountry,True
900738,SwiftLine,Metro,True
910268,BlueCart,Upcountry,True
902071,SwiftLine,Metro,True
900561,SwiftLine,Metro,True
907489,BlueCart,Upcountry,True
900931,SwiftLine,Metro,True
909284,BlueCart,Upcountry,True
906761,BlueCart,Metro,True
901706,SwiftLine,Metro,True
903711,SwiftLine,Metro,True
908466,BlueCart,Upcountry,False
902736,SwiftLine,Metro,True
901924,SwiftLine,Metro,True
900461,SwiftLine,Metro,True
906415,BlueCart,Metro,True
906173,BlueCart,Metro,True
907871,BlueCart,Upcountry,True
900424,SwiftLine,Metro,True
901526,SwiftLine,Metro,True
902621,SwiftLine,Metro,True
906707,BlueCart,Metro,True
910750,BlueCart,Upcountry,False
910582,BlueCart,Upcountry,True
903837,SwiftLine,Metro,True
907068,BlueCart,Metro,True
905693,SwiftLine,Upcountry,True
906150,BlueCart,Metro,True
910671,BlueCart,Upcountry,False
904297,SwiftLine,Metro,True
906190,BlueCart,Metro,True
907920,BlueCart,Upcountry,True
903473,SwiftLine,Metro,True
901909,SwiftLine,Metro,True
905749,SwiftLine,Upcountry,False
906222,BlueCart,Metro,True
905735,SwiftLine,Upcountry,True
905303,SwiftLine,Upcountry,True
902133,SwiftLine,Metro,True
900351,SwiftLine,Metro,True
911260,BlueCart,Upcountry,False
907730,BlueCart,Upcountry,True
909303,BlueCart,Upcountry,True
911581,BlueCart,Upcountry,False
907084,BlueCart,Metro,True
903728,SwiftLine,Metro,True
906079,SwiftLine,Upcountry,False
904742,SwiftLine,Metro,True
910186,BlueCart,Upcountry,True
910041,BlueCart,Upcountry,True
902696,SwiftLine,Metro,True
908769,BlueCart,Upcountry,True
903558,SwiftLine,Metro,True
909587,BlueCart,Upcountry,True
911508,BlueCart,Upcountry,True
908183,BlueCart,Upcountry,True
910793,BlueCart,Upcountry,True
904800,SwiftLine,Metro,True
902045,SwiftLine,Metro,True
905164,SwiftLine,Metro,True
908163,BlueCart,Upcountry,True
904237,SwiftLine,Metro,True
907231,BlueCart,Upcountry,True
902601,SwiftLine,Metro,True
902836,SwiftLine,Metro,True
901801,SwiftLine,Metro,True
903220,SwiftLine,Metro,True
902966,SwiftLine,Metro,True
903966,SwiftLine,Metro,True
907120,BlueCart,Metro,True
909782,BlueCart,Upcountry,True
903388,SwiftLine,Metro,True
911098,BlueCart,Upcountry,True
903908,SwiftLine,Metro,True
903163,SwiftLine,Metro,True
900217,SwiftLine,Metro,True
910843,BlueCart,Upcountry,True
906777,BlueCart,Metro,True
904211,SwiftLine,Metro,True
904036,SwiftLine,Metro,True
903181,SwiftLine,Metro,True
908169,BlueCart,Upcountry,False
905127,SwiftLine,Metro,True
906751,BlueCart,Metro,True
911246,BlueCart,Upcountry,True
909996,BlueCart,Upcountry,True
901664,SwiftLine,Metro,True
902769,SwiftLine,Metro,True
901484,SwiftLine,Metro,True
905640,SwiftLine,Upcountry,True
902496,SwiftLine,Metro,True
904099,SwiftLine,Metro,True
903228,SwiftLine,Metro,True
907581,BlueCart,Upcountry,True
910199,BlueCart,Upcountry,False
902545,SwiftLine,Metro,True
906316,BlueCart,Metro,True
902739,SwiftLine,Metro,True
907558,BlueCart,Upcountry,True
904466,SwiftLine,Metro,True
910823,BlueCart,Upcountry,True
903135,SwiftLine,Metro,True
909061,BlueCart,Upcountry,True
903550,SwiftLine,Metro,True
906910,BlueCart,Metro,True
907616,BlueCart,Upcountry,True
909982,BlueCart,Upcountry,False
910175,BlueCart,Upcountry,True
910278,BlueCart,Upcountry,False
903282,SwiftLine,Metro,True
907561,BlueCart,Upcountry,True
908253,BlueCart,Upcountry,True
900704,SwiftLine,Metro,True
907986,BlueCart,Upcountry,True
906580,BlueCart,Metro,True
908479,BlueCart,Upcountry,True
906236,BlueCart,Metro,True
909725,BlueCart,Upcountry,True
900935,SwiftLine,Metro,True
906485,BlueCart,Metro,True
904220,SwiftLine,Metro,True
908747,BlueCart,Upcountry,True
906971,BlueCart,Metro,True
902577,SwiftLine,Metro,True
909300,BlueCart,Upcountry,True
904819,SwiftLine,Metro,True
900528,SwiftLine,Metro,True
901098,SwiftLine,Metro,True
909163,BlueCart,Upcountry,False
901472,SwiftLine,Metro,True
900291,SwiftLine,Metro,True
907521,BlueCart,Upcountry,True
901033,SwiftLine,Metro,True
901865,SwiftLine,Metro,True
910329,BlueCart,Upcountry,True
901008,SwiftLine,Metro,True
900017,SwiftLine,Metro,True
904836,SwiftLine,Metro,True
905073,SwiftLine,Metro,True
902092,SwiftLine,Metro,True
909888,BlueCart,Upcountry,False
911194,BlueCart,Upcountry,True
910981,BlueCart,Upcountry,True
906434,BlueCart,Metro,True
905664,SwiftLine,Upcountry,True
907013,BlueCart,Metro,True
902851,SwiftLine,Metro,True
909797,BlueCart,Upcountry,True
909290,BlueCart,Upcountry,True
908528,BlueCart,Upcountry,False
904207,SwiftLine,Metro,True
907564,BlueCart,Upcountry,True
907888,BlueCart,Upcountry,True
909741,BlueCart,Upcountry,True
901003,SwiftLine,Metro,True
908005,BlueCart,Upcountry,True
902898,SwiftLine,Metro,True
909518,BlueCart,Upcountry,False
904467,SwiftLine,Metro,True
904075,SwiftLine,Metro,True
908587,BlueCart,Upcountry,True
905361,SwiftLine,Upcountry,True
903662,SwiftLine,Metro,True
903637,SwiftLine,Metro,True
907047,BlueCart,Metro,True
904011,SwiftLine,Metro,True
911075,BlueCart,Upcountry,True
903345,SwiftLine,Metro,True
901183,SwiftLine,Metro,True
907159,BlueCart,Metro,True
904580,SwiftLine,Metro,True
909377,BlueCart,Upcountry,True
908560,BlueCart,Upcountry,True
900399,SwiftLine,Metro,True
906892,BlueCart,Metro,True
905397,SwiftLine,Upcountry,True
901862,SwiftLine,Metro,True
911547,BlueCart,Upcountry,True
909800,BlueCart,Upcountry,False
905639,SwiftLine,Upcountry,True
903888,SwiftLine,Metro,True
910521,BlueCart,Upcountry,True
905781,SwiftLine,Upcountry,False
902107,SwiftLine,Metro,True
902691,SwiftLine,Metro,True
906961,BlueCart,Metro,True
900163,SwiftLine,Metro,True
905059,SwiftLine,Metro,True
900104,SwiftLine,Metro,True
900737,SwiftLine,Metro,True
902365,SwiftLine,Metro,True
910311,BlueCart,Upcountry,True
905553,SwiftLine,Upcountry,True
904912,SwiftLine,Metro,True
903394,SwiftLine,Metro,True
907536,BlueCart,Upcountry,True
900813,SwiftLine,Metro,True
904694,SwiftLine,Metro,True
906706,BlueCart,Metro,True
909804,BlueCart,Upcountry,False
902537,SwiftLine,Metro,False
900377,SwiftLine,Metro,True
905646,SwiftLine,Upcountry,True
907686,BlueCart,Upcountry,True
905865,SwiftLine,Upcountry,False
905133,SwiftLine,Metro,False
904065,SwiftLine,Metro,True
904331,SwiftLine,Metro,True
903162,SwiftLine,Metro,True
901049,SwiftLine,Metro,True
903912,SwiftLine,Metro,True
905866,SwiftLine,Upcountry,True
906353,BlueCart,Metro,True
908602,BlueCart,Upcountry,True
900747,SwiftLine,Metro,True
911371,BlueCart,Upcountry,True
907128,BlueCart,Metro,True
902356,SwiftLine,Metro,True
909229,BlueCart,Upcountry,False
909415,BlueCart,Upcountry,True
906563,BlueCart,Metro,True
906872,BlueCart,Metro,True
900047,SwiftLine,Metro,True
904476,SwiftLine,Metro,True
908931,BlueCart,Upcountry,True
910816,BlueCart,Upcountry,True
905215,SwiftLine,Upcountry,True
903700,SwiftLine,Metro,True
902820,SwiftLine,Metro,True
904779,SwiftLine,Metro,True
907322,BlueCart,Upcountry,True
900290,SwiftLine,Metro,True
908923,BlueCart,Upcountry,True
902427,SwiftLine,Metro,True
901287,SwiftLine,Metro,True
907550,BlueCart,Upcountry,True
900852,SwiftLine,Metro,True
906038,SwiftLine,Upcountry,True
909198,BlueCart,Upcountry,False
909770,BlueCart,Upcountry,True
903988,SwiftLine,Metro,True
902800,SwiftLine,Metro,True
908390,BlueCart,Upcountry,False
904447,SwiftLine,Metro,True
907765,BlueCart,Upcountry,True
910629,BlueCart,Upcountry,True
907801,BlueCart,Upcountry,False
901079,SwiftLine,Metro,True
910045,BlueCart,Upcountry,True
908118,BlueCart,Upcountry,True
909144,BlueCart,Upcountry,False
908738,BlueCart,Upcountry,True
904196,SwiftLine,Metro,True
905392,SwiftLine,Upcountry,True
909628,BlueCart,Upcountry,False
909257,BlueCart,Upcountry,False
906831,BlueCart,Metro,True
905958,SwiftLine,Upcountry,True
905559,SwiftLine,Upcountry,True
910056,BlueCart,Upcountry,True
905761,SwiftLine,Upcountry,False
903287,SwiftLine,Metro,True
901076,SwiftLine,Metro,True
900234,SwiftLine,Metro,False
905371,SwiftLine,Upcountry,False
908720,BlueCart,Upcountry,True
903236,SwiftLine,Metro,True
903341,SwiftLine,Metro,True
906976,BlueCart,Metro,True
903066,SwiftLine,Metro,True
907473,BlueCart,Upcountry,True
902611,SwiftLine,Metro,True
907222,BlueCart,Upcountry,True
903263,SwiftLine,Metro,True
901786,SwiftLine,Metro,True
908723,BlueCart,Upcountry,True
903474,SwiftLine,Metro,True
911173,BlueCart,Upcountry,True
902147,SwiftLine,Metro,True
911297,BlueCart,Upcountry,True
902994,SwiftLine,Metro,True
902251,SwiftLine,Metro,True
901223,SwiftLine,Metro,True
910844,BlueCart,Upcountry,False
907989,BlueCart,Upcountry,True
906638,BlueCart,Metro,True
900959,SwiftLine,Metro,True
901591,SwiftLine,Metro,True
909343,BlueCart,Upcountry,True
908295,BlueCart,Upcountry,False
900440,SwiftLine,Metro,True
905902,SwiftLine,Upcountry,True
900229,SwiftLine,Metro,True
911059,BlueCart,Upcountry,True
910881,BlueCart,Upcountry,True
907228,BlueCart,Upcountry,False
906368,BlueCart,Metro,True
910920,BlueCart,Upcountry,False
911157,BlueCart,Upcountry,True
909874,BlueCart,Upcountry,True
910795,BlueCart,Upcountry,True
904485,SwiftLine,Metro,True
906674,BlueCart,Metro,True
904027,SwiftLine,Metro,True
909016,BlueCart,Upcountry,True
911466,BlueCart,Upcountry,True
909291,BlueCart,Upcountry,True
911188,BlueCart,Upcountry,True
907271,BlueCart,Upcountry,False
900590,SwiftLine,Metro,True
901152,SwiftLine,Metro,True
910954,BlueCart,Upcountry,True
901266,SwiftLine,Metro,True
909181,BlueCart,Upcountry,False
901990,SwiftLine,Metro,False
909569,BlueCart,Upcountry,False
902626,SwiftLine,Metro,True
908452,BlueCart,Upcountry,True
909031,BlueCart,Upcountry,True
910043,BlueCart,Upcountry,True
900050,SwiftLine,Metro,True
903179,SwiftLine,Metro,True
902158,SwiftLine,Metro,False
901920,SwiftLine,Metro,True
903720,SwiftLine,Metro,True
910128,BlueCart,Upcountry,False
904607,SwiftLine,Metro,True
905769,SwiftLine,Upcountry,False
902263,SwiftLine,Metro,True
900545,SwiftLine,Metro,True
906104,BlueCart,Metro,True
908235,BlueCart,Upcountry,True
901362,SwiftLine,Metro,True
910552,BlueCart,Upcountry,True
906868,BlueCart,Metro,True
908508,BlueCart,Upcountry,False
904896,SwiftLine,Metro,True
901391,SwiftLine,Metro,True
901388,SwiftLine,Metro,True
905186,SwiftLine,Metro,True
902113,SwiftLine,Metro,False
905960,SwiftLine,Upcountry,False
911159,BlueCart,Upcountry,True
904440,SwiftLine,Metro,True
909681,BlueCart,Upcountry,True
911183,BlueCart,Upcountry,True
904576,SwiftLine,Metro,True
907452,BlueCart,Upcountry,True
906096,SwiftLine,Upcountry,True
902011,SwiftLine,Metro,True
900958,SwiftLine,Metro,True
901745,SwiftLine,Metro,True
906015,SwiftLine,Upcountry,False
910633,BlueCart,Upcountry,True
902723,SwiftLine,Metro,True
904840,SwiftLine,Metro,True
910951,BlueCart,Upcountry,True
908272,BlueCart,Upcountry,True
908827,BlueCart,Upcountry,True
909154,BlueCart,Upcountry,True
910055,BlueCart,Upcountry,True
904424,SwiftLine,Metro,True
911187,BlueCart,Upcountry,True
902305,SwiftLine,Metro,True
901185,SwiftLine,Metro,True
901735,SwiftLine,Metro,True
904788,SwiftLine,Metro,True
909009,BlueCart,Upcountry,True
910531,BlueCart,Upcountry,True
900851,SwiftLine,Metro,True
909370,BlueCart,Upcountry,True
907381,BlueCart,Upcountry,True
901910,SwiftLine,Metro,True
909634,BlueCart,Upcountry,False
907758,BlueCart,Upcountry,True
908627,BlueCart,Upcountry,False
900848,SwiftLine,Metro,True
902441,SwiftLine,Metro,True
908546,BlueCart,Upcountry,True
902438,SwiftLine,Metro,True
907971,BlueCart,Upcountry,False
901269,SwiftLine,Metro,True
903054,SwiftLine,Metro,True
900463,SwiftLine,Metro,True
910457,BlueCart,Upcountry,True
910960,BlueCart,Upcountry,True
902821,SwiftLine,Metro,True
909410,BlueCart,Upcountry,True
910688,BlueCart,Upcountry,True
900860,SwiftLine,Metro,True
909747,BlueCart,Upcountry,True
902229,SwiftLine,Metro,True
903759,SwiftLine,Metro,True
901612,SwiftLine,Metro,True
905205,SwiftLine,Upcountry,True
901848,SwiftLine,Metro,True
910413,BlueCart,Upcountry,True
909738,BlueCart,Upcountry,True
903990,SwiftLine,Metro,True
907717,BlueCart,Upcountry,True
902285,SwiftLine,Metro,True
904055,SwiftLine,Metro,True
900786,SwiftLine,Metro,True
908942,BlueCart,Upcountry,True
910893,BlueCart,Upcountry,True
902030,SwiftLine,Metro,True
900514,SwiftLine,Metro,True
908477,BlueCart,Upcountry,True
905768,SwiftLine,Upcountry,True
901360,SwiftLine,Metro,True
905251,SwiftLine,Upcountry,False
907048,BlueCart,Metro,True
903870,SwiftLine,Metro,True
905484,SwiftLine,Upcountry,True
905277,SwiftLine,Upcountry,False
900912,SwiftLine,Metro,True
900011,SwiftLine,Metro,True
902795,SwiftLine,Metro,True
908504,BlueCart,Upcountry,True
904095,SwiftLine,Metro,True
904673,SwiftLine,Metro,True
901515,SwiftLine,Metro,True
910080,BlueCart,Upcountry,True
908084,BlueCart,Upcountry,True
908829,BlueCart,Upcountry,True
901174,SwiftLine,Metro,True
903778,SwiftLine,Metro,False
909123,BlueCart,Upcountry,False
901190,SwiftLine,Metro,True
900831,SwiftLine,Metro,True
906184,BlueCart,Metro,True
905934,SwiftLine,Upcountry,True
900441,SwiftLine,Metro,True
907324,BlueCart,Upcountry,False
906809,BlueCart,Metro,True
906786,BlueCart,Metro,True
907664,BlueCart,Upcountry,False
910777,BlueCart,Upcountry,True
900428,SwiftLine,Metro,True
906254,BlueCart,Metro,True
907415,BlueCart,Upcountry,True
902993,SwiftLine,Metro,True
903189,SwiftLine,Metro,True
908115,BlueCart,Upcountry,True
901883,SwiftLine,Metro,True
909810,BlueCart,Upcountry,True
909760,BlueCart,Upcountry,True
900713,SwiftLine,Metro,True
909096,BlueCart,Upcountry,True
906781,BlueCart,Metro,True
900372,SwiftLine,Metro,True
900235,SwiftLine,Metro,True
910165,BlueCart,Upcountry,True
907090,BlueCart,Metro,True
900862,SwiftLine,Metro,True
907719,BlueCart,Upcountry,True
910575,BlueCart,Upcountry,True
909704,BlueCart,Upcountry,True
902201,SwiftLine,Metro,True
904524,SwiftLine,Metro,False
909867,BlueCart,Upcountry,True
904902,SwiftLine,Metro,True
909559,BlueCart,Upcountry,True
910485,BlueCart,Upcountry,True
909113,BlueCart,Upcountry,True
911362,BlueCart,Upcountry,False
902610,SwiftLine,Metro,False
909486,BlueCart,Upcountry,True
911418,BlueCart,Upcountry,False
906230,BlueCart,Metro,True
900083,SwiftLine,Metro,True
906897,BlueCart,Metro,True
908464,BlueCart,Upcountry,True
908584,BlueCart,Upcountry,True
903126,SwiftLine,Metro,True
903571,SwiftLine,Metro,True
900993,SwiftLine,Metro,True
905255,SwiftLine,Upcountry,True
906468,BlueCart,Metro,True
906988,BlueCart,Metro,True
900717,SwiftLine,Metro,True
908443,BlueCart,Upcountry,True
902191,SwiftLine,Metro,True
906151,BlueCart,Metro,True
909554,BlueCart,Upcountry,False
908854,BlueCart,Upcountry,False
911205,BlueCart,Upcountry,True
900886,SwiftLine,Metro,True
909170,BlueCart,Upcountry,True
904170,SwiftLine,Metro,True
907770,BlueCart,Upcountry,True
908699,BlueCart,Upcountry,True
900059,SwiftLine,Metro,True
904839,SwiftLine,Metro,True
906918,BlueCart,Metro,True
910260,BlueCart,Upcountry,False
909199,BlueCart,Upcountry,True
901461,SwiftLine,Metro,True
902424,SwiftLine,Metro,True
907496,BlueCart,Upcountry,False
903384,SwiftLine,Metro,True
909132,BlueCart,Upcountry,False
903848,SwiftLine,Metro,True
901956,SwiftLine,Metro,True
902891,SwiftLine,Metro,True
907523,BlueCart,Upcountry,True
903033,SwiftLine,Metro,True
907323,BlueCart,Upcountry,True
904883,SwiftLine,Metro,True
909430,BlueCart,Upcountry,True
906954,BlueCart,Metro,False
908270,BlueCart,Upcountry,True
907239,BlueCart,Upcountry,False
908357,BlueCart,Upcountry,True
905381,SwiftLine,Upcountry,True
909625,BlueCart,Upcountry,True
901386,SwiftLine,Metro,True
900755,SwiftLine,Metro,True
900186,SwiftLine,Metro,True
908684,BlueCart,Upcountry,False
902032,SwiftLine,Metro,True
901821,SwiftLine,Metro,True
903493,SwiftLine,Metro,True
901715,SwiftLine,Metro,True
903665,SwiftLine,Metro,True
911112,BlueCart,Upcountry,True
909256,BlueCart,Upcountry,True
909174,BlueCart,Upcountry,True
907012,BlueCart,Metro,True
908709,BlueCart,Upcountry,True
900583,SwiftLine,Metro,True
910866,BlueCart,Upcountry,True
902689,SwiftLine,Metro,True
903965,SwiftLine,Metro,False
901309,SwiftLine,Metro,True
901914,SwiftLine,Metro,True
901186,SwiftLine,Metro,True
908742,BlueCart,Upcountry,True
901409,SwiftLine,Metro,True
910802,BlueCart,Upcountry,True
901583,SwiftLine,Metro,True
905933,SwiftLine,Upcountry,True
911456,BlueCart,Upcountry,True
904006,SwiftLine,Metro,True
904168,SwiftLine,Metro,True
910459,BlueCart,Upcountry,True
904972,SwiftLine,Metro,True
902157,SwiftLine,Metro,True
904640,SwiftLine,Metro,True
904585,SwiftLine,Metro,True
904158,SwiftLine,Metro,False
901557,SwiftLine,Metro,True
905003,SwiftLine,Metro,True
901399,SwiftLine,Metro,True
902031,SwiftLine,Metro,False
911376,BlueCart,Upcountry,True
905138,SwiftLine,Metro,False
905836,SwiftLine,Upcountry,False
902377,SwiftLine,Metro,True
908037,BlueCart,Upcountry,True
904850,SwiftLine,Metro,True
907284,BlueCart,Upcountry,True
908355,BlueCart,Upcountry,True
903884,SwiftLine,Metro,True
902015,SwiftLine,Metro,True
905299,SwiftLine,Upcountry,False
900974,SwiftLine,Metro,True
901332,SwiftLine,Metro,True
909668,BlueCart,Upcountry,False
902869,SwiftLine,Metro,True
905589,SwiftLine,Upcountry,False
910822,BlueCart,Upcountry,True
900493,SwiftLine,Metro,True
905217,SwiftLine,Upcountry,True
900919,SwiftLine,Metro,True
911247,BlueCart,Upcountry,True
900070,SwiftLine,Metro,True
903631,SwiftLine,Metro,True
904403,SwiftLine,Metro,True
910634,BlueCart,Upcountry,True
909513,BlueCart,Upcountry,True
902917,SwiftLine,Metro,True
907964,BlueCart,Upcountry,True
905439,SwiftLine,Upcountry,False
904517,SwiftLine,Metro,True
906458,BlueCart,Metro,True
907667,BlueCart,Upcountry,True
902093,SwiftLine,Metro,True
902321,SwiftLine,Metro,True
904906,SwiftLine,Metro,True
907038,BlueCart,Metro,True
909429,BlueCart,Upcountry,True
901894,SwiftLine,Metro,True
901382,SwiftLine,Metro,True
908378,BlueCart,Upcountry,True
904997,SwiftLine,Metro,True
911448,BlueCart,Upcountry,True
909421,BlueCart,Upcountry,True
902661,SwiftLine,Metro,True
901316,SwiftLine,Metro,True
905604,SwiftLine,Upcountry,True
910491,BlueCart,Upcountry,True
901041,SwiftLine,Metro,True
910073,BlueCart,Upcountry,True
907512,BlueCart,Upcountry,True
904339,SwiftLine,Metro,True
903846,SwiftLine,Metro,True
902339,SwiftLine,Metro,True
909336,BlueCart,Upcountry,True
911486,BlueCart,Upcountry,False
909688,BlueCart,Upcountry,True
909143,BlueCart,Upcountry,True
900165,SwiftLine,Metro,True
903970,SwiftLine,Metro,True
902751,SwiftLine,Metro,True
904503,SwiftLine,Metro,True
903196,SwiftLine,Metro,True
907353,BlueCart,Upcountry,True
903935,SwiftLine,Metro,True
904577,SwiftLine,Metro,True
907936,BlueCart,Upcountry,False
904837,SwiftLine,Metro,True
904070,SwiftLine,Metro,True
910240,BlueCart,Upcountry,True
911195,BlueCart,Upcountry,True
906579,BlueCart,Metro,False
903489,SwiftLine,Metro,True
907389,BlueCart,Upcountry,True
903881,SwiftLine,Metro,True
901884,SwiftLine,Metro,True
903397,SwiftLine,Metro,True
906803,BlueCart,Metro,True
909413,BlueCart,Upcountry,False
906526,BlueCart,Metro,False
910602,BlueCart,Upcountry,True
901534,SwiftLine,Metro,True
909853,BlueCart,Upcountry,True
903943,SwiftLine,Metro,True
900301,SwiftLine,Metro,False
907916,BlueCart,Upcountry,True
901563,SwiftLine,Metro,True
911532,BlueCart,Upcountry,False
910172,BlueCart,Upcountry,True
907317,BlueCart,Upcountry,True
905869,SwiftLine,Upcountry,True
910011,BlueCart,Upcountry,True
902672,SwiftLine,Metro,True
901887,SwiftLine,Metro,True
904927,SwiftLine,Metro,True
907411,BlueCart,Upcountry,True
908582,BlueCart,Upcountry,True
901294,SwiftLine,Metro,True
900529,SwiftLine,Metro,True
904991,SwiftLine,Metro,True
903267,SwiftLine,Metro,True
911400,BlueCart,Upcountry,True
907552,BlueCart,Upcountry,True
904549,SwiftLine,Metro,True
910807,BlueCart,Upcountry,True
909623,BlueCart,Upcountry,True
910480,BlueCart,Upcountry,True
900378,SwiftLine,Metro,True
905989,SwiftLine,Upcountry,True
907004,BlueCart,Metro,True
904242,SwiftLine,Metro,True
900826,SwiftLine,Metro,True
901626,SwiftLine,Metro,False
903211,SwiftLine,Metro,True
908139,BlueCart,Upcountry,True
901925,SwiftLine,Metro,True
905347,SwiftLine,Upcountry,True
902306,SwiftLine,Metro,True
906600,BlueCart,Metro,True
908353,BlueCart,Upcountry,True
911556,BlueCart,Upcountry,True
902594,SwiftLine,Metro,False
905598,SwiftLine,Upcountry,True
908880,BlueCart,Upcountry,False
909715,BlueCart,Upcountry,True
910378,BlueCart,Upcountry,True
901876,SwiftLine,Metro,True
904475,SwiftLine,Metro,True
902222,SwiftLine,Metro,True
905157,SwiftLine,Metro,True
909264,BlueCart,Upcountry,True
909186,BlueCart,Upcountry,True
908536,BlueCart,Upcountry,True
906143,BlueCart,Metro,True
904462,SwiftLine,Metro,True
904037,SwiftLine,Metro,True
910177,BlueCart,Upcountry,True
906649,BlueCart,Metro,True
907825,BlueCart,Upcountry,True
908514,BlueCart,Upcountry,False
903305,SwiftLine,Metro,True
908471,BlueCart,Upcountry,True
904599,SwiftLine,Metro,True
908078,BlueCart,Upcountry,True
911414,BlueCart,Upcountry,True
905167,SwiftLine,Metro,True
902265,SwiftLine,Metro,True
903139,SwiftLine,Metro,True
905857,SwiftLine,Upcountry,True
908826,BlueCart,Upcountry,True
911479,BlueCart,Upcountry,True
904488,SwiftLine,Metro,True
903825,SwiftLine,Metro,True
907518,BlueCart,Upcountry,True
910272,BlueCart,Upcountry,True
902121,SwiftLine,Metro,True
911468,BlueCart,Upcountry,True
909852,BlueCart,Upcountry,True
903620,SwiftLine,Metro,True
906496,BlueCart,Metro,True
908415,BlueCart,Upcountry,True
904299,SwiftLine,Metro,False
900989,SwiftLine,Metro,True
902801,SwiftLine,Metro,True
907579,BlueCart,Upcountry,True
908408,BlueCart,Upcountry,True
904061,SwiftLine,Metro,True
902648,SwiftLine,Metro,True
903776,SwiftLine,Metro,True
907820,BlueCart,Upcountry,True
900538,SwiftLine,Metro,True
903670,SwiftLine,Metro,True
906734,BlueCart,Metro,True
909522,BlueCart,Upcountry,False
909803,BlueCart,Upcountry,True
910577,BlueCart,Upcountry,True
908219,BlueCart,Upcountry,True
900574,SwiftLine,Metro,True
910182,BlueCart,Upcountry,False
905608,SwiftLine,Upcountry,True
905460,SwiftLine,Upcountry,True
904533,SwiftLine,Metro,True
900868,SwiftLine,Metro,True
910513,BlueCart,Upcountry,False
911519,BlueCart,Upcountry,True
905714,SwiftLine,Upcountry,True
903416,SwiftLine,Metro,True
904259,SwiftLine,Metro,True
905369,SwiftLine,Upcountry,True
903408,SwiftLine,Metro,True
909475,BlueCart,Upcountry,True
906503,BlueCart,Metro,True
909481,BlueCart,Upcountry,True
902771,SwiftLine,Metro,True
901842,SwiftLine,Metro,True
910666,BlueCart,Upcountry,True
910792,BlueCart,Upcountry,True
905979,SwiftLine,Upcountry,True
903516,SwiftLine,Metro,True
905476,SwiftLine,Upcountry,False
908453,BlueCart,Upcountry,True
909616,BlueCart,Upcountry,True
901295,SwiftLine,Metro,True
909822,BlueCart,Upcountry,True
906798,BlueCart,Metro,True
910425,BlueCart,Upcountry,True
902697,SwiftLine,Metro,True
906102,BlueCart,Metro,True
911181,BlueCart,Upcountry,True
901555,SwiftLine,Metro,True
904505,SwiftLine,Metro,True
902901,SwiftLine,Metro,True
909785,BlueCart,Upcountry,True
908267,BlueCart,Upcountry,True
910747,BlueCart,Upcountry,True
904298,SwiftLine,Metro,True
903903,SwiftLine,Metro,True
908764,BlueCart,Upcountry,True
911322,BlueCart,Upcountry,False
909590,BlueCart,Upcountry,False
905066,SwiftLine,Metro,True
902798,SwiftLine,Metro,True
911441,BlueCart,Upcountry,True
907637,BlueCart,Upcountry,True
903129,SwiftLine,Metro,False
908852,BlueCart,Upcountry,False
911088,BlueCart,Upcountry,False
903515,SwiftLine,Metro,True
909012,BlueCart,Upcountry,False
906232,BlueCart,Metro,True
907549,BlueCart,Upcountry,True
911259,BlueCart,Upcountry,True
900332,SwiftLine,Metro,True
903690,SwiftLine,Metro,True
900465,SwiftLine,Metro,True
900355,SwiftLine,Metro,True
902614,SwiftLine,Metro,True
909041,BlueCart,Upcountry,True
910353,BlueCart,Upcountry,True
911338,BlueCart,Upcountry,True
910200,BlueCart,Upcountry,False
909283,BlueCart,Upcountry,False
906711,BlueCart,Metro,True
901434,SwiftLine,Metro,True
910079,BlueCart,Upcountry,True
906863,BlueCart,Metro,False
900036,SwiftLine,Metro,True
900364,SwiftLine,Metro,True
902056,SwiftLine,Metro,True
902090,SwiftLine,Metro,True
909847,BlueCart,Upcountry,True
910107,BlueCart,Upcountry,True
909431,BlueCart,Upcountry,True
902454,SwiftLine,Metro,True
906533,BlueCart,Metro,True
907153,BlueCart,Metro,True
904393,SwiftLine,Metro,True
903797,SwiftLine,Metro,True
911512,BlueCart,Upcountry,True
905265,SwiftLine,Upcountry,True
910926,BlueCart,Upcountry,False
900642,SwiftLine,Metro,True
903702,SwiftLine,Metro,True
907786,BlueCart,Upcountry,True
906252,BlueCart,Metro,True
901169,SwiftLine,Metro,True
903688,SwiftLine,Metro,True
901783,SwiftLine,Metro,True
904993,SwiftLine,Metro,True
910401,BlueCart,Upcountry,True
906499,BlueCart,Metro,True
910137,BlueCart,Upcountry,True
900176,SwiftLine,Metro,True
911261,BlueCart,Upcountry,True
901844,SwiftLine,Metro,False
908737,BlueCart,Upcountry,True
902148,SwiftLine,Metro,True
909612,BlueCart,Upcountry,True
900228,SwiftLine,Metro,True
907660,BlueCart,Upcountry,True
910181,BlueCart,Upcountry,True
906511,BlueCart,Metro,True
908873,BlueCart,Upcountry,True
906791,BlueCart,Metro,True
910065,BlueCart,Upcountry,True
901062,SwiftLine,Metro,True
904851,SwiftLine,Metro,True
902881,SwiftLine,Metro,True
903566,SwiftLine,Metro,True
909573,BlueCart,Upcountry,False
911522,BlueCart,Upcountry,True
908161,BlueCart,Upcountry,True
906323,BlueCart,Metro,True
909311,BlueCart,Upcountry,True
905695,SwiftLine,Upcountry,True
909287,BlueCart,Upcountry,False
908537,BlueCart,Upcountry,False
903437,SwiftLine,Metro,True
908300,BlueCart,Upcountry,True
909648,BlueCart,Upcountry,True
907269,BlueCart,Upcountry,True
909924,BlueCart,Upcountry,False
905984,SwiftLine,Upcountry,True
905485,SwiftLine,Upcountry,True
908056,BlueCart,Upcountry,True
910052,BlueCart,Upcountry,True
903914,SwiftLine,Metro,True
906622,BlueCart,Metro,True
905124,SwiftLine,Metro,False
908664,BlueCart,Upcountry,True
911152,BlueCart,Upcountry,True
900620,SwiftLine,Metro,True
903313,SwiftLine,Metro,True
907045,BlueCart,Metro,True
904531,SwiftLine,Metro,True
907405,BlueCart,Upcountry,True
910612,BlueCart,Upcountry,False
903692,SwiftLine,Metro,True
900168,SwiftLine,Metro,False
909815,BlueCart,Upcountry,False
910730,BlueCart,Upcountry,True
905813,SwiftLine,Upcountry,True
905928,SwiftLine,Upcountry,False
900275,SwiftLine,Metro,True
901229,SwiftLine,Metro,True
903450,SwiftLine,Metro,True
901265,SwiftLine,Metro,True
909362,BlueCart,Upcountry,True
904004,SwiftLine,Metro,True
910352,BlueCart,Upcountry,True
904812,SwiftLine,Metro,True
908031,BlueCart,Upcountry,True
911050,BlueCart,Upcountry,True
906551,BlueCart,Metro,True
902221,SwiftLine,Metro,True
909533,BlueCart,Upcountry,False
904261,SwiftLine,Metro,False
911108,BlueCart,Upcountry,True
907133,BlueCart,Metro,True
900027,SwiftLine,Metro,True
908803,BlueCart,Upcountry,True
911360,BlueCart,Upcountry,True
907274,BlueCart,Upcountry,True
902502,SwiftLine,Metro,False
906709,BlueCart,Metro,True
911008,BlueCart,Upcountry,True
906923,BlueCart,Metro,True
908858,BlueCart,Upcountry,True
901537,SwiftLine,Metro,True
910218,BlueCart,Upcountry,True
905650,SwiftLine,Upcountry,True
903845,SwiftLine,Metro,True
902941,SwiftLine,Metro,True
910019,BlueCart,Upcountry,True
908094,BlueCart,Upcountry,True
900597,SwiftLine,Metro,True
911349,BlueCart,Upcountry,True
908328,BlueCart,Upcountry,True
905260,SwiftLine,Upcountry,True
911198,BlueCart,Upcountry,True
900334,SwiftLine,Metro,True
903936,SwiftLine,Metro,True
901747,SwiftLine,Metro,True
910340,BlueCart,Upcountry,False
900998,SwiftLine,Metro,True
901939,SwiftLine,Metro,True
900821,SwiftLine,Metro,True
905405,SwiftLine,Upcountry,False
901949,SwiftLine,Metro,False
903656,SwiftLine,Metro,True
903231,SwiftLine,Metro,True
904853,SwiftLine,Metro,True
901709,SwiftLine,Metro,True
903172,SwiftLine,Metro,True
907915,BlueCart,Upcountry,True
909720,BlueCart,Upcountry,True
908309,BlueCart,Upcountry,True
901357,SwiftLine,Metro,True
906814,BlueCart,Metro,True
908676,BlueCart,Upcountry,False
900209,SwiftLine,Metro,True
902737,SwiftLine,Metro,True
906463,BlueCart,Metro,True
902617,SwiftLine,Metro,True
902085,SwiftLine,Metro,True
908643,BlueCart,Upcountry,False
910486,BlueCart,Upcountry,False
901974,SwiftLine,Metro,True
908035,BlueCart,Upcountry,True
906867,BlueCart,Metro,True
909005,BlueCart,Upcountry,True
905531,SwiftLine,Upcountry,True
901794,SwiftLine,Metro,True
909360,BlueCart,Upcountry,True
906746,BlueCart,Metro,True
904427,SwiftLine,Metro,True
907361,BlueCart,Upcountry,True
907276,BlueCart,Upcountry,True
906997,BlueCart,Metro,True
901427,SwiftLine,Metro,True
910693,BlueCart,Upcountry,True
909133,BlueCart,Upcountry,False
903131,SwiftLine,Metro,True
906921,BlueCart,Metro,True
901447,SwiftLine,Metro,True
911435,BlueCart,Upcountry,False
900929,SwiftLine,Metro,True
906266,BlueCart,Metro,True
905590,SwiftLine,Upcountry,True
901982,SwiftLine,Metro,True
909765,BlueCart,Upcountry,True
905878,SwiftLine,Upcountry,True
907189,BlueCart,Metro,True
909243,BlueCart,Upcountry,True
909001,BlueCart,Upcountry,True
906818,BlueCart,Metro,True
908789,BlueCart,Upcountry,True
903658,SwiftLine,Metro,True
903666,SwiftLine,Metro,True
911462,BlueCart,Upcountry,True
910280,BlueCart,Upcountry,True
903418,SwiftLine,Metro,True
910988,BlueCart,Upcountry,False
910677,BlueCart,Upcountry,True
903664,SwiftLine,Metro,True
908908,BlueCart,Upcountry,True
900552,SwiftLine,Metro,True
906846,BlueCart,Metro,True
903634,SwiftLine,Metro,True
910309,BlueCart,Upcountry,False
908344,BlueCart,Upcountry,True
900283,SwiftLine,Metro,True
908819,BlueCart,Upcountry,True
908039,BlueCart,Upcountry,True
909957,BlueCart,Upcountry,True
909808,BlueCart,Upcountry,False
900741,SwiftLine,Metro,True
903355,SwiftLine,Metro,True
900007,SwiftLine,Metro,True
906360,BlueCart,Metro,True
909136,BlueCart,Upcountry,False
908181,BlueCart,Upcountry,True
905198,SwiftLine,Metro,True
903510,SwiftLine,Metro,True
911179,BlueCart,Upcountry,True
908333,BlueCart,Upcountry,True
910993,BlueCart,Upcountry,True
908711,BlueCart,Upcountry,False
904407,SwiftLine,Metro,True
902018,SwiftLine,Metro,True
900478,SwiftLine,Metro,True
903034,SwiftLine,Metro,True
901804,SwiftLine,Metro,True
909588,BlueCart,Upcountry,False
902711,SwiftLine,Metro,True
910151,BlueCart,Upcountry,True
907442,BlueCart,Upcountry,True
909070,BlueCart,Upcountry,False
907866,BlueCart,Upcountry,True
910563,BlueCart,Upcountry,False
908576,BlueCart,Upcountry,True
910380,BlueCart,Upcountry,True
910547,BlueCart,Upcountry,False
910653,BlueCart,Upcountry,True
908325,BlueCart,Upcountry,True
904791,SwiftLine,Metro,True
902526,SwiftLine,Metro,True
905991,SwiftLine,Upcountry,True
900557,SwiftLine,Metro,True
905655,SwiftLine,Upcountry,False
908034,BlueCart,Upcountry,True
909906,BlueCart,Upcountry,False
907996,BlueCart,Upcountry,True
905339,SwiftLine,Upcountry,False
902035,SwiftLine,Metro,True
906801,BlueCart,Metro,True
907404,BlueCart,Upcountry,True
910387,BlueCart,Upcountry,True
905741,SwiftLine,Upcountry,False
902479,SwiftLine,Metro,True
908588,BlueCart,Upcountry,True
908222,BlueCart,Upcountry,True
906296,BlueCart,Metro,True
903004,SwiftLine,Metro,True
904986,SwiftLine,Metro,True
900782,SwiftLine,Metro,True
908097,BlueCart,Upcountry,True
901037,SwiftLine,Metro,True
903483,SwiftLine,Metro,True
905106,SwiftLine,Metro,True
905759,SwiftLine,Upcountry,False
902883,SwiftLine,Metro,True
905552,SwiftLine,Upcountry,True
905703,SwiftLine,Upcountry,True
905568,SwiftLine,Upcountry,False
908665,BlueCart,Upcountry,True
908483,BlueCart,Upcountry,False
903457,SwiftLine,Metro,True
901740,SwiftLine,Metro,True
901056,SwiftLine,Metro,True
910840,BlueCart,Upcountry,True
902674,SwiftLine,Metro,True
901493,SwiftLine,Metro,True
901193,SwiftLine,Metro,True
905398,SwiftLine,Upcountry,False
904198,SwiftLine,Metro,True
911396,BlueCart,Upcountry,False
907790,BlueCart,Upcountry,True
907342,BlueCart,Upcountry,True
901094,SwiftLine,Metro,False
902604,SwiftLine,Metro,True
904643,SwiftLine,Metro,True
900016,SwiftLine,Metro,True
901892,SwiftLine,Metro,True
907694,BlueCart,Upcountry,True
905137,SwiftLine,Metro,True
903544,SwiftLine,Metro,True
902246,SwiftLine,Metro,True
908060,BlueCart,Upcountry,True
909716,BlueCart,Upcountry,True
900645,SwiftLine,Metro,True
902893,SwiftLine,Metro,True
907384,BlueCart,Upcountry,False
907073,BlueCart,Metro,True
907714,BlueCart,Upcountry,True
906479,BlueCart,Metro,True
905165,SwiftLine,Metro,True
906880,BlueCart,Metro,True
910190,BlueCart,Upcountry,True
905012,SwiftLine,Metro,True
904074,SwiftLine,Metro,True
906027,SwiftLine,Upcountry,True
904263,SwiftLine,Metro,True
901641,SwiftLine,Metro,True
910086,BlueCart,Upcountry,True
901693,SwiftLine,Metro,True
907551,BlueCart,Upcountry,True
904379,SwiftLine,Metro,True
907455,BlueCart,Upcountry,True
908596,BlueCart,Upcountry,True
903623,SwiftLine,Metro,True
906318,BlueCart,Metro,True
906412,BlueCart,Metro,False
909028,BlueCart,Upcountry,True
908032,BlueCart,Upcountry,True
911153,BlueCart,Upcountry,True
905417,SwiftLine,Upcountry,True
900535,SwiftLine,Metro,True
905128,SwiftLine,Metro,True
908756,BlueCart,Upcountry,True
910680,BlueCart,Upcountry,True
907475,BlueCart,Upcountry,True
903509,SwiftLine,Metro,True
906488,BlueCart,Metro,True
906841,BlueCart,Metro,True
907375,BlueCart,Upcountry,False
911537,BlueCart,Upcountry,True
906911,BlueCart,Metro,True
900722,SwiftLine,Metro,True
910749,BlueCart,Upcountry,True
909919,BlueCart,Upcountry,True
901616,SwiftLine,Metro,True
905258,SwiftLine,Upcountry,True
906208,BlueCart,Metro,True
905807,SwiftLine,Upcountry,True
910185,BlueCart,Upcountry,True
909895,BlueCart,Upcountry,True
908510,BlueCart,Upcountry,True
905158,SwiftLine,Metro,True
905176,SwiftLine,Metro,True
911266,BlueCart,Upcountry,True
900581,SwiftLine,Metro,True
906631,BlueCart,Metro,True
907859,BlueCart,Upcountry,True
911554,BlueCart,Upcountry,True
906920,BlueCart,Metro,True
906237,BlueCart,Metro,True
909669,BlueCart,Upcountry,False
911017,BlueCart,Upcountry,False
910562,BlueCart,Upcountry,False
907556,BlueCart,Upcountry,True
909406,BlueCart,Upcountry,True
911210,BlueCart,Upcountry,True
903748,SwiftLine,Metro,True
906159,BlueCart,Metro,True
909004,BlueCart,Upcountry,True
903300,SwiftLine,Metro,True
901453,SwiftLine,Metro,True
907140,BlueCart,Metro,True
911406,BlueCart,Upcountry,True
904552,SwiftLine,Metro,True
910111,BlueCart,Upcountry,True
910166,BlueCart,Upcountry,True
900666,SwiftLine,Metro,True
906827,BlueCart,Metro,True
909910,BlueCart,Upcountry,True
910803,BlueCart,Upcountry,True
900809,SwiftLine,Metro,True
908594,BlueCart,Upcountry,True
901243,SwiftLine,Metro,True
908875,BlueCart,Upcountry,True
903063,SwiftLine,Metro,True
905496,SwiftLine,Upcountry,True
908821,BlueCart,Upcountry,True
904611,SwiftLine,Metro,True
906380,BlueCart,Metro,True
907339,BlueCart,Upcountry,True
903868,SwiftLine,Metro,True
909092,BlueCart,Upcountry,False
902123,SwiftLine,Metro,True
909790,BlueCart,Upcountry,True
910536,BlueCart,Upcountry,True
911057,BlueCart,Upcountry,True
903050,SwiftLine,Metro,True
901993,SwiftLine,Metro,True
906477,BlueCart,Metro,True
907203,BlueCart,Upcountry,True
901810,SwiftLine,Metro,True
911269,BlueCart,Upcountry,False
905284,SwiftLine,Upcountry,True
911579,BlueCart,Upcountry,True
911333,BlueCart,Upcountry,True
904187,SwiftLine,Metro,True
900130,SwiftLine,Metro,True
901448,SwiftLine,Metro,True
911164,BlueCart,Upcountry,True
906371,BlueCart,Metro,True
900769,SwiftLine,Metro,True
911564,BlueCart,Upcountry,True
902488,SwiftLine,Metro,True
910618,BlueCart,Upcountry,True
909881,BlueCart,Upcountry,True
906927,BlueCart,Metro,True
909277,BlueCart,Upcountry,True
910026,BlueCart,Upcountry,True
911263,BlueCart,Upcountry,True
909422,BlueCart,Upcountry,True
901610,SwiftLine,Metro,True
904898,SwiftLine,Metro,True
901276,SwiftLine,Metro,True
900022,SwiftLine,Metro,True
900386,SwiftLine,Metro,True
900882,SwiftLine,Metro,True
907445,BlueCart,Upcountry,True
908713,BlueCart,Upcountry,True
906582,BlueCart,Metro,True
907946,BlueCart,Upcountry,False
907674,BlueCart,Upcountry,True
901164,SwiftLine,Metro,True
909577,BlueCart,Upcountry,True
910146,BlueCart,Upcountry,True
908825,BlueCart,Upcountry,True
900271,SwiftLine,Metro,True
906376,BlueCart,Metro,True
910591,BlueCart,Upcountry,True
905657,SwiftLine,Upcountry,True
904890,SwiftLine,Metro,True
907257,BlueCart,Upcountry,True
901090,SwiftLine,Metro,True
900685,SwiftLine,Metro,True
908964,BlueCart,Upcountry,True
902600,SwiftLine,Metro,True
901613,SwiftLine,Metro,True
902713,SwiftLine,Metro,True
900092,SwiftLine,Metro,True
910198,BlueCart,Upcountry,True
907522,BlueCart,Upcountry,True
911513,BlueCart,Upcountry,True
900179,SwiftLine,Metro,True
901725,SwiftLine,Metro,True
902772,SwiftLine,Metro,True
908055,BlueCart,Upcountry,True
904937,SwiftLine,Metro,True
905074,SwiftLine,Metro,True
907199,BlueCart,Metro,True
905271,SwiftLine,Upcountry,True
901469,SwiftLine,Metro,True
905575,SwiftLine,Upcountry,True
901971,SwiftLine,Metro,True
902896,SwiftLine,Metro,True
907224,BlueCart,Upcountry,True
902546,SwiftLine,Metro,True
907668,BlueCart,Upcountry,True
904983,SwiftLine,Metro,True
906334,BlueCart,Metro,True
908048,BlueCart,Upcountry,True
903373,SwiftLine,Metro,True
901456,SwiftLine,Metro,True
903096,SwiftLine,Metro,True
911336,BlueCart,Upcountry,False
908393,BlueCart,Upcountry,True
904586,SwiftLine,Metro,True
906854,BlueCart,Metro,True
911327,BlueCart,Upcountry,True
907083,BlueCart,Metro,True
908905,BlueCart,Upcountry,False
909477,BlueCart,Upcountry,True
903391,SwiftLine,Metro,True
905274,SwiftLine,Upcountry,False
902552,SwiftLine,Metro,True
910370,BlueCart,Upcountry,True
910576,BlueCart,Upcountry,True
911251,BlueCart,Upcountry,False
902300,SwiftLine,Metro,True
902170,SwiftLine,Metro,True
906356,BlueCart,Metro,True
905983,SwiftLine,Upcountry,False
910429,BlueCart,Upcountry,False
907150,BlueCart,Metro,True
909813,BlueCart,Upcountry,True
902373,SwiftLine,Metro,False
902315,SwiftLine,Metro,True
905038,SwiftLine,Metro,True
908421,BlueCart,Upcountry,True
907036,BlueCart,Metro,True
910064,BlueCart,Upcountry,True
908379,BlueCart,Upcountry,True
905667,SwiftLine,Upcountry,True
907969,BlueCart,Upcountry,True
902824,SwiftLine,Metro,True
907280,BlueCart,Upcountry,False
901462,SwiftLine,Metro,True
900400,SwiftLine,Metro,True
900969,SwiftLine,Metro,True
902733,SwiftLine,Metro,True
900473,SwiftLine,Metro,True
900048,SwiftLine,Metro,False
910554,BlueCart,Upcountry,True
902529,SwiftLine,Metro,True
905027,SwiftLine,Metro,True
910690,BlueCart,Upcountry,True
908612,BlueCart,Upcountry,True
905189,SwiftLine,Metro,True
910928,BlueCart,Upcountry,True
902476,SwiftLine,Metro,True
902741,SwiftLine,Metro,False
907554,BlueCart,Upcountry,True
902051,SwiftLine,Metro,True
901868,SwiftLine,Metro,True
902352,SwiftLine,Metro,True
901867,SwiftLine,Metro,True
906235,BlueCart,Metro,True
911545,BlueCart,Upcountry,True
909087,BlueCart,Upcountry,True
904820,SwiftLine,Metro,True
903565,SwiftLine,Metro,True
911505,BlueCart,Upcountry,True
909025,BlueCart,Upcountry,True
907845,BlueCart,Upcountry,False
910606,BlueCart,Upcountry,True
911516,BlueCart,Upcountry,False
905370,SwiftLine,Upcountry,True
903569,SwiftLine,Metro,True
909585,BlueCart,Upcountry,True
902061,SwiftLine,Metro,True
903317,SwiftLine,Metro,True
901371,SwiftLine,Metro,True
908563,BlueCart,Upcountry,True
903931,SwiftLine,Metro,True
904821,SwiftLine,Metro,True
907902,BlueCart,Upcountry,False
902972,SwiftLine,Metro,True
900481,SwiftLine,Metro,True
905621,SwiftLine,Upcountry,True
906820,BlueCart,Metro,True
904413,SwiftLine,Metro,True
908247,BlueCart,Upcountry,True
904683,SwiftLine,Metro,False
903624,SwiftLine,Metro,True
902282,SwiftLine,Metro,True
901069,SwiftLine,Metro,True
903427,SwiftLine,Metro,True
904905,SwiftLine,Metro,True
909354,BlueCart,Upcountry,True
903710,SwiftLine,Metro,True
903642,SwiftLine,Metro,True
904705,SwiftLine,Metro,True
904892,SwiftLine,Metro,True
906169,BlueCart,Metro,False
908141,BlueCart,Upcountry,True
905662,SwiftLine,Upcountry,True
903243,SwiftLine,Metro,True
903886,SwiftLine,Metro,True
901834,SwiftLine,Metro,False
904795,SwiftLine,Metro,True
903955,SwiftLine,Metro,True
911111,BlueCart,Upcountry,False
902929,SwiftLine,Metro,True
904507,SwiftLine,Metro,True
910902,BlueCart,Upcountry,True
900586,SwiftLine,Metro,True
902489,SwiftLine,Metro,True
911452,BlueCart,Upcountry,False
903775,SwiftLine,Metro,True
900635,SwiftLine,Metro,True
909710,BlueCart,Upcountry,True
910124,BlueCart,Upcountry,True
900818,SwiftLine,Metro,True
905197,SwiftLine,Metro,True
902434,SwiftLine,Metro,True
910245,BlueCart,Upcountry,False
900073,SwiftLine,Metro,False
909221,BlueCart,Upcountry,True
901230,SwiftLine,Metro,True
910003,BlueCart,Upcountry,False
908836,BlueCart,Upcountry,True
911161,BlueCart,Upcountry,True
910103,BlueCart,Upcountry,True
902398,SwiftLine,Metro,True
906248,BlueCart,Metro,True
902446,SwiftLine,Metro,False
901581,SwiftLine,Metro,True
902283,SwiftLine,Metro,True
906641,BlueCart,Metro,True
902822,SwiftLine,Metro,True
903958,SwiftLine,Metro,True
907972,BlueCart,Upcountry,True
909834,BlueCart,Upcountry,True
911417,BlueCart,Upcountry,True
902924,SwiftLine,Metro,True
903222,SwiftLine,Metro,False
911305,BlueCart,Upcountry,True
903591,SwiftLine,Metro,True
900260,SwiftLine,Metro,True
910564,BlueCart,Upcountry,True
910120,BlueCart,Upcountry,True
904714,SwiftLine,Metro,True
906304,BlueCart,Metro,True
909934,BlueCart,Upcountry,True
903241,SwiftLine,Metro,True
903337,SwiftLine,Metro,True
910225,BlueCart,Upcountry,False
910616,BlueCart,Upcountry,False
909868,BlueCart,Upcountry,False
908809,BlueCart,Upcountry,False
908487,BlueCart,Upcountry,False
910256,BlueCart,Upcountry,False
900269,SwiftLine,Metro,True
900787,SwiftLine,Metro,False
910173,BlueCart,Upcountry,True
908455,BlueCart,Upcountry,True
907932,BlueCart,Upcountry,True
905227,SwiftLine,Upcountry,True
910588,BlueCart,Upcountry,True
900524,SwiftLine,Metro,True
907371,BlueCart,Upcountry,True
900326,SwiftLine,Metro,True
907214,BlueCart,Upcountry,False
904627,SwiftLine,Metro,True
904286,SwiftLine,Metro,True
901131,SwiftLine,Metro,True
900190,SwiftLine,Metro,True
900213,SwiftLine,Metro,True
903813,SwiftLine,Metro,True
901817,SwiftLine,Metro,True
905179,SwiftLine,Metro,True
904110,SwiftLine,Metro,True
903255,SwiftLine,Metro,True
907596,BlueCart,Upcountry,True
906419,BlueCart,Metro,True
907109,BlueCart,Metro,True
909310,BlueCart,Upcountry,True
907864,BlueCart,Upcountry,True
909960,BlueCart,Upcountry,True
909359,BlueCart,Upcountry,True
906420,BlueCart,Metro,False
911335,BlueCart,Upcountry,False
901608,SwiftLine,Metro,True
906890,BlueCart,Metro,True
908110,BlueCart,Upcountry,False
909894,BlueCart,Upcountry,True
908900,BlueCart,Upcountry,True
906839,BlueCart,Metro,True
900317,SwiftLine,Metro,True
905419,SwiftLine,Upcountry,True
911426,BlueCart,Upcountry,True
907087,BlueCart,Metro,True
906749,BlueCart,Metro,True
909728,BlueCart,Upcountry,True
905071,SwiftLine,Metro,True
901057,SwiftLine,Metro,True
909060,BlueCart,Upcountry,True
902344,SwiftLine,Metro,True
902370,SwiftLine,Metro,True
901950,SwiftLine,Metro,False
901436,SwiftLine,Metro,True
910566,BlueCart,Upcountry,True
902807,SwiftLine,Metro,True
902786,SwiftLine,Metro,False
910849,BlueCart,Upcountry,True
910986,BlueCart,Upcountry,False
901421,SwiftLine,Metro,True
905871,SwiftLine,Upcountry,True
905534,SwiftLine,Upcountry,True
903747,SwiftLine,Metro,False
905104,SwiftLine,Metro,True
911213,BlueCart,Upcountry,True
905949,SwiftLine,Upcountry,True
900705,SwiftLine,Metro,True
907472,BlueCart,Upcountry,True
902599,SwiftLine,Metro,True
900607,SwiftLine,Metro,True
904471,SwiftLine,Metro,True
905387,SwiftLine,Upcountry,True
907312,BlueCart,Upcountry,False
908714,BlueCart,Upcountry,True
909401,BlueCart,Upcountry,False
900122,SwiftLine,Metro,True
906042,SwiftLine,Upcountry,False
905313,SwiftLine,Upcountry,True
911503,BlueCart,Upcountry,True
903555,SwiftLine,Metro,True
905427,SwiftLine,Upcountry,True
910327,BlueCart,Upcountry,True
910326,BlueCart,Upcountry,False
902618,SwiftLine,Metro,True
905054,SwiftLine,Metro,True
911096,BlueCart,Upcountry,True
910159,BlueCart,Upcountry,True
910762,BlueCart,Upcountry,False
901643,SwiftLine,Metro,True
906642,BlueCart,Metro,True
906094,SwiftLine,Upcountry,True
909097,BlueCart,Upcountry,False
909974,BlueCart,Upcountry,True
908986,BlueCart,Upcountry,False
900992,SwiftLine,Metro,True
904209,SwiftLine,Metro,True
902497,SwiftLine,Metro,True
909563,BlueCart,Upcountry,False
905175,SwiftLine,Metro,True
904751,SwiftLine,Metro,True
910888,BlueCart,Upcountry,True
910463,BlueCart,Upcountry,True
907486,BlueCart,Upcountry,True
910922,BlueCart,Upcountry,True
909939,BlueCart,Upcountry,True
907165,BlueCart,Metro,True
900166,SwiftLine,Metro,True
907643,BlueCart,Upcountry,True
911299,BlueCart,Upcountry,True
900051,SwiftLine,Metro,True
903683,SwiftLine,Metro,True
903187,SwiftLine,Metro,True
908823,BlueCart,Upcountry,True
902348,SwiftLine,Metro,True
907121,BlueCart,Metro,True
907429,BlueCart,Upcountry,True
909321,BlueCart,Upcountry,True
908154,BlueCart,Upcountry,True
910273,BlueCart,Upcountry,True
904548,SwiftLine,Metro,True
910835,BlueCart,Upcountry,True
906193,BlueCart,Metro,True
904733,SwiftLine,Metro,True
904354,SwiftLine,Metro,True
907978,BlueCart,Upcountry,False
901957,SwiftLine,Metro,True
909418,BlueCart,Upcountry,True
908340,BlueCart,Upcountry,True
908785,BlueCart,Upcountry,False
909538,BlueCart,Upcountry,True
904571,SwiftLine,Metro,True
904513,SwiftLine,Metro,True
909021,BlueCart,Upcountry,True
906518,BlueCart,Metro,True
908073,BlueCart,Upcountry,True
907108,BlueCart,Metro,True
900964,SwiftLine,Metro,True
908019,BlueCart,Upcountry,True
908208,BlueCart,Upcountry,False
902597,SwiftLine,Metro,True
902341,SwiftLine,Metro,True
904770,SwiftLine,Metro,True
901958,SwiftLine,Metro,True
910987,BlueCart,Upcountry,False
903453,SwiftLine,Metro,True
903878,SwiftLine,Metro,True
905103,SwiftLine,Metro,True
909448,BlueCart,Upcountry,False
911482,BlueCart,Upcountry,True
901717,SwiftLine,Metro,True
903186,SwiftLine,Metro,True
901551,SwiftLine,Metro,True
910962,BlueCart,Upcountry,True
900085,SwiftLine,Metro,False
907039,BlueCart,Metro,True
908324,BlueCart,Upcountry,True
904768,SwiftLine,Metro,True
902538,SwiftLine,Metro,True
901412,SwiftLine,Metro,True
901672,SwiftLine,Metro,True
910722,BlueCart,Upcountry,True
908758,BlueCart,Upcountry,True
908093,BlueCart,Upcountry,True
908262,BlueCart,Upcountry,True
907444,BlueCart,Upcountry,True
900736,SwiftLine,Metro,True
910903,BlueCart,Upcountry,True
905231,SwiftLine,Upcountry,True
904461,SwiftLine,Metro,True
904147,SwiftLine,Metro,True
908617,BlueCart,Upcountry,True
901305,SwiftLine,Metro,True
904161,SwiftLine,Metro,True
900641,SwiftLine,Metro,True
901207,SwiftLine,Metro,True
901935,SwiftLine,Metro,True
907187,BlueCart,Metro,True
909516,BlueCart,Upcountry,True
910622,BlueCart,Upcountry,True
903047,SwiftLine,Metro,True
900052,SwiftLine,Metro,True
904333,SwiftLine,Metro,False
909244,BlueCart,Upcountry,False
910015,BlueCart,Upcountry,True
909930,BlueCart,Upcountry,True
909473,BlueCart,Upcountry,True
903745,SwiftLine,Metro,True
901478,SwiftLine,Metro,True
908635,BlueCart,Upcountry,True
904925,SwiftLine,Metro,True
909036,BlueCart,Upcountry,False
911036,BlueCart,Upcountry,True
902685,SwiftLine,Metro,True
906023,SwiftLine,Upcountry,True
909889,BlueCart,Upcountry,False
903028,SwiftLine,Metro,True
908725,BlueCart,Upcountry,False
903343,SwiftLine,Metro,True
909512,BlueCart,Upcountry,False
900623,SwiftLine,Metro,True
901723,SwiftLine,Metro,True
906460,BlueCart,Metro,True
904594,SwiftLine,Metro,True
907636,BlueCart,Upcountry,True
908688,BlueCart,Upcountry,False
900649,SwiftLine,Metro,True
904117,SwiftLine,Metro,True
902904,SwiftLine,Metro,True
905880,SwiftLine,Upcountry,True
909434,BlueCart,Upcountry,True
903232,SwiftLine,Metro,True
907678,BlueCart,Upcountry,True
905678,SwiftLine,Upcountry,True
905526,SwiftLine,Upcountry,False
908559,BlueCart,Upcountry,True
904646,SwiftLine,Metro,True
901943,SwiftLine,Metro,True
908754,BlueCart,Upcountry,True
911474,BlueCart,Upcountry,True
906754,BlueCart,Metro,True
911533,BlueCart,Upcountry,True
900177,SwiftLine,Metro,True
901510,SwiftLine,Metro,True
905970,SwiftLine,Upcountry,True
908271,BlueCart,Upcountry,True
903951,SwiftLine,Metro,True
908292,BlueCart,Upcountry,False
900360,SwiftLine,Metro,True
901426,SwiftLine,Metro,True
910694,BlueCart,Upcountry,True
903082,SwiftLine,Metro,True
902269,SwiftLine,Metro,True
907356,BlueCart,Upcountry,True
900458,SwiftLine,Metro,True
901632,SwiftLine,Metro,True
911507,BlueCart,Upcountry,False
909046,BlueCart,Upcountry,True
903362,SwiftLine,Metro,False
904946,SwiftLine,Metro,True
903866,SwiftLine,Metro,True
911058,BlueCart,Upcountry,True
907534,BlueCart,Upcountry,True
901654,SwiftLine,Metro,False
909279,BlueCart,Upcountry,False
907927,BlueCart,Upcountry,True
906782,BlueCart,Metro,True
902636,SwiftLine,Metro,True
901254,SwiftLine,Metro,False
901475,SwiftLine,Metro,True
907893,BlueCart,Upcountry,True
905777,SwiftLine,Upcountry,True
901802,SwiftLine,Metro,True
905489,SwiftLine,Upcountry,True
900714,SwiftLine,Metro,True
909503,BlueCart,Upcountry,True
900727,SwiftLine,Metro,True
906207,BlueCart,Metro,True
905212,SwiftLine,Upcountry,True
907250,BlueCart,Upcountry,True
900152,SwiftLine,Metro,True
911048,BlueCart,Upcountry,True
905014,SwiftLine,Metro,True
903440,SwiftLine,Metro,True
907278,BlueCart,Upcountry,True
904785,SwiftLine,Metro,True
900681,SwiftLine,Metro,True
908586,BlueCart,Upcountry,False
901980,SwiftLine,Metro,True
908509,BlueCart,Upcountry,False
909699,BlueCart,Upcountry,True
905892,SwiftLine,Upcountry,False
909100,BlueCart,Upcountry,True
901712,SwiftLine,Metro,True
901768,SwiftLine,Metro,False
901195,SwiftLine,Metro,True
905208,SwiftLine,Upcountry,False
909600,BlueCart,Upcountry,True
910723,BlueCart,Upcountry,True
907735,BlueCart,Upcountry,True
907092,BlueCart,Metro,True
909916,BlueCart,Upcountry,True
907546,BlueCart,Upcountry,True
905006,SwiftLine,Metro,True
902430,SwiftLine,Metro,True
908998,BlueCart,Upcountry,False
910464,BlueCart,Upcountry,True
908059,BlueCart,Upcountry,True
903661,SwiftLine,Metro,True
907639,BlueCart,Upcountry,True
901232,SwiftLine,Metro,True
906263,BlueCart,Metro,True
910857,BlueCart,Upcountry,True
903111,SwiftLine,Metro,True
904105,SwiftLine,Metro,True
905373,SwiftLine,Upcountry,True
902833,SwiftLine,Metro,True
906099,SwiftLine,Upcountry,True
907892,BlueCart,Upcountry,True
904262,SwiftLine,Metro,True
905084,SwiftLine,Metro,True
904007,SwiftLine,Metro,True
904238,SwiftLine,Metro,False
910967,BlueCart,Upcountry,False
901306,SwiftLine,Metro,True
903079,SwiftLine,Metro,True
909726,BlueCart,Upcountry,False
901355,SwiftLine,Metro,True
906141,BlueCart,Metro,False
902848,SwiftLine,Metro,True
911217,BlueCart,Upcountry,False
902554,SwiftLine,Metro,True
900502,SwiftLine,Metro,True
909131,BlueCart,Upcountry,False
908685,BlueCart,Upcountry,False
901025,SwiftLine,Metro,True
902202,SwiftLine,Metro,True
910156,BlueCart,Upcountry,False
901383,SwiftLine,Metro,False
903036,SwiftLine,Metro,True
903330,SwiftLine,Metro,True
908256,BlueCart,Upcountry,False
904681,SwiftLine,Metro,True
909793,BlueCart,Upcountry,False
903723,SwiftLine,Metro,True
903083,SwiftLine,Metro,True
902653,SwiftLine,Metro,False
906681,BlueCart,Metro,True
906979,BlueCart,Metro,True
908104,BlueCart,Upcountry,True
903604,SwiftLine,Metro,True
906274,BlueCart,Metro,True
903880,SwiftLine,Metro,True
906377,BlueCart,Metro,True
908157,BlueCart,Upcountry,True
905109,SwiftLine,Metro,True
902839,SwiftLine,Metro,True
904167,SwiftLine,Metro,True
907995,BlueCart,Upcountry,False
906320,BlueCart,Metro,True
908202,BlueCart,Upcountry,True
906164,BlueCart,Metro,True
905697,SwiftLine,Upcountry,True
903495,SwiftLine,Metro,True
900292,SwiftLine,Metro,True
903727,SwiftLine,Metro,True
907785,BlueCart,Upcountry,True
909740,BlueCart,Upcountry,True
902431,SwiftLine,Metro,True
910944,BlueCart,Upcountry,True
902773,SwiftLine,Metro,True
900094,SwiftLine,Metro,True
903685,SwiftLine,Metro,True
908888,BlueCart,Upcountry,True
904344,SwiftLine,Metro,True
901095,SwiftLine,Metro,False
903371,SwiftLine,Metro,True
902791,SwiftLine,Metro,False
910918,BlueCart,Upcountry,False
908470,BlueCart,Upcountry,False
901314,SwiftLine,Metro,True
907697,BlueCart,Upcountry,True
908053,BlueCart,Upcountry,True
907659,BlueCart,Upcountry,True
909609,BlueCart,Upcountry,True
901729,SwiftLine,Metro,True
905204,SwiftLine,Upcountry,True
902629,SwiftLine,Metro,True
905893,SwiftLine,Upcountry,True
900454,SwiftLine,Metro,True
909686,BlueCart,Upcountry,True
901558,SwiftLine,Metro,True
907824,BlueCart,Upcountry,True
900185,SwiftLine,Metro,True
900761,SwiftLine,Metro,True
909941,BlueCart,Upcountry,True
905801,SwiftLine,Upcountry,True
904386,SwiftLine,Metro,True
907383,BlueCart,Upcountry,True
901736,SwiftLine,Metro,True
908150,BlueCart,Upcountry,True
904160,SwiftLine,Metro,True
910337,BlueCart,Upcountry,True
908922,BlueCart,Upcountry,True
902963,SwiftLine,Metro,True
910194,BlueCart,Upcountry,True
902482,SwiftLine,Metro,True
906719,BlueCart,Metro,True
905335,SwiftLine,Upcountry,True
906214,BlueCart,Metro,True
902239,SwiftLine,Metro,True
900839,SwiftLine,Metro,True
903590,SwiftLine,Metro,True
906662,BlueCart,Metro,True
905346,SwiftLine,Upcountry,True
900619,SwiftLine,Metro,True
903977,SwiftLine,Metro,True
903602,SwiftLine,Metro,True
908793,BlueCart,Upcountry,True
905814,SwiftLine,Upcountry,True
905096,SwiftLine,Metro,True
904253,SwiftLine,Metro,True
904541,SwiftLine,Metro,True
900391,SwiftLine,Metro,True
909156,BlueCart,Upcountry,True
909427,BlueCart,Upcountry,True
903169,SwiftLine,Metro,True
905885,SwiftLine,Upcountry,True
909829,BlueCart,Upcountry,True
902676,SwiftLine,Metro,True
909604,BlueCart,Upcountry,True
903413,SwiftLine,Metro,True
906198,BlueCart,Metro,True
900662,SwiftLine,Metro,True
911555,BlueCart,Upcountry,False
900322,SwiftLine,Metro,True
900990,SwiftLine,Metro,False
900956,SwiftLine,Metro,True
907774,BlueCart,Upcountry,True
903633,SwiftLine,Metro,True
903133,SwiftLine,Metro,True
909978,BlueCart,Upcountry,True
911067,BlueCart,Upcountry,True
911348,BlueCart,Upcountry,True
902776,SwiftLine,Metro,True
908624,BlueCart,Upcountry,True
909858,BlueCart,Upcountry,False
907794,BlueCart,Upcountry,True
911006,BlueCart,Upcountry,True
901584,SwiftLine,Metro,True
910600,BlueCart,Upcountry,True
909845,BlueCart,Upcountry,True
911212,BlueCart,Upcountry,True
901077,SwiftLine,Metro,True
900398,SwiftLine,Metro,True
901503,SwiftLine,Metro,True
900652,SwiftLine,Metro,True
908472,BlueCart,Upcountry,True
906680,BlueCart,Metro,True
904968,SwiftLine,Metro,True
911272,BlueCart,Upcountry,True
911228,BlueCart,Upcountry,True
905827,SwiftLine,Upcountry,True
911028,BlueCart,Upcountry,True
907802,BlueCart,Upcountry,True
910963,BlueCart,Upcountry,True
906684,BlueCart,Metro,True
909350,BlueCart,Upcountry,True
907177,BlueCart,Metro,True
902986,SwiftLine,Metro,True
905411,SwiftLine,Upcountry,False
909128,BlueCart,Upcountry,False
901019,SwiftLine,Metro,True
908957,BlueCart,Upcountry,True
905647,SwiftLine,Upcountry,True
909182,BlueCart,Upcountry,False
902528,SwiftLine,Metro,True
911145,BlueCart,Upcountry,True
904588,SwiftLine,Metro,True
906647,BlueCart,Metro,True
905479,SwiftLine,Upcountry,True
908549,BlueCart,Upcountry,True
906277,BlueCart,Metro,True
911126,BlueCart,Upcountry,False
