invoice_line_id,order_id,product_id,amount
INV012129,130195,108,37240.0
INV001697,103069,101,5750.0
INV014014,119908,103,18620.0
INV006800,131239,104,31000.0
INV014103,155109,108,3162.0
INV019615,913659,101,11465.88
INV016475,103555,104,57500.0
INV012989,105508,101,15500.0
INV004383,109896,103,142800.0
INV005062,164082,104,29325.0
INV000385,134215,104,3750.0
INV012741,149606,107,42140.0
INV015078,104833,101,5800.0
INV016571,119749,103,2842.0
INV018566,139798,107,1862.0
INV003166,147325,107,29325.0
INV012595,156825,106,13720.0
INV002831,107139,103,5635.0
INV004956,112235,107,21500.0
INV017303,116586,107,14000.0
INV019555,910841,106,66249.39
INV009193,165442,103,140000.0
INV001156,166497,105,14500.0
INV014630,127519,108,43000.0
INV007094,126149,103,5635.0
INV008522,124203,107,62000.0
INV005090,152726,101,37500.0
INV010648,105498,107,28750.0
INV007669,154988,103,4300.0
INV006249,132664,106,10750.0
INV018455,129910,106,1450.0
INV000162,117605,108,18375.0
INV018694,113222,102,7250.0
INV012373,139803,107,1479.0
INV016606,150040,108,2900.0
INV004628,104259,102,23000.0
INV011168,118085,101,137200.0
INV012156,121426,107,14500.0
INV007723,123921,108,28750.0
INV018436,161082,106,9500.0
INV008119,158127,106,9310.0
INV017923,106268,103,38250.0
INV013884,135959,105,3100.0
INV019497,123289,105,21500.0
INV009989,144144,101,3724.0
INV012972,123512,102,3100.0
INV007303,141932,101,7250.0
INV011140,138730,107,62000.0
INV014493,107766,108,10535.0
INV016776,129190,107,15500.0
INV017485,140297,107,71400.0
INV002592,141957,103,62000.0
INV001920,119093,107,75000.0
INV008776,111528,104,43860.0
INV018753,131095,107,76500.0
INV017478,143271,106,8428.0
INV008724,151344,107,5750.0
INV011722,154012,101,3825.0
INV002847,165486,105,5916.0
INV002540,103068,108,28420.0
INV006438,144595,102,140000.0
INV001275,130650,104,56350.0
INV008131,159732,103,1479.0
INV005364,120373,101,142800.0
INV012398,133242,101,140000.0
INV007154,158601,104,4300.0
INV010985,105025,107,5750.0
INV008521,119975,105,58650.0
INV014960,153140,102,12400.0
INV007700,119874,101,29325.0
INV014139,127671,105,29325.0
INV000650,139981,105,4214.0
INV003610,105606,102,18375.0
INV008078,101563,104,2150.0
INV006061,156933,106,38000.0
INV003161,147258,101,28750.0
INV015105,105849,108,15000.0
INV000821,154442,108,15500.0
INV016384,161529,108,9690.0
INV017022,112499,102,28420.0
INV005074,120700,105,57500.0
INV005184,101499,107,28420.0
INV015316,137927,101,7000.0
INV014833,151466,102,5750.0
INV001230,137077,102,1421.0
INV010928,103939,101,1450.0
INV015891,120079,108,14790.0
INV014510,161028,101,28750.0
INV019220,114020,104,70000.0
INV006231,100180,107,10965.0
INV004536,156646,108,28175.0
INV016737,166538,101,14280.0
INV017742,103539,107,15500.0
INV008322,104145,106,38760.0
INV012733,100645,108,6860.0
INV002014,120534,102,14000.0
INV010151,157177,106,35000.0
INV008691,111240,108,7000.0
INV000977,133023,107,70000.0
INV011138,157028,104,2900.0
INV010962,142569,106,9690.0
INV000602,136479,106,5750.0
INV011484,116903,106,14700.0
INV016077,144688,107,1479.0
INV002348,133110,102,38760.0
INV003769,163857,101,14000.0
INV003743,158643,104,23000.0
INV004149,153664,107,9500.0
INV019950,927487,104,43841.16
INV006802,120835,107,57500.0
INV016663,127532,103,43000.0
INV007053,139404,104,38760.0
INV006523,100046,107,7752.0
INV015587,124236,102,10750.0
INV007624,131986,101,6200.0
INV010258,153622,103,14790.0
INV009247,123016,105,4300.0
INV003343,104704,102,75000.0
INV012653,145140,104,2150.0
INV017505,130695,104,21070.0
INV003115,119371,105,29325.0
INV019853,924535,108,29919.36
INV019754,971166,108,72205.9
INV003846,154789,105,3724.0
INV004133,137086,108,6860.0
INV014251,153582,108,42140.0
INV007673,113072,108,14000.0
INV003901,113619,103,14000.0
INV014140,164504,104,3800.0
INV012948,147746,102,70000.0
INV013706,158521,102,28000.0
INV013736,144979,102,7500.0
INV001928,107549,102,1450.0
INV015174,125023,104,8600.0
INV002197,126687,106,4214.0
INV007557,150694,103,15000.0
INV010373,116550,106,7752.0
INV000458,152327,102,1938.0
INV014184,129002,107,142800.0
INV003925,151535,108,15500.0
INV017196,127484,103,22540.0
INV007637,120702,107,3724.0
INV011306,153864,106,43860.0
INV005470,121744,108,75000.0
INV007356,104209,106,29000.0
INV008412,165503,106,57500.0
INV010417,112031,104,9500.0
INV015397,131942,104,19380.0
INV009047,126047,108,5865.0
INV015340,135332,107,15300.0
INV016855,103925,107,75000.0
INV003662,166098,103,7350.0
INV009973,143159,104,38000.0
INV007874,144654,102,8772.0
INV018916,111202,106,14700.0
INV019408,129291,101,3038.0
INV004773,112947,104,9500.0
INV016694,115651,103,2150.0
INV013169,153968,106,43000.0
INV000868,124144,106,3800.0
INV000067,161025,103,15500.0
INV009683,140498,104,22540.0
INV013380,158301,106,8600.0
INV019431,128466,104,43000.0
INV017330,164938,107,2900.0
INV004783,160293,107,23460.0
INV002853,134562,107,12152.0
INV008040,115293,106,14500.0
INV014264,120815,101,2900.0
INV008197,130165,102,28000.0
INV018914,133090,102,6200.0
INV017234,109564,108,22540.0
INV013726,119228,101,2900.0
INV013582,111605,102,140000.0
INV007724,155157,103,3750.0
INV009360,112908,105,19000.0
INV018190,135303,107,10965.0
INV015006,101526,107,7250.0
INV012752,103971,101,10750.0
INV017236,161942,104,2107.0
INV001915,150247,104,2900.0
INV013142,142187,102,27440.0
INV004303,126784,104,6324.0
INV008261,144015,102,7752.0
INV009764,116116,101,7600.0
INV017763,134897,105,38000.0
INV015631,121537,104,1900.0
INV013191,118189,106,21070.0
INV019940,992452,107,75417.39
INV003245,125325,102,62000.0
INV009333,130181,106,140000.0
INV000075,100448,105,5750.0
INV005386,142074,103,30380.0
INV004013,137160,101,14000.0
INV007771,110805,101,1938.0
INV003532,136951,103,19000.0
INV010975,113392,101,2900.0
INV000981,135196,101,7140.0
INV006617,140697,102,5800.0
INV000019,103711,102,28420.0
INV017677,117630,101,60760.0
INV011955,153222,103,1900.0
INV014292,160663,108,7105.0
INV008804,126620,102,31000.0
INV016807,113991,104,8600.0
INV017212,111934,104,3162.0
INV018565,132424,106,8600.0
INV017671,165281,104,3750.0
INV008777,158211,108,1900.0
INV014207,130584,106,2193.0
INV012382,155763,107,23460.0
INV006247,142341,103,43000.0
INV012207,147828,103,21930.0
INV011488,110248,101,140000.0
INV012148,135933,104,7448.0
INV011362,132820,103,8600.0
INV014463,137388,101,9690.0
INV000264,118497,104,14000.0
INV006968,113680,108,23000.0
INV006307,151934,102,7105.0
INV014330,120065,103,8428.0
INV014403,148101,108,11500.0
INV019637,990520,101,48076.93
INV014520,111712,108,12400.0
INV019890,913364,108,63663.89
INV004425,165444,107,4300.0
INV015790,164224,107,2193.0
INV009586,128451,108,12400.0
INV001124,154841,105,9500.0
INV017034,118346,106,23000.0
INV009897,161560,102,7600.0
INV014234,142800,103,5684.0
INV000786,154776,102,12152.0
INV002774,121609,105,34300.0
INV002397,131172,105,28750.0
INV000396,114278,106,21500.0
INV015714,107068,103,1900.0
INV013896,112754,107,31000.0
INV019386,143748,101,6324.0
INV004101,110953,108,19125.0
INV013458,132591,107,15300.0
INV013004,111878,107,28750.0
INV004454,138567,107,22540.0
INV011830,127186,106,3038.0
INV015440,159772,104,10750.0
INV007186,125490,106,21500.0
INV007362,104512,102,19125.0
INV001667,153976,106,7395.0
INV000117,141199,101,62000.0
INV000643,155307,104,14500.0
INV016383,142552,101,19000.0
INV006038,158560,107,28750.0
INV005874,156495,102,29000.0
INV001777,151556,104,14000.0
INV011028,105182,101,63240.0
INV002063,163733,103,4386.0
INV003051,162813,102,14500.0
INV002926,126666,101,28175.0
INV009924,134542,104,112700.0
INV006156,156312,106,15500.0
INV007702,120931,104,8772.0
INV003890,158392,103,31000.0
INV019015,102963,103,3800.0
INV016058,156428,106,29000.0
INV011346,111693,105,7140.0
INV001349,154778,104,2150.0
INV001397,127782,104,6860.0
INV014254,115398,107,14280.0
INV009765,131890,102,19000.0
INV012242,166088,107,7000.0
INV000324,109549,101,1421.0
INV013351,118159,104,42140.0
INV002678,133320,107,57500.0
INV002474,159614,104,11500.0
INV010939,147313,101,14790.0
INV010992,113345,101,140000.0
INV004190,114277,102,7500.0
INV013500,139904,108,15500.0
INV006532,154789,103,30380.0
INV000918,133739,102,3800.0
INV003780,128696,108,43000.0
INV008044,152536,105,21500.0
INV000102,133718,101,140000.0
INV017281,163802,105,8600.0
INV006224,119484,106,13720.0
INV009893,116943,101,31620.0
INV008381,123373,103,7140.0
INV014848,128521,104,2958.0
INV004307,119416,102,5800.0
INV005474,142228,103,2193.0
INV005067,112106,106,31000.0
INV019473,135876,105,28750.0
INV017551,152364,102,7000.0
INV003634,144608,104,3750.0
INV012077,109055,107,23460.0
INV007401,134949,104,37500.0
INV009052,142592,106,14500.0
INV008308,107767,106,3750.0
INV019740,984518,105,78991.34
INV010175,106719,105,7105.0
INV002518,116789,103,7000.0
INV008199,111412,104,140000.0
INV013356,101881,103,3100.0
INV009428,166020,102,37500.0
INV009274,120297,103,2842.0
INV018018,144160,102,1900.0
INV009053,129067,102,5750.0
INV014350,125342,105,29000.0
INV003940,144047,106,115000.0
INV003945,132354,103,70000.0
INV007900,122432,101,1900.0
INV007855,113781,102,2150.0
INV001863,100061,101,10535.0
INV017514,151180,103,70000.0
INV015879,154185,102,5750.0
INV007857,144540,107,5750.0
INV012844,111948,102,7600.0
INV018091,156639,104,7395.0
INV018413,118475,102,10965.0
INV019428,111686,102,140000.0
INV006049,142300,106,6200.0
INV003728,144376,103,3750.0
INV018743,111840,101,5865.0
INV009251,143331,105,76500.0
INV012371,137432,108,7600.0
INV013947,135925,102,30380.0
INV006720,125404,106,1450.0
INV014629,119860,105,11500.0
INV015934,139230,108,15300.0
INV013447,117256,102,31000.0
INV004113,119508,103,3100.0
INV007840,147573,102,7250.0
INV013332,147813,103,11270.0
INV002498,155277,107,28750.0
INV009381,119699,108,5800.0
INV000351,100453,104,31000.0
INV000952,155771,107,28000.0
INV004066,116179,107,58650.0
INV010964,121360,108,140000.0
INV002074,117744,102,21500.0
INV010269,138199,105,2193.0
INV006996,100119,101,6860.0
INV007558,109542,104,38250.0
INV016796,163327,105,3750.0
INV016463,163694,105,7000.0
INV004576,147058,101,15500.0
INV001662,142984,101,7752.0
INV016237,143283,101,7000.0
INV005728,107229,102,14000.0
INV013062,130643,106,9500.0
INV017620,104953,101,11500.0
INV014509,144032,102,75000.0
INV009824,102181,107,35700.0
INV012980,133851,101,15500.0
INV009077,126581,105,6200.0
INV019676,999266,104,70693.32
INV010690,148940,101,14500.0
INV007966,165245,108,115000.0
INV015035,162081,102,15000.0
INV002355,133326,103,7140.0
INV016327,104183,107,19000.0
INV011156,116930,106,31620.0
INV019813,979862,108,9422.49
INV002785,136137,108,5750.0
INV014153,136030,105,14500.0
INV001422,131951,103,4300.0
INV001093,116755,106,8600.0
INV007782,138899,105,3162.0
INV008810,146604,106,4300.0
INV015707,142939,103,28000.0
INV013466,140773,106,38760.0
INV006910,165730,108,3100.0
INV017536,163332,107,11500.0
INV000199,147893,101,1900.0
INV017523,156112,108,7250.0
INV012830,134794,106,70000.0
INV002630,125470,108,140000.0
INV017713,143216,108,28560.0
INV018519,130628,107,27440.0
INV015166,158478,107,42140.0
INV003207,104035,102,15500.0
INV001841,166430,106,63240.0
INV008404,158619,107,15190.0
INV000275,152862,101,70000.0
INV018698,107808,103,2900.0
INV010516,100469,104,7250.0
INV018243,155772,103,15500.0
INV016304,138999,107,43000.0
INV001506,115378,106,11500.0
INV008907,145037,101,7105.0
INV011170,134777,106,14210.0
INV010122,112842,105,3750.0
INV001678,101612,104,38000.0
INV014661,116824,105,3800.0
INV002574,149796,107,70000.0
INV009390,133153,101,14790.0
INV013595,102323,106,7752.0
INV015004,162884,105,3800.0
INV012385,101235,102,7350.0
INV016797,104653,101,2900.0
INV012505,166612,107,21500.0
INV013975,114707,103,37500.0
INV006266,117866,105,15810.0
INV007354,153921,103,1938.0
INV017464,106142,103,57500.0
INV002582,160348,101,11270.0
INV003572,124891,106,5800.0
INV015162,101470,102,6076.0
INV009369,123034,107,36750.0
INV008279,120253,102,3162.0
INV000714,129069,104,63240.0
INV006018,105795,105,1450.0
INV018456,139041,104,35000.0
INV019121,149309,103,29580.0
INV002664,153959,104,9500.0
INV016647,118064,105,7000.0
INV006228,128360,102,1479.0
INV013558,137953,106,23000.0
INV012533,126538,102,75000.0
INV010042,117254,107,115000.0
INV008768,104042,106,11500.0
INV009005,141305,107,15500.0
INV007238,123990,107,12400.0
INV002938,121486,103,5750.0
INV015851,159717,106,1900.0
INV019423,127278,102,19000.0
INV015706,134006,108,75000.0
INV015245,108963,103,19000.0
INV010523,138624,105,15300.0
INV010880,162734,103,7350.0
INV007627,152052,105,28420.0
INV003200,118336,106,137200.0
INV013751,148048,107,10750.0
INV005494,164218,106,11500.0
INV008579,149368,104,15000.0
INV016640,144805,103,11500.0
INV012161,157080,105,3675.0
INV019646,918321,104,77280.35
INV006838,110765,106,14500.0
INV019053,132447,107,11270.0
INV001757,114872,103,7600.0
INV000268,159206,106,15000.0
INV011343,140568,102,43860.0
INV019071,141462,103,62000.0
INV015514,131827,106,31620.0
INV001354,144526,101,14700.0
INV003266,133023,105,7500.0
INV010046,123523,101,23000.0
INV013518,146622,101,7500.0
INV009321,166571,105,38000.0
INV003432,161093,102,1900.0
INV004589,141044,105,38000.0
INV015747,164988,108,5750.0
INV004918,102607,101,8428.0
INV000368,119775,103,23000.0
INV015170,129162,105,7500.0
INV012790,125948,103,4300.0
INV003028,108699,107,19380.0
INV001972,131356,107,18375.0
INV010917,128095,107,14000.0
INV016026,100883,105,35000.0
INV010483,120564,107,62000.0
INV015336,145565,108,28420.0
INV018966,149007,106,28175.0
INV013367,111138,105,28000.0
INV018649,112461,104,6200.0
INV017629,165171,103,7000.0
INV016848,145528,104,15300.0
INV003128,152571,103,62000.0
INV004134,151530,102,6200.0
INV007507,132627,104,3162.0
INV006816,107540,104,7500.0
INV019169,162110,107,115000.0
INV012999,161650,107,57500.0
INV008544,126907,102,5800.0
INV016610,152136,103,70000.0
INV001956,118599,102,14500.0
INV009718,129882,107,8772.0
INV011368,164310,101,6324.0
INV010110,149211,101,28750.0
INV016467,134145,102,8428.0
INV016568,121000,102,19000.0
INV016133,120966,104,15000.0
INV009620,102409,101,9500.0
INV002400,132158,108,7000.0
INV007483,122740,104,19000.0
INV016959,158827,105,4386.0
INV008293,139764,102,11270.0
INV008364,117561,107,62000.0
INV006625,113093,101,1900.0
INV002795,155556,101,8600.0
INV019773,907857,102,37183.1
INV013078,141771,103,1862.0
INV014642,108339,102,57500.0
INV011498,114157,104,3162.0
INV003410,135038,106,3750.0
INV007178,104550,107,7000.0
INV008818,120306,102,7250.0
INV011464,136642,103,10750.0
INV018441,124728,103,70000.0
INV018688,149037,104,75000.0
INV016966,111012,101,34300.0
INV015393,159931,106,3750.0
INV001250,113374,102,3750.0
INV018616,122419,106,37500.0
INV013154,123159,108,4300.0
INV018229,108107,101,2150.0
INV019996,936745,107,69192.88
INV012768,105756,104,15500.0
INV016722,125399,107,12400.0
INV003195,160129,107,12400.0
INV012219,107692,106,3750.0
INV015146,121096,108,28000.0
INV014885,114848,102,71400.0
INV017254,128303,103,12400.0
INV007866,107964,106,9500.0
INV001621,110959,103,7500.0
INV000239,136748,107,1900.0
INV004520,159589,107,23000.0
INV009394,129666,105,3100.0
INV003742,119545,107,3800.0
INV000670,145457,103,28000.0
INV007582,163253,102,3162.0
INV012329,144989,106,35000.0
INV011004,105434,101,4300.0
INV012353,102720,105,70000.0
INV010924,144714,107,34300.0
INV014273,159295,106,3750.0
INV015060,103164,106,2150.0
INV005251,158781,103,9690.0
INV010360,135775,106,11500.0
INV012222,164717,107,14280.0
INV018241,123614,102,14500.0
INV018549,153231,107,6860.0
INV009891,131544,101,43860.0
INV010725,143474,102,7600.0
INV005568,141359,104,14000.0
INV007003,130508,102,5750.0
INV013568,129646,102,37500.0
INV006009,126670,101,62000.0
INV017646,126825,106,7000.0
INV018259,135993,105,12400.0
INV010614,148645,107,1938.0
INV003137,144603,104,19380.0
INV005124,122483,105,1900.0
INV005631,119915,102,2150.0
INV007274,145127,103,4386.0
INV001578,143219,103,11500.0
INV004314,162533,105,19125.0
INV008856,159554,107,2193.0
INV018155,150595,108,10750.0
INV015663,111125,104,142800.0
INV019737,987267,108,11736.17
INV010527,138800,106,3162.0
INV005600,126854,104,31000.0
INV004209,125610,105,21930.0
INV007474,161284,106,68600.0
INV013846,135201,106,28000.0
INV014268,123749,106,2193.0
INV000534,160353,106,140000.0
INV019186,153500,105,7448.0
INV019746,998743,102,72466.08
INV013897,141443,101,11500.0
INV012186,112022,104,7000.0
INV013248,128418,107,7350.0
INV008866,127642,102,2150.0
INV004058,110167,105,43000.0
INV008275,119595,102,2150.0
INV010069,161933,104,75000.0
INV005973,103263,107,9690.0
INV019902,983621,106,12341.13
INV014196,124556,101,10535.0
INV015364,123945,104,23000.0
INV016072,155894,106,7000.0
INV006144,160728,106,7448.0
INV012296,102591,108,14500.0
INV005789,136739,102,28000.0
INV004371,100626,106,2150.0
INV007521,100436,101,1938.0
INV016210,122261,101,19000.0
INV003301,111799,104,43000.0
INV003909,114592,107,3724.0
INV004424,137424,103,7600.0
INV018582,139489,105,28000.0
INV009778,135515,107,23000.0
INV018854,119899,105,12152.0
INV003210,106182,105,29580.0
INV012451,111651,102,75000.0
INV013829,143237,102,15810.0
INV015343,103699,108,34300.0
INV015089,148759,102,7650.0
INV006340,143578,102,117300.0
INV015552,127212,107,3800.0
INV017305,127793,103,43000.0
INV011323,111366,107,2900.0
INV008672,135874,101,18750.0
INV018758,146127,102,19125.0
INV014027,141735,101,1450.0
INV009235,143834,102,5916.0
INV000946,146259,101,11500.0
INV017417,128600,101,5684.0
INV015234,136288,101,3675.0
INV002044,127713,108,10750.0
INV003162,143425,106,3038.0
INV012720,156421,106,28750.0
INV013218,111992,107,43860.0
INV013929,166573,105,2958.0
INV018001,160821,107,14790.0
INV001758,155104,101,137200.0
INV008195,120800,102,3800.0
INV006348,149676,105,31000.0
INV014387,109018,107,27440.0
INV009023,138304,104,6324.0
INV016849,137759,105,31000.0
INV000540,153345,106,11500.0
INV005375,105980,108,10535.0
INV010184,106049,104,14790.0
INV000250,122959,102,19000.0
INV007421,148072,106,38760.0
INV006327,132106,103,1450.0
INV002830,154017,107,1479.0
INV014080,136085,103,7600.0
INV007725,146189,104,7000.0
INV003339,123204,106,7600.0
INV012687,164456,106,117300.0
INV005986,151283,103,12400.0
INV013422,132526,101,115000.0
INV017249,163741,102,9500.0
INV011497,137274,103,7140.0
INV013881,136952,103,3038.0
INV011983,121868,106,1900.0
INV000865,139612,103,63240.0
INV004626,116643,101,4300.0
INV007908,102524,104,62000.0
INV013542,140820,105,1900.0
INV008567,101167,107,140000.0
INV004665,134359,104,38000.0
INV013294,148148,106,7752.0
INV017049,100895,103,62000.0
INV002837,128280,102,70000.0
INV001328,126195,103,57500.0
INV004222,158375,102,1421.0
INV016458,132817,108,3800.0
INV003811,111199,108,15000.0
INV005141,108288,107,28000.0
INV013941,164967,102,1900.0
INV014800,137336,106,142800.0
INV018044,128485,107,7250.0
INV013412,152386,102,62000.0
INV004609,163599,107,1450.0
INV010579,142967,108,3876.0
INV012495,110435,106,42140.0
INV014638,114604,104,10535.0
INV011808,136157,108,3876.0
INV004625,145458,107,1450.0
INV005773,109049,107,2193.0
INV012685,136636,105,7448.0
INV017645,122954,105,13720.0
INV016235,111456,102,4300.0
INV019341,107805,105,1900.0
INV005016,162904,107,18750.0
INV012212,143439,107,7250.0
INV008681,136915,103,5800.0
INV013924,108968,101,3750.0
INV007144,155738,101,18620.0
INV000499,140310,105,28175.0
INV011026,160837,107,10965.0
INV019380,102514,104,14500.0
INV014465,134410,108,3100.0
INV019162,150246,101,18620.0
INV012089,124210,108,62000.0
INV002174,122919,106,23460.0
INV011628,125980,101,15000.0
INV012430,101438,106,1450.0
INV012656,139175,105,5635.0
INV017189,162500,101,18620.0
INV006462,159982,101,75000.0
INV002428,132334,106,1900.0
INV012864,145807,106,63240.0
INV005047,119056,106,5916.0
INV003235,153404,105,5800.0
INV005615,118430,101,2107.0
INV009633,140422,103,23460.0
INV017872,104381,107,38000.0
INV011878,151486,102,2900.0
INV007181,155315,105,9310.0
INV003269,140302,101,8600.0
INV012634,116284,101,12400.0
INV014253,151256,104,12648.0
INV014892,105326,108,28000.0
INV011257,131111,106,12648.0
INV014066,118373,104,15190.0
INV009266,127178,106,14700.0
INV002417,144316,105,7140.0
INV016120,143877,102,8600.0
INV017209,120884,103,7500.0
INV018972,130319,106,43000.0
INV015885,135219,102,7600.0
INV012502,128460,104,5750.0
INV017720,158022,106,5684.0
INV001932,102614,107,1862.0
INV000673,150352,108,14210.0
INV004539,125927,102,38000.0
INV012737,155492,101,21070.0
INV000592,119790,102,38760.0
INV008498,115628,104,14500.0
INV005641,108538,106,7500.0
INV009942,155326,103,1450.0
INV004232,100800,104,29580.0
INV001546,135961,105,23460.0
INV010921,117968,107,7250.0
INV016290,113138,108,6076.0
INV011931,130958,102,43000.0
INV007941,140035,107,14500.0
INV000723,145147,106,15500.0
INV014622,151621,103,5750.0
INV006047,140488,108,2958.0
INV003861,119136,101,60760.0
INV014366,114859,104,28000.0
INV017000,115113,104,12400.0
INV013795,140436,102,28000.0
INV018747,146191,107,15500.0
INV000810,114128,106,7500.0
INV016015,151491,104,38250.0
INV017123,130409,101,2150.0
INV008828,127997,108,5865.0
INV010301,121833,104,115000.0
INV002325,110135,101,5635.0
INV006880,121432,108,1900.0
INV003088,130542,106,15810.0
INV014657,108537,102,7600.0
INV005408,115448,107,11500.0
INV003937,129970,103,57500.0
INV004489,146078,104,23000.0
INV015370,152512,107,4386.0
INV012100,118583,102,7000.0
INV011748,128994,103,3800.0
INV003415,144961,104,14000.0
INV013324,127006,108,75000.0
INV008627,142049,105,21500.0
INV012338,152771,103,37500.0
INV014986,136187,105,68600.0
INV016507,115258,106,3750.0
INV000125,119909,102,1862.0
INV010040,134541,106,18620.0
INV006411,128353,101,28750.0
INV013290,162968,105,23000.0
INV004835,122140,105,140000.0
INV008943,154591,105,4300.0
INV009480,154494,103,73500.0
INV012703,127444,104,28000.0
INV011031,117259,101,15000.0
INV017992,154151,104,57500.0
INV012126,125970,101,76500.0
INV015468,134233,103,37500.0
INV004138,112990,101,2842.0
INV006259,110148,102,5750.0
INV009754,156154,103,1450.0
INV005344,157289,103,1862.0
INV003421,137916,106,70000.0
INV015737,109311,101,60760.0
INV000256,144135,105,21500.0
INV017851,158913,101,6860.0
INV002247,148036,105,29325.0
INV019281,109211,106,14500.0
INV015691,156070,103,38000.0
INV004321,141465,108,4300.0
INV010247,117146,106,1450.0
INV010383,124198,108,9690.0
INV006260,138592,105,15000.0
INV017083,127470,108,1938.0
INV002128,136403,104,15300.0
INV001806,121362,103,36750.0
INV015621,139673,101,62000.0
INV019479,164707,107,62000.0
INV010234,165462,108,19000.0
INV002883,155982,102,28000.0
INV002829,124423,107,1900.0
INV002920,102567,103,23000.0
INV004305,159010,104,5916.0
INV003438,111396,102,35700.0
INV012303,131509,104,1450.0
INV000427,127689,108,30380.0
INV017822,127784,108,8600.0
INV002866,153431,103,28000.0
INV011849,144224,103,7752.0
INV017843,138167,104,5916.0
INV017071,142713,105,7350.0
INV012272,153657,102,1450.0
INV019290,141019,102,2958.0
INV009879,126532,105,6200.0
INV001536,104711,104,7600.0
INV005596,103287,108,28750.0
INV008970,141204,101,1900.0
INV003117,157660,103,7250.0
INV012538,160342,106,115000.0
INV009181,113644,104,3162.0
INV019794,920652,105,33576.74
INV011356,151630,106,7250.0
INV019542,937383,107,26818.74
INV005429,148684,103,29580.0
INV006834,166618,103,37500.0
INV014729,132520,106,57500.0
INV004272,113634,108,7600.0
INV010085,153518,104,43000.0
INV001346,135477,105,71400.0
INV014658,103983,103,1421.0
INV010261,154800,106,5916.0
INV018935,141087,101,3100.0
INV016785,113328,107,11730.0
INV015807,151593,102,7250.0
INV003295,140958,108,4300.0
INV016401,152334,103,15000.0
INV007604,100288,101,12400.0
INV015394,121436,107,2900.0
INV018254,132593,103,29580.0
INV001257,146693,107,14500.0
INV019834,912334,103,65199.44
INV013288,164478,103,38000.0
INV015113,154390,102,14790.0
INV011571,152006,101,76500.0
INV015332,135290,101,23000.0
INV015119,120195,107,35700.0
INV016360,131250,105,29325.0
INV007442,145472,105,1421.0
INV011262,114892,107,5916.0
INV006122,104279,108,21070.0
INV003043,104813,103,5750.0
INV019179,162634,107,5800.0
INV018425,141267,106,71400.0
INV002056,113116,104,15810.0
INV013655,115916,106,35000.0
INV011152,157113,102,30380.0
INV002511,139542,103,1450.0
INV016164,145909,101,115000.0
INV001038,117112,105,3750.0
INV014477,120744,106,38000.0
INV008796,106373,108,3750.0
INV005177,136881,104,3750.0
INV005308,157043,108,10750.0
INV005933,112551,102,5750.0
INV008595,156211,105,9500.0
INV019140,128297,108,8600.0
INV018364,149718,106,22540.0
INV017202,121679,103,2900.0
INV009838,131709,103,21500.0
INV013668,127729,106,3162.0
INV004913,161034,105,10535.0
INV011661,109334,106,35000.0
INV010804,166430,105,3100.0
INV016720,118948,104,31000.0
INV012646,108670,108,7250.0
INV018214,108187,108,3800.0
INV003524,148551,104,62000.0
INV009883,156784,101,7000.0
INV003738,137008,101,1900.0
INV011710,150694,102,10750.0
INV012735,135647,101,28750.0
INV001287,127550,102,7600.0
INV000738,114946,108,1938.0
INV014067,138153,106,10965.0
INV014965,111904,108,140000.0
INV002339,126532,102,6200.0
INV011884,109797,103,8600.0
INV004784,107771,103,7600.0
INV001787,118788,106,14000.0
INV011201,147414,107,68600.0
INV000214,141082,101,63240.0
INV003699,161545,101,1450.0
INV005151,161690,102,5684.0
INV005300,142223,108,7500.0
INV003067,110747,105,75000.0
INV015014,117082,104,8428.0
INV005886,151849,108,21930.0
INV012084,164106,101,14790.0
INV009574,116125,104,43000.0
INV014777,117723,108,28000.0
INV014362,106447,104,3100.0
INV015337,150145,107,18750.0
INV006108,121808,106,140000.0
INV000262,132917,102,15000.0
INV018111,166634,105,57500.0
INV010860,117083,101,19125.0
INV007294,139327,107,28175.0
INV018953,151616,104,3750.0
INV002717,131627,101,1900.0
INV012357,138196,106,62000.0
INV019438,165031,101,10535.0
INV016678,113476,108,35000.0
INV003953,165485,106,112700.0
INV013721,145901,104,7395.0
INV011079,119588,108,5750.0
INV011200,141469,106,6200.0
INV002156,106595,107,21500.0
INV019242,135856,103,35000.0
INV010249,165362,102,117300.0
INV009416,143627,101,115000.0
INV015620,153200,102,115000.0
INV017744,127757,106,3100.0
INV010106,107066,103,1938.0
INV002849,139187,104,7105.0
INV004360,127761,105,14280.0
INV007636,140260,101,3800.0
INV011579,141132,103,28420.0
INV017314,153098,105,140000.0
INV002329,149927,102,36750.0
INV005829,120093,101,6200.0
INV019117,102574,102,37500.0
INV000291,138720,106,12400.0
INV016295,165990,107,7000.0
INV017944,120464,103,12400.0
INV006919,141803,107,21070.0
INV013299,133716,106,18375.0
INV003224,112740,101,7650.0
INV005823,144124,108,19125.0
INV009958,155886,107,35700.0
INV000052,115143,108,9500.0
INV011420,161624,107,2900.0
INV015355,155803,104,7250.0
INV004059,121246,103,57500.0
INV002976,144849,104,28750.0
INV011509,139264,105,7250.0
INV010437,162141,105,2193.0
INV006844,150320,105,11730.0
INV001037,161185,101,4386.0
INV000526,150811,105,115000.0
INV011326,166305,101,12400.0
INV015358,117679,107,38000.0
INV017728,150636,107,38250.0
INV019697,956752,101,3109.09
INV010572,117844,108,28175.0
INV012853,117910,108,12400.0
INV004693,111654,105,35000.0
INV013667,141742,106,9500.0
INV018978,113897,102,3750.0
INV013298,120721,104,7105.0
INV011510,151265,103,11500.0
INV012744,102258,101,7600.0
INV012473,124204,103,2900.0
INV014588,103461,102,34300.0
INV005411,130876,103,6324.0
INV017240,161385,101,14000.0
INV001423,128165,108,2842.0
INV017687,140207,104,2150.0
INV012325,133942,102,15000.0
INV009807,126250,102,1450.0
INV011790,133124,106,62000.0
INV007923,136559,102,31000.0
INV004668,112154,103,76500.0
INV009994,123503,104,70000.0
INV008657,140233,108,10750.0
INV015243,165522,103,2900.0
INV000731,121405,102,14700.0
INV019815,900288,103,25895.7
INV007581,162095,104,37500.0
INV012996,162695,103,70000.0
INV001597,104029,103,21070.0
INV014538,157309,104,62000.0
INV006621,146291,105,10750.0
INV015210,134325,106,7650.0
INV016062,160954,108,117300.0
INV019649,965195,105,16368.31
INV013513,145737,108,3800.0
INV017745,135856,108,43000.0
INV009328,164499,107,1450.0
INV017641,124253,101,7500.0
INV001728,158940,105,12400.0
INV017782,140533,106,7000.0
INV019917,963074,107,73912.26
INV007811,165263,104,12400.0
INV014160,144607,102,7752.0
INV002813,108728,106,9500.0
INV015058,165215,102,1900.0
INV010552,115064,108,3675.0
INV019790,932635,104,76089.89
INV008141,104060,104,29000.0
INV006902,150867,102,21930.0
INV011184,112232,102,28000.0
INV000566,124008,105,7600.0
INV015031,155181,107,7500.0
INV017192,109391,104,23000.0
INV003376,112994,108,9500.0
INV002804,157379,101,28750.0
INV017626,164179,107,2150.0
INV018820,133649,102,43000.0
INV010845,139095,105,140000.0
INV009404,123382,107,34300.0
INV006578,135486,101,37500.0
INV003521,140212,101,71400.0
INV005742,112461,107,28750.0
INV013275,144335,102,15000.0
INV004481,133824,102,38000.0
INV007446,143068,108,140000.0
INV000832,120226,103,12152.0
INV017593,106388,102,12400.0
INV009350,148693,105,3100.0
INV005988,122979,102,8428.0
INV014057,132013,108,2193.0
INV013684,101792,108,43000.0
INV009543,141032,106,62000.0
INV017262,119004,106,7500.0
INV011364,146567,102,11500.0
INV008200,143867,106,14500.0
INV018204,144896,103,15000.0
INV006920,121062,101,137200.0
INV004396,163631,106,28750.0
INV005153,131087,105,15500.0
INV016857,109950,102,3100.0
INV005620,131042,108,2842.0
INV009987,149213,105,115000.0
INV011236,164692,101,15500.0
INV002401,111468,101,3724.0
INV002435,116719,108,4300.0
INV002087,144984,101,28000.0
INV015819,119146,101,3724.0
INV002876,130952,102,10535.0
INV015618,161319,103,29580.0
INV010556,109461,102,12152.0
INV014755,159721,108,1421.0
INV008875,102602,101,75000.0
INV009516,161754,103,14500.0
INV008923,144563,101,42140.0
INV015167,147345,105,31000.0
INV017702,112497,105,21500.0
INV010831,130205,107,3162.0
INV018435,105958,108,3750.0
INV007360,115113,105,7140.0
INV001897,124148,106,14500.0
INV005763,163634,101,3100.0
INV019429,156876,103,7105.0
INV002990,139135,108,5865.0
INV018858,121473,106,3800.0
INV005309,132303,101,2900.0
INV005363,110517,103,3800.0
INV001959,158922,108,28420.0
INV018950,120383,106,62000.0
INV004337,163661,101,2900.0
INV013895,106490,105,2900.0
INV017570,100923,102,18620.0
INV007970,160237,108,38000.0
INV014895,124958,108,28750.0
INV017457,156946,108,12400.0
INV001691,125932,104,70000.0
INV009487,127742,106,3100.0
INV017373,100074,106,7395.0
INV002198,153224,108,23000.0
INV008794,153840,106,38250.0
INV010150,157771,107,15000.0
INV019759,946789,103,43082.05
INV004408,155585,105,14000.0
INV005396,128336,103,29000.0
INV001933,107718,106,5800.0
INV016822,124913,107,19125.0
INV002154,159010,108,75000.0
INV008445,152384,108,2193.0
INV003929,165548,105,62000.0
INV017273,124659,107,2842.0
INV002935,147750,107,4386.0
INV003877,129627,106,7105.0
INV003436,154625,101,42140.0
INV019192,128091,108,1450.0
INV014441,112918,102,21500.0
INV014562,124403,105,12152.0
INV010688,149176,101,3724.0
INV014223,149210,101,4300.0
INV017161,158794,102,30380.0
INV008461,123598,106,8600.0
INV014388,100617,102,140000.0
INV009339,121323,103,1900.0
INV014017,130963,102,7600.0
INV007006,164289,101,15810.0
INV005453,153223,102,29000.0
INV004519,122530,101,12400.0
INV012237,116686,107,1450.0
INV007407,106265,106,4386.0
INV001303,153479,106,10750.0
INV005064,165032,104,31620.0
INV011415,146647,103,23460.0
INV016059,130984,106,19000.0
INV004543,106329,104,5865.0
INV008223,166539,102,3724.0
INV000827,147904,104,7140.0
INV001901,162450,103,5750.0
INV000993,134939,102,19000.0
INV002049,102284,106,28750.0
INV016558,151291,107,8428.0
INV010787,109971,102,14790.0
INV001569,111566,102,28175.0
INV001492,161926,105,34300.0
INV010144,103650,103,75000.0
INV008335,102538,106,12400.0
INV001174,101695,104,60760.0
INV012659,166102,103,1450.0
INV001532,113547,102,3724.0
INV019456,143369,101,21500.0
INV001814,163325,108,9690.0
INV008782,116596,108,2842.0
INV017725,141870,105,112700.0
INV004225,106416,102,2150.0
INV007508,164488,101,1900.0
INV001398,109670,105,31000.0
INV013134,107829,103,36750.0
INV010658,127501,104,14500.0
INV018461,150615,103,75000.0
INV010935,141519,108,3800.0
INV006177,163827,101,60760.0
INV016319,135672,102,5750.0
INV011527,107391,104,28750.0
INV018900,145499,105,14000.0
INV015502,131304,108,31620.0
INV015128,153292,101,1450.0
INV009340,136593,108,12400.0
INV008743,126004,102,15810.0
INV002670,111713,105,7105.0
INV005968,111035,101,21070.0
INV003618,122518,105,1900.0
INV003152,120332,101,42140.0
INV013103,150450,108,28420.0
INV002336,116096,107,29325.0
INV014168,137125,103,5800.0
INV012610,114126,107,28000.0
INV015384,152223,108,6076.0
INV017686,122879,107,63240.0
INV013883,163503,106,10750.0
INV012176,161430,104,1862.0
INV014868,163016,104,75000.0
INV013114,154199,102,23000.0
INV008581,139563,107,31000.0
INV001365,127922,103,5800.0
INV018488,117771,101,4300.0
INV010643,156600,101,3162.0
INV017446,141189,102,38000.0
INV019111,106218,102,21070.0
INV019201,156804,103,5750.0
INV006718,119518,105,2842.0
INV008995,105097,106,142800.0
INV010420,140967,104,60760.0
INV008042,103302,106,140000.0
INV018736,158461,107,1900.0
INV015009,123512,101,3750.0
INV016188,110189,104,28750.0
INV002928,165251,108,8600.0
INV017839,163552,101,8600.0
INV013885,105641,107,36750.0
INV008062,131146,107,21500.0
INV007105,150604,103,18375.0
INV017257,123493,101,11500.0
INV006355,140006,105,2900.0
INV014652,154683,107,28000.0
INV011390,120628,102,29000.0
INV008786,149184,108,5865.0
INV009363,114490,106,13720.0
INV007229,128546,108,70000.0
INV006201,111541,102,29325.0
INV002877,117496,103,31000.0
INV019207,145387,102,28000.0
INV017558,156681,106,7395.0
INV009132,119847,108,1450.0
INV006563,133228,103,3825.0
INV017158,108334,106,35000.0
INV000507,104913,107,56350.0
INV005116,161733,101,3675.0
INV007737,144320,103,21500.0
INV014734,142231,102,21500.0
INV013249,124388,106,5635.0
INV000353,117530,101,8772.0
INV006130,164394,104,15500.0
INV004863,112079,106,37500.0
INV019833,929404,103,32545.76
INV019080,119130,104,14000.0
INV019714,993757,103,50795.57
INV004162,114125,102,8772.0
INV000619,160230,101,12648.0
INV015849,155604,108,30380.0
INV003031,132593,107,9500.0
INV000426,113074,107,35000.0
INV013295,157760,105,7000.0
INV000554,133772,106,75000.0
INV014107,119359,106,3724.0
INV006987,123555,103,10965.0
INV008790,134409,101,9690.0
INV018802,114148,103,28420.0
INV002409,106301,103,42140.0
INV006205,147738,101,28750.0
INV013989,162777,108,3100.0
INV017456,158791,108,43000.0
INV017442,122372,103,5750.0
INV008959,150539,102,1450.0
INV010179,135051,107,5916.0
INV007764,149301,102,2150.0
INV015038,140723,107,28000.0
INV010190,146245,102,37500.0
INV006660,140299,106,3825.0
INV006436,127733,108,7250.0
INV014258,127809,103,31000.0
INV013467,150451,102,115000.0
INV011995,113346,103,1900.0
INV010570,129486,106,7250.0
INV014499,152843,101,11500.0
INV012448,128412,103,10965.0
INV019139,106051,104,23000.0
INV001890,111278,108,38000.0
INV016562,134583,106,30380.0
INV018607,129654,108,70000.0
INV015463,114006,101,19125.0
INV011638,158383,102,29000.0
INV002615,141010,103,62000.0
INV010207,103903,108,19000.0
INV003046,151000,105,9690.0
INV012575,103072,105,1862.0
INV004730,145229,106,13720.0
INV001681,104643,103,10750.0
INV003372,153908,101,3800.0
INV012470,155789,108,35000.0
INV015229,146187,102,2958.0
INV003293,151887,104,21500.0
INV001883,115014,105,10535.0
INV019274,104465,101,3038.0
INV016675,149151,103,75000.0
INV000667,150371,102,70000.0
INV001103,138711,102,62000.0
INV013348,118843,101,3100.0
INV003134,100225,107,14280.0
INV012966,116311,101,35700.0
INV000309,164151,106,18750.0
INV015612,129365,105,3876.0
INV010778,162508,108,7600.0
INV004692,142692,101,9500.0
INV019803,960525,102,69106.28
INV005753,144562,103,3825.0
INV008074,140115,101,28000.0
INV011381,122332,104,4300.0
INV012922,133701,104,23460.0
INV013341,111769,108,18620.0
INV000124,129251,102,1450.0
INV002952,163355,102,29325.0
INV018375,104025,105,3750.0
INV011474,128785,106,14000.0
INV014576,150851,108,70000.0
INV003439,111592,104,14500.0
INV014035,129787,101,23000.0
INV004253,102194,102,3162.0
INV013405,117419,105,70000.0
INV007447,139616,107,5750.0
INV017838,128941,103,21500.0
INV001149,105532,103,12400.0
INV017233,149361,102,7250.0
INV003090,138792,103,3825.0
INV009097,109819,102,12400.0
INV000290,163572,104,27440.0
INV000551,117056,102,11500.0
INV008249,117600,105,7600.0
INV001768,118941,102,7250.0
INV007493,156596,103,70000.0
INV010942,154247,101,14700.0
INV002020,162320,103,9500.0
INV009104,134179,108,18750.0
INV000724,162663,102,2150.0
INV003250,135621,106,10750.0
INV005654,134784,101,2900.0
INV010951,158501,102,7250.0
INV017528,150622,105,15500.0
INV015173,103576,105,2193.0
INV016626,164256,105,71400.0
INV006478,148328,106,9500.0
INV011075,104381,101,29000.0
INV016258,157071,106,56350.0
INV017459,103020,101,1900.0
INV017394,120292,107,31000.0
INV018223,156907,105,7650.0
INV011222,108737,103,4300.0
INV005862,131294,104,5750.0
INV018466,136134,102,15500.0
INV017726,157557,107,11500.0
INV004796,143024,103,37500.0
INV012564,132497,108,2193.0
INV000701,152796,107,12400.0
INV007924,133849,102,28750.0
INV004398,130149,107,38000.0
INV010895,148588,106,6200.0
INV015965,166117,108,15500.0
INV010280,116214,102,6200.0
INV001078,100062,107,18375.0
INV002768,120026,102,23000.0
INV013875,151718,105,29000.0
INV004511,101600,107,68600.0
INV014598,148316,104,7000.0
INV006286,141523,103,5750.0
INV019035,127210,104,70000.0
INV001213,165685,105,15000.0
INV019594,980758,104,29893.26
INV003922,112089,106,38760.0
INV016170,122777,102,6200.0
INV004048,123763,105,15000.0
INV001645,156283,101,38250.0
INV009984,126385,106,62000.0
INV000282,111626,107,15190.0
INV004759,118105,108,14790.0
INV015254,155456,105,19000.0
INV009658,158568,105,4214.0
INV007460,133505,105,28000.0
INV001851,160501,106,1938.0
INV003170,123699,104,3800.0
INV018716,132819,108,14210.0
INV003782,118784,102,11500.0
INV019459,128463,103,28000.0
INV006162,102060,108,15000.0
INV008424,114786,107,7650.0
INV016230,154858,103,6200.0
INV001157,140357,108,19000.0
INV011882,163133,105,2193.0
INV002229,105432,106,4300.0
INV003071,152310,101,3800.0
INV018197,115887,101,21500.0
INV017355,107354,108,18750.0
INV002153,128639,102,3800.0
INV004062,109786,103,15000.0
INV018990,124008,102,9500.0
INV019188,109402,103,2958.0
INV012198,110727,101,75000.0
INV000717,117245,106,1479.0
INV019041,101972,106,38000.0
INV007746,145550,104,14500.0
INV011104,104302,107,15000.0
INV012286,114849,108,1900.0
INV005407,116313,105,8600.0
INV002780,143569,106,75000.0
INV008122,152286,101,75000.0
INV013574,115490,106,14790.0
INV009552,128411,103,4300.0
INV013035,131933,103,1900.0
INV013019,128394,104,4214.0
INV011187,144566,108,115000.0
INV014009,160266,102,42140.0
INV019850,984954,106,19315.06
INV005821,104454,108,19000.0
INV000401,102762,108,3800.0
INV011358,149120,102,14000.0
INV015172,148069,103,70000.0
INV010848,125343,108,5916.0
INV017043,116396,104,19380.0
INV014073,109796,104,19000.0
INV019346,103993,103,15000.0
INV013715,156992,106,4214.0
INV009656,157126,108,7350.0
INV012771,147932,105,14790.0
INV005618,107491,102,5750.0
INV003419,148079,107,28000.0
INV000674,155957,103,75000.0
INV016871,137816,104,15000.0
INV012859,163930,103,4214.0
INV013463,154768,101,29325.0
INV009555,102573,105,15500.0
INV018302,113114,105,3162.0
INV004639,105927,106,43860.0
INV019448,131541,102,14500.0
INV001935,166631,103,15500.0
INV014911,155713,101,15500.0
INV009006,153080,102,14000.0
INV019876,937922,102,75948.41
INV008574,112711,104,18750.0
INV004563,154519,102,14500.0
INV004859,144427,107,31000.0
INV011263,137905,107,7500.0
INV002918,151319,105,21500.0
INV009400,105767,105,19380.0
INV017177,164248,106,7600.0
INV002985,130385,103,11500.0
INV006147,116346,101,7600.0
INV008388,111885,106,1900.0
INV012181,160856,105,6200.0
INV012512,138501,107,1938.0
INV001178,142244,106,14210.0
INV002250,146913,102,43000.0
INV006258,111002,105,63240.0
INV007524,101515,104,31000.0
INV009532,150035,101,29325.0
INV008118,155144,106,38000.0
INV006376,161685,107,6200.0
INV001395,125798,108,2193.0
INV018438,103680,106,62000.0
INV004001,108122,106,22540.0
INV012880,147831,102,28000.0
INV000676,143464,106,19000.0
INV002512,154275,106,21070.0
INV010341,127111,103,8428.0
INV006628,137337,108,28750.0
INV019379,132382,102,73500.0
INV008755,151715,102,7250.0
INV016714,151286,102,15000.0
INV005708,114734,106,14500.0
INV012201,100383,105,21500.0
INV017769,126600,106,3724.0
INV016111,135691,101,35000.0
INV017324,125065,108,7500.0
INV006683,133124,101,140000.0
INV002433,126216,101,10750.0
INV003932,145773,106,31000.0
INV002126,152771,108,37500.0
INV004789,107642,102,137200.0
INV002923,130773,103,28000.0
INV006178,158334,102,27440.0
INV019845,965329,106,11653.88
INV003423,139738,101,7500.0
INV013167,146940,103,2900.0
INV016247,158532,108,6200.0
INV006499,105430,107,19000.0
INV004065,106391,108,6076.0
INV002708,138171,104,115000.0
INV002499,111666,103,7350.0
INV014571,121710,108,1862.0
INV000580,137975,106,1421.0
INV002497,139873,105,9500.0
INV017331,143451,108,28560.0
INV011299,133442,101,71400.0
INV018483,105315,106,28750.0
INV017178,117452,102,28750.0
INV019554,928575,107,19908.06
INV003797,164333,107,6860.0
INV008688,164994,102,8600.0
INV002833,151326,101,9500.0
INV010408,164124,108,117300.0
INV012261,113801,107,5635.0
INV002772,122301,101,7600.0
INV006874,121820,104,2150.0
INV017892,131299,105,35000.0
INV000685,103737,107,6076.0
INV011468,148650,105,3100.0
INV008798,105387,104,12400.0
INV014850,114366,105,7752.0
INV004445,115356,104,3100.0
INV008988,143915,104,4300.0
INV009959,165061,107,10750.0
INV002166,165295,102,15300.0
INV017741,142747,101,140000.0
INV011335,146309,105,37500.0
INV000973,119894,105,5800.0
INV005092,145378,106,2900.0
INV014111,141374,105,36750.0
INV004459,124794,105,3100.0
INV009112,140404,107,43860.0
INV018154,144672,103,3675.0
INV016301,108340,101,1938.0
INV000240,153990,106,12400.0
INV002944,125260,103,3162.0
INV017409,112272,108,28750.0
INV017613,131783,108,37240.0
INV013800,102875,102,9310.0
INV001875,132434,106,31000.0
INV015127,142987,104,73500.0
INV011084,164864,102,2150.0
INV008420,147103,101,23460.0
INV019808,965231,106,48260.04
INV000150,110510,106,18620.0
INV000521,101007,103,8600.0
INV009500,103415,107,15000.0
INV004301,160235,106,7600.0
INV004700,112897,102,1900.0
INV008495,139313,103,1900.0
INV001927,121305,108,30380.0
INV019007,152174,101,1450.0
INV017990,141686,101,21500.0
INV007327,142408,106,11500.0
INV008771,120591,107,22540.0
INV003569,128936,108,14500.0
INV005712,125150,105,14500.0
INV004922,141773,104,8600.0
INV012259,162482,106,1900.0
INV001789,100211,105,35000.0
INV001644,131567,104,2842.0
INV014025,132876,101,14500.0
INV004452,164225,106,7600.0
INV013906,133891,103,63240.0
INV001410,143705,103,34300.0
INV013743,118400,105,31620.0
INV009156,136719,103,15000.0
INV012903,115649,108,73500.0
INV009716,112883,107,38000.0
INV005326,116581,106,31000.0
INV003149,131637,102,15810.0
INV001872,111134,103,29000.0
INV019170,121774,108,31000.0
INV005861,117907,101,3750.0
INV015745,109346,101,27440.0
INV005726,150145,102,28175.0
INV001539,158536,101,5750.0
INV008978,108417,106,3162.0
INV006592,146604,103,7350.0
INV013672,152438,105,19000.0
INV014147,109535,101,70000.0
INV003982,154776,105,7500.0
INV011161,138993,107,4300.0
INV015704,104917,105,5750.0
INV008864,129105,108,73500.0
INV010576,141348,108,37240.0
INV002388,102428,106,10750.0
INV016545,116492,108,3100.0
INV018428,141178,103,7600.0
INV002517,149903,108,21070.0
INV011591,147952,104,7600.0
INV007373,135281,104,5635.0
INV010252,147313,108,70000.0
INV009094,109422,103,31000.0
INV009740,157332,105,12400.0
INV005443,157630,108,18750.0
INV012020,102325,107,3825.0
INV013256,147859,103,36750.0
INV003374,138436,103,21930.0
INV009610,108690,104,1938.0
INV010482,163753,101,37240.0
INV007503,102107,107,12400.0
INV001107,157272,101,29000.0
INV013810,119848,107,1479.0
INV006508,160128,102,7140.0
INV014737,163838,103,29000.0
INV008709,130617,103,115000.0
INV014285,108571,102,10535.0
INV003276,133766,108,7448.0
INV004647,123241,101,5800.0
INV011723,108530,101,2958.0
INV015371,165928,107,7600.0
INV009176,144628,102,38760.0
INV001314,158948,108,5800.0
INV005231,124287,101,9310.0
INV017477,151462,108,19000.0
INV005780,121345,107,19000.0
INV011477,143807,108,38000.0
INV009551,130871,101,28420.0
INV019026,119707,105,6200.0
INV019362,154547,107,2900.0
INV014474,144974,105,8600.0
INV013115,118012,106,70000.0
INV010435,118150,108,12400.0
INV018680,137141,107,4386.0
INV013761,128376,104,71400.0
INV010991,114544,105,7250.0
INV004334,140605,108,58650.0
INV003933,100246,102,142800.0
INV008753,151845,103,4300.0
INV013636,111978,106,8428.0
INV016885,163376,104,8600.0
INV010243,162640,105,37500.0
INV013143,100123,104,5750.0
INV015642,153283,106,3750.0
INV006235,127548,107,73500.0
INV010758,138609,103,7600.0
INV007978,128049,102,38000.0
INV013870,136781,108,15000.0
INV009787,122268,105,2150.0
INV010340,105981,103,12400.0
INV013805,125192,102,22540.0
INV018072,128715,101,15000.0
INV013300,138566,102,112700.0
INV005329,106961,103,10750.0
INV014233,128080,102,14500.0
INV012174,160607,101,6200.0
INV001015,104399,106,14000.0
INV002279,149383,104,57500.0
INV009187,159169,107,5916.0
INV007436,100486,108,8772.0
INV007791,143733,102,7000.0
INV013866,156585,102,34300.0
INV014784,139031,104,7500.0
INV019698,952159,105,28096.6
INV014854,105969,104,21930.0
INV004816,120237,102,1479.0
INV016816,115148,103,21070.0
INV003327,149189,103,2150.0
INV013293,142791,106,6076.0
INV013000,144585,107,5750.0
INV013058,136026,108,15500.0
INV012297,144385,106,1862.0
INV001607,153900,103,5750.0
INV010577,114308,108,28750.0
INV006812,141763,108,70000.0
INV010875,103399,106,62000.0
INV006820,139113,105,3724.0
INV009008,139987,102,37240.0
INV002053,116801,106,5800.0
INV007642,164835,107,1450.0
INV006285,146499,105,75000.0
INV014553,144979,106,7600.0
INV005121,131571,108,6860.0
INV013836,135899,105,7250.0
INV007754,122392,106,2150.0
INV002543,108306,105,30380.0
INV008285,156923,105,14000.0
INV004878,164850,104,10965.0
INV004767,163193,108,4300.0
INV018217,159370,108,13720.0
INV017639,118785,102,19000.0
INV015383,124806,108,2150.0
INV016488,154829,102,31000.0
INV011247,120535,101,7000.0
INV014084,129618,103,11500.0
INV001466,149425,102,115000.0
INV007664,164203,104,57500.0
INV019098,125327,106,18375.0
INV005812,150149,105,2150.0
INV018373,128091,102,18750.0
INV009662,131804,106,10965.0
INV019051,112020,103,11500.0
INV013970,117931,106,1421.0
INV016743,146381,101,3750.0
INV016708,134902,107,8428.0
INV004226,147509,107,137200.0
INV011650,161820,101,19000.0
INV018979,101243,106,19380.0
INV009840,166119,107,3100.0
INV016300,148124,104,27440.0
INV018937,135351,103,8600.0
INV018774,156358,104,117300.0
INV004074,111830,102,8772.0
INV002986,109520,105,12648.0
INV014902,112703,101,15810.0
INV002521,129296,104,38760.0
INV005909,164058,102,43000.0
INV016974,154464,101,15190.0
INV002770,115589,107,12400.0
INV012599,108505,103,14280.0
INV007842,158959,102,8600.0
INV018885,150984,106,11270.0
INV005809,100267,106,14500.0
INV016689,119125,101,57500.0
INV018439,161009,107,28000.0
INV016902,161743,105,115000.0
INV006949,118619,108,29000.0
INV006191,146330,101,7140.0
INV006767,144261,102,7752.0
INV019823,942178,105,74108.28
INV003915,135232,107,9500.0
INV019990,990732,105,36406.66
INV017914,156991,103,3750.0
INV008426,133075,106,38250.0
INV016536,112986,104,5684.0
INV005506,143147,101,7250.0
INV006618,118577,102,23000.0
INV019780,996913,101,58897.83
INV019113,122630,106,57500.0
INV012257,151125,107,43860.0
INV014519,102217,101,4300.0
INV019483,159460,101,15300.0
INV019322,101761,107,10750.0
INV010290,166596,107,6076.0
INV011589,120105,105,70000.0
INV001719,123069,101,57500.0
INV015847,134060,106,4300.0
INV004237,164175,106,4214.0
INV018794,130506,107,1450.0
INV005252,141553,107,38000.0
INV018194,128407,104,14000.0
INV006536,113282,104,34300.0
INV002274,116118,105,14000.0
INV017715,129192,106,14500.0
INV003746,103070,103,3800.0
INV008612,120620,108,14000.0
INV007133,160252,101,117300.0
INV008210,165457,107,62000.0
INV013677,140523,107,38250.0
INV011204,142572,108,18620.0
INV010715,118126,104,57500.0
INV018868,117911,106,7600.0
INV018550,114431,106,115000.0
INV011745,113403,105,7250.0
INV010717,128786,103,2842.0
INV005611,141795,102,15000.0
INV004498,104578,107,35000.0
INV013486,161363,106,2842.0
INV002082,104363,106,35700.0
INV006014,150664,108,3825.0
INV017693,148256,103,58650.0
INV005658,110814,102,6324.0
INV001253,158793,102,3825.0
INV000462,134209,101,62000.0
INV004373,125752,108,10750.0
INV010977,145810,107,12400.0
INV014414,160151,101,31620.0
INV006167,115250,104,37500.0
INV012064,155728,107,43000.0
INV011250,108296,101,14000.0
INV005569,111762,102,14790.0
INV007161,133883,105,6200.0
INV000772,144980,108,1450.0
INV003800,125056,105,19000.0
INV003057,125031,104,6200.0
INV018272,162020,102,31000.0
INV018281,142815,102,43000.0
INV016590,101523,101,4300.0
INV008393,153845,108,14500.0
INV016215,147393,103,9500.0
INV006943,140983,107,21500.0
INV012781,124436,101,9500.0
INV004597,151555,104,10535.0
INV002599,165128,107,13720.0
INV019019,105911,101,42140.0
INV018262,154296,106,7000.0
INV012080,107432,103,140000.0
INV013556,151649,107,15000.0
INV018667,152585,106,35700.0
INV010490,126513,106,7500.0
INV005939,114367,106,1900.0
INV001543,117843,102,21500.0
INV011577,107827,108,18620.0
INV004749,138809,103,18375.0
INV005168,107155,103,3800.0
INV015349,100701,101,15300.0
INV005019,119288,103,5750.0
INV015583,161271,103,7250.0
INV012582,152385,107,1450.0
INV005273,147996,105,2193.0
INV016576,128240,107,29000.0
INV019910,960603,101,74582.9
INV005983,146973,105,70000.0
INV019777,913012,104,20221.59
INV005301,112527,104,7250.0
INV008481,107457,106,7000.0
INV015853,129592,103,43000.0
INV010378,128257,105,5865.0
INV008791,119260,105,19000.0
INV010776,108213,108,14280.0
INV009817,106744,103,1450.0
INV010433,153408,104,4214.0
INV003687,154930,108,70000.0
INV013029,154982,106,28750.0
INV016259,133332,106,10750.0
INV019216,157678,106,7500.0
INV010474,104722,104,14000.0
INV010963,126281,105,12152.0
INV008025,152366,101,7105.0
INV013609,149010,102,3876.0
INV000658,119645,107,19000.0
INV007202,127462,102,70000.0
INV005083,108987,106,21500.0
INV019674,923361,105,48594.72
INV018142,158070,106,38250.0
INV001635,112715,102,137200.0
INV000165,148368,104,4386.0
INV016342,145799,102,14790.0
INV018490,142628,102,140000.0
INV000127,115076,108,57500.0
INV004125,123301,101,7500.0
INV003430,123098,103,5800.0
INV009599,117426,102,30380.0
INV018829,130598,101,28750.0
INV006594,113317,102,5800.0
INV018222,143012,107,15500.0
INV011253,116231,106,8600.0
INV019323,109934,101,2150.0
INV002446,143689,104,62000.0
INV014917,108929,106,68600.0
INV012275,112958,105,29000.0
INV015251,119251,104,2900.0
INV013227,134316,107,14700.0
INV006410,139455,103,7448.0
INV013909,152186,101,21070.0
INV000697,126589,107,3800.0
INV012055,147891,107,140000.0
INV008173,129682,107,21930.0
INV000573,143490,103,57500.0
INV018468,147160,105,75000.0
INV000681,160321,103,15500.0
INV002186,122166,105,68600.0
INV015914,118860,102,15000.0
INV007027,136139,104,31000.0
INV017589,165584,102,10750.0
INV013776,113822,104,2150.0
INV014217,113931,101,3100.0
INV014284,151199,104,3038.0
INV018013,145209,104,35000.0
INV013625,149382,102,70000.0
INV006110,165328,104,31000.0
INV002091,162285,103,6860.0
INV017327,163729,108,2900.0
INV009238,153296,105,6860.0
INV011659,114442,101,43000.0
INV018936,109983,106,3825.0
INV015310,109828,106,43860.0
INV002646,152069,102,1900.0
INV007256,129444,107,28750.0
INV018401,141522,105,28000.0
INV018493,139684,101,29000.0
INV012912,122833,107,14000.0
INV013231,164913,106,14500.0
INV007002,127778,101,11500.0
INV018785,146548,106,7250.0
INV017809,140656,107,14280.0
INV003539,100434,104,71400.0
INV005100,116593,103,7500.0
INV004341,123331,108,2150.0
INV011396,111617,105,10965.0
INV009374,154421,106,5684.0
INV008013,101512,104,5800.0
INV005857,160658,104,6200.0
INV010302,149099,101,15500.0
INV012840,120326,107,3724.0
INV003453,107084,104,7448.0
INV013638,125168,106,3750.0
INV002220,145113,102,31620.0
INV010546,105275,103,3750.0
INV015450,113742,103,14500.0
INV013867,142727,106,7250.0
INV005782,163953,103,2958.0
INV006416,107117,101,19125.0
INV019846,938852,107,51257.79
INV012780,166267,105,43860.0
INV007784,109239,105,62000.0
INV013685,131024,106,6200.0
INV004524,165942,104,62000.0
INV006255,119911,102,31000.0
INV000474,106816,103,35000.0
INV011091,155029,102,15500.0
INV016073,137640,103,15500.0
INV009292,102035,107,2842.0
INV017881,124762,105,21500.0
INV002648,128960,104,70000.0
INV001483,139469,103,28560.0
INV004278,166140,105,11500.0
INV006393,136354,106,9310.0
INV014278,135377,106,140000.0
INV002886,110495,103,7250.0
INV005533,116100,102,1450.0
INV008982,124651,101,7395.0
INV001169,115785,106,117300.0
INV003635,148112,101,1450.0
INV001529,114673,105,2107.0
INV019719,945021,105,48700.75
INV018708,112341,105,73500.0
INV015589,137896,103,3800.0
INV015981,120608,101,70000.0
INV009397,161602,104,43000.0
INV014487,165856,102,6324.0
INV019115,109660,106,14000.0
INV007984,165216,102,6076.0
INV019067,164299,103,29000.0
INV007569,120761,102,7650.0
INV005190,163370,104,75000.0
INV002550,105861,101,19380.0
INV007293,159818,105,140000.0
INV001876,163517,107,37500.0
INV019650,933151,103,47339.26
INV016265,137281,107,29000.0
INV016041,145076,106,35000.0
INV008775,109114,102,60760.0
INV012976,130967,104,29325.0
INV009473,113380,102,35000.0
INV000988,110678,102,28750.0
INV007080,148132,108,8600.0
INV006358,108946,105,19000.0
INV017548,151784,102,3800.0
INV019250,158315,105,3100.0
INV014613,129148,102,63240.0
INV009227,156702,107,5916.0
INV000584,116750,104,15000.0
INV003976,105610,101,62000.0
INV014692,105967,104,68600.0
INV019524,999100,104,59239.16
INV019038,161180,104,5635.0
INV014814,150251,103,27440.0
INV011065,100867,107,37240.0
INV005916,149222,103,3876.0
INV018446,133963,105,36750.0
INV002357,128564,105,3876.0
INV005110,137796,107,18750.0
INV014353,138386,107,11730.0
INV001540,132260,108,9500.0
INV018604,114601,105,18620.0
INV008061,132836,101,15000.0
INV013208,143101,104,28750.0
INV009777,158428,104,3800.0
INV010879,149979,107,15190.0
INV011500,122361,107,1938.0
INV005478,109837,107,14210.0
INV007615,165569,108,37500.0
INV007992,155735,102,35000.0
INV007735,109929,103,142800.0
INV008524,153447,104,5750.0
INV011564,141495,104,31000.0
INV001725,120977,107,12400.0
INV015287,153499,104,3825.0
INV004630,133943,108,73500.0
INV009133,124800,101,115000.0
INV007311,152904,108,1479.0
INV016937,119965,108,31000.0
INV012406,154048,106,21500.0
INV006326,108104,105,2150.0
INV008971,117964,107,28560.0
INV008243,125530,108,18750.0
INV013797,132675,105,4300.0
INV003547,118905,102,21070.0
INV016390,126902,104,75000.0
INV003624,128612,108,15500.0
INV004916,102472,102,6200.0
INV018334,117777,104,15500.0
INV011859,116026,105,7395.0
INV004159,125267,106,28750.0
INV012253,103575,104,29000.0
INV007742,138626,104,1862.0
INV013548,115126,106,35700.0
INV013840,164102,105,9500.0
INV015179,126570,102,140000.0
INV018867,129282,106,19125.0
INV016809,102040,107,30380.0
INV006885,106897,101,22540.0
INV002470,156933,108,75000.0
INV008163,111657,101,36750.0
INV004972,156401,107,23000.0
INV000822,139883,102,9310.0
INV017181,158772,105,7500.0
INV018943,110256,104,21930.0
INV012106,125105,107,3750.0
INV008992,137301,101,31000.0
INV018231,113145,102,15500.0
INV010401,142030,102,56350.0
INV005264,100346,107,2958.0
INV001247,109544,105,28000.0
INV001622,165625,102,28560.0
INV018739,127855,101,4300.0
INV009302,156604,108,14500.0
INV004377,156922,106,5865.0
INV008100,126784,101,7600.0
INV016598,108239,106,2900.0
INV019106,117212,107,70000.0
INV010201,153497,104,5800.0
INV007351,131448,105,1938.0
INV015900,162970,101,3675.0
INV015799,151957,106,1450.0
INV018987,154107,106,6200.0
INV018932,124190,101,43000.0
INV001952,137706,104,5800.0
INV019395,102569,108,35700.0
INV009948,101608,104,115000.0
INV005123,124527,108,14700.0
INV011707,123848,107,10965.0
INV002377,100388,103,7600.0
INV010861,163156,108,4386.0
INV018890,107228,104,2193.0
INV000880,152883,101,4300.0
INV018601,121956,101,15810.0
INV015551,134606,102,6200.0
INV005198,152503,103,29325.0
INV009923,101992,103,115000.0
INV012364,140229,103,3800.0
INV018362,119572,107,29000.0
INV006975,154695,101,3800.0
INV015420,117101,106,14000.0
INV009423,120750,108,19380.0
INV006212,136459,108,7752.0
INV016134,163824,107,10965.0
INV017776,125565,101,14280.0
INV006518,112042,103,1479.0
INV019270,129428,106,3750.0
INV002131,128545,108,31000.0
INV019766,916788,104,55277.74
INV000915,158864,103,19000.0
INV014794,111537,104,7600.0
INV014837,139025,106,19380.0
INV001905,146566,105,7500.0
INV005428,114336,105,29000.0
INV006862,134971,103,56350.0
INV018852,105957,107,115000.0
INV003389,123560,103,5916.0
INV003102,137114,106,38760.0
INV015286,153284,106,137200.0
INV006210,162083,104,31620.0
INV010954,164753,101,8772.0
INV019965,941298,107,39528.51
INV001294,166065,102,7140.0
INV013064,101996,106,142800.0
INV003026,166652,103,2842.0
INV001110,122960,102,4300.0
INV015610,128850,102,57500.0
INV003809,155432,106,7600.0
INV015403,144603,102,37500.0
INV011969,107781,102,71400.0
INV009055,123368,101,8428.0
INV004825,147709,106,11500.0
INV001007,135747,103,30380.0
INV003167,104014,104,70000.0
INV008312,128792,106,15000.0
INV009786,148448,108,5865.0
INV010782,121186,105,7500.0
INV017344,161695,101,3724.0
INV008675,105499,108,70000.0
INV009443,136469,105,23000.0
INV007718,105480,106,7250.0
INV019743,970203,107,45661.15
INV013731,146297,107,2842.0
INV017529,107399,108,5865.0
INV008166,138328,103,62000.0
INV012496,105514,104,12400.0
INV001786,163747,102,9310.0
INV008295,155996,107,15000.0
INV019247,131288,105,9500.0
INV016854,109575,107,2193.0
INV006479,112013,108,6860.0
INV017013,140504,104,8772.0
INV013581,115624,103,7250.0
INV004871,134910,105,115000.0
INV006129,109000,102,11500.0
INV018575,107470,101,15810.0
INV012396,128198,102,4214.0
INV003548,105649,106,63240.0
INV005226,116554,104,5750.0
INV001173,128501,108,1900.0
INV002973,146458,104,28750.0
INV001067,129757,102,9310.0
INV000628,121490,103,12152.0
INV004742,130323,103,7752.0
INV003278,145042,105,8600.0
INV001026,139169,105,11730.0
INV009441,115860,102,18750.0
INV017582,129720,105,3876.0
INV009964,134167,106,2842.0
INV001264,137044,102,38000.0
INV006283,157842,105,8600.0
INV018429,118870,105,56350.0
INV008497,100368,101,11500.0
INV017767,166091,104,14500.0
INV012143,130375,107,15000.0
INV000621,158075,108,1479.0
INV006515,156661,102,14500.0
INV011219,156976,108,19000.0
INV012279,130663,103,6200.0
INV016936,122721,101,28750.0
INV000280,134498,108,9690.0
INV017365,147369,104,75000.0
INV002426,136809,108,3876.0
INV011405,139949,102,43000.0
INV012955,107263,107,14500.0
INV003187,118386,105,3876.0
INV001098,106506,107,7650.0
INV019356,165888,108,4300.0
INV013549,154444,105,14500.0
INV001702,131328,101,5750.0
INV003292,145026,107,19000.0
INV018140,107386,108,117300.0
INV002458,148639,108,3162.0
INV015497,122226,105,37500.0
INV009956,147383,102,3724.0
INV001739,155404,107,35000.0
INV011742,151217,104,140000.0
INV007020,137397,103,58650.0
INV007281,123407,106,2900.0
INV017044,100566,105,23000.0
INV019340,144988,106,5800.0
INV002667,125140,101,112700.0
INV013585,131241,101,29580.0
INV002943,115999,105,12400.0
INV006357,112378,107,62000.0
INV010996,164802,103,6076.0
INV015743,154698,108,21500.0
INV001192,108405,104,12152.0
INV009861,148840,106,21930.0
INV001068,122161,108,3038.0
INV000348,128784,104,7600.0
INV009706,134781,102,7140.0
INV016200,114661,108,57500.0
INV006624,162181,106,5800.0
INV006692,108284,104,9500.0
INV003366,162876,103,1862.0
INV007338,121074,106,19000.0
INV017055,127880,107,10750.0
INV006721,150875,106,12400.0
INV012016,121067,104,23460.0
INV005410,157665,104,9690.0
INV012608,142162,107,5750.0
INV001474,131447,108,57500.0
INV002440,139397,101,1450.0
INV018423,108554,108,23000.0
INV012306,150744,105,15190.0
INV014219,140673,104,3724.0
INV018246,139561,105,14000.0
INV012748,141854,103,6076.0
INV000278,114101,106,2900.0
INV013219,156327,103,14000.0
INV019300,109799,108,4300.0
INV013996,155020,107,35000.0
INV017770,134987,103,8600.0
INV012751,152910,102,9310.0
INV007839,145316,108,3724.0
INV014312,107669,108,7600.0
INV006180,132471,107,68600.0
INV010874,103882,104,6324.0
INV000317,120744,107,23000.0
INV016400,163651,105,31000.0
INV015309,102761,101,18750.0
INV016263,131983,102,28000.0
INV009724,106595,101,31000.0
INV013561,123478,105,38000.0
INV011944,115330,106,62000.0
INV007939,120396,104,29580.0
INV007749,163328,108,9310.0
INV010560,152690,103,14790.0
INV011430,103771,105,62000.0
INV006579,129878,101,35000.0
INV003017,160265,105,38000.0
INV012305,106776,105,37500.0
INV010932,122129,104,76500.0
INV007052,111006,101,28750.0
INV000490,122201,104,7500.0
INV017221,135341,107,117300.0
INV014405,123540,105,7250.0
INV006679,136979,107,38000.0
INV001284,119214,107,56350.0
INV001519,154802,105,43000.0
INV001119,150972,106,38250.0
INV012394,102448,102,14000.0
INV010041,114344,101,29000.0
INV011825,100114,104,1450.0
INV000408,157206,104,3162.0
INV009205,126461,107,140000.0
INV008376,133215,108,7250.0
INV007285,143671,104,115000.0
INV015955,146116,104,71400.0
INV006852,158882,102,35700.0
INV002575,127980,108,7250.0
INV004741,111157,101,36750.0
INV015278,160569,101,6200.0
INV017121,122096,102,15500.0
INV017272,130198,101,2150.0
INV016320,110418,108,112700.0
INV009410,145452,106,7600.0
INV007316,128881,101,5800.0
INV018076,109362,107,4386.0
INV019430,130231,104,5750.0
INV005521,125435,103,2150.0
INV001762,121242,101,140000.0
INV002079,144683,105,7448.0
INV011147,129477,101,75000.0
INV004959,153204,105,4300.0
INV010934,129792,104,7250.0
INV002611,142959,102,38000.0
INV005894,116885,101,35000.0
INV006105,138830,104,75000.0
INV019765,999211,102,24379.95
INV012013,123461,107,23000.0
INV006908,124956,108,14500.0
INV012314,144311,108,23000.0
INV008939,113905,107,115000.0
INV016879,154990,105,5800.0
INV019984,942310,104,60387.19
INV018442,158096,104,43000.0
INV011376,143737,105,9690.0
INV002021,158896,103,28175.0
INV001736,127430,105,15190.0
INV015362,130738,103,3800.0
INV012113,153476,101,140000.0
INV007777,147870,105,57500.0
INV011422,136836,105,7448.0
INV009037,108190,103,29325.0
INV003348,137724,104,60760.0
INV000858,127615,106,70000.0
INV010155,102347,105,75000.0
INV014697,135940,104,5750.0
INV010418,130317,108,31620.0
INV007365,118013,108,2150.0
INV015613,103884,103,76500.0
INV016129,112521,102,28000.0
INV017781,159881,101,7752.0
INV017752,130329,103,15500.0
INV004157,164288,103,36750.0
INV016482,165779,102,2193.0
INV001267,135802,105,3825.0
INV001339,113460,102,18750.0
INV017908,104161,108,13720.0
INV017787,150756,107,31000.0
INV006626,142184,103,115000.0
INV009312,136143,104,5800.0
INV015956,101939,105,14500.0
INV004033,121440,106,37240.0
INV017475,125556,105,3800.0
INV003297,129692,108,1479.0
INV009230,119683,103,29000.0
INV014094,127851,102,4300.0
INV005223,163474,101,6200.0
INV009991,115500,105,9690.0
INV006850,109589,103,1900.0
INV017621,165753,102,2842.0
INV005520,102833,106,3038.0
INV005242,155433,104,7600.0
INV014539,105675,103,7500.0
INV002239,129568,108,37500.0
INV019434,113297,105,7000.0
INV004311,157935,104,43860.0
INV011320,165131,103,112700.0
INV000613,118853,102,42140.0
INV009762,142011,106,3825.0
INV018606,109634,108,60760.0
INV006926,135018,103,37500.0
INV015881,135872,105,1421.0
INV005723,134426,106,7350.0
INV003256,115970,103,2900.0
INV003063,127790,105,8600.0
INV010399,127660,106,7500.0
INV007214,133588,101,11270.0
INV001659,120869,106,76500.0
INV002237,117006,103,19000.0
INV013054,109013,105,1450.0
INV007139,130499,105,3038.0
INV005581,154966,108,6324.0
INV015826,132195,107,31620.0
INV004406,116598,103,7500.0
INV015193,133322,104,115000.0
INV000557,109656,108,4214.0
INV007230,131132,105,6200.0
INV004977,118840,107,5750.0
INV017198,125176,108,5684.0
INV009338,155137,106,29000.0
INV004292,147654,102,14210.0
INV006937,151357,101,62000.0
INV000247,131002,105,56350.0
INV014974,115771,105,7250.0
INV001306,117340,104,3750.0
INV015200,124699,104,3724.0
INV000287,140277,104,6200.0
INV009660,107516,102,14000.0
INV009651,137434,104,13720.0
INV002335,103687,108,1450.0
INV000003,153580,105,3825.0
INV013204,112206,101,19000.0
INV002332,164103,104,29580.0
INV000026,145593,108,9310.0
INV019245,117247,105,8600.0
INV016227,163609,106,7500.0
INV005302,105920,106,15500.0
INV008593,107228,106,2150.0
INV013056,164298,103,38760.0
INV019440,114199,107,10750.0
INV000180,117211,108,117300.0
INV016061,132252,104,115000.0
INV005272,121385,104,23460.0
INV002765,114703,108,43000.0
INV015158,111290,103,14000.0
INV002783,109270,103,1900.0
INV015897,165206,107,62000.0
INV005189,164117,108,57500.0
INV010411,106535,107,115000.0
INV004024,144771,103,18750.0
INV017887,146199,104,12400.0
INV009395,146681,108,7000.0
INV004577,125333,101,35000.0
INV015708,117039,102,28000.0
INV010045,123709,103,7000.0
INV011547,131398,103,9690.0
INV004946,151462,101,1450.0
INV000339,116784,105,35000.0
INV011107,112968,108,29325.0
INV001907,138837,107,1862.0
INV003064,114563,104,7395.0
INV001012,153739,103,7500.0
INV018332,118143,106,37500.0
INV008668,140414,107,43000.0
INV015719,161078,103,15500.0
INV018638,108333,104,23000.0
INV015448,101730,108,15500.0
INV002258,151755,101,7250.0
INV014235,125570,107,28560.0
INV017732,127095,107,15500.0
INV007009,139053,102,75000.0
INV002287,136613,104,4386.0
INV003294,137286,107,71400.0
INV001914,165938,106,1938.0
INV005001,104536,102,28750.0
INV018706,107342,101,8600.0
INV017722,165974,107,4214.0
INV009246,130760,103,7250.0
INV007596,152558,102,14790.0
INV003857,164683,106,7500.0
INV000044,122304,104,2900.0
INV013833,130902,105,140000.0
INV006024,146633,105,42140.0
INV013087,162811,107,19380.0
INV012865,123486,105,3100.0
INV003435,154599,102,11270.0
INV001718,149992,104,3100.0
INV013124,129818,103,38000.0
INV002922,106392,107,7395.0
INV012019,124683,102,18750.0
INV008701,123759,106,7600.0
INV007496,159884,107,4300.0
INV002351,153115,104,2150.0
INV017780,104368,106,68600.0
INV015742,107469,106,1862.0
INV009499,127821,108,12400.0
INV016702,149631,104,15000.0
INV012548,127644,101,75000.0
INV006533,127592,105,3750.0
INV005194,154504,107,15810.0
INV017692,155683,102,5800.0
INV012539,161814,108,14000.0
INV014655,143941,106,28000.0
INV006375,129658,103,9500.0
INV014577,126966,104,7105.0
INV008266,108625,103,112700.0
INV017921,113546,108,5800.0
INV015066,148916,103,71400.0
INV016250,142061,104,43000.0
INV000356,110281,101,12648.0
INV017875,118019,102,115000.0
INV010613,123168,102,28000.0
INV008900,111694,108,12648.0
INV015827,109434,106,19380.0
INV003072,118196,106,1900.0
INV005788,104647,101,3750.0
INV004060,150749,102,28420.0
INV010241,144472,104,7350.0
INV015894,152736,101,6200.0
INV005711,112879,101,15000.0
INV006560,157575,106,19000.0
INV012370,114628,105,8772.0
INV006599,139929,103,62000.0
INV010994,149603,108,14500.0
INV015929,133148,105,14500.0
INV000201,109112,103,7000.0
INV007295,164146,106,14000.0
INV002530,165176,105,11730.0
INV014840,138835,103,28000.0
INV015762,132797,104,68600.0
INV019672,921671,105,86354.58
INV018361,150592,108,5800.0
INV005276,108516,107,7140.0
INV016818,107511,108,19000.0
INV014970,136552,106,142800.0
INV006269,127330,101,19000.0
INV000031,140712,101,12400.0
INV009069,129519,106,115000.0
INV018146,116981,107,2958.0
INV015421,155785,102,2193.0
INV008640,161305,104,21500.0
INV011308,165879,101,12400.0
INV005144,148012,106,56350.0
INV009071,140050,108,10965.0
INV018749,100011,106,58650.0
INV012076,106516,102,23000.0
INV008629,150201,104,4386.0
INV005906,165854,101,21930.0
INV019146,123065,107,8600.0
INV017845,117550,104,8428.0
INV009815,130412,106,7448.0
INV001773,106825,107,62000.0
INV009391,150816,108,11500.0
INV019973,945533,103,34314.51
INV004280,108860,104,38760.0
INV007413,152092,106,63240.0
INV000175,113267,108,29325.0
INV011305,105180,106,73500.0
INV000395,110295,105,7500.0
INV014786,159582,105,18750.0
INV013973,128545,105,38760.0
INV012537,158219,101,31000.0
INV005143,121631,108,29000.0
INV008942,109736,105,28000.0
INV017312,120501,106,4300.0
INV006368,124197,105,6860.0
INV013880,115418,106,4300.0
INV010550,151003,101,11500.0
INV013851,120458,106,10750.0
INV004849,124464,101,38250.0
INV004407,120761,105,14500.0
INV009782,123794,107,28750.0
INV002919,131028,102,75000.0
INV013898,115868,107,7500.0
INV016549,144011,108,18750.0
INV012557,141950,103,2150.0
INV009426,151419,108,15000.0
INV014486,115692,108,7250.0
INV007906,111672,102,19000.0
INV004471,137431,108,75000.0
INV009831,100813,106,5800.0
INV012194,148297,102,2150.0
INV015973,125110,104,14500.0
INV004687,103135,107,5684.0
INV004619,100236,102,14000.0
INV001182,163759,107,10750.0
INV003514,111163,106,73500.0
INV011331,123679,106,7000.0
INV017947,119682,104,4214.0
INV017399,125511,107,62000.0
INV019946,921693,107,5933.83
INV015115,153701,102,37500.0
INV008838,105097,107,7395.0
INV000870,146770,102,11270.0
INV001761,119748,108,3750.0
INV012939,133747,106,43000.0
INV000255,145410,102,23460.0
INV003228,137793,105,31000.0
INV002984,165472,105,42140.0
INV003042,153925,106,2842.0
INV011029,119411,105,8428.0
INV018328,128774,107,21500.0
INV015048,150885,102,12648.0
INV019273,140814,105,9310.0
INV016473,118037,102,1421.0
INV016376,152884,105,7500.0
INV019832,900243,104,65258.38
INV003952,135591,104,12400.0
INV016593,139882,104,5800.0
INV019014,103510,101,7105.0
INV011049,114324,102,9690.0
INV019651,983499,101,86996.88
INV005053,111750,108,7600.0
INV004369,132627,107,137200.0
INV005900,155294,104,19000.0
INV007934,107770,104,36750.0
INV012515,166189,101,1900.0
INV005903,160308,106,7600.0
INV009938,144867,104,115000.0
INV014708,140588,101,137200.0
INV016526,125382,103,4300.0
INV000506,118675,107,2900.0
INV016078,133415,101,57500.0
INV006544,100304,106,7350.0
INV012167,117192,108,8600.0
INV013632,143529,101,12400.0
INV004837,131554,101,14700.0
INV015120,164900,103,10750.0
INV013344,139131,107,3100.0
INV000086,110468,103,12400.0
INV017878,109106,108,3750.0
INV015293,153562,104,7250.0
INV005297,153554,108,38760.0
INV001779,153884,105,35000.0
INV006213,140543,102,23460.0
INV004318,138277,106,38250.0
INV016511,138343,105,58650.0
INV005755,124854,102,19000.0
INV005932,137517,104,8600.0
INV016912,120986,103,27440.0
INV004211,123514,104,15000.0
INV019032,112476,103,35000.0
INV004704,130877,105,115000.0
INV008077,115891,108,73500.0
INV013563,156858,104,11500.0
INV000113,146984,103,11730.0
INV007832,100154,106,7500.0
INV004641,155696,102,38000.0
INV006514,161438,102,35700.0
INV018540,116620,106,140000.0
INV002307,137639,103,34300.0
INV018042,158894,101,29325.0
INV015137,158546,101,3038.0
INV006100,159391,106,43000.0
INV001381,147796,106,6200.0
INV007536,107478,103,21930.0
INV017171,102620,101,4214.0
INV001614,147190,102,117300.0
INV010740,105007,101,14000.0
INV008018,114536,104,3100.0
INV004366,162930,101,1862.0
INV000046,161319,106,7500.0
INV010713,133318,108,5800.0
INV018746,151717,105,18750.0
INV018304,148034,101,4300.0
INV013538,158791,102,37500.0
INV001812,127248,106,8772.0
INV014375,108593,106,35000.0
INV016875,130433,108,43000.0
INV000328,145976,105,30380.0
INV013212,132319,107,38000.0
INV006881,148778,102,35700.0
INV002807,148335,104,68600.0
INV016165,128895,103,5916.0
INV000143,122470,107,15810.0
INV005462,163909,108,19000.0
INV006149,157358,105,29580.0
INV013956,123803,103,19125.0
INV011677,146813,103,19000.0
INV009425,164001,105,5750.0
INV012179,103281,104,4300.0
INV005393,134619,105,19000.0
INV003931,124721,101,3675.0
INV017223,112251,103,3800.0
INV001289,148224,104,19000.0
INV004456,162517,102,18375.0
INV005104,163045,101,19000.0
INV007635,132225,108,19380.0
INV011492,135878,104,115000.0
INV017215,104754,107,43000.0
INV017829,101418,104,7500.0
INV000251,112340,107,3100.0
INV004478,137805,103,18750.0
INV000461,139429,108,6324.0
INV009354,107325,102,63240.0
INV014644,134879,104,75000.0
INV001984,155774,106,31000.0
INV015667,141642,103,38760.0
INV010368,138709,102,19125.0
INV000935,114194,107,12400.0
INV016982,115252,107,1479.0
INV004246,124577,106,3750.0
INV007994,140231,101,63240.0
INV019626,935299,108,21531.5
INV011947,116341,106,3800.0
INV008171,165118,104,57500.0
INV019840,983842,105,75747.65
INV014370,136404,105,6200.0
INV008848,136461,104,8600.0
INV007400,126050,103,18750.0
INV008711,148434,105,23460.0
INV011022,150420,105,28750.0
INV008309,135200,104,75000.0
INV008325,113951,104,5800.0
INV002556,146771,106,38000.0
INV012027,162420,105,7752.0
INV001515,149673,104,140000.0
INV016645,134784,107,15500.0
INV008317,154847,103,15190.0
INV004433,100083,102,7500.0
INV000382,110654,107,7650.0
INV008462,120506,106,15500.0
INV012208,126338,102,14500.0
INV011803,127883,102,23460.0
INV008205,141918,107,3876.0
INV008752,146174,108,15190.0
INV013285,160421,101,7250.0
INV001918,156053,105,14500.0
INV012293,100342,104,7600.0
INV000383,115085,106,19125.0
INV013246,106565,104,10750.0
INV016121,162205,104,15000.0
INV001743,129407,106,23000.0
INV014151,100750,103,4300.0
INV003424,146461,108,7350.0
INV006282,143217,105,35000.0
INV009209,103045,102,30380.0
INV017401,116338,103,5684.0
INV000635,120895,102,5865.0
INV013620,107116,108,12152.0
INV011607,109343,108,10965.0
INV001676,157744,101,1450.0
INV017933,103689,105,38000.0
INV008635,124575,101,6860.0
INV017224,107752,107,2150.0
INV018625,112737,108,21930.0
INV001813,143881,102,62000.0
INV005192,107369,104,34300.0
INV003854,137040,102,12400.0
INV000652,136132,104,57500.0
INV016363,110447,103,58650.0
INV019168,136311,107,19000.0
INV010774,143216,101,29580.0
INV011235,116547,105,115000.0
INV003657,115655,106,142800.0
INV007891,124466,105,3100.0
INV011601,164489,106,9500.0
INV017700,120879,105,27440.0
INV002175,120526,104,3038.0
INV012052,131831,103,3800.0
INV000094,128907,104,7752.0
INV002393,131304,103,8600.0
INV008667,157907,107,1450.0
INV002999,157881,103,5800.0
INV001450,156372,105,28560.0
INV014870,107545,108,10965.0
INV002491,111770,105,115000.0
INV014328,161682,101,2150.0
INV012881,148420,105,75000.0
INV007467,148168,101,18750.0
INV006813,117658,105,22540.0
INV015833,166280,102,4386.0
INV015695,106431,101,18750.0
INV019048,156872,104,62000.0
INV009158,162626,107,7448.0
INV008114,163856,102,8772.0
INV012188,102654,101,28750.0
INV004093,151585,104,11500.0
INV010187,115001,104,28000.0
INV003165,128589,105,14000.0
INV006257,127791,106,38760.0
INV011676,158642,103,76500.0
INV011459,147171,108,8428.0
INV003541,114671,104,14700.0
INV018633,142238,104,28560.0
INV015020,129236,102,12400.0
INV012991,125862,102,70000.0
INV011440,140341,108,4300.0
INV004254,153446,102,1938.0
INV012551,109285,103,5865.0
INV017543,163895,105,70000.0
INV009201,151872,101,11500.0
INV006086,128664,106,137200.0
INV013698,138488,105,43860.0
INV003183,137599,107,38000.0
INV005229,119961,106,7500.0
INV015808,123474,102,62000.0
INV017381,124150,106,115000.0
INV000597,129856,106,2900.0
INV002821,109061,104,10750.0
INV019486,131052,103,62000.0
INV003458,107241,101,2150.0
INV012071,106758,104,14280.0
INV014255,101759,105,75000.0
INV012244,138416,104,30380.0
INV018681,160623,107,7250.0
INV007850,110851,105,18750.0
INV005595,113684,104,12648.0
INV012905,135238,101,28750.0
INV016630,130945,102,12400.0
INV008868,110152,108,2842.0
INV004381,120964,104,29580.0
INV009196,114341,106,2150.0
INV011318,110047,101,5750.0
INV012648,114753,105,1421.0
INV015414,153542,102,23000.0
INV004432,143710,103,3675.0
INV007745,150516,108,29000.0
INV014614,146642,103,15000.0
INV005487,155891,108,29000.0
INV003928,138369,108,6324.0
INV007363,104899,106,29325.0
INV015376,144319,101,5750.0
INV007390,148322,107,7650.0
INV014758,158720,105,3724.0
INV003934,148760,107,62000.0
INV017987,121088,103,117300.0
INV015424,155473,108,3750.0
INV001165,107439,102,142800.0
INV001599,145889,104,5800.0
INV012828,150702,107,43000.0
INV010841,105489,107,62000.0
INV008454,145496,106,62000.0
INV019546,979794,102,70075.23
INV004896,161764,107,7395.0
INV005414,166328,101,12400.0
INV005556,152733,104,19000.0
INV001798,124152,108,2900.0
INV000911,118980,105,140000.0
INV016405,113480,108,15000.0
INV004243,109615,107,23000.0
INV013953,149443,102,7500.0
INV019972,947886,106,71203.13
INV012114,162011,106,13720.0
INV016599,117547,108,21500.0
INV000530,111643,108,23000.0
INV005159,121718,107,75000.0
INV015684,131646,104,4386.0
INV011951,101998,102,11500.0
INV016158,109246,104,3750.0
INV003000,143424,102,2842.0
INV018810,158803,101,14700.0
INV016791,164826,107,35000.0
INV002818,164987,108,15500.0
INV018777,129088,103,14500.0
INV003829,107085,102,43000.0
INV005817,104649,108,62000.0
INV018303,127664,106,10750.0
INV018061,109354,105,7600.0
INV004507,112547,106,14500.0
INV002590,124748,107,115000.0
INV005334,141688,105,14210.0
INV018983,144726,102,15000.0
INV016826,142632,107,28750.0
INV013600,120034,101,71400.0
INV005401,121092,106,29000.0
INV015264,143974,106,10750.0
INV012452,118237,108,35000.0
INV006070,137435,106,7600.0
INV011141,155752,106,7650.0
INV005930,163875,108,7000.0
INV010528,164720,106,28750.0
INV003078,155815,105,14500.0
INV005285,164480,101,115000.0
INV013792,140873,108,28750.0
INV012942,162424,103,34300.0
INV005440,130405,108,2900.0
INV003176,122911,107,31000.0
INV006459,118821,106,14280.0
INV014185,130304,101,15500.0
INV006268,148741,102,7105.0
INV006138,122681,108,9500.0
INV013325,120626,105,29000.0
INV012091,152581,105,3800.0
INV007283,151174,104,56350.0
INV003770,120847,103,13720.0
INV014037,122823,102,63240.0
INV014928,117004,103,5750.0
INV013273,149084,103,137200.0
INV004756,122046,107,2900.0
INV008951,140600,105,70000.0
INV000906,164698,105,70000.0
INV010670,145510,103,19000.0
INV005221,126246,101,27440.0
INV017489,144793,102,7000.0
INV001559,162246,103,19000.0
INV015828,116767,101,1450.0
INV012514,106215,108,76500.0
INV001947,127019,105,3750.0
INV003576,106099,101,14790.0
INV008167,108106,107,11500.0
INV017631,123354,102,23000.0
INV008883,156792,104,14700.0
INV010780,114051,105,6324.0
INV002370,159831,108,37500.0
INV019370,164859,103,31620.0
INV001366,163832,101,19380.0
INV012902,110576,106,5750.0
INV014372,108948,102,5800.0
INV003331,116971,103,6200.0
INV019105,105705,106,140000.0
INV014327,138844,105,14500.0
INV004130,128718,101,15300.0
INV003935,142976,103,10750.0
INV014127,141292,102,15500.0
INV010789,153284,104,9500.0
INV015387,135490,106,11500.0
INV003021,131698,105,19000.0
INV013546,143968,107,14000.0
INV002903,135501,105,115000.0
INV000987,122970,104,15000.0
INV016314,155037,106,12400.0
INV011909,100220,102,3675.0
INV013554,132823,106,43000.0
INV001443,155115,106,1450.0
INV000363,142260,108,14210.0
INV016171,120833,101,2842.0
INV006317,112933,101,1900.0
INV018613,111885,101,115000.0
INV000838,100186,102,35700.0
INV013315,159425,105,21500.0
INV007378,101428,103,57500.0
INV006710,136383,107,7350.0
INV014032,156347,106,19125.0
INV010790,120778,104,9500.0
INV013522,153896,104,12400.0
INV001975,159440,107,3100.0
INV008192,114783,104,112700.0
INV006921,106845,101,7500.0
INV011174,101444,103,7140.0
INV004932,154295,102,2842.0
INV010188,117232,101,37500.0
INV003526,112660,102,9310.0
INV017534,163364,104,31620.0
INV003540,132854,102,8600.0
INV017284,110284,107,7600.0
INV015926,112534,104,36750.0
INV018063,116008,105,14700.0
INV009315,135607,104,38000.0
INV014859,115791,107,21930.0
INV002097,146619,108,3800.0
INV018460,118103,107,14000.0
INV019937,980525,103,30591.41
INV015144,161492,106,3038.0
INV019398,100583,102,9500.0
INV012046,147123,104,15000.0
INV016287,165184,106,60760.0
INV011077,110758,107,28000.0
INV017871,129458,107,7600.0
INV014966,148520,101,75000.0
INV002064,116663,105,18750.0
INV000608,166387,103,115000.0
INV011471,104391,106,57500.0
INV003964,120518,106,21500.0
INV011893,150702,108,12648.0
INV007731,120669,108,7500.0
INV001079,148937,106,140000.0
INV001025,158795,108,14000.0
INV008346,138801,107,62000.0
INV003447,127156,105,117300.0
INV005750,156966,102,3100.0
INV010858,137632,101,4300.0
INV018173,121402,108,57500.0
INV019851,921410,105,75140.89
INV019871,909445,101,87804.6
INV011604,153806,105,14000.0
INV006215,134572,102,37500.0
INV013427,120839,108,8600.0
INV016517,139836,102,10965.0
INV007559,160714,104,29580.0
INV002315,137377,104,5750.0
INV003186,129918,108,3100.0
INV010549,163764,108,2958.0
INV014445,144332,105,1450.0
INV005920,155751,103,6076.0
INV018086,106081,104,7752.0
INV006521,134909,104,7650.0
INV019792,980628,103,62650.96
INV012039,142816,108,28750.0
INV018315,166215,108,14500.0
INV005467,111623,104,11730.0
INV006686,156380,108,3876.0
INV010489,147801,101,3750.0
INV012600,130294,105,10965.0
INV009771,127563,104,62000.0
INV001144,124059,102,34300.0
INV014541,145476,102,29000.0
INV015744,117335,104,6076.0
INV013754,125735,104,12400.0
INV001105,112249,105,7350.0
INV017432,159233,107,1900.0
INV019393,159221,101,7500.0
INV000285,137990,101,11500.0
INV007785,113696,108,10750.0
INV002054,166461,106,112700.0
INV015439,165290,103,3724.0
INV011449,161754,108,6860.0
INV001024,115392,101,14500.0
INV001594,149052,108,19000.0
INV018051,135036,102,7650.0
INV007225,103795,102,4300.0
INV014701,152694,101,9690.0
INV011198,114213,108,23460.0
INV013982,101169,107,60760.0
INV017076,148599,107,15000.0
INV006772,114053,105,7500.0
INV008767,148900,107,21500.0
INV008965,164712,104,12400.0
INV005593,136169,107,8600.0
INV013682,158241,102,43860.0
INV005120,153213,101,115000.0
INV012791,162192,107,62000.0
INV007675,107205,104,29000.0
INV002766,149568,104,2107.0
INV010037,124495,104,21500.0
INV005419,166575,106,75000.0
INV004517,135965,105,5865.0
INV010349,134287,105,7105.0
INV008913,102786,102,15000.0
INV010034,103998,104,29000.0
INV017299,131676,106,15000.0
INV009370,142869,104,9500.0
INV012025,113891,108,38250.0
INV006932,159202,107,62000.0
INV001828,143164,107,115000.0
INV013423,150070,104,37500.0
INV017544,146150,107,5635.0
INV009570,145157,106,3100.0
INV007472,137233,107,6860.0
INV006590,128706,107,7105.0
INV018672,118146,101,21930.0
INV013318,145546,102,7350.0
INV001212,102608,101,13720.0
INV014497,123531,107,29000.0
INV005904,115315,103,10535.0
INV011133,140798,104,28000.0
INV016484,165792,104,115000.0
INV011271,101049,104,10750.0
INV004284,110085,103,1421.0
INV013642,110759,107,62000.0
INV013972,133981,108,15500.0
INV000579,111582,101,2900.0
INV004012,118777,104,5684.0
INV015314,102276,106,62000.0
INV013188,120822,104,6200.0
INV013480,125845,102,57500.0
INV012817,149783,108,2193.0
INV007789,132321,107,29000.0
INV002034,103657,106,7500.0
INV006350,149450,103,1450.0
INV019171,116726,106,15000.0
INV013338,114804,108,6200.0
INV003942,114306,105,3100.0
INV009795,146658,108,5750.0
INV014172,156568,106,31620.0
INV009178,109720,105,7600.0
INV009825,140650,101,8428.0
INV014596,118767,107,3750.0
INV016411,100268,102,28750.0
INV004729,136977,106,1450.0
INV001133,103512,107,71400.0
INV014358,130699,101,15000.0
INV003148,154751,101,76500.0
INV010563,134660,107,71400.0
INV007157,150233,101,2900.0
INV003655,137004,105,60760.0
INV006797,122130,103,35700.0
INV004961,113031,107,2900.0
INV016109,134968,106,28000.0
INV000326,108228,107,23000.0
INV018856,151147,101,2842.0
INV019821,987500,106,23341.57
INV009310,130189,106,8428.0
INV010723,135184,103,5750.0
INV009894,131589,103,142800.0
INV000233,120223,103,34300.0
INV008741,116013,105,11500.0
INV016190,105336,107,28000.0
INV008360,119040,108,29580.0
INV017531,143934,105,6200.0
INV005315,101572,108,12152.0
INV006726,108778,104,115000.0
INV016962,163187,107,137200.0
INV014988,146162,106,2900.0
INV010953,123583,105,15810.0
INV004390,110960,102,2150.0
INV014394,165518,102,2900.0
INV000687,120030,103,21070.0
INV003279,130087,106,18750.0
INV013459,160222,104,1421.0
INV001200,146703,106,14500.0
INV001595,101283,103,5750.0
INV011914,105859,105,34300.0
INV009415,112965,104,35000.0
INV011928,122674,106,29325.0
INV001805,127931,108,3750.0
INV011328,138718,102,7250.0
INV014429,101650,103,75000.0
INV005295,106779,103,15500.0
INV012549,152838,108,2842.0
INV013105,158455,101,12400.0
INV008028,118120,105,63240.0
INV008862,137901,106,15500.0
INV008821,123048,102,13720.0
INV008397,102489,102,14500.0
INV005451,113476,101,1900.0
INV012359,127457,105,8600.0
INV016628,108545,103,5635.0
INV000734,148117,104,28560.0
INV013650,108595,104,11730.0
INV006362,147182,104,58650.0
INV013671,103806,106,10750.0
INV015068,158048,107,1450.0
INV018450,119479,107,29000.0
INV004054,117706,104,29580.0
INV019736,989984,106,78163.7
INV019529,920979,105,77958.69
INV018915,135315,101,12400.0
INV010413,156867,102,1450.0
INV014074,119192,103,23000.0
INV002709,107320,101,31000.0
INV011796,153915,101,35000.0
INV009320,146158,106,18620.0
INV008055,160101,103,37240.0
INV016156,148763,107,62000.0
INV013662,117250,108,57500.0
INV016412,123045,102,4300.0
INV018645,119955,104,60760.0
INV014456,149837,104,19000.0
INV010612,159921,103,3100.0
INV005292,165209,105,21500.0
INV005157,157993,101,22540.0
INV019175,114022,106,10965.0
INV018786,122882,105,38760.0
INV001184,121503,102,1938.0
INV002832,113417,107,75000.0
INV010763,165916,104,8600.0
INV013933,101136,108,9500.0
INV001868,110706,101,35000.0
INV009895,134691,105,23000.0
INV005068,143257,103,2900.0
INV017350,163679,108,7752.0
INV004400,106780,106,35000.0
INV004843,112700,108,9310.0
INV006778,145186,105,2900.0
INV008345,141049,104,31000.0
INV003581,151336,104,31000.0
INV011709,130075,102,11500.0
INV018682,103890,106,71400.0
INV019163,125227,106,21930.0
INV000472,109604,107,28750.0
INV008411,127878,102,29325.0
INV009068,121900,104,7350.0
INV005730,155532,101,1421.0
INV009829,165713,108,38760.0
INV017361,156402,107,5684.0
INV010682,155622,101,115000.0
INV002666,135168,105,15000.0
INV013958,157333,101,1862.0
INV014325,103148,103,3800.0
INV009044,105008,107,28750.0
INV006952,100384,101,38000.0
INV017092,155056,104,21500.0
INV002514,164953,102,43000.0
INV011020,151950,101,8600.0
INV012513,142069,108,62000.0
INV004525,117908,104,15000.0
INV019933,903194,104,11720.9
INV018543,102546,108,3038.0
INV006289,104536,108,6860.0
INV017338,105179,107,3100.0
INV015803,143004,104,11730.0
INV003739,142733,103,38000.0
INV002908,165276,104,8428.0
INV015832,149437,105,10750.0
INV012355,112680,105,7500.0
INV011963,152369,104,5750.0
INV009159,164576,101,7000.0
INV010591,107026,107,62000.0
INV005311,104649,104,28420.0
INV006391,136895,102,28560.0
INV006946,138947,107,9310.0
INV011304,106351,102,8600.0
INV000928,164350,105,142800.0
INV016570,162315,108,5684.0
INV004780,163342,107,5750.0
INV008847,116950,103,75000.0
INV003712,145913,106,4214.0
INV013616,134669,107,19380.0
INV015481,143398,102,28420.0
INV017694,150975,102,137200.0
INV006189,148552,108,2193.0
INV014480,113930,108,5635.0
INV011241,113666,107,1900.0
INV015768,148775,101,37500.0
INV006543,156797,108,18750.0
INV008403,114011,107,8600.0
INV000920,149313,104,140000.0
INV012867,150434,104,15500.0
INV008506,115042,104,62000.0
INV008339,136012,108,28750.0
INV002360,129215,103,57500.0
INV001057,160450,104,29000.0
INV019525,960710,104,21634.21
INV009837,109930,103,7500.0
INV006549,110214,101,112700.0
INV004235,149054,105,14000.0
INV001704,114927,105,75000.0
INV000258,133210,102,15000.0
INV018346,102010,103,23460.0
INV005532,104131,102,35000.0
INV018385,148673,108,3800.0
INV004402,131808,107,21070.0
INV009625,111611,103,3750.0
INV010722,117349,103,3675.0
INV003189,131969,103,5750.0
INV005588,114981,104,10750.0
INV016423,131338,105,13720.0
INV007657,114541,107,1900.0
INV017585,130369,103,7000.0
INV013312,104643,101,8600.0
INV000184,114113,102,137200.0
INV016274,155121,107,42140.0
INV007554,156021,105,3100.0
INV012553,115169,104,1938.0
INV003473,145475,108,14500.0
INV016150,115928,107,140000.0
INV010946,133707,102,62000.0
INV007175,105484,104,3100.0
INV015301,141833,103,7350.0
INV016029,166315,102,3750.0
INV008455,129381,106,15810.0
INV001939,120135,103,9500.0
INV011866,101556,103,4214.0
INV012520,166628,106,36750.0
INV002244,117338,108,7395.0
INV019128,122810,108,43000.0
INV003205,147997,104,18750.0
INV004167,110233,103,7000.0
INV014221,136333,102,29000.0
INV017306,125522,107,6200.0
INV001931,143841,108,29000.0
INV011245,107447,104,1900.0
INV010136,113621,104,7650.0
INV003956,165190,104,3825.0
INV007438,108501,105,75000.0
INV010869,156428,103,140000.0
INV019027,124735,104,28175.0
INV014243,148166,107,43000.0
INV015333,116377,101,5800.0
INV011009,156433,108,36750.0
INV006714,153375,108,6200.0
INV006238,157046,103,10750.0
INV017084,139028,104,5750.0
INV008107,110756,103,14790.0
INV006809,104562,101,38760.0
INV002854,140098,102,3675.0
INV018261,164570,108,19125.0
INV006011,133180,101,115000.0
INV000925,163195,105,15190.0
INV001170,119409,101,19380.0
INV016461,141897,103,60760.0
INV009735,161420,108,6860.0
INV019580,926572,104,89555.74
INV011508,150727,108,140000.0
INV018445,127192,104,43860.0
INV002032,121418,107,31000.0
INV001301,115519,103,60760.0
INV018954,103244,101,9500.0
INV017897,118920,108,14210.0
INV011432,143846,104,14000.0
INV002690,117219,107,7752.0
INV010465,108706,106,5800.0
INV009075,110436,107,11730.0
INV001347,140627,104,11500.0
INV006403,107505,106,19125.0
INV009203,106757,105,31000.0
INV008267,133243,107,8600.0
INV009507,159019,101,29580.0
INV018627,161103,102,43000.0
INV002965,132658,103,5800.0
INV014533,163079,108,37240.0
INV015369,117799,107,14700.0
INV003817,129924,106,7250.0
INV018116,164878,108,5750.0
INV000002,122806,103,3800.0
INV003318,126981,107,28175.0
INV002722,145886,103,19000.0
INV008721,112168,108,2842.0
INV014443,115583,108,15000.0
INV018883,114028,107,7140.0
INV017705,145701,108,3876.0
INV007004,156302,106,27440.0
INV003286,161473,107,5800.0
INV004450,125446,106,2842.0
INV002653,103129,105,31000.0
INV017353,158656,106,14000.0
INV007747,141114,103,1900.0
INV009678,137821,101,117300.0
INV016833,149952,107,75000.0
INV009491,109146,105,18750.0
INV008047,157875,103,37500.0
INV007415,136501,107,31620.0
INV017657,163335,101,6200.0
INV011002,102480,108,1900.0
INV014530,157134,106,15810.0
INV016703,159703,107,1862.0
INV011514,109645,104,28750.0
INV008697,115761,108,9500.0
INV015073,101423,103,15190.0
INV006711,109848,106,7752.0
INV003605,125869,102,14000.0
INV002636,107192,104,11730.0
INV009469,131800,103,112700.0
INV014187,150655,103,42140.0
INV002659,103468,108,12400.0
INV007869,141707,106,19000.0
INV015664,114762,101,9690.0
INV001802,136598,103,75000.0
INV000419,152989,107,6200.0
INV003981,156996,105,36750.0
INV004021,117220,103,2193.0
INV001183,104203,108,11500.0
INV002595,107688,107,7250.0
INV017463,135734,108,73500.0
INV009275,151725,106,29000.0
INV005427,100217,102,28000.0
INV009882,115986,102,115000.0
INV002438,132103,104,57500.0
INV018635,120293,107,56350.0
INV018524,106706,102,15190.0
INV016036,144758,108,14210.0
INV009851,117951,107,5750.0
INV005037,139181,106,115000.0
INV018594,152082,106,7250.0
INV006407,128694,107,3876.0
INV009364,163204,103,11500.0
INV011834,151365,103,10750.0
INV007976,111511,102,11270.0
INV018664,155890,107,42140.0
INV008576,119391,106,37500.0
INV007142,154680,106,9310.0
INV009755,130842,105,7600.0
INV015272,150536,105,2193.0
INV014962,129829,104,5800.0
INV003639,158150,102,19000.0
INV006737,165015,102,42140.0
INV002781,122852,101,7140.0
INV013265,161892,102,2150.0
INV013073,126331,102,35000.0
INV003394,144319,106,76500.0
INV003464,150844,102,35000.0
INV014653,109384,105,3800.0
INV016396,143345,107,3825.0
INV011039,114162,106,28560.0
INV018807,124471,108,15000.0
INV006653,130706,103,117300.0
INV011675,103153,104,6324.0
INV006474,136789,104,1900.0
INV018539,154277,102,28000.0
INV006886,118098,106,31620.0
INV015083,154768,108,6324.0
INV014407,163343,103,75000.0
INV002900,134732,102,142800.0
INV012617,120818,108,56350.0
INV004109,116561,104,31620.0
INV012639,138531,106,12400.0
INV019541,949486,107,2650.69
INV017611,127076,105,7250.0
INV010555,144002,103,19125.0
INV002639,124543,102,1450.0
INV004411,156311,102,11270.0
INV014415,137152,101,140000.0
INV010638,140448,107,15000.0
INV009384,100846,105,38000.0
INV008031,141337,108,18750.0
INV016166,118428,102,76500.0
INV016812,155591,105,7395.0
INV008773,104040,103,2150.0
INV018991,138976,102,3800.0
INV014586,154119,104,36750.0
INV017591,116783,107,15000.0
INV006280,109565,105,140000.0
INV002805,105816,106,7350.0
INV015504,126766,102,1450.0
INV013157,127285,108,15000.0
INV006693,141901,102,11500.0
INV000517,145444,105,14500.0
INV001533,124655,104,28175.0
INV001243,124122,107,6324.0
INV009216,115782,101,5800.0
INV000045,124752,102,29000.0
INV013713,130321,105,12400.0
INV005734,105653,103,9500.0
INV009854,136179,103,3100.0
INV001260,119522,105,3750.0
INV015300,134032,108,7000.0
INV016625,139453,101,43860.0
INV014936,163631,108,7500.0
INV005278,130969,103,4300.0
INV004944,113259,108,15500.0
INV018059,163761,106,38250.0
INV001373,123798,108,8772.0
INV019138,143541,107,12400.0
INV000860,146849,102,4300.0
INV015102,160599,107,5800.0
INV017219,158004,103,57500.0
INV008716,135554,106,7500.0
INV016323,106637,103,12648.0
INV007703,102231,108,15810.0
INV003812,157674,107,12400.0
INV017491,150117,101,13720.0
INV006766,159205,107,37240.0
INV010324,154286,101,28750.0
INV011541,134493,104,18750.0
INV000084,141212,104,23000.0
INV013525,155510,105,35700.0
INV015437,137651,108,19125.0
INV014409,139860,102,7000.0
INV003443,159427,104,21500.0
INV004224,107815,103,29325.0
INV001129,102156,101,21500.0
INV016677,117148,101,28750.0
INV013527,109868,105,4386.0
INV002930,137254,104,8772.0
INV016392,116681,108,1450.0
INV005503,125546,107,14000.0
INV018199,115005,105,19000.0
INV013221,143526,106,3038.0
INV011923,149673,107,7250.0
INV014961,160170,105,21070.0
INV012764,100724,104,1479.0
INV004431,160154,104,14700.0
INV011595,148200,105,14500.0
INV003859,137107,106,12400.0
INV017521,114875,104,27440.0
INV019413,140019,107,5635.0
INV000321,119327,104,28560.0
INV015244,144209,104,5800.0
INV002972,158393,103,12152.0
INV018109,131012,103,28750.0
INV006545,135390,106,7140.0
INV000965,110270,107,38000.0
INV011875,149474,106,29325.0
INV009780,140676,105,140000.0
INV010020,129199,101,8600.0
INV002381,161788,107,38000.0
INV010328,155847,106,3800.0
INV010005,151815,104,3800.0
INV016208,102588,106,5916.0
INV007408,139331,102,7140.0
INV009418,138055,104,7448.0
INV016137,156397,103,2900.0
INV012419,108778,106,28560.0
INV009059,142138,108,18620.0
INV019202,122205,103,9500.0
INV014558,154954,103,6324.0
INV009169,146009,102,76500.0
INV003721,148538,104,23460.0
INV014051,124747,104,7140.0
INV018738,157796,106,3825.0
INV011086,120633,105,28000.0
INV019885,929363,106,8490.04
INV003701,100370,106,14790.0
INV018482,164008,101,2958.0
INV005224,103014,108,21500.0
INV004627,106494,108,8600.0
INV019419,152674,103,37500.0
INV014091,142476,107,28560.0
INV008980,160149,105,2842.0
INV005442,166641,104,14000.0
INV018617,146421,105,9500.0
INV005418,141725,101,140000.0
INV002554,135138,106,14280.0
INV006709,103494,101,2107.0
INV006923,130467,105,21070.0
INV002043,154041,101,3800.0
INV007280,123163,101,38250.0
INV015163,112356,101,12400.0
INV018081,163267,107,18750.0
INV014696,128446,101,38250.0
INV016779,160732,102,18375.0
INV008365,156798,105,12400.0
INV018305,164396,106,7250.0
INV011090,149017,105,5800.0
INV016182,165204,108,4300.0
INV013043,118836,107,36750.0
INV007854,135283,101,1900.0
INV009028,122176,108,14210.0
INV009688,138798,102,29325.0
INV005260,102396,108,7600.0
INV016769,144703,103,1421.0
INV015677,129652,107,43000.0
INV018060,137651,103,6076.0
INV015992,154422,105,1450.0
INV011530,139076,103,112700.0
INV002105,113849,101,5750.0
INV006847,158391,102,38000.0
INV008069,123167,104,18375.0
INV010467,105603,104,38000.0
INV015249,148673,107,31000.0
INV012578,121605,103,29000.0
INV008002,137716,108,7350.0
INV015911,131504,102,1450.0
INV015666,165677,101,5635.0
INV014920,160175,107,4300.0
INV013074,153216,107,57500.0
INV018150,149075,106,4214.0
INV005612,143801,107,11270.0
INV000641,124415,102,42140.0
INV000943,159357,108,38250.0
INV015921,158582,101,1900.0
INV013375,146479,106,18375.0
INV018345,147617,105,7752.0
INV013102,121310,106,7105.0
INV000139,124814,107,8772.0
INV002271,157871,108,29000.0
INV009258,158021,105,28000.0
INV014399,138726,108,12400.0
INV010232,126477,107,7448.0
INV009222,161863,103,1450.0
INV008083,153613,107,1900.0
INV005227,148215,105,28750.0
INV013940,121063,103,3162.0
INV004081,132342,101,2107.0
INV009252,141111,108,1862.0
INV011342,104151,106,6076.0
INV003923,165729,102,28750.0
INV019375,106979,105,21500.0
INV011071,115530,107,62000.0
INV014042,113026,106,10750.0
INV012829,132128,101,23460.0
INV016894,127614,108,6200.0
INV003941,161526,105,7250.0
INV001419,125640,101,15000.0
INV004203,102899,107,28000.0
INV007530,132023,107,1862.0
INV000926,146201,105,38000.0
INV012345,161725,103,29000.0
INV003409,164316,102,10750.0
INV015975,114418,105,4300.0
INV000417,133699,108,3800.0
INV008311,102265,101,4214.0
INV005404,130044,108,3675.0
INV017602,118338,106,31000.0
INV011256,145614,108,31000.0
INV005446,129583,103,2150.0
INV013128,162567,106,3800.0
INV013699,134254,103,28750.0
INV002288,160777,101,12152.0
INV002473,124292,102,43860.0
INV013228,160613,104,9500.0
INV014792,106029,105,3750.0
INV001225,153986,101,3800.0
INV009493,161052,105,19125.0
INV018084,103659,102,19000.0
INV011692,142567,108,21500.0
INV009896,131399,103,115000.0
INV003986,144064,101,31000.0
INV007823,150482,102,35000.0
INV018686,131380,105,11730.0
INV006912,126598,105,6200.0
INV003684,151113,103,58650.0
INV009213,162878,107,18750.0
INV001162,162562,101,3750.0
INV004920,116053,104,15000.0
INV005228,141877,103,6076.0
INV011496,119765,108,23460.0
INV003261,104708,106,35700.0
INV014524,159536,106,8600.0
INV011149,113370,101,29325.0
INV005935,159517,107,42140.0
INV006406,135236,104,28750.0
INV010404,137095,104,2150.0
INV014719,143714,103,7500.0
INV005699,100740,103,7448.0
INV013830,125723,102,6200.0
INV018419,115423,102,3038.0
INV010017,162832,107,4300.0
INV003223,102966,107,1450.0
INV012428,144533,106,1450.0
INV016979,106781,102,34300.0
INV013744,115344,102,9500.0
INV008436,120009,108,140000.0
INV007176,108707,108,3675.0
INV019709,931836,105,6551.24
INV018233,117595,107,23000.0
INV011128,158185,101,70000.0
INV019313,139788,101,3800.0
INV017238,146887,108,3675.0
INV003385,143689,103,75000.0
INV005230,140292,104,2900.0
INV012729,134824,101,23460.0
INV000477,106307,105,142800.0
INV012536,103815,102,15500.0
INV019487,117463,108,115000.0
INV010947,125230,104,8600.0
INV000001,121591,104,12152.0
INV017678,159568,101,18750.0
INV013603,132740,107,7000.0
INV016516,128910,104,11500.0
INV002176,128860,106,43000.0
INV006927,132182,101,1938.0
INV007417,154605,107,1900.0
INV007736,151906,104,35700.0
INV007655,144305,106,6200.0
INV009093,119876,108,6860.0
INV012003,143232,101,5750.0
INV006121,115708,102,19000.0
INV002369,157791,101,7500.0
INV004256,153096,103,3162.0
INV014381,120556,102,14000.0
INV002059,139304,104,3162.0
INV012061,126516,103,3800.0
INV006597,101138,106,14500.0
INV011883,146951,105,27440.0
INV004379,118156,106,6076.0
INV011425,129847,107,35000.0
INV003998,147926,101,75000.0
INV009263,119601,106,57500.0
INV001305,163429,105,14500.0
INV009022,139074,104,56350.0
INV004570,133963,103,28750.0
INV010118,135339,106,29325.0
INV005436,125979,103,21070.0
INV005176,102933,104,137200.0
INV000722,150005,108,2150.0
INV014144,141467,103,31000.0
INV006734,164470,107,28560.0
INV015628,158492,103,1450.0
INV002338,156176,107,11500.0
INV016430,142540,106,35000.0
INV003472,117316,104,29000.0
INV001102,158406,106,3162.0
INV009929,156919,103,3750.0
INV008972,155649,105,11500.0
INV006002,162632,104,15000.0
INV005501,120688,103,142800.0
INV009183,113460,104,8772.0
INV002330,119295,102,19380.0
INV011186,128062,105,14500.0
INV018787,106030,108,21930.0
INV010582,114932,107,56350.0
INV009051,141390,103,7650.0
INV003602,106834,105,6076.0
INV011166,145032,105,9500.0
INV012128,125568,103,28000.0
INV003892,101161,107,9500.0
INV013740,139105,105,3038.0
INV004750,113162,103,4300.0
INV016370,112429,106,3724.0
INV019145,120299,106,3675.0
INV001960,114186,102,73500.0
INV015662,161736,107,3100.0
INV004264,147039,106,13720.0
INV012825,128940,103,14000.0
INV015736,103071,107,137200.0
INV012683,166485,106,12400.0
INV011992,109534,102,5865.0
INV013483,140961,105,37500.0
INV019591,942208,106,11292.69
INV000021,147704,106,19000.0
INV000300,137530,108,31000.0
INV010642,114429,106,62000.0
INV009165,153367,103,115000.0
INV003674,105131,102,15810.0
INV011996,119202,101,7395.0
INV019659,955946,108,44620.0
INV014536,111236,101,7448.0
INV009692,118978,108,42140.0
INV019980,965239,103,6068.74
INV003143,120719,108,3100.0
INV005304,162493,108,2150.0
INV001244,118233,105,14500.0
INV014282,156711,106,8600.0
INV001698,142359,107,142800.0
INV018876,132523,101,63240.0
INV015606,127044,105,19125.0
INV017783,151610,105,29325.0
INV003860,117015,104,9500.0
INV017568,137071,103,29000.0
INV014628,135005,107,3800.0
INV015936,138426,104,34300.0
INV011810,108280,102,2150.0
INV010581,152639,104,137200.0
INV012023,114469,105,23000.0
INV018200,147967,107,35000.0
INV016632,113571,103,2150.0
INV017089,151899,103,38000.0
INV001367,139919,104,1938.0
INV005752,151324,104,14500.0
INV018719,128923,108,3038.0
INV011767,120361,102,14500.0
INV010487,136712,101,3800.0
INV018618,136048,104,3800.0
INV010121,125726,106,115000.0
INV012078,118770,107,14500.0
INV008336,143350,103,36750.0
INV001350,134318,103,38000.0
INV017804,137114,102,18620.0
INV016957,107350,105,3800.0
INV008260,149961,107,10750.0
INV018196,125627,104,15000.0
INV004557,101468,101,7000.0
INV013067,156448,108,5800.0
INV018054,101003,108,3876.0
INV008281,114147,106,14000.0
INV005298,110091,103,7000.0
INV015385,158972,104,3100.0
INV002187,131177,108,30380.0
INV014668,127057,107,68600.0
INV015778,125821,101,18750.0
INV002081,107371,101,19125.0
INV008530,161048,108,2958.0
INV017718,118361,103,73500.0
INV008369,160671,107,14500.0
INV011003,160718,104,14280.0
INV009518,105014,107,14000.0
INV015721,111228,101,29580.0
INV008294,155778,104,75000.0
INV004423,125574,107,27440.0
INV011793,110633,101,14210.0
INV009727,126479,108,35700.0
INV004261,106652,107,35700.0
INV019263,128076,104,14500.0
INV005715,140105,102,22540.0
INV017924,100587,101,1421.0
INV006893,131560,101,3100.0
INV003985,116632,103,7500.0
INV002267,150624,105,12648.0
INV018945,136938,106,28420.0
INV012591,147717,107,38250.0
INV012632,140079,102,14500.0
INV012079,115668,102,35000.0
INV012725,124941,102,3750.0
INV014757,102233,106,7752.0
INV000392,115511,105,1938.0
INV011626,155762,102,57500.0
INV018103,160953,107,31000.0
INV012581,136811,101,3750.0
INV016254,130728,103,63240.0
INV005899,120885,107,56350.0
INV019613,994691,106,24928.89
INV014595,159416,102,15500.0
INV003475,165666,103,7600.0
INV011654,102787,106,12152.0
INV017898,134848,101,14000.0
INV018598,113158,102,10750.0
INV007929,155883,106,7752.0
INV018342,155216,103,11500.0
INV014987,112898,102,1900.0
INV018588,127147,106,10965.0
INV007648,111180,103,7000.0
INV018388,147623,104,15190.0
INV003108,110874,104,7000.0
INV001581,163485,101,5750.0
INV002723,143044,107,21930.0
INV003244,105839,105,3750.0
INV007383,134685,103,60760.0
INV002508,116773,102,7500.0
INV010300,133831,105,6200.0
INV006274,139634,108,115000.0
INV011439,122772,105,18750.0
INV013772,137362,102,2842.0
INV019298,106865,103,60760.0
INV003518,145040,107,5800.0
INV014466,154801,107,70000.0
INV016621,121442,107,15000.0
INV015306,149925,106,60760.0
INV005322,103354,105,76500.0
INV019915,963971,104,78627.59
INV017032,123696,102,37500.0
INV010519,111267,103,8772.0
INV004494,153836,108,10750.0
INV005335,133135,105,140000.0
INV002733,162392,107,23460.0
INV010814,145591,107,140000.0
INV007932,127062,102,60760.0
INV010998,103098,101,3876.0
INV006439,120233,108,137200.0
INV016052,105359,101,8600.0
INV006174,145443,101,22540.0
INV003483,138395,108,18750.0
INV009138,105457,107,7350.0
INV010525,154428,103,60760.0
INV012050,156206,106,9500.0
INV018781,140453,107,117300.0
INV013610,156029,104,14500.0
INV016977,123884,106,2900.0
INV014816,157998,106,2900.0
INV000092,156048,108,7500.0
INV013494,146656,103,8772.0
INV000813,163861,106,1421.0
INV008464,126944,105,4300.0
INV008451,148991,106,7140.0
INV017340,147224,107,1900.0
INV009646,137720,108,27440.0
INV005626,158616,104,14280.0
INV011259,113192,105,2107.0
INV012231,141650,102,7250.0
INV000043,105980,107,15000.0
INV006263,101354,107,37500.0
INV001434,110531,105,31620.0
INV005764,139654,104,2193.0
INV004110,140132,108,37240.0
INV007107,159362,102,11500.0
INV010771,111171,104,9500.0
INV011794,141253,108,35000.0
INV017569,151821,103,7600.0
INV014131,126930,106,28750.0
INV018734,148009,103,5750.0
INV008770,103677,107,15300.0
INV010544,105934,105,63240.0
INV001564,127703,107,31000.0
INV019971,928739,106,69271.75
INV012969,143513,101,7250.0
INV009726,164188,107,7500.0
INV004169,146428,104,2900.0
INV002448,138215,103,15500.0
INV012963,126880,103,1862.0
INV001168,142481,102,19000.0
INV011465,120573,106,3800.0
INV004436,129056,107,14500.0
INV003884,159755,105,3100.0
INV008156,121352,104,3825.0
INV002366,105006,103,70000.0
INV001874,137951,107,21930.0
INV011521,116431,101,8600.0
INV000252,148284,104,31000.0
INV018622,162314,107,57500.0
INV012580,105312,102,68600.0
INV014975,101164,101,15500.0
INV019246,114191,101,14000.0
INV003099,145452,108,31000.0
INV011040,117991,103,37240.0
INV006603,156553,106,1862.0
INV012266,115846,106,58650.0
INV014782,139962,102,7395.0
INV013521,124435,102,11730.0
INV019710,971828,102,62185.42
INV005108,161226,104,3876.0
INV015648,128711,103,28750.0
INV009240,105530,101,28000.0
INV009448,161974,107,71400.0
INV010111,153037,107,18620.0
INV015194,157368,105,3750.0
INV008520,166148,107,140000.0
INV004329,128055,105,15000.0
INV000712,101040,107,14790.0
INV015381,112833,106,14500.0
INV010297,130587,108,2150.0
INV016271,103240,107,7000.0
INV016799,119346,101,12400.0
INV014874,144152,103,7500.0
INV000217,103803,102,5800.0
INV019588,963726,101,82939.7
INV010970,104682,101,35000.0
INV004198,141617,107,70000.0
INV008065,101114,103,1479.0
INV005953,150167,108,3100.0
INV013528,148294,106,140000.0
INV016832,156520,103,12400.0
INV006538,144675,107,28000.0
INV007286,158239,103,142800.0
INV004506,142276,101,9500.0
INV001407,134498,105,7650.0
INV016990,110571,102,1900.0
INV003691,142351,103,5800.0
INV015493,161739,107,3724.0
INV004798,158546,105,19380.0
INV002572,163686,102,1450.0
INV009444,135314,104,43000.0
INV003383,119987,108,43000.0
INV007919,127296,108,3825.0
INV005246,121253,106,73500.0
INV000976,104066,101,14500.0
INV005027,129274,106,2842.0
INV017683,136035,107,38000.0
INV005832,139048,108,1450.0
INV006347,115509,104,29000.0
INV003070,156643,105,7752.0
INV001626,104112,106,75000.0
INV019190,108029,101,7000.0
INV000411,152473,105,56350.0
INV015258,114223,101,28000.0
INV004629,125685,104,73500.0
INV001665,141153,102,62000.0
INV017516,121803,103,27440.0
INV000406,116826,105,27440.0
INV019516,967037,101,81157.25
INV005849,140107,107,117300.0
INV007448,131675,101,75000.0
INV011385,111045,108,15300.0
INV005729,132114,104,43000.0
INV007090,163270,107,2150.0
INV014945,137906,108,2107.0
INV013396,116954,108,63240.0
INV016199,145572,101,2842.0
INV000790,149908,102,1450.0
INV015425,145879,108,1938.0
INV008463,102989,105,4300.0
INV019124,108458,104,4300.0
INV009806,111275,107,7140.0
INV014412,146570,107,21070.0
INV015473,116718,104,6860.0
INV002945,136678,107,75000.0
INV015291,128313,104,13720.0
INV015255,165274,108,14000.0
INV014625,111868,108,62000.0
INV008084,111500,105,28000.0
INV019412,116209,108,7500.0
INV000527,157033,101,73500.0
INV000983,155048,101,5800.0
INV010496,129522,105,8600.0
INV005978,154686,108,10750.0
INV003118,124670,105,28000.0
INV004241,135421,102,6200.0
INV014847,107517,102,28000.0
INV006182,151927,106,37500.0
INV015887,113365,108,18375.0
INV019229,113451,103,6860.0
INV014096,156852,102,3100.0
INV012592,144661,101,115000.0
INV010491,142439,103,115000.0
INV018382,129985,101,11500.0
INV009702,143802,103,57500.0
INV006464,147311,103,58650.0
INV018849,155013,103,3100.0
INV009283,138065,101,28750.0
INV004195,120743,106,75000.0
INV007270,140857,107,8600.0
INV016683,163472,102,140000.0
INV014771,116527,107,7650.0
INV003342,160349,107,3825.0
INV007880,145022,107,2150.0
INV017807,115275,102,70000.0
INV013633,160291,107,7448.0
INV011419,108585,107,5800.0
INV005254,165084,108,21500.0
INV011452,112119,108,7000.0
INV012925,165747,102,19000.0
INV015328,150087,102,1421.0
INV008488,139654,103,62000.0
INV009571,126097,106,2900.0
INV001558,159505,102,142800.0
INV012716,123408,104,3100.0
INV015246,139141,106,56350.0
INV019454,143710,107,4386.0
INV004940,154248,107,2107.0
INV009229,144192,105,3100.0
INV002408,109902,104,1900.0
INV001848,100795,103,14000.0
INV003544,165045,108,8600.0
INV016768,161267,108,35700.0
INV013808,103441,104,7752.0
INV008060,125347,105,11270.0
INV008930,161908,105,30380.0
INV013735,121189,104,2900.0
INV003690,156556,106,37500.0
INV012814,160766,102,112700.0
INV004016,146170,107,28175.0
INV018245,149509,102,75000.0
INV002075,158949,104,1450.0
INV015784,140890,101,15000.0
INV008859,139115,101,9500.0
INV020000,923911,108,59128.31
INV004344,119726,107,14280.0
INV017750,119161,102,57500.0
INV012796,129869,107,75000.0
INV019332,130377,102,9690.0
INV006865,151453,108,140000.0
INV005643,125753,101,12400.0
INV006297,162877,104,28000.0
INV004746,105393,101,57500.0
INV012624,141285,105,58650.0
INV013540,156886,106,5750.0
INV008541,113603,102,140000.0
INV013894,121199,103,68600.0
INV006098,165682,102,9500.0
INV009998,158313,107,7105.0
INV000109,118842,101,11500.0
INV002482,144262,108,23000.0
INV002713,165711,108,37240.0
INV003035,158081,106,2107.0
INV013311,143135,108,12400.0
INV011921,165520,103,7600.0
INV014564,110840,102,3800.0
INV019316,115276,105,5800.0
INV006760,156497,105,38000.0
INV004931,117506,101,31000.0
INV017668,158036,108,2900.0
INV018804,152392,105,7105.0
INV017907,161228,107,23000.0
INV008637,160287,107,3675.0
INV008208,149981,104,5750.0
INV012852,101007,104,6200.0
INV017953,114062,108,115000.0
INV007515,109892,106,5800.0
INV013919,163101,104,28000.0
INV012193,107394,107,2107.0
INV001817,134776,105,8600.0
INV009484,122819,103,11500.0
INV010988,123128,104,7250.0
INV004283,128608,101,29325.0
INV015294,133877,105,112700.0
INV010147,103444,104,9500.0
INV010084,150243,104,14280.0
INV014534,128901,101,12400.0
INV017029,155674,108,7752.0
INV012546,162636,101,11730.0
INV006901,111804,108,2193.0
INV011857,119015,102,5800.0
INV011361,142984,102,38250.0
INV013460,149649,104,70000.0
INV000730,143497,107,28000.0
INV003553,160237,106,31000.0
INV001528,134262,105,10750.0
INV016110,119835,108,21070.0
INV004656,141271,102,14280.0
INV000491,145635,101,140000.0
INV007031,106069,101,38000.0
INV001680,108709,101,137200.0
INV004265,150797,108,3038.0
INV012173,145456,103,3100.0
INV012294,140644,106,2193.0
INV008093,100262,108,37500.0
INV009268,123670,107,31000.0
INV001886,129100,103,75000.0
INV004855,127213,104,29000.0
INV014839,163482,101,5800.0
INV001498,164920,102,5916.0
INV006966,145646,102,3100.0
INV013485,159184,103,62000.0
INV005771,118610,102,11500.0
INV007268,150432,107,43860.0
INV019786,968978,104,56630.11
INV011698,121330,103,15500.0
INV017812,123253,101,1900.0
INV002224,144694,108,112700.0
INV018255,114395,108,21500.0
INV005706,111876,106,23460.0
INV002016,107559,103,34300.0
INV019422,149384,106,3750.0
INV006476,131450,108,140000.0
INV018226,154487,106,14700.0
INV011718,134423,105,8600.0
INV006825,115747,108,1938.0
INV011712,104244,102,9500.0
INV001565,156279,105,2900.0
INV015916,101080,108,6076.0
INV012468,145994,108,28000.0
INV016538,141256,106,6200.0
INV001527,141195,107,15000.0
INV007350,123146,106,35700.0
INV014531,158357,103,9500.0
INV013749,101947,102,10965.0
INV014018,113668,105,18750.0
INV017256,123571,106,1450.0
INV012910,119980,103,140000.0
INV010114,132399,101,15300.0
INV016286,109726,105,117300.0
INV010603,124384,105,43000.0
INV013608,107200,107,75000.0
INV003268,136012,104,14280.0
INV016662,132944,106,7752.0
INV016860,119377,102,9690.0
INV010339,158312,108,140000.0
INV013130,161137,102,23000.0
INV010015,107634,108,3100.0
INV001879,119855,102,2842.0
INV004747,105150,103,5750.0
INV014166,116908,107,7600.0
INV001329,157500,103,31000.0
INV012401,144475,104,2900.0
INV009262,147845,101,7000.0
INV004019,157650,102,43860.0
INV014180,150324,101,28175.0
INV007804,141857,108,43000.0
INV017541,115157,106,2107.0
INV018973,100685,107,76500.0
INV017925,139033,105,6200.0
INV010011,130562,106,14500.0
INV005175,132742,105,6200.0
INV002071,165950,103,19380.0
INV012165,128259,102,1479.0
INV007981,123782,103,5750.0
INV012229,104351,105,4300.0
INV006740,137826,102,34300.0
INV017969,119051,106,3750.0
INV018754,114823,108,15810.0
INV010876,111958,102,5684.0
INV008996,105165,103,140000.0
INV005571,112371,102,3750.0
INV009644,130473,107,7752.0
INV008884,165611,102,115000.0
INV018249,131930,102,8600.0
INV010794,111812,101,15000.0
INV000071,153740,104,19000.0
INV006078,126676,106,7140.0
INV016273,158911,106,112700.0
INV001542,110859,107,75000.0
INV006337,104031,101,6200.0
INV002634,160391,101,7000.0
INV007630,130998,106,21500.0
INV003403,118154,106,10965.0
INV019959,944106,101,66583.05
INV014819,166527,107,12648.0
INV008880,110833,106,18750.0
INV005253,104527,101,75000.0
INV004637,151054,101,28000.0
INV018095,101395,101,28420.0
INV009101,103869,104,5800.0
INV005702,119009,105,11500.0
INV005343,115540,108,7600.0
INV003692,111861,108,115000.0
INV004553,128480,102,35000.0
INV017138,122677,103,3675.0
INV019905,934183,101,36101.43
INV016391,104358,104,11500.0
INV019280,132818,108,7500.0
INV000039,100721,104,8772.0
INV011674,121905,103,1900.0
INV011157,135439,102,60760.0
INV016205,154937,103,43000.0
INV018253,111056,105,19380.0
INV017154,141827,102,14280.0
INV019108,101340,104,34300.0
INV011301,119572,105,4300.0
INV012000,141930,101,6200.0
INV000018,139657,101,9690.0
INV002443,123247,101,6200.0
INV000783,163131,102,3675.0
INV008251,148603,102,7250.0
INV013945,101240,105,9500.0
INV007920,129002,108,1862.0
INV002012,110143,101,8772.0
INV018164,100256,108,28750.0
INV017200,138530,108,35700.0
INV009975,121192,105,7105.0
INV009463,150375,103,7395.0
INV018100,159049,105,60760.0
INV010743,125838,104,12400.0
INV012509,148722,101,15000.0
INV016741,104428,108,29325.0
INV015569,106454,104,14280.0
INV000288,132742,103,4300.0
INV012554,133661,102,18620.0
INV000664,117442,101,21500.0
INV014392,117075,104,3750.0
INV010397,105587,102,140000.0
INV019036,140335,108,6324.0
INV003752,122278,105,14500.0
INV018016,115470,101,75000.0
INV012110,145777,108,1479.0
INV011792,166031,101,4214.0
INV015870,142849,102,31000.0
INV007676,115139,108,21930.0
INV018553,145749,103,5800.0
INV002808,132805,108,18620.0
INV016774,166371,108,38000.0
INV002096,149421,106,6324.0
INV006788,165921,102,1938.0
INV013349,156505,107,3100.0
INV012285,116140,108,43000.0
INV012897,118504,107,58650.0
INV018886,114806,105,18750.0
INV010177,115242,101,137200.0
INV004356,104903,107,1900.0
INV007298,151119,101,9310.0
INV003109,164428,103,1450.0
INV007250,107001,106,3038.0
INV003573,127134,108,7250.0
INV017681,135442,101,7000.0
INV013703,109519,104,15300.0
INV004087,101137,106,6200.0
INV003527,155677,107,23460.0
INV018065,160477,101,1900.0
INV007088,124856,101,5635.0
INV016403,103061,102,28420.0
INV004548,166157,105,3100.0
INV013116,157512,105,7350.0
INV018911,141080,105,15000.0
INV002456,161102,103,1450.0
INV015350,114310,106,6200.0
INV019184,157915,104,13720.0
INV000059,105200,107,14000.0
INV016880,117361,104,43860.0
INV005545,153362,105,21500.0
INV007441,152785,106,7250.0
INV012854,109364,106,31620.0
INV015398,163238,106,2900.0
INV007331,163552,102,23000.0
INV019548,978130,102,16202.43
INV008966,155982,101,75000.0
INV014176,148668,105,140000.0
INV009857,143105,102,14790.0
INV017835,163633,103,5800.0
INV003395,152648,107,7105.0
INV014751,116699,108,6200.0
INV015327,141141,102,28750.0
INV004657,161237,103,70000.0
INV016460,129125,101,9690.0
INV006555,154239,106,11500.0
INV001487,164246,107,35000.0
INV001473,119495,101,5750.0
INV019279,134293,107,34300.0
INV009697,153566,106,14000.0
INV017063,101832,105,31000.0
INV000895,155265,106,3825.0
INV019150,134831,106,35000.0
INV012461,102359,104,18750.0
INV003591,112503,102,21500.0
INV016692,123185,103,62000.0
INV001029,154977,105,5750.0
INV004779,110224,104,37500.0
INV015056,144762,102,68600.0
INV015592,118904,103,1450.0
INV000505,124704,101,5750.0
INV006208,107639,105,4386.0
INV007458,119163,101,1900.0
INV006863,123153,108,19380.0
INV004893,145108,104,14000.0
INV016556,101375,102,1450.0
INV006497,105642,102,29000.0
INV013724,139491,103,19000.0
INV008873,149347,107,3750.0
INV017524,161692,105,7650.0
INV010473,153012,107,15300.0
INV000130,156995,104,11730.0
INV019593,971598,106,11480.8
INV017292,164889,108,1450.0
INV013971,153163,101,21500.0
INV011264,132258,108,10750.0
INV014062,161744,105,23000.0
INV014878,133692,101,3750.0
INV003563,108923,102,15810.0
INV018962,124500,106,3800.0
INV008430,157840,106,1450.0
INV012714,164916,106,19000.0
INV013551,157874,101,19380.0
INV009396,116048,106,140000.0
INV009419,100019,102,4214.0
INV010748,106671,105,6324.0
INV007548,108403,106,18750.0
INV019596,968027,102,69252.28
INV002998,126810,108,8600.0
INV003429,132956,107,18750.0
INV002573,146144,106,2900.0
INV018082,160146,106,23000.0
INV013065,146517,101,43860.0
INV007185,124325,101,34300.0
INV015834,116265,101,28000.0
INV009173,117215,105,12152.0
INV007654,166255,108,29000.0
INV013399,101447,104,28750.0
INV009680,154457,107,23000.0
INV003943,104102,102,15190.0
INV007578,121739,103,7395.0
INV011195,122816,106,62000.0
INV019037,108633,101,7350.0
INV006673,155172,108,2958.0
INV018108,142845,108,29000.0
INV017069,127915,103,2900.0
INV012199,105013,105,15000.0
INV013079,139729,107,11500.0
INV008938,124948,108,18750.0
INV013891,115360,106,3750.0
INV006142,113556,106,11500.0
INV009760,155780,104,23000.0
INV008871,119194,101,9690.0
INV005452,144946,101,70000.0
INV006359,165937,104,18375.0
INV003160,165808,106,3100.0
INV001579,137968,106,6200.0
INV015080,145597,101,23000.0
INV012225,145351,107,15500.0
INV015632,132651,105,29000.0
INV013575,138478,103,7500.0
INV008523,101130,104,42140.0
INV016938,146545,103,14210.0
INV000513,126248,106,23000.0
INV005337,119381,108,14210.0
INV001205,111133,106,1479.0
INV017735,126924,107,31000.0
INV016364,163222,104,70000.0
INV000289,125120,106,1479.0
INV011401,156295,107,10535.0
INV000144,128075,101,1900.0
INV011580,147044,104,28750.0
INV019769,987732,102,65792.83
INV007497,119518,101,62000.0
INV009643,141055,101,23000.0
INV014239,150319,104,12400.0
INV013032,152838,105,5800.0
INV006743,117762,102,9500.0
INV010761,109483,103,9500.0
INV003427,110149,108,2150.0
INV000473,128082,108,11270.0
INV018942,132129,102,1938.0
INV009497,102775,104,1450.0
INV000228,134708,108,11500.0
INV005908,166391,103,1938.0
INV005795,163007,102,5750.0
INV000929,101253,103,3675.0
INV013828,146615,105,6860.0
INV015822,113414,106,18620.0
INV000907,111903,103,12152.0
INV017317,127531,101,7600.0
INV005072,114586,108,5684.0
INV001455,166109,108,15000.0
INV010622,126373,107,7000.0
INV005629,152311,105,43000.0
INV008129,108599,103,38250.0
INV019866,973095,101,36686.29
INV012672,110909,102,1450.0
INV004127,119156,106,75000.0
INV011551,163303,103,38000.0
INV018326,157090,103,31000.0
INV004376,165798,105,31620.0
INV012053,145517,108,10750.0
INV002037,103239,107,5750.0
INV009618,155193,104,1450.0
INV010912,102632,102,68600.0
INV010444,117700,102,12152.0
INV015353,153625,102,11500.0
INV019214,108430,101,18620.0
INV009325,112351,107,115000.0
INV013565,136488,108,23000.0
INV017204,106968,102,5750.0
INV003936,111044,104,115000.0
INV007778,161702,105,7600.0
INV011251,155475,107,23000.0
INV003790,140770,103,38000.0
INV018497,153327,103,10750.0
INV012307,135022,103,7140.0
INV011658,115732,106,5916.0
INV007518,108693,103,6200.0
INV012340,103819,101,15810.0
INV015978,157236,105,28000.0
INV003023,132757,103,5750.0
INV000900,164435,104,7500.0
INV011451,123823,101,22540.0
INV010402,110768,104,7000.0
INV009206,118313,102,60760.0
INV013122,160960,104,7350.0
INV012221,166324,107,29000.0
INV013789,146162,104,6076.0
INV015266,106840,108,62000.0
INV009300,130509,107,27440.0
INV016983,148274,104,2150.0
INV008387,166489,103,28750.0
INV011754,100685,102,2958.0
INV006814,112912,105,7500.0
INV017594,114583,107,5800.0
INV017922,117416,103,28750.0
INV011254,113612,105,140000.0
INV009812,134231,107,35000.0
INV014019,162561,107,37500.0
INV018078,149302,103,3724.0
INV009417,120200,101,57500.0
INV018153,116603,107,7350.0
INV011055,125137,103,7350.0
INV009945,144461,108,1450.0
INV000866,135637,101,3100.0
INV009286,106573,104,3038.0
INV011070,112567,104,7250.0
INV002727,158927,106,43000.0
INV002647,154503,106,3675.0
INV012797,140510,104,58650.0
INV018956,130365,101,38000.0
INV006312,162314,105,4214.0
INV016597,109818,105,31000.0
INV017143,154847,101,140000.0
INV004688,150028,105,2107.0
INV015688,109540,107,7000.0
INV013686,134643,104,7000.0
INV018809,141024,103,2193.0
INV012048,164656,108,7600.0
INV003450,110839,105,7600.0
INV010419,121263,104,9690.0
INV019852,904861,104,6007.5
INV012516,132396,108,29000.0
INV008820,142934,108,7250.0
INV011987,119319,103,38000.0
INV006039,101171,104,31000.0
INV009560,119115,107,62000.0
INV008465,137523,101,9310.0
INV004795,114824,104,11730.0
INV013781,100517,105,23000.0
INV016075,164969,108,5800.0
INV017733,125343,104,1900.0
INV007319,112670,107,19125.0
INV010751,159930,105,8600.0
INV003793,109917,101,21500.0
INV013887,121403,108,57500.0
INV007713,135226,106,6200.0
INV002234,136055,107,31000.0
INV017654,107948,106,7250.0
INV006773,156089,107,18750.0
INV019212,165071,104,11500.0
INV003416,149020,104,23460.0
INV004672,132443,101,43000.0
INV019898,914891,108,77428.1
INV014384,115123,104,3876.0
INV019198,133421,107,15300.0
INV008406,153788,101,43000.0
INV010914,148814,105,21070.0
INV016253,118512,107,1450.0
INV005928,118898,101,11730.0
INV013417,137678,108,14210.0
INV001699,166662,103,8428.0
INV011015,158556,108,70000.0
INV001266,122957,102,6860.0
INV009736,129154,101,37500.0
INV010051,153810,102,4300.0
INV002882,118234,102,15500.0
INV013492,148151,106,2150.0
INV002838,139931,101,112700.0
INV000020,118050,101,28750.0
INV009859,134611,103,142800.0
INV008453,157227,107,140000.0
INV014704,133632,105,35000.0
INV018133,142711,106,27440.0
INV009072,128717,102,10535.0
INV001081,142767,106,28000.0
INV000876,135602,106,28750.0
INV012200,137902,102,5916.0
INV004263,115812,108,34300.0
INV016144,157805,105,3724.0
INV000944,123198,107,62000.0
INV008901,111959,104,70000.0
INV004705,162390,106,2842.0
INV005885,105883,107,19125.0
INV002111,137724,108,7500.0
INV009219,126955,103,115000.0
INV004992,103084,104,11500.0
INV002029,135828,107,4300.0
INV012400,158916,101,3800.0
INV010838,162731,106,9500.0
INV013858,105676,105,2107.0
INV001429,162017,105,3750.0
INV000101,106999,107,1900.0
INV007584,144110,102,5750.0
INV005970,154296,107,37500.0
INV008706,134012,107,6860.0
INV017183,124271,104,43000.0
INV007751,151257,103,14000.0
INV016803,115118,106,11500.0
INV011538,144885,102,29325.0
INV019093,139893,101,31000.0
INV018836,144964,103,3750.0
INV002452,150650,104,19000.0
INV007502,111218,101,4300.0
INV010162,103212,102,3800.0
INV018776,153607,105,15000.0
INV008991,126436,107,29325.0
INV004080,132785,102,19000.0
INV017658,162654,102,18375.0
INV017357,108509,101,2900.0
INV010242,166512,104,3750.0
INV008307,155180,104,12152.0
INV001638,152651,103,15190.0
INV007220,108596,104,117300.0
INV019075,129034,106,11270.0
INV007104,128290,104,15500.0
INV010784,101557,108,1450.0
INV012256,142010,101,14790.0
INV001694,159678,108,11270.0
INV005665,100480,108,15000.0
INV011611,127170,103,28750.0
INV009615,130130,104,7500.0
INV009519,105221,104,30380.0
INV007867,126062,105,34300.0
INV012269,116023,102,2107.0
INV005287,100014,102,6200.0
INV004495,103027,106,62000.0
INV010610,107794,102,21500.0
INV006967,103410,107,2150.0
INV005787,102696,107,37240.0
INV009127,124058,102,42140.0
INV003150,163790,105,37500.0
INV015958,100758,105,18375.0
INV003979,156173,102,7105.0
INV016020,124977,105,57500.0
INV006682,101621,108,7000.0
INV004820,123609,107,60760.0
INV014259,152141,102,43000.0
INV016094,165747,107,7500.0
INV001238,119692,102,3800.0
INV004050,165164,101,21500.0
INV003494,133251,101,62000.0
INV001262,164683,102,14000.0
INV014320,162423,101,38000.0
INV016984,159041,102,12400.0
INV002843,154571,104,70000.0
INV009673,110703,106,8772.0
INV010484,103472,102,21500.0
INV011881,133172,102,6200.0
INV012041,111888,102,5916.0
INV011685,145750,101,15000.0
INV010266,122804,103,6324.0
INV001720,121472,106,35000.0
INV015607,134249,104,31620.0
INV017786,100651,105,7500.0
INV012762,105271,106,30380.0
INV003644,108873,101,8600.0
INV016469,103498,104,3100.0
INV015212,165029,107,14000.0
INV002171,139946,101,9500.0
INV001324,123289,103,8600.0
INV008639,125926,106,35000.0
INV007150,151928,107,5865.0
INV015339,134646,102,15500.0
INV016278,113108,104,70000.0
INV000412,107335,106,73500.0
INV017540,135889,103,14500.0
INV006904,116521,104,43860.0
INV005476,120113,102,9500.0
INV012689,143719,102,8600.0
INV002754,106732,105,38000.0
INV008068,166520,108,5635.0
INV013454,141809,102,10535.0
INV013664,133992,107,7105.0
INV000123,101990,103,28750.0
INV007721,118579,107,3825.0
INV017578,132911,102,10750.0
INV003066,156967,101,57500.0
INV012075,132106,102,6324.0
INV017157,138056,108,70000.0
INV012774,146456,104,38000.0
INV002715,119498,107,73500.0
INV005514,142992,108,5800.0
INV002549,141071,106,1450.0
INV001902,131380,108,6860.0
INV006048,136198,101,15500.0
INV015434,133933,103,27440.0
INV004434,114235,108,117300.0
INV012420,149906,104,7350.0
INV009971,114661,106,28000.0
INV003826,112850,101,75000.0
INV001631,135506,104,28000.0
INV015935,110919,104,5800.0
INV000840,126158,106,18620.0
INV012137,102678,103,34300.0
INV000284,158204,103,14500.0
INV006869,120591,103,4214.0
INV000016,111422,107,15500.0
INV011191,163078,104,2193.0
INV006146,151988,101,70000.0
INV012217,135606,107,3825.0
INV009751,137031,102,8772.0
INV015886,146366,107,27440.0
INV016219,136240,107,140000.0
INV012917,136650,108,11500.0
INV011813,132599,105,3100.0
INV011535,116589,105,7250.0
INV005063,162540,105,28000.0
INV010469,126956,106,19000.0
INV012552,102342,104,31000.0
INV007498,134387,106,58650.0
INV009720,100535,106,7000.0
INV000883,155592,107,112700.0
INV003206,140820,101,7250.0
INV012197,135564,105,1421.0
INV008004,108977,107,75000.0
INV017901,143458,101,15000.0
INV013018,104829,107,14000.0
INV005135,134312,102,14500.0
INV011165,129359,103,37240.0
INV008097,107062,107,30380.0
INV014086,145154,104,15500.0
INV018637,156167,105,1421.0
INV019235,110599,105,38000.0
INV019348,107468,106,35000.0
INV007092,107716,102,7600.0
INV009434,137451,107,14700.0
INV011192,160863,108,5750.0
INV008405,119855,105,3876.0
INV015419,118767,106,4214.0
INV010379,136676,104,9500.0
INV015542,157560,101,27440.0
INV017197,163269,102,2958.0
INV002285,118538,102,38250.0
INV000937,100500,104,27440.0
INV002155,100757,101,68600.0
INV019675,985656,103,31031.31
INV002553,118475,108,7500.0
INV000480,100957,106,3100.0
INV009657,139427,104,30380.0
INV014826,123214,106,6324.0
INV005669,117989,106,11500.0
INV016010,128586,107,6200.0
INV019991,939971,105,52808.56
INV003727,121411,104,21070.0
INV007414,110884,102,7500.0
INV009911,117800,108,7448.0
INV011957,113681,107,12648.0
INV000172,147479,103,43860.0
INV012299,141288,101,19000.0
INV018515,146399,108,10535.0
INV015284,115844,105,3162.0
INV004804,137841,108,7500.0
INV010534,126719,108,3750.0
INV000862,159299,108,3750.0
INV008075,157424,105,10750.0
INV006639,109050,108,31000.0
INV018778,147158,108,71400.0
INV012034,125086,107,29000.0
INV009460,105228,103,5750.0
INV007639,133400,102,12400.0
INV000331,107143,106,15000.0
INV009317,138403,104,35000.0
INV005765,155747,103,3038.0
INV019904,941870,106,35592.17
INV006001,135788,107,23000.0
INV013507,115903,107,7250.0
INV005880,115173,104,7000.0
INV004218,105541,101,12400.0
INV018657,114569,108,62000.0
INV005213,163604,106,57500.0
INV005017,146915,103,37500.0
INV010438,122985,105,14700.0
INV018070,106005,104,1450.0
INV003173,116425,106,5684.0
INV012239,112794,104,8600.0
INV009731,156837,104,2150.0
INV016589,117587,103,10750.0
INV006065,156524,106,7600.0
INV005338,133464,103,12648.0
INV008059,151495,107,137200.0
INV016419,154489,107,37240.0
INV010936,149692,101,8600.0
INV015295,111074,106,43000.0
INV011843,154051,102,5750.0
INV009875,111459,101,9690.0
INV013198,146907,104,9500.0
INV007643,131485,104,11730.0
INV005362,157703,106,8428.0
INV001436,130225,101,15810.0
INV001904,159670,104,31000.0
INV014291,153571,104,38000.0
INV013276,101226,106,19000.0
INV015331,137996,101,2150.0
INV001854,160570,108,38000.0
INV012439,131890,106,23460.0
INV009085,146341,107,12152.0
INV000974,125069,101,2150.0
INV001359,140481,104,8600.0
INV000713,141182,105,112700.0
INV006325,148502,101,2900.0
INV007074,134882,106,43000.0
INV014270,153153,108,8600.0
INV011359,106380,107,14700.0
INV002362,147817,106,62000.0
INV006698,132220,103,15000.0
INV017267,112125,107,12648.0
INV012054,103172,102,4214.0
INV018806,110743,104,28420.0
INV013798,120455,103,18375.0
INV016586,125882,102,23000.0
INV012940,152771,104,7000.0
INV008409,101774,106,43000.0
INV016017,116389,103,2150.0
INV007411,127648,103,1900.0
INV013270,105430,105,15000.0
INV016448,127455,105,137200.0
INV014395,163171,103,142800.0
INV017159,116177,108,7650.0
INV003916,143919,108,140000.0
INV013313,103616,107,1900.0
INV015209,100417,101,137200.0
INV016470,151702,108,140000.0
INV008350,119794,102,27440.0
INV016926,136532,108,15810.0
INV012486,109806,104,4214.0
INV007462,146787,102,38000.0
INV003675,112854,101,5800.0
INV008607,165543,102,63240.0
INV019603,901413,104,18465.88
INV017398,138452,106,7500.0
INV014637,148190,107,34300.0
INV001552,150428,102,15190.0
INV003719,101318,106,3750.0
INV003882,100293,106,3825.0
INV005020,155439,101,7105.0
INV000616,139816,106,140000.0
INV013010,132668,103,14280.0
INV006754,129601,105,7448.0
INV002714,144561,107,3100.0
INV009118,108707,104,18750.0
INV000389,106168,101,5635.0
INV015809,110358,108,68600.0
INV017967,121675,102,18750.0
INV007728,124866,102,12400.0
INV009231,121421,108,12648.0
INV019364,129144,104,4300.0
INV016733,105492,107,21500.0
INV015001,111766,102,5750.0
INV012171,130375,101,7350.0
INV008128,163944,108,1900.0
INV001378,118687,105,6076.0
INV001985,147708,102,3800.0
INV001186,106348,101,3750.0
INV015501,117439,101,2193.0
INV008343,153846,106,28000.0
INV005974,125805,105,23000.0
INV019262,128336,102,23000.0
INV019475,100760,103,5750.0
INV003058,106923,101,29580.0
INV008831,157941,105,7500.0
INV019683,990419,108,32412.77
INV015062,100010,106,7600.0
INV008189,145344,103,28175.0
INV013586,108997,101,71400.0
INV017721,101637,105,28750.0
INV005080,136965,101,18750.0
INV016775,137632,103,5800.0
INV014580,151712,106,7500.0
INV007489,111179,108,15500.0
INV000960,109507,108,63240.0
INV011784,152391,104,14000.0
INV003590,133684,102,21070.0
INV009200,130232,103,3100.0
INV011243,166263,103,71400.0
INV001714,120775,106,56350.0
INV007453,116987,105,70000.0
INV006509,132590,102,37240.0
INV004979,131534,107,12400.0
INV011715,111034,102,9500.0
INV005392,163404,104,19380.0
INV009004,149337,104,57500.0
INV012226,117063,103,28750.0
INV005374,121913,105,12400.0
INV009082,135054,105,6200.0
INV018718,135633,105,9500.0
INV011144,115871,101,28000.0
INV012920,113232,107,23000.0
INV002977,102381,103,10750.0
INV007651,116900,103,15500.0
INV005537,145654,106,3100.0
INV008110,132201,108,7600.0
INV015752,144610,101,62000.0
INV007022,115758,107,62000.0
INV009221,103174,101,7600.0
INV003355,122434,102,4300.0
INV000690,142585,102,2958.0
INV019692,958598,101,27702.35
INV003368,154950,105,11270.0
INV001241,118797,101,7250.0
INV003620,144342,106,19000.0
INV011180,100779,108,9500.0
INV015460,162673,107,1938.0
INV007644,140663,101,2900.0
INV010704,126532,106,28750.0
INV009844,145771,103,4214.0
INV003908,165221,103,3675.0
INV013917,103574,107,29325.0
INV018692,129971,104,9500.0
INV011763,136464,105,7000.0
INV010485,147782,105,3750.0
INV007808,105740,102,3750.0
INV014685,166141,105,42140.0
INV003522,107638,107,7650.0
INV013857,130614,104,70000.0
INV018975,162714,103,3100.0
INV002613,101856,105,70000.0
INV016961,163073,108,3800.0
INV013512,119409,107,9500.0
INV001104,108334,105,5750.0
INV003555,135087,103,1938.0
INV008754,125784,105,9500.0
INV019997,987883,105,66757.32
INV007940,155142,106,73500.0
INV009126,128504,107,18750.0
INV006781,100939,107,1862.0
INV005992,127220,104,62000.0
INV000244,126703,102,28560.0
INV013943,112967,105,7600.0
INV000192,119938,107,29000.0
INV004579,123664,106,1938.0
INV003476,121320,105,1450.0
INV009066,121302,105,42140.0
INV005426,103007,107,70000.0
INV017994,140684,106,7250.0
INV011747,142470,101,112700.0
INV013012,142654,102,60760.0
INV010823,101840,107,1450.0
INV009061,155676,105,57500.0
INV009744,158767,102,7752.0
INV007171,106930,107,11500.0
INV019088,131336,103,7600.0
INV008911,134326,108,1900.0
INV010530,105591,101,9500.0
INV000486,156884,102,3800.0
INV011511,140436,105,1450.0
INV011293,123259,107,21500.0
INV011445,153987,108,14000.0
INV002273,140935,101,19000.0
INV011557,139343,101,35700.0
INV018589,134507,102,21500.0
INV019919,918247,102,39788.15
INV006043,124370,105,15500.0
INV006469,165280,105,38000.0
INV003061,101064,103,2900.0
INV000082,118655,103,4386.0
INV004654,103164,103,5800.0
INV007425,120395,105,37500.0
INV015041,151680,104,14280.0
INV014183,112615,101,10750.0
INV010221,144149,102,18750.0
INV006775,142702,102,29580.0
INV015776,144857,107,1450.0
INV010873,142764,108,28000.0
INV015788,135930,106,11730.0
INV017176,138806,105,3100.0
INV013531,154337,103,58650.0
INV013768,131582,104,28000.0
INV004603,155016,101,31000.0
INV007685,159756,105,7250.0
INV017014,145284,106,1479.0
INV008459,146265,106,57500.0
INV002500,162120,101,18375.0
INV004811,155921,106,10965.0
INV008592,144384,101,1479.0
INV002776,158755,104,27440.0
INV013112,148090,108,28750.0
INV016028,165121,108,8772.0
INV010475,131058,106,31620.0
INV010497,143282,108,1421.0
INV008638,132429,108,28560.0
INV013147,127845,102,28750.0
INV004039,163200,108,2900.0
INV010611,116684,104,29000.0
INV015734,123101,106,23000.0
INV016904,143395,101,12400.0
INV012821,147465,107,58650.0
INV007909,156541,105,3800.0
INV004346,102408,106,9690.0
INV009018,161342,103,5800.0
INV016952,138651,102,7600.0
INV010538,119474,107,7395.0
INV000768,149935,101,21500.0
INV000154,130020,106,70000.0
INV015861,140453,102,6200.0
INV008229,138175,103,7752.0
INV007128,119342,108,15000.0
INV012088,154993,101,7500.0
INV013333,103559,104,8428.0
INV014503,123314,104,3100.0
INV005119,121851,102,6200.0
INV005243,126631,103,27440.0
INV018970,160724,108,14500.0
INV002587,137699,105,15300.0
INV006694,153821,101,140000.0
INV016941,149379,104,1421.0
INV017282,123479,104,35700.0
INV014904,133555,105,29580.0
INV011244,143667,108,14000.0
INV007103,106350,102,68600.0
INV007368,125724,105,11500.0
INV004540,143611,102,23460.0
INV016801,135334,101,21500.0
INV004017,140737,106,75000.0
INV000080,120788,104,29000.0
INV015843,164444,105,15500.0
INV015812,157016,106,2900.0
INV010174,137015,104,43000.0
INV003595,160487,103,10535.0
INV014587,141759,102,3876.0
INV012407,139999,105,35000.0
INV009405,162230,101,4386.0
INV019583,912751,101,30952.38
INV013421,140327,102,23000.0
INV008414,149996,104,1862.0
INV009033,152365,108,15000.0
INV002505,113022,107,5800.0
INV019392,101358,104,1450.0
INV014560,104417,102,10750.0
INV010533,122037,103,29000.0
INV003668,122295,106,23000.0
INV002233,108980,103,63240.0
INV003951,103395,103,10750.0
INV012144,119854,106,14500.0
INV016716,147313,102,1450.0
INV008532,131549,102,12648.0
INV010738,125380,101,2193.0
INV018039,125032,108,115000.0
INV012243,132322,103,2842.0
INV007037,166624,105,43000.0
INV017498,137123,107,29000.0
INV015241,149264,105,10965.0
INV018720,143577,106,6200.0
INV007082,133990,104,14280.0
INV015044,142294,107,142800.0
INV008539,159424,102,70000.0
INV000896,108901,107,4386.0
INV001101,107096,102,5750.0
INV011773,124294,104,1450.0
INV016074,104652,108,14790.0
INV000519,120962,105,5684.0
INV001819,145010,105,30380.0
INV018624,101915,105,18750.0
INV008918,150915,103,2900.0
INV011731,139160,101,5800.0
INV013635,166316,103,8600.0
INV003089,130351,105,18750.0
INV005989,125587,101,31000.0
INV007254,122812,102,15190.0
INV001584,125532,107,117300.0
INV000438,115718,104,42140.0
INV012926,162228,104,3750.0
INV001202,124701,101,1450.0
INV013101,118676,108,23000.0
INV013066,157745,102,28750.0
INV014799,126806,106,71400.0
INV007689,146493,102,3162.0
INV002603,122002,105,31000.0
INV017656,136178,103,28750.0
INV015204,131280,102,35000.0
INV011100,130742,103,142800.0
INV007935,159966,104,34300.0
INV006651,144405,102,10965.0
INV015865,155113,102,21070.0
INV019318,134848,106,1450.0
INV014211,106242,107,57500.0
INV005456,111100,101,6200.0
INV009204,119543,103,6860.0
INV015928,119512,102,19125.0
INV011060,165925,107,6324.0
INV019002,156184,101,140000.0
INV007163,129195,107,7000.0
INV013125,149565,106,28750.0
INV019219,143236,103,21930.0
INV007146,128992,104,31000.0
INV005667,117646,104,71400.0
INV016852,102917,105,11730.0
INV007110,132615,106,3100.0
INV001132,122066,101,58650.0
INV008749,125709,106,11500.0
INV004768,140566,106,75000.0
INV011316,158149,103,3750.0
INV004736,162338,103,2958.0
INV006265,131203,108,62000.0
INV009684,152490,106,2107.0
INV015074,116188,106,19000.0
INV010905,149327,103,3800.0
INV003299,125843,102,30380.0
INV012445,153493,108,2150.0
INV014565,165152,108,71400.0
INV003741,102652,104,7650.0
INV011559,157413,108,5800.0
INV014004,161961,106,60760.0
INV010505,135220,107,140000.0
INV000599,140896,104,5916.0
INV010512,136890,102,137200.0
INV013272,128722,101,76500.0
INV005381,115103,107,5750.0
INV001034,128840,107,27440.0
INV003649,118830,105,73500.0
INV001197,124153,103,5750.0
INV015789,157509,104,36750.0
INV002532,164108,101,4214.0
INV011984,115130,101,18375.0
INV016272,106000,107,19125.0
INV011185,129013,101,7395.0
INV004995,147043,107,62000.0
INV014246,119088,102,15000.0
INV001494,163120,105,2150.0
INV010088,159116,107,28420.0
INV000514,132560,108,31000.0
INV015508,114232,105,3100.0
INV019757,953164,103,55289.74
INV008417,136303,106,12400.0
INV018327,162026,101,35700.0
INV008133,145752,101,3750.0
INV000612,150543,108,14500.0
INV018306,106464,102,71400.0
INV009482,131888,101,43000.0
INV018875,152939,102,35000.0
INV006262,127933,102,1421.0
INV002263,106244,102,3750.0
INV004486,155601,102,28750.0
INV008054,131062,105,15500.0
INV002845,106569,105,57500.0
INV013041,131273,105,75000.0
INV009157,160922,101,15300.0
INV014038,159261,101,15810.0
INV011056,153217,108,19380.0
INV005902,104535,108,14700.0
INV016751,141935,103,6200.0
INV005949,141856,104,28750.0
INV013049,105882,104,4300.0
INV010428,121359,107,9500.0
INV001712,100468,105,1421.0
INV019267,130134,107,3724.0
INV004412,126198,108,14000.0
INV007038,111633,105,37500.0
INV002116,148545,108,5750.0
INV007629,163924,106,73500.0
INV002934,144695,107,12400.0
INV008879,142325,107,14210.0
INV017376,162587,107,28750.0
INV003791,163669,107,70000.0
INV007943,112386,106,7395.0
INV014879,123949,101,3675.0
INV014306,115162,105,35700.0
INV014801,144140,101,29000.0
INV013008,123523,102,29000.0
INV019665,903271,101,9408.81
INV004142,162784,104,4214.0
INV009827,133909,104,62000.0
INV003571,153291,104,36750.0
INV009146,153189,108,31620.0
INV001441,120779,101,15000.0
INV002824,157831,104,28000.0
INV015661,148933,108,10965.0
INV010059,129788,102,1450.0
INV001440,120878,103,28750.0
INV007339,134234,104,23000.0
INV012584,122362,103,21930.0
INV006612,129800,102,137200.0
INV006581,100598,102,1900.0
INV010304,116614,108,5800.0
INV003230,132425,103,115000.0
INV004854,160611,108,57500.0
INV010562,144908,103,43000.0
INV017074,165960,105,4386.0
INV008442,128434,101,30380.0
INV014143,139680,106,9500.0
INV019287,118048,102,14210.0
INV018518,163894,102,3100.0
INV002219,149030,107,2900.0
INV006699,104479,107,23000.0
INV002663,153624,105,10535.0
INV003330,100267,107,38000.0
INV004143,129131,105,15810.0
INV015774,101459,101,23000.0
INV010093,125179,101,12400.0
INV012615,166277,102,43000.0
INV001211,113762,106,34300.0
INV010820,159084,107,9690.0
INV001297,157792,104,1900.0
INV015521,106419,106,2150.0
INV011126,116708,105,1421.0
INV015462,114430,102,57500.0
INV012381,107113,104,37500.0
INV005290,163406,101,76500.0
INV019701,993613,101,30783.75
INV001249,149651,106,1450.0
INV007803,115055,101,5750.0
INV001827,109268,104,37240.0
INV001686,104823,103,7250.0
INV014687,102463,103,11270.0
INV014435,106930,103,28560.0
INV008190,102616,102,2193.0
INV012378,134120,104,21500.0
INV009592,159471,104,31000.0
INV011788,135675,105,2150.0
INV017557,101245,101,18375.0
INV018828,151130,107,29580.0
INV015957,126029,101,43000.0
INV015086,121018,102,71400.0
INV000066,100203,108,23000.0
INV013161,135754,106,7650.0
INV006218,158290,106,18375.0
INV015535,107778,108,1450.0
INV012160,117213,108,23000.0
INV007265,142832,103,28750.0
INV011155,115987,103,38250.0
INV016869,109286,107,12648.0
INV006082,105045,103,57500.0
INV015922,143893,103,15000.0
INV010661,124632,108,19380.0
INV001888,136237,108,15810.0
INV004846,141644,106,3724.0
INV015027,116414,103,140000.0
INV000620,105265,101,15500.0
INV017928,103298,106,3800.0
INV017676,148312,105,18620.0
INV004917,121271,103,34300.0
INV008241,142634,108,7500.0
INV006085,131853,105,2842.0
INV010597,162803,103,75000.0
INV019285,105424,102,70000.0
INV014175,138081,102,12152.0
INV000897,156524,104,19000.0
INV001749,119224,103,7500.0
INV019508,911584,102,14703.53
INV013517,141892,101,31000.0
INV016680,130698,102,3724.0
INV016239,133224,101,7600.0
INV006202,107681,105,7500.0
INV007618,118013,107,3750.0
INV013681,134598,101,60760.0
INV019416,152595,103,18750.0
INV002017,151497,108,5865.0
INV011982,160245,107,15190.0
INV010063,146444,104,21500.0
INV008466,146317,105,9690.0
INV004830,166377,104,3100.0
INV009816,144307,101,23000.0
INV015067,146100,107,29325.0
INV016211,160877,107,140000.0
INV017598,131812,103,2900.0
INV010675,119884,105,15000.0
INV007282,147489,102,8600.0
INV017486,148341,107,15000.0
INV001307,160529,101,62000.0
INV019161,139006,104,14500.0
INV004874,117196,102,57500.0
INV001327,131162,106,4386.0
INV019549,930527,102,57770.66
INV016084,106286,103,43000.0
INV002069,162520,106,18750.0
INV017913,164931,101,21070.0
INV004131,143767,102,73500.0
INV018343,134977,106,3825.0
INV007944,103521,102,5684.0
INV006296,113189,104,12400.0
INV004330,104141,105,23000.0
INV003546,158541,104,12400.0
INV010902,165094,108,142800.0
INV016449,160259,102,7600.0
INV006547,123672,103,35700.0
INV003869,138424,101,1900.0
INV011672,143684,101,68600.0
INV015959,160300,103,7250.0
INV005318,165873,108,11730.0
INV003127,104216,103,3800.0
INV003834,154583,106,70000.0
INV002201,158391,101,23000.0
INV007787,155325,101,62000.0
INV017337,129037,105,35000.0
INV011164,131044,104,27440.0
INV009733,146498,103,12400.0
INV018526,123197,108,7500.0
INV019005,107043,108,140000.0
INV003529,138094,105,3724.0
INV000847,113633,105,23000.0
INV014821,128315,104,75000.0
INV018857,141512,105,29000.0
INV009372,139922,106,12648.0
INV012443,137369,108,7140.0
INV007203,159962,107,7250.0
INV017252,133469,108,9690.0
INV004588,151404,102,7000.0
INV001637,141506,103,15300.0
INV013921,141270,101,63240.0
INV012787,106092,104,2193.0
INV008471,126770,101,7250.0
INV000467,124589,106,56350.0
INV014759,161738,105,3876.0
INV002212,125205,104,1900.0
INV001411,112113,102,14500.0
INV011780,160927,105,19380.0
INV008348,105628,107,15500.0
INV001291,113749,108,11270.0
INV016927,136116,101,7250.0
INV016612,149353,108,7395.0
INV003969,114038,107,70000.0
INV009284,130553,102,73500.0
INV014532,133161,104,12400.0
INV019924,979874,103,87162.34
INV014386,127432,107,10965.0
INV009003,138677,103,57500.0
INV014952,110423,102,35700.0
INV004818,126793,101,7500.0
INV011597,124560,105,28750.0
INV015367,108875,106,70000.0
INV006036,137328,105,6200.0
INV017497,108774,102,21500.0
INV006574,117566,108,38000.0
INV002376,124451,105,29000.0
INV002469,152139,103,21500.0
INV007240,159185,106,23000.0
INV015189,115322,101,19000.0
INV019631,949862,104,62014.92
INV005025,150530,107,6076.0
INV014810,133815,103,37240.0
INV005125,117230,107,3100.0
INV012255,160253,105,1862.0
INV006858,104592,102,9500.0
INV009067,120793,108,15300.0
INV009311,127573,107,2150.0
INV017407,131010,102,11270.0
INV003672,101361,105,12400.0
INV006722,124890,101,19000.0
INV001362,110764,103,7395.0
INV018919,147342,108,142800.0
INV014005,144886,105,1938.0
INV012834,146324,102,62000.0
INV010292,142896,102,6076.0
INV000270,141871,106,76500.0
INV013080,105568,101,5684.0
INV016185,119648,106,28000.0
INV003944,158852,104,137200.0
INV004040,116630,106,12400.0
INV014726,131241,102,34300.0
INV013093,122925,101,1900.0
INV004347,130541,107,28175.0
INV002305,138706,102,6200.0
INV004493,127024,103,3100.0
INV018918,152857,101,23000.0
INV007041,118584,108,62000.0
INV006664,148016,105,140000.0
INV007023,134649,104,7600.0
INV003275,141959,104,29000.0
INV011475,119334,106,10750.0
INV014006,138060,107,10965.0
INV017934,137566,103,76500.0
INV003828,115294,104,10750.0
INV018288,134127,107,70000.0
INV009212,158308,102,5916.0
INV013722,120961,104,43000.0
INV001215,122795,106,3800.0
INV010016,165366,101,2150.0
INV005491,120623,108,28420.0
INV019572,967961,107,88136.87
INV019764,999364,105,5692.52
INV015059,120491,108,9500.0
INV015600,149832,108,3100.0
INV019968,911025,107,6921.6
INV010287,103158,104,28560.0
INV019052,161103,107,1938.0
INV019043,132025,107,75000.0
INV001415,139015,106,23460.0
INV000504,100407,103,76500.0
INV019464,145444,101,29000.0
INV018974,124305,103,4386.0
INV001486,125491,102,3038.0
INV008906,161147,107,7000.0
INV009313,146500,108,19125.0
INV009276,113778,105,4386.0
INV007108,119985,102,6200.0
INV018273,105548,106,19000.0
INV018879,141467,108,23460.0
INV003122,126308,101,19000.0
INV019751,969101,106,72394.58
INV005012,129176,101,43000.0
INV008401,142877,106,35000.0
INV004193,114928,105,71400.0
INV004294,110737,107,21500.0
INV008617,152972,102,28750.0
INV005084,164439,103,35000.0
INV013255,125828,104,2150.0
INV014891,122135,107,6860.0
INV007386,110606,105,9500.0
INV018360,115257,103,5800.0
INV010502,140395,105,11730.0
INV006565,118511,106,63240.0
INV008905,136027,105,7600.0
INV002350,147600,101,7650.0
INV016657,118418,108,43000.0
INV019533,914638,104,73220.28
INV011501,115603,103,12152.0
INV000901,117155,108,15810.0
INV005093,155098,106,1900.0
INV005944,106783,101,9690.0
INV010818,130030,102,29325.0
INV016707,162476,103,15000.0
INV009791,115913,104,2842.0
INV000454,165483,106,28000.0
INV011989,152413,102,3876.0
INV015655,142103,107,7350.0
INV010507,109491,105,29000.0
INV004613,102724,105,4300.0
INV009655,129708,104,3825.0
INV018216,165818,101,18750.0
INV003047,116098,105,14500.0
INV014896,159205,106,112700.0
INV003613,165455,102,3800.0
INV007831,122209,102,7000.0
INV003218,152757,107,7140.0
INV005477,139824,108,5800.0
INV017756,135624,101,7448.0
INV019570,974102,106,11216.86
INV011377,153020,105,14500.0
INV017493,101629,102,115000.0
INV015028,146590,101,38760.0
INV013534,165630,105,7250.0
INV018961,115547,108,10750.0
INV002214,101561,105,5750.0
INV004327,114862,107,9500.0
INV004394,158993,105,1938.0
INV012708,132829,103,35700.0
INV018615,161590,104,31000.0
INV006982,165127,108,1450.0
INV015357,144599,102,10535.0
INV016103,138897,106,23000.0
INV002669,122586,101,29000.0
INV009967,144225,102,14500.0
INV016163,159895,108,15500.0
INV012276,145255,106,14280.0
INV001674,131193,108,8428.0
INV014157,126926,101,3750.0
INV018404,143965,106,15000.0
INV007476,115198,101,70000.0
INV018443,159523,102,6200.0
INV014842,113771,104,2193.0
INV009709,134473,102,14280.0
INV019943,941997,107,27035.88
INV000954,104628,105,12400.0
INV018090,160799,104,1450.0
INV005907,110790,104,29000.0
INV007887,132136,104,5800.0
INV007741,163757,108,57500.0
INV012857,137764,104,15810.0
INV015289,154810,107,15000.0
INV009536,115239,107,3876.0
INV006542,101889,106,1479.0
INV015725,106820,103,11270.0
INV011548,159598,102,1900.0
INV011000,160951,104,15810.0
INV015873,127009,105,112700.0
INV014097,119683,108,9500.0
INV019369,129991,103,21930.0
INV014241,130635,107,62000.0
INV017640,117188,101,19125.0
INV006097,128906,108,38250.0
INV004258,122000,104,58650.0
INV019958,965413,107,23718.55
INV003665,164051,103,28000.0
INV008076,116065,106,3750.0
INV015634,126228,108,18375.0
INV009326,166362,102,35000.0
INV010904,105001,105,35000.0
INV018541,156680,108,62000.0
INV014329,131460,103,29000.0
INV005997,133891,104,29000.0
INV014666,159739,102,1900.0
INV019576,984314,106,12806.95
INV008333,151391,106,11500.0
INV015882,102813,103,14500.0
INV015129,127569,102,7600.0
INV011388,124691,106,2900.0
INV009711,133060,101,3162.0
INV003694,121785,102,31000.0
INV001633,135457,107,8772.0
INV013077,112655,107,29580.0
INV008332,144482,108,9500.0
INV005751,108205,105,14210.0
INV011242,139097,108,38000.0
INV013335,135589,102,1862.0
INV015019,116555,103,7752.0
INV002094,166089,101,34300.0
INV004751,119637,106,6324.0
INV009545,152376,101,73500.0
INV003329,132086,104,14000.0
INV008760,137206,106,1900.0
INV017931,134615,104,70000.0
INV003491,121412,104,18620.0
INV005138,145080,106,11500.0
INV006118,151072,102,5635.0
INV016302,133951,108,12400.0
INV017102,146820,104,29000.0
INV016147,149762,106,75000.0
INV007194,122537,101,11270.0
INV005423,119076,103,3800.0
INV000745,100427,102,57500.0
INV008377,130863,101,63240.0
INV003779,149112,101,37500.0
INV003358,132609,108,38250.0
INV003075,138262,101,8428.0
INV010803,165676,103,14210.0
INV008720,105540,105,19000.0
INV007177,148115,106,3750.0
INV011325,164500,101,3162.0
INV005029,132275,103,21930.0
INV007550,118706,102,6860.0
INV001240,130529,103,2900.0
INV014654,101126,104,6076.0
INV000863,107130,102,1900.0
INV005982,117890,103,56350.0
INV008654,143814,107,19000.0
INV013181,102279,107,7000.0
INV018022,126746,108,11500.0
INV002516,123708,102,6076.0
INV007626,150298,102,37240.0
INV015103,166141,103,10750.0
INV019551,926141,101,59571.3
INV006267,110223,102,6200.0
INV002815,137342,105,10965.0
INV011744,101513,104,14280.0
INV006697,140204,105,8600.0
INV016168,136104,101,3800.0
INV010163,149691,108,8600.0
INV013654,126554,106,56350.0
INV019610,998688,101,63504.21
INV007690,145132,104,7600.0
INV002697,100290,107,15300.0
INV004766,120344,106,18750.0
INV013429,136481,106,75000.0
INV018316,149519,102,38760.0
INV009978,115049,106,38000.0
INV005859,112423,101,115000.0
INV003380,112856,101,2150.0
INV000891,104122,108,75000.0
INV001047,102007,106,28750.0
INV010800,110005,102,7600.0
INV017293,130808,102,7650.0
INV012058,127269,105,29580.0
INV015475,116363,106,3800.0
INV003697,149714,101,23460.0
INV009186,143963,106,62000.0
INV001180,101098,105,8428.0
INV018929,122345,104,23000.0
INV017900,129487,105,15500.0
INV008740,102512,105,115000.0
INV000357,125177,101,34300.0
INV010264,127114,107,7350.0
INV012532,146181,105,62000.0
INV007206,106333,101,2842.0
INV019744,959442,104,52105.16
INV013353,153359,107,38250.0
INV006331,110648,101,21500.0
INV015539,105901,102,1900.0
INV011487,125444,103,117300.0
INV004470,108194,106,43000.0
INV007563,133339,106,18620.0
INV000299,128656,108,1938.0
INV009596,160965,101,14500.0
INV015511,152752,106,5635.0
INV014150,146732,108,115000.0
INV015057,116763,106,1450.0
INV017583,146113,107,6200.0
INV007210,157257,105,31000.0
INV008705,106795,105,3724.0
INV000404,133776,102,35000.0
INV019142,127679,106,38000.0
INV004612,156065,105,4214.0
INV016510,109991,101,14210.0
INV014439,149930,107,62000.0
INV011572,142028,108,18750.0
INV002481,164971,103,3100.0
INV016474,148856,102,15500.0
INV014743,154211,104,7140.0
INV017469,112522,107,43860.0
INV015643,111211,108,9500.0
INV004332,116982,106,14000.0
INV010515,166527,103,12152.0
INV010218,106636,108,21500.0
INV013042,150724,108,12400.0
INV015964,157924,103,12400.0
INV013842,125690,104,43000.0
INV011613,150893,101,7600.0
INV001944,149452,105,75000.0
INV015644,161355,103,29000.0
INV016786,113800,108,15500.0
INV008597,132007,107,43000.0
INV002987,135807,105,23000.0
INV006022,145366,106,2150.0
INV015994,164135,103,7500.0
INV016086,130601,105,3162.0
INV005098,154317,107,8772.0
INV006420,154827,106,75000.0
INV006064,152439,103,5635.0
INV013969,111123,107,14000.0
INV002657,121936,103,5916.0
INV009977,126199,101,75000.0
INV011644,149984,107,23460.0
INV012960,102812,104,18750.0
INV004092,146938,108,3162.0
INV016332,136389,105,2958.0
INV009107,145637,108,31000.0
INV012335,128123,101,13720.0
INV005842,101473,107,3100.0
INV008085,136235,101,35000.0
INV002701,114151,105,1479.0
INV011717,118756,104,3825.0
INV016267,117581,108,37240.0
INV018652,145058,108,7600.0
INV006965,140170,103,117300.0
INV008254,165512,104,9690.0
INV018683,139368,106,10965.0
INV016717,141792,104,11270.0
INV006826,163037,107,28175.0
INV004974,154912,108,21500.0
INV013799,102786,105,28000.0
INV000720,118103,102,3100.0
INV009210,108710,107,36750.0
INV008783,160226,102,3876.0
INV015989,146340,101,30380.0
INV006101,143959,104,28000.0
INV004448,107612,101,71400.0
INV009013,132161,107,4300.0
INV009070,141593,106,5865.0
INV001069,129828,105,9500.0
INV019952,944057,101,74095.75
INV016577,147437,103,57500.0
INV008889,105557,102,11730.0
INV009466,123563,101,31000.0
INV005959,136336,103,3750.0
INV007996,157758,105,14280.0
INV015365,154407,104,28560.0
INV004414,103343,107,14500.0
INV015205,111777,106,1450.0
INV013398,128016,106,5750.0
INV004866,132569,104,37500.0
INV011011,144776,103,7500.0
INV006984,138435,108,7500.0
INV003813,100817,101,10535.0
INV008280,121293,106,4386.0
INV009249,108797,107,2150.0
INV013107,110041,102,2150.0
INV011334,145395,101,31000.0
INV002799,130988,102,5750.0
INV004763,105906,101,15190.0
INV014438,134624,101,15500.0
INV014620,159478,103,2900.0
INV016317,103785,106,19000.0
INV008020,141592,104,43000.0
INV013415,158192,102,57500.0
INV017659,108167,106,2958.0
INV003325,161211,107,37500.0
INV012442,101304,101,21070.0
INV019513,995881,104,78864.16
INV011067,138282,103,2150.0
INV000136,119041,101,28420.0
INV013365,111333,105,8600.0
INV012369,121067,103,42140.0
INV002183,141778,104,1450.0
INV009920,112592,103,3800.0
INV015871,133650,106,42140.0
INV017774,152271,102,3750.0
INV015526,126550,104,11730.0
INV012086,110645,103,14500.0
INV014949,124684,106,5800.0
INV011142,150391,102,2107.0
INV008573,137735,107,7395.0
INV012108,108651,104,62000.0
INV013152,156993,101,43000.0
INV010646,139050,105,7250.0
INV014299,148469,103,12400.0
INV014028,108377,101,43860.0
INV008662,107362,106,6200.0
INV019421,117347,101,2150.0
INV002643,124835,107,37240.0
INV015781,160436,105,75000.0
INV019514,978398,105,88444.56
INV007574,151799,106,15000.0
INV000065,145948,101,28750.0
INV017652,122310,104,13720.0
INV014780,146877,107,5684.0
INV018564,138511,105,14000.0
INV009623,107260,108,3100.0
INV008255,134270,103,115000.0
INV014561,140057,101,19000.0
INV019102,162308,107,12400.0
INV002695,144873,101,73500.0
INV004950,104793,103,1421.0
INV010006,141091,101,7600.0
INV009117,106124,106,7250.0
INV001065,147098,104,37240.0
INV001279,162154,107,7250.0
INV001710,148553,106,6200.0
INV003451,153834,107,28000.0
INV005058,152718,103,37240.0
INV007495,120417,108,7105.0
INV019112,148015,107,28175.0
INV019772,940912,107,25026.63
INV004923,128098,107,28750.0
INV015037,160921,106,14500.0
INV019383,162391,107,31000.0
INV015321,143135,107,14000.0
INV016781,153835,105,115000.0
INV013704,105258,105,14000.0
INV000989,164346,103,3100.0
INV012614,119025,101,34300.0
INV015906,145714,102,15190.0
INV005378,123199,104,63240.0
INV011038,139014,108,6200.0
INV006298,162419,106,12152.0
INV000682,107215,104,2900.0
INV007608,103650,107,5800.0
INV014942,144371,101,30380.0
INV000010,161434,101,3750.0
INV015326,112044,101,4300.0
INV015494,121627,102,7500.0
INV011560,142793,107,28750.0
INV009192,156527,102,9500.0
INV008428,154408,102,14000.0
INV017670,152377,101,29000.0
INV000332,139070,102,3825.0
INV015457,105495,103,7000.0
INV008610,102786,101,2900.0
INV019936,983515,107,32933.43
INV017979,164380,101,21930.0
INV017964,149406,102,70000.0
INV000764,121942,102,4214.0
INV012005,159928,106,15000.0
INV017276,102441,101,19000.0
INV005052,151982,108,12400.0
INV013902,128236,101,22540.0
INV008726,155935,102,23000.0
INV014802,124445,104,6200.0
INV011338,100011,105,19000.0
INV015049,143216,103,1450.0
INV015513,118472,108,28750.0
INV002093,147195,102,14000.0
INV011766,134568,106,3800.0
INV006566,107417,105,1938.0
INV013193,116750,102,112700.0
INV000364,141259,108,62000.0
INV003549,142402,103,15190.0
INV019879,959172,106,59848.36
INV002242,124954,102,12400.0
INV016387,113527,106,14500.0
INV014090,138267,106,7140.0
INV002149,108268,107,28000.0
INV002333,104794,108,9690.0
INV014955,146646,104,4300.0
INV016986,117968,104,140000.0
INV008170,163645,108,2900.0
INV005531,115321,103,1862.0
INV011966,136466,103,4300.0
INV000815,117605,107,7140.0
INV004216,133943,106,3038.0
INV014473,163615,102,15500.0
INV001953,141497,107,5750.0
INV001042,135534,102,13720.0
INV013822,137705,103,2900.0
INV002280,107740,107,28750.0
INV015214,137104,102,60760.0
INV018105,124501,108,21070.0
INV015224,152890,105,14210.0
INV006045,107785,104,35000.0
INV002207,123799,101,37240.0
INV000806,131781,106,3825.0
INV012408,144231,107,29000.0
INV015582,141734,106,37240.0
INV001672,137221,107,115000.0
INV002534,148981,101,10750.0
INV010212,108829,101,140000.0
INV004417,108159,103,4386.0
INV006757,162015,103,1938.0
INV019278,165618,102,28000.0
INV001335,160865,107,5635.0
INV001547,120359,104,10750.0
INV000352,157734,105,1900.0
INV017010,157107,103,21500.0
INV011261,154422,101,9500.0
INV010618,137369,106,1900.0
INV009983,157756,103,62000.0
INV000373,112384,105,7140.0
INV018409,105858,106,21930.0
INV013960,102640,108,3750.0
INV002439,118783,107,8600.0
INV004313,110631,102,140000.0
INV000757,127735,102,14500.0
INV015015,142651,108,31000.0
INV019334,142386,106,11500.0
INV006095,112273,105,6200.0
INV010253,112717,101,35000.0
INV002991,109405,104,21930.0
INV008952,149397,102,7600.0
INV000017,147849,104,2900.0
INV001142,140873,104,38000.0
INV014935,154662,108,15500.0
INV015805,119120,106,1900.0
INV012087,133256,104,2900.0
INV006804,161916,106,10750.0
INV003246,106691,101,62000.0
INV008144,142949,101,7000.0
INV006917,125624,107,6324.0
INV014941,136360,101,8600.0
INV002374,108518,102,3825.0
INV010821,135174,103,3750.0
INV019073,152813,104,4214.0
INV000485,110878,107,5684.0
INV013225,125901,101,10750.0
INV011703,138907,105,35700.0
INV007065,132906,101,15000.0
INV013419,163713,108,75000.0
INV017079,155224,103,2900.0
INV018814,153194,105,15000.0
INV002871,128885,108,14000.0
INV005267,148115,107,38000.0
INV000006,118494,106,10750.0
INV004248,155823,108,63240.0
INV018952,157229,104,9500.0
INV006034,128721,107,7250.0
INV016673,162236,104,14000.0
INV016057,109395,108,62000.0
INV005586,125539,101,14790.0
INV019893,950806,107,46459.48
INV004051,107384,103,14000.0
INV009335,106574,106,7752.0
INV001476,142303,102,28420.0
INV016358,163211,104,31000.0
INV011330,120848,107,140000.0
INV016130,129779,105,7250.0
INV019165,107401,101,31000.0
INV005804,123103,104,4300.0
INV016238,142697,106,62000.0
INV009435,121998,103,31000.0
INV002195,126288,107,21500.0
INV016068,154822,103,37240.0
INV018501,141299,106,14500.0
INV006134,133294,103,62000.0
INV003787,100578,105,10535.0
INV015094,144447,104,9690.0
INV012014,112875,108,2193.0
INV015946,144038,102,43000.0
INV017909,111151,101,3800.0
INV006012,136141,106,7250.0
INV007155,147072,104,57500.0
INV008870,151257,108,5800.0
INV018843,100513,101,14280.0
INV018300,120636,104,8772.0
INV015165,146552,103,15300.0
INV016972,138050,103,7650.0
INV007562,149407,105,2900.0
INV007239,150377,108,3876.0
INV008439,159056,107,7448.0
INV000487,128170,102,60760.0
INV014574,110163,105,7650.0
INV006719,123498,106,15190.0
INV014274,114580,106,7000.0
INV013998,108525,108,35000.0
INV017231,165588,107,140000.0
INV009517,142145,108,117300.0
INV019351,148107,107,23000.0
INV003282,121596,106,57500.0
INV007509,125525,105,7600.0
INV019227,162265,104,38000.0
INV001056,139687,107,21930.0
INV015651,152400,107,2150.0
INV006480,143681,106,38760.0
INV017332,117853,103,29325.0
INV004220,131076,103,7500.0
INV004465,132981,103,31000.0
INV004116,115358,103,15810.0
INV006408,109705,101,137200.0
INV011919,131403,107,10750.0
INV008876,154550,108,140000.0
INV008007,123017,103,14000.0
INV012283,126481,106,14280.0
INV007665,154601,101,31000.0
INV007452,153490,106,140000.0
INV019471,156916,106,8772.0
INV006512,158689,108,14500.0
INV006746,100015,105,7000.0
INV019366,146019,106,38250.0
INV008886,116437,104,36750.0
INV010018,121917,101,37240.0
INV018740,127792,105,15000.0
INV006401,118279,105,3825.0
INV002025,153123,101,140000.0
INV013622,139727,106,68600.0
INV013308,106718,107,2150.0
INV012454,104027,102,71400.0
INV017009,114097,104,42140.0
INV001461,118872,101,21930.0
INV018811,136198,105,9500.0
INV008318,158424,108,11500.0
INV019883,917517,107,80303.56
INV014746,152044,104,12400.0
INV007395,104638,107,7500.0
INV002411,142030,107,28000.0
INV009628,112531,107,28000.0
INV005858,145470,107,140000.0
INV019082,140680,106,3750.0
INV016815,146573,102,7105.0
INV010312,136740,106,7250.0
INV006008,143731,104,27440.0
INV009759,155190,108,62000.0
INV017039,153825,108,42140.0
INV002465,117634,103,7600.0
INV002988,117853,105,2150.0
INV012619,128854,101,4300.0
INV012104,163726,107,2900.0
INV009137,127967,103,8600.0
INV017318,126555,106,23000.0
INV008030,103168,107,3724.0
INV018949,119925,104,70000.0
INV009823,160448,105,62000.0
INV007916,127877,102,28000.0
INV015850,130956,106,3675.0
INV001198,118089,104,140000.0
INV003698,138411,102,22540.0
INV012154,113983,108,11500.0
INV004277,137137,108,70000.0
INV007143,157209,103,9310.0
INV007912,118550,103,9310.0
INV007677,116746,107,75000.0
INV008299,140948,108,38760.0
INV014660,112971,103,7600.0
INV019515,967821,101,73453.71
INV011378,150004,104,14500.0
INV006378,122861,101,60760.0
INV018358,100286,108,14500.0
INV008319,161722,105,35000.0
INV014343,129454,104,56350.0
INV003970,121661,104,15500.0
INV007774,120062,106,37240.0
INV019750,955907,105,22317.31
INV003714,131536,104,18750.0
INV016299,155349,105,23000.0
INV002455,120802,101,5750.0
INV014735,139463,101,10750.0
INV009540,148368,105,43860.0
INV011504,104024,105,15810.0
INV008881,101796,101,1938.0
INV006822,147595,108,18750.0
INV011856,159057,101,15500.0
INV014901,129360,106,2842.0
INV018788,142680,108,28000.0
INV003646,113705,106,18375.0
INV002878,114326,108,14000.0
INV004217,107832,104,28000.0
INV007340,134011,108,38000.0
INV005450,111923,103,7350.0
INV005170,105678,104,8428.0
INV006635,125952,107,12400.0
INV010926,129116,103,11270.0
INV012146,104799,104,7250.0
INV009990,124478,105,115000.0
INV002602,112700,104,7600.0
INV000455,100645,102,1938.0
INV012732,104165,102,4300.0
INV012435,132412,105,43000.0
INV017799,146247,106,15000.0
INV017616,152392,102,31620.0
INV008556,104534,107,19000.0
INV010197,155028,103,29325.0
INV016209,130565,102,14500.0
INV002581,119917,105,7650.0
INV007277,124155,103,6200.0
INV006083,113875,106,5750.0
INV002932,101221,107,23000.0
INV017662,142137,104,37500.0
INV010086,145796,103,62000.0
INV003065,159676,101,70000.0
INV018023,128747,104,14500.0
INV009928,127965,101,14280.0
INV009694,137643,103,38000.0
INV004455,122615,107,140000.0
INV019643,906594,105,35422.16
INV013767,140981,108,6200.0
INV016139,158631,101,57500.0
INV015138,137092,104,3876.0
INV014010,161985,105,117300.0
INV014939,151108,107,31000.0
INV007802,118190,107,31000.0
INV014607,109633,105,3100.0
INV018830,117840,102,29000.0
INV006728,135866,105,7250.0
INV017113,159255,106,35700.0
INV017118,134292,104,43000.0
INV002001,151219,105,21930.0
INV003598,105724,103,14000.0
INV008887,157424,106,57500.0
INV017870,157259,105,70000.0
INV009833,115706,103,76500.0
INV013796,155937,104,28560.0
INV005961,120658,102,73500.0
INV002735,132943,104,57500.0
INV007273,165698,105,75000.0
INV000466,146373,105,70000.0
INV004354,163538,104,68600.0
INV011873,158270,103,28000.0
INV018906,163285,103,3825.0
INV018340,128259,106,7600.0
INV009922,156453,107,18750.0
INV014476,139792,101,7350.0
INV019961,936731,103,36558.5
INV011732,154472,101,12152.0
INV007291,163996,107,11730.0
INV011908,154024,103,34300.0
INV018141,127382,106,15500.0
INV019132,154600,108,1450.0
INV001283,153696,107,2150.0
INV007678,114393,105,70000.0
INV015436,149380,101,7600.0
INV010246,161411,108,70000.0
INV007890,151084,107,28420.0
INV007711,160907,104,5800.0
INV013057,122719,108,38000.0
INV000542,125961,105,10535.0
INV011929,155703,105,2842.0
INV002762,137484,108,18750.0
INV005659,161608,106,6200.0
INV010081,125151,108,14000.0
INV008591,136729,107,21930.0
INV013451,151907,106,7395.0
INV011528,116228,105,22540.0
INV007200,127706,105,6200.0
INV019342,132136,103,3100.0
INV007391,162707,103,19000.0
INV005639,154823,108,35000.0
INV009303,148394,101,137200.0
INV006364,149371,108,60760.0
INV008515,146513,103,2193.0
INV013431,151001,107,15810.0
INV013377,104827,108,3100.0
INV018472,146378,101,6200.0
INV017352,101238,107,14500.0
INV011057,158404,104,5635.0
INV000440,161184,106,4300.0
INV005032,103802,108,15190.0
INV015689,118047,105,19125.0
INV002894,150984,101,3800.0
INV013108,116829,103,38000.0
INV008474,139025,105,62000.0
INV006575,100011,107,35000.0
INV013343,146019,101,5684.0
INV009083,141713,104,21500.0
INV013121,144249,101,21500.0
INV018225,128112,101,36750.0
INV008671,142742,101,140000.0
INV001537,124576,106,35000.0
INV008801,165381,101,137200.0
INV006424,166092,102,15810.0
INV016603,153556,103,23460.0
INV014584,126773,108,5684.0
INV006059,162857,102,2193.0
INV014427,136605,103,28420.0
INV005191,132632,101,2193.0
INV012755,116610,102,38000.0
INV008676,138459,107,36750.0
INV019942,944810,106,11777.29
INV005679,129578,107,10535.0
INV012878,160320,101,31000.0
INV019670,957933,104,11618.51
INV018898,145154,103,5750.0
INV003397,160775,105,23000.0
INV014105,126757,102,28750.0
INV002323,157753,108,43860.0
INV017294,124617,107,3800.0
INV005284,101517,103,28420.0
INV013937,100509,107,57500.0
INV001909,102338,102,1900.0
INV005102,110673,103,29000.0
INV001970,120262,103,2958.0
INV004987,124433,101,23000.0
INV006535,135024,105,137200.0
INV006385,159476,102,29000.0
INV001288,136536,108,28750.0
INV006271,159099,106,28750.0
INV010277,152527,101,18620.0
INV010696,142495,108,10750.0
INV004170,138766,107,11270.0
INV016179,104101,107,6200.0
INV000110,140992,108,38760.0
INV001934,155710,102,140000.0
INV018376,152041,108,5800.0
INV019802,946739,103,40304.89
INV016588,113288,102,70000.0
INV009830,127036,105,21500.0
INV007047,130050,103,31000.0
INV006172,120301,106,10535.0
INV007601,155058,102,27440.0
INV010980,156311,105,35000.0
INV005710,122290,108,137200.0
INV009880,165957,107,2900.0
INV002085,158019,102,21500.0
INV000942,140740,106,10965.0
INV018244,153560,107,7600.0
INV003924,120583,107,14000.0
INV014723,146150,103,36750.0
INV010641,161604,103,21500.0
INV002864,153036,107,38760.0
INV003650,134510,108,15810.0
INV009319,134608,108,28000.0
INV007209,139785,101,21070.0
INV003509,136472,104,6076.0
INV008323,137569,104,29325.0
INV002632,118801,108,11730.0
INV001576,107945,106,3800.0
INV015703,141534,104,1450.0
INV007587,160489,102,1938.0
INV005282,163353,107,115000.0
INV014632,119134,103,2150.0
INV018571,127277,101,22540.0
INV013164,153125,101,73500.0
INV017811,165273,108,27440.0
INV013400,165508,103,9500.0
INV019608,969391,104,87170.68
INV002891,130474,108,35700.0
INV002580,123700,101,115000.0
INV006988,159870,105,37500.0
INV018863,115895,106,28175.0
INV002539,154149,103,57500.0
INV015783,101194,101,7752.0
INV013689,157980,106,3750.0
INV018163,124161,104,11500.0
INV001951,113430,101,4300.0
INV002068,117666,108,14500.0
INV015670,130541,104,14000.0
INV004833,136672,103,14700.0
INV008546,124916,102,140000.0
INV008201,148528,104,3800.0
INV018656,133627,107,137200.0
INV017580,115710,107,21500.0
INV010178,102491,104,56350.0
INV006388,155000,105,2900.0
INV003759,112083,108,27440.0
INV012717,141668,105,11730.0
INV008096,121009,107,75000.0
INV009965,128338,106,8600.0
INV012204,163238,103,4386.0
INV000366,111073,106,27440.0
INV004635,160926,103,3675.0
INV010148,113697,104,7395.0
INV010829,122698,105,5635.0
INV007898,157760,107,7500.0
INV001884,124166,103,23000.0
INV011490,121946,107,3800.0
INV000349,159767,104,14280.0
INV019320,142487,101,140000.0
INV006762,158926,101,73500.0
INV017402,100079,104,1900.0
INV003103,158223,106,9500.0
INV013984,104755,106,56350.0
INV000193,123326,105,35000.0
INV006947,142738,105,37240.0
INV002238,130125,104,4300.0
INV010074,163890,105,11500.0
INV008155,132524,107,75000.0
INV012390,130779,102,7500.0
INV010099,116717,102,10965.0
INV017801,119585,105,9310.0
INV015698,159213,101,8600.0
INV000333,137202,101,5916.0
INV018801,150362,102,38760.0
INV001641,152565,104,7752.0
INV002447,161877,103,14500.0
INV001402,132647,106,28750.0
INV017235,115108,108,22540.0
INV002391,154948,105,14500.0
INV009377,113401,101,2150.0
INV011413,105646,101,1450.0
INV012734,113146,102,3675.0
INV000761,143775,106,37240.0
INV015090,107784,108,11500.0
INV000098,120144,105,115000.0
INV018180,137383,104,14000.0
INV005312,100982,102,63240.0
INV016780,116649,106,10965.0
INV009784,108735,104,12152.0
INV017564,129057,102,2193.0
INV000894,115611,101,5800.0
INV003068,130144,104,36750.0
INV005731,102633,107,31000.0
INV007075,146874,107,27440.0
INV005490,101618,105,62000.0
INV008845,153313,102,3750.0
INV011374,131412,108,37500.0
INV000678,135214,107,1479.0
INV012519,123803,102,117300.0
INV014303,105742,106,62000.0
INV013577,163165,102,28750.0
INV003141,102028,106,10750.0
INV009122,157423,102,7500.0
INV011177,124938,107,3800.0
INV012487,118671,101,6200.0
INV019292,125114,102,38250.0
INV000531,122197,103,6076.0
INV002515,101509,106,4300.0
INV019389,142549,108,29580.0
INV009738,144488,104,7350.0
INV011606,107261,106,7395.0
INV017011,117469,103,2900.0
INV008476,131357,104,7000.0
INV003138,154423,102,18375.0
INV015231,154175,108,62000.0
INV007801,134683,103,140000.0
INV001696,166025,107,3724.0
INV008780,132991,107,8772.0
INV019511,964918,105,49599.19
INV012066,122155,103,9500.0
INV001342,118236,106,7350.0
INV018292,132351,107,15500.0
INV003776,105389,101,3038.0
INV013238,150786,103,43000.0
INV004477,117089,105,7752.0
INV006572,127466,103,43000.0
INV017530,146557,102,4300.0
INV007717,144895,103,62000.0
INV011646,128776,102,6324.0
INV014137,148771,102,6076.0
INV015947,101386,107,8428.0
INV019325,115438,104,10965.0
INV016151,145349,103,21070.0
INV004451,163205,101,15000.0
INV000699,163609,102,23460.0
INV006356,162152,104,7250.0
INV013201,109852,106,15000.0
INV016136,128917,101,14000.0
INV011277,144772,106,28000.0
INV013763,107437,108,63240.0
INV016661,109452,101,70000.0
INV018069,107770,103,42140.0
INV013098,117768,107,140000.0
INV000307,102394,104,6860.0
INV013484,123808,103,5916.0
INV015856,112665,101,37500.0
INV011684,158232,108,2900.0
INV001987,155430,101,19380.0
INV013861,138201,105,3100.0
INV009202,154935,101,7600.0
INV002612,164498,102,35000.0
INV009993,163981,104,57500.0
INV004046,134388,101,14280.0
INV009761,129511,101,75000.0
INV006755,160787,103,1421.0
INV001618,131595,102,31000.0
INV016217,130216,107,9690.0
INV008806,140687,103,7500.0
INV017547,142620,102,29580.0
INV001636,132913,108,3800.0
INV010944,152779,103,9500.0
INV011553,153096,108,140000.0
INV001431,162613,106,14700.0
INV014818,102845,108,70000.0
INV017156,140209,107,43860.0
INV011762,130606,106,7250.0
INV003918,121498,101,21070.0
INV016407,164373,102,2150.0
INV014336,109987,105,36750.0
INV013560,134574,106,2900.0
INV010540,103064,104,28560.0
INV000845,161813,105,2150.0
INV002349,160491,107,38000.0
INV002810,159438,104,14500.0
INV018121,100530,102,70000.0
INV019633,918915,108,40387.14
INV006442,157954,108,62000.0
INV010899,134628,108,31620.0
INV018235,127252,107,35700.0
INV004850,159138,105,42140.0
INV019253,156415,104,57500.0
INV013770,151990,106,6076.0
INV000249,121481,104,10535.0
INV004418,141489,103,60760.0
INV019118,155044,103,31620.0
INV006977,160058,105,1479.0
INV009690,143061,101,8600.0
INV012367,103516,103,140000.0
INV002208,111986,107,28750.0
INV011046,130925,108,14700.0
INV002704,166199,104,38760.0
INV016495,133193,105,8600.0
INV016604,144638,103,6200.0
INV012028,165734,108,2900.0
INV007862,123124,104,11270.0
INV007056,162311,105,7500.0
INV013644,116894,105,10750.0
INV019977,976041,101,71165.02
INV001657,163167,107,3825.0
INV011102,149637,105,5916.0
INV008080,137450,108,60760.0
INV004153,144196,102,3800.0
INV018415,152575,106,3100.0
INV004139,142723,107,68600.0
INV009389,107040,102,3100.0
INV015211,133017,103,38000.0
INV017986,149364,102,38760.0
INV017854,144464,108,62000.0
INV012344,157971,103,31000.0
INV002090,146668,104,3724.0
INV006027,147657,107,28420.0
INV008036,112569,107,2900.0
INV013566,117199,105,19000.0
INV010303,124181,107,7600.0
INV002915,123985,107,2958.0
INV012210,109203,104,62000.0
INV002803,138022,102,10750.0
INV009873,160600,106,19000.0
INV006181,117967,103,70000.0
INV001835,120828,103,28750.0
INV002290,147246,107,3100.0
INV018224,122364,103,14790.0
INV019452,157219,105,63240.0
INV002026,151594,105,37500.0
INV011567,132481,108,14210.0
INV001457,118761,104,23000.0
INV004764,136089,108,5865.0
INV001188,165482,105,3800.0
INV019836,972610,106,24926.37
INV018017,134905,107,1479.0
INV016560,112365,106,30380.0
INV011158,153949,104,36750.0
INV015072,112868,103,11730.0
INV009799,138138,108,18750.0
INV001151,149067,108,43860.0
INV007743,165039,104,9500.0
INV003534,118704,106,15500.0
INV012477,139757,101,11270.0
INV018773,151177,103,5865.0
INV012311,114383,108,14700.0
INV012195,134377,103,1900.0
INV015785,150741,108,21930.0
INV001175,147455,102,15500.0
INV007843,109553,105,2107.0
INV004584,141820,107,3100.0
INV005995,126189,104,38000.0
INV001642,100289,102,11500.0
INV004245,161069,108,34300.0
INV006261,158659,107,3800.0
INV018172,125053,102,35700.0
INV008398,129751,104,3800.0
INV010756,137642,101,2150.0
INV005713,119881,106,14000.0
INV010421,138024,105,12400.0
INV016883,165709,104,2150.0
INV019143,156717,101,19000.0
INV014324,106114,103,3100.0
INV003506,156432,107,7250.0
INV006276,155507,102,18620.0
INV002836,139784,106,68600.0
INV009040,151034,107,3800.0
INV017155,154967,103,28000.0
INV007527,133093,102,37240.0
INV015479,139168,101,15810.0
INV011121,104627,106,9310.0
INV016548,135209,108,57500.0
INV018324,118942,102,34300.0
INV003898,156545,105,11500.0
INV003317,163203,108,11500.0
INV002232,108125,102,8600.0
INV014167,126435,102,7250.0
INV014699,158316,106,140000.0
INV003433,154812,101,19000.0
INV014570,107793,103,8428.0
INV000919,161084,108,3675.0
INV011574,162034,105,21930.0
INV008245,147626,105,3825.0
INV017719,138385,102,7650.0
INV013111,146001,107,28000.0
INV017124,127189,102,7000.0
INV003025,141680,101,6860.0
INV015386,160398,108,18750.0
INV005674,128042,101,6200.0
INV003725,150943,104,63240.0
INV000917,113083,103,10750.0
INV000705,108720,102,1862.0
INV018465,136331,103,7650.0
INV011115,107767,107,31000.0
INV019565,999581,104,57363.64
INV016054,124963,101,10535.0
INV007753,109390,104,13720.0
INV014739,150419,108,43000.0
INV016985,160118,105,28750.0
INV019761,969342,107,36870.49
INV018271,141450,108,7500.0
INV009287,143409,108,1479.0
INV017322,133969,103,57500.0
INV006253,166599,102,7000.0
INV008048,164031,107,2193.0
INV017539,161220,108,22540.0
INV000253,152094,105,3038.0
INV014863,112690,101,19000.0
INV017414,125994,107,7250.0
INV017125,134301,105,4386.0
INV014492,159332,106,11730.0
INV008953,147665,101,18620.0
INV011901,147830,102,12648.0
INV014829,159407,101,43000.0
INV002651,148966,101,5635.0
INV001204,123827,108,2900.0
INV006170,145503,106,3825.0
INV008690,137308,103,3800.0
INV003288,140907,107,14500.0
INV006466,148678,107,3750.0
INV012655,140185,102,15500.0
INV017447,136783,102,14000.0
INV009608,123850,105,1900.0
INV018833,152453,104,15810.0
INV004505,129324,101,9500.0
INV014102,159464,107,3675.0
INV015635,140868,108,15810.0
INV002158,135368,104,12400.0
INV002724,110292,103,7000.0
INV002696,147930,102,28560.0
INV006668,148418,104,28000.0
INV007962,109389,105,15190.0
INV014606,138559,105,3750.0
INV017151,101444,101,28560.0
INV019535,934840,101,64492.98
INV010380,131264,104,19000.0
INV010948,136720,101,14790.0
INV003212,166197,107,68600.0
INV018427,102166,107,2150.0
INV009605,125403,101,31620.0
INV005148,124918,108,6076.0
INV018750,135185,108,37500.0
INV007335,164348,102,37500.0
INV008064,125098,106,5800.0
INV004684,115935,107,10750.0
INV016348,154297,101,3100.0
INV015431,165663,105,1450.0
INV015902,146435,108,60760.0
INV008623,139467,108,3750.0
INV017739,117365,104,9690.0
INV018144,142592,108,37240.0
INV014627,142840,104,1900.0
INV018697,154599,103,5800.0
INV019210,141280,102,43860.0
INV006365,112436,102,140000.0
INV006556,118059,101,2958.0
INV004564,151506,105,7250.0
INV013236,150705,108,2900.0
INV005948,154344,103,35700.0
INV006884,117775,107,11270.0
INV011036,159796,106,9500.0
INV000890,149679,102,38250.0
INV007219,160467,101,7500.0
INV011787,116653,104,3750.0
INV005274,104607,104,8600.0
INV001005,125623,106,38000.0
INV004023,124490,108,11730.0
INV014993,163997,101,14280.0
INV016745,149634,106,15000.0
INV009614,130867,107,38760.0
INV000553,116500,105,1421.0
INV019269,120294,102,10535.0
INV012024,146742,107,6200.0
INV011633,138208,101,37240.0
INV013497,166393,101,15500.0
INV014730,120585,104,11730.0
INV001617,105196,106,27440.0
INV010436,140291,103,30380.0
INV001187,110094,101,117300.0
INV010630,166327,108,37500.0
INV010674,113777,102,1450.0
INV016044,133399,107,5684.0
INV015344,143398,103,4386.0
INV018000,127526,107,4300.0
INV019495,129231,108,12648.0
INV016478,157843,103,15500.0
INV015033,102274,105,4300.0
INV000707,136098,107,28750.0
INV017488,141119,105,35700.0
INV000839,165811,104,37500.0
INV000539,165622,101,28750.0
INV004845,145923,107,6200.0
INV005409,119041,102,15500.0
INV018730,153984,102,4300.0
INV019023,161020,101,56350.0
INV012489,106185,106,34300.0
INV004934,148678,102,15190.0
INV000441,107264,102,28175.0
INV000157,157723,102,18750.0
INV008878,108138,102,115000.0
INV013912,128509,101,35000.0
INV006824,111876,104,1938.0
INV007779,165965,104,1862.0
INV012891,148489,107,7500.0
INV003783,125499,108,71400.0
INV012267,148331,107,57500.0
INV002380,113715,106,7140.0
INV002820,104221,103,1479.0
INV015407,133299,106,15300.0
INV003678,132254,106,7000.0
INV010769,101331,103,58650.0
INV003407,131138,103,21500.0
INV000489,165937,105,37500.0
INV015536,154560,103,15000.0
INV000700,131909,108,115000.0
INV015011,138616,103,18620.0
INV001585,162845,102,8600.0
INV002913,134206,101,56350.0
INV000595,128331,103,29580.0
INV008765,100695,104,70000.0
INV002024,152108,105,2193.0
INV010217,158314,102,62000.0
INV003091,137768,101,15500.0
INV011737,101258,102,3876.0
INV013935,146900,101,14280.0
INV011197,162010,101,18750.0
INV018176,158019,108,7500.0
INV002390,125749,104,4214.0
INV012921,132238,103,12400.0
INV006529,147770,101,43000.0
INV010210,142020,106,8428.0
INV009242,136609,107,6200.0
INV004618,157697,101,15500.0
INV001589,160563,108,62000.0
INV014851,128286,107,6076.0
INV015248,153157,105,9310.0
INV007195,125979,108,4386.0
INV016316,147417,106,2150.0
INV003751,121345,108,1900.0
INV017894,104125,107,18750.0
INV014972,159869,106,6860.0
INV016514,115295,101,18750.0
INV007043,132063,101,3100.0
INV017805,161904,106,2958.0
INV003792,143789,103,35000.0
INV005695,157120,107,1900.0
INV019011,124483,106,22540.0
INV002484,117698,105,11500.0
INV015232,142663,105,23000.0
INV019371,130317,105,38250.0
INV009766,106973,107,68600.0
INV009273,144472,101,37500.0
INV004443,123777,105,18620.0
INV003054,147447,103,21500.0
INV011669,159017,102,21500.0
INV003367,123512,103,10535.0
INV012213,109253,106,2900.0
INV009801,115803,105,1450.0
INV013823,150367,106,3100.0
INV011823,151705,107,29000.0
INV009876,108473,107,3038.0
INV006426,118105,105,10750.0
INV005775,125766,103,15190.0
INV005888,139681,102,2900.0
INV002311,105095,102,11270.0
INV002492,105663,103,43000.0
INV012026,163957,101,14500.0
INV000627,153026,101,7105.0
INV008826,147752,106,58650.0
INV016281,149377,104,140000.0
INV009021,102514,107,140000.0
INV009279,123939,106,9500.0
INV007812,109368,104,2958.0
INV017738,161458,107,11500.0
INV010448,154761,105,10535.0
INV003346,126404,104,60760.0
INV019293,118492,103,7250.0
INV009388,139212,104,3800.0
INV006429,124529,102,7000.0
INV019114,128632,104,31000.0
INV016030,162684,104,7500.0
INV006676,164145,104,3100.0
INV017216,152519,107,2900.0
INV017145,137144,102,21500.0
INV003255,100620,103,8600.0
INV012889,132029,106,62000.0
INV000013,101127,105,6200.0
INV005425,148619,102,137200.0
INV000224,162843,103,18375.0
INV019830,952056,104,18914.63
INV011634,151008,104,76500.0
INV001983,108821,107,62000.0
INV017050,147547,101,5800.0
INV001523,108599,105,5750.0
INV003623,144784,108,142800.0
INV012916,127416,107,5750.0
INV017053,125841,104,21930.0
INV009907,133396,105,7105.0
INV006859,166639,105,115000.0
INV008149,154035,105,14790.0
INV016330,164112,108,75000.0
INV006481,147840,101,19125.0
INV007999,134303,103,6200.0
INV010593,165712,107,62000.0
INV012981,132465,101,3876.0
INV010289,108115,105,140000.0
INV011523,160930,101,9310.0
INV005076,104510,103,3825.0
INV010075,110386,108,2107.0
INV013536,151347,108,58650.0
INV017966,113943,108,43860.0
INV004616,151212,107,75000.0
INV007382,147538,107,2842.0
INV011132,156140,107,19000.0
INV015767,124791,105,12648.0
INV003352,111223,106,11270.0
INV003503,137813,101,4300.0
INV012998,163396,106,18620.0
INV002181,149300,106,2842.0
INV001235,111682,102,36750.0
INV016619,150877,101,38000.0
INV007399,157166,104,15000.0
INV018693,130656,103,10750.0
INV005872,129271,104,62000.0
INV001021,152822,104,7650.0
INV016421,121462,101,6860.0
INV019849,903728,107,88885.61
INV009001,118652,106,57500.0
INV003984,150009,105,35700.0
INV003290,116854,102,7448.0
INV010256,137290,104,7250.0
INV007172,117769,102,28750.0
INV015878,164358,103,42140.0
INV010022,157763,106,14790.0
INV001446,113791,107,15500.0
INV009265,158020,107,9500.0
INV000312,121076,104,18375.0
INV004655,161815,102,14500.0
INV012887,102734,102,76500.0
INV007915,144859,108,14790.0
INV008168,162551,102,19125.0
INV009116,166039,107,14500.0
INV016224,137784,106,117300.0
INV012870,164541,101,6076.0
INV009392,127723,102,7500.0
INV011569,107114,107,7448.0
INV010647,124136,102,62000.0
INV014647,118580,107,11500.0
INV014152,100556,103,6200.0
INV004107,130632,106,2107.0
INV004409,153590,105,1900.0
INV018764,110004,104,3100.0
INV006505,112601,102,28000.0
INV000626,125428,104,6200.0
INV010952,145038,101,14790.0
INV008244,155465,104,1900.0
INV015305,158604,108,2193.0
INV003726,118393,104,1900.0
INV011733,140719,101,115000.0
INV018755,128865,107,10750.0
INV001045,110159,104,37500.0
INV002528,141723,107,29580.0
INV000708,106988,106,142800.0
INV007792,145005,103,7752.0
INV017697,163028,107,42140.0
INV010129,128002,101,57500.0
INV018931,151156,104,31620.0
INV009884,121554,105,8600.0
INV003369,104253,101,3100.0
INV004882,104597,107,38000.0
INV017983,153009,106,14790.0
INV000785,100567,107,1479.0
INV015516,104828,101,35000.0
INV019297,145696,103,14790.0
INV010637,110956,105,75000.0
INV018709,145668,107,1862.0
INV000500,144354,106,31000.0
INV001448,123662,105,7500.0
INV019587,998360,104,14971.32
INV017390,164197,106,19000.0
INV014433,133810,103,3750.0
INV008762,140821,108,19380.0
INV000755,101888,103,14500.0
INV003191,160863,107,7395.0
INV000120,122682,106,115000.0
INV015141,146332,104,3675.0
INV019049,138687,102,1900.0
INV017364,165641,104,3100.0
INV004357,105481,106,140000.0
INV013163,151658,106,21930.0
INV015820,133589,104,57500.0
INV003020,160206,101,3100.0
INV003803,166106,105,6200.0
INV008698,105605,102,3100.0
INV009152,138263,103,70000.0
INV009225,157353,107,21500.0
INV000316,122119,103,7500.0
INV007516,105544,102,7105.0
INV011146,161101,107,8772.0
INV019543,952142,106,89597.0
INV019181,122190,105,28000.0
INV008301,126887,106,2900.0
INV005856,110506,102,7000.0
INV017073,119870,106,70000.0
INV019598,981000,102,75258.9
INV009961,160958,106,2150.0
INV013908,161136,101,19380.0
INV017384,110680,103,28175.0
INV018574,131042,103,14000.0
INV000362,101165,102,73500.0
INV001950,120131,108,37500.0
INV004938,135989,103,19125.0
INV000775,118822,108,112700.0
INV007600,147167,108,70000.0
INV000695,143204,102,15000.0
INV009342,111221,102,23000.0
INV019806,924267,106,73809.65
INV006656,141110,104,63240.0
INV008094,161344,108,9500.0
INV009020,147588,108,21500.0
INV005488,143455,107,5750.0
INV016389,135367,105,3100.0
INV009355,121341,108,3750.0
INV018780,163524,104,18375.0
INV009194,164337,107,5750.0
INV012112,113740,101,7500.0
INV010013,110521,102,140000.0
INV011915,110421,103,3750.0
INV019979,912363,101,2973.88
INV003950,114343,104,12648.0
INV008227,160982,105,2150.0
INV016108,136328,108,5800.0
INV011552,131905,104,2150.0
INV015758,117642,107,18750.0
INV012189,132488,103,15810.0
INV012182,143467,105,27440.0
INV010631,163496,104,19380.0
INV008399,132232,106,1938.0
INV016417,133487,107,35000.0
INV010107,141178,107,2193.0
INV005010,147960,102,5635.0
INV008292,115506,106,7752.0
INV010626,161002,101,1450.0
INV016906,116072,108,12152.0
INV008017,162540,106,3100.0
INV019684,949630,102,72520.34
INV009943,164791,105,36750.0
INV000932,147784,104,3750.0
INV005325,148350,105,12400.0
INV015506,164478,106,58650.0
INV003097,126201,101,1450.0
INV007552,136558,104,14000.0
INV012727,125973,101,15000.0
INV001998,105855,104,73500.0
INV007505,111781,101,7500.0
INV005204,156079,104,15500.0
INV017424,129252,108,14280.0
INV007726,164009,107,23000.0
INV002283,158330,103,10965.0
INV015203,127312,108,35000.0
INV018648,107660,107,18375.0
INV000889,153286,104,3724.0
INV005105,161941,101,14280.0
INV014391,161071,102,12400.0
INV017310,146226,101,73500.0
INV007820,111306,104,11500.0
INV014470,130881,107,28000.0
INV018422,166494,103,15810.0
INV012742,156616,104,19000.0
INV002531,160334,102,7350.0
INV011365,165852,106,5800.0
INV000176,154895,102,14500.0
INV001785,139195,107,12400.0
INV011462,156300,108,21070.0
INV007769,135894,104,76500.0
INV013954,117857,104,21500.0
INV016472,109397,104,18620.0
INV018067,118739,105,19125.0
INV002777,145287,104,5865.0
INV008378,122973,108,1450.0
INV019634,938496,106,7787.92
INV000689,152697,106,10750.0
INV013052,161658,104,3724.0
INV015348,156237,102,14500.0
INV011237,164313,103,56350.0
INV002975,164330,106,70000.0
INV013409,106969,102,2150.0
INV000464,147597,104,18375.0
INV005248,145097,102,3800.0
INV003354,123166,101,5800.0
INV008126,165504,103,14280.0
INV010669,108415,107,15500.0
INV013453,114800,101,5800.0
INV010427,109035,106,14000.0
INV013756,161406,108,23460.0
INV019046,111521,104,9500.0
INV017867,100448,106,5635.0
INV010066,108904,102,4386.0
INV008422,140214,107,34300.0
INV008371,102890,106,6200.0
INV016998,101938,107,35700.0
INV010681,159574,105,115000.0
INV000330,138606,104,4300.0
INV002317,123735,108,37500.0
INV000367,103424,108,75000.0
INV019264,160134,106,38000.0
INV001459,118176,103,5800.0
INV005289,131987,103,14700.0
INV011526,115142,101,112700.0
INV008969,110648,103,15500.0
INV012913,141538,104,4300.0
INV003381,113632,105,28750.0
INV002880,129722,107,1900.0
INV007167,128721,101,12648.0
INV014969,115762,104,37240.0
INV013386,119740,108,3162.0
INV015699,145286,108,37500.0
INV019095,118525,102,23000.0
INV009742,119937,101,117300.0
INV019039,153827,103,15000.0
INV005816,163146,108,4300.0
INV014114,115272,108,15000.0
INV012388,151263,105,29325.0
INV014321,140703,103,140000.0
INV002529,100378,106,14700.0
INV002675,161991,108,36750.0
INV008737,148369,104,14000.0
INV017685,100281,104,7250.0
INV014293,100049,106,12648.0
INV008143,115260,104,38000.0
INV012081,101828,105,57500.0
INV014973,120680,104,28000.0
INV018516,159284,106,14500.0
INV002464,104124,104,38760.0
INV003637,153263,101,28750.0
INV014817,106772,101,31000.0
INV011890,152233,106,9500.0
INV003993,149086,108,7650.0
INV018186,125480,104,75000.0
INV002844,100550,106,115000.0
INV005645,161319,101,1938.0
INV008643,150339,103,140000.0
INV018908,123953,107,31620.0
INV007758,113661,105,5800.0
INV014422,165322,102,10750.0
INV017480,133608,101,38000.0
INV013031,122178,106,2193.0
INV007275,100969,108,3800.0
INV005031,117353,106,4386.0
INV019553,950828,108,89849.69
INV014672,102122,102,2150.0
INV006493,159466,104,11500.0
INV018756,127846,106,2900.0
INV002593,113962,107,28750.0
INV019225,148399,107,19380.0
INV011345,140191,108,1479.0
INV012662,103486,104,28000.0
INV003499,158896,108,8600.0
INV010644,104233,107,11730.0
INV007393,143786,103,15810.0
INV015557,126640,103,31000.0
INV006042,150721,101,3038.0
INV016564,107293,101,19000.0
INV017880,155955,108,11500.0
INV013515,155548,107,28750.0
INV018779,132549,106,2900.0
INV000196,152853,108,3724.0
INV014393,106194,107,7650.0
INV000728,104727,107,3724.0
INV013289,125068,101,1421.0
INV017064,150154,107,7105.0
INV019003,127358,103,8600.0
INV010600,105291,107,4214.0
INV014053,102756,101,23000.0
INV001109,117448,102,14790.0
INV018909,121806,103,56350.0
INV009576,119524,101,75000.0
INV013048,105705,107,56350.0
INV003611,149155,101,28000.0
INV014070,103962,107,22540.0
INV011872,147528,102,43000.0
INV009685,134549,103,28750.0
INV008954,149815,107,2150.0
INV000711,102945,101,37500.0
INV007189,154613,101,11730.0
INV014662,134928,108,29000.0
INV006077,103838,102,30380.0
INV004691,143700,105,37500.0
INV013580,158416,104,13720.0
INV007847,120329,106,57500.0
INV000037,154077,101,3750.0
INV018796,121083,107,14790.0
INV002789,138233,103,9500.0
INV002184,161709,101,7600.0
INV006432,119693,103,3724.0
INV006482,134066,106,112700.0
INV002526,108093,105,1421.0
INV018710,139354,103,21930.0
INV012884,165771,102,7500.0
INV013148,100776,102,21070.0
INV019617,969870,106,89144.08
INV006817,126509,105,10965.0
INV006827,116596,104,2958.0
INV006372,136010,106,3800.0
INV007952,125301,101,9690.0
INV001087,136424,105,3750.0
INV006619,109521,106,31620.0
INV013834,116219,102,3038.0
INV006102,119722,102,5684.0
INV007313,124402,105,28420.0
INV006871,151264,107,3800.0
INV004349,141812,103,37500.0
INV009237,137198,108,21500.0
INV011977,156565,108,5916.0
INV014504,121351,108,28560.0
INV018143,132518,101,14210.0
INV003587,112247,107,115000.0
INV002404,114713,104,62000.0
INV001858,134931,105,117300.0
INV009792,146906,101,23000.0
INV001338,113055,101,63240.0
INV000692,125168,108,1938.0
INV000809,110737,104,10750.0
INV010752,146226,107,8600.0
INV019240,156947,104,2958.0
INV012930,132316,108,8772.0
INV011616,125455,106,62000.0
INV002121,137295,108,5865.0
INV009288,153077,103,5750.0
INV001938,160588,105,38000.0
INV017213,159456,108,15500.0
INV011282,128273,107,11270.0
INV011524,115753,104,5916.0
INV014331,153255,106,5800.0
INV017999,146105,108,1900.0
INV002889,150602,102,28000.0
INV017370,109770,101,15300.0
INV002782,108738,107,28560.0
INV015261,136938,107,3876.0
INV014727,105811,108,12400.0
INV019951,996718,107,47295.86
INV013745,130015,102,112700.0
INV015875,100462,108,3825.0
INV004508,105419,104,5800.0
INV007125,141974,107,1421.0
INV012467,151609,102,42140.0
INV009925,151048,108,60760.0
INV004809,111918,102,15500.0
INV011278,132617,108,57500.0
INV016346,161410,105,11270.0
INV009478,157342,104,11270.0
INV012268,116825,106,38250.0
INV006087,165822,107,14500.0
INV016223,120575,103,6200.0
INV012707,143066,102,21500.0
INV017075,119251,107,30380.0
INV003044,101603,105,140000.0
INV002036,112780,105,38250.0
INV019507,961982,106,49234.94
INV012102,166176,105,1450.0
INV001018,135751,107,12152.0
INV005209,127212,105,7350.0
INV006227,107154,105,2958.0
INV002341,155486,101,8600.0
INV014332,130136,105,71400.0
INV015177,115432,107,28000.0
INV011443,119568,101,1450.0
INV000758,127574,108,70000.0
INV016624,124877,104,4300.0
INV014905,144059,107,35700.0
INV017186,108674,106,4300.0
INV000760,123485,106,14000.0
INV018569,101367,104,34300.0
INV015940,118170,102,115000.0
INV002949,108615,108,7105.0
INV000343,163630,104,1450.0
INV008812,133103,102,115000.0
INV014983,136356,102,15500.0
INV014725,113566,104,3750.0
INV006330,122322,101,7600.0
INV008874,133518,108,28175.0
INV015996,165099,107,8428.0
INV000886,128911,107,11500.0
INV007485,161680,106,3825.0
INV011820,153704,102,2150.0
INV001611,148243,102,29000.0
INV002946,134257,104,14790.0
INV019526,908653,103,2264.34
INV001640,129615,102,5750.0
INV008589,160460,104,22540.0
INV018535,154277,101,36750.0
INV014569,145536,106,23000.0
INV006951,118843,108,10535.0
INV011962,105280,105,7448.0
INV003983,130879,103,43860.0
INV011647,139489,102,5684.0
INV004068,149102,107,76500.0
INV013304,153478,102,5916.0
INV019748,960187,107,65473.83
INV001627,131369,105,14000.0
INV007215,162078,108,1421.0
INV000830,103848,108,3100.0
INV017889,100927,102,117300.0
INV006323,149447,101,3750.0
INV015608,147857,103,1900.0
INV001780,101584,105,43000.0
INV011861,137802,107,14500.0
INV019374,136661,102,29325.0
INV008517,144812,102,70000.0
INV013376,110632,106,31620.0
INV005109,123284,107,14790.0
INV016778,110736,106,3675.0
INV003762,151469,101,57500.0
INV000967,108775,106,62000.0
INV011912,146595,106,35000.0
INV005082,163079,105,7600.0
INV006377,100559,108,21070.0
INV013104,141493,106,9690.0
INV006585,143178,101,22540.0
INV015586,159454,108,38000.0
INV014873,146964,106,15000.0
INV004475,128405,104,11270.0
INV000155,135396,107,70000.0
INV006076,125721,105,43860.0
INV007348,131593,108,14500.0
INV017188,158592,101,7500.0
INV012372,140276,105,70000.0
INV016890,118820,106,6200.0
INV016466,118818,108,29000.0
INV002691,125987,105,68600.0
INV000345,123005,106,15500.0
INV005197,142180,103,7000.0
INV012688,143008,101,6076.0
INV017127,125669,108,3100.0
INV006320,148897,101,28000.0
INV015821,158158,105,28750.0
INV013418,120238,101,1900.0
INV010551,122982,102,3100.0
INV016772,147337,102,5750.0
INV009362,152658,107,10750.0
INV017301,163219,104,35700.0
INV007566,165888,104,3724.0
INV002507,106484,108,11500.0
INV008148,142211,102,62000.0
INV015134,156396,104,8772.0
INV010558,163444,103,28560.0
INV007012,137554,101,28750.0
INV007535,150971,104,12152.0
INV009293,116501,107,2150.0
INV017037,158249,105,28750.0
INV006131,155772,104,29325.0
INV018593,102906,103,3100.0
INV005111,105123,103,31000.0
INV007459,128931,103,63240.0
INV013472,114714,103,38250.0
INV002703,124114,104,2958.0
INV007681,151642,106,7500.0
INV012431,138330,105,6200.0
INV006763,117891,105,140000.0
INV007519,128351,103,2842.0
INV012337,124997,107,9690.0
INV009581,141539,107,11270.0
INV008313,111619,102,9500.0
INV009485,109932,101,29325.0
INV000069,140100,108,38000.0
INV010982,166652,108,9690.0
INV012605,147507,104,28000.0
INV009211,106430,102,43000.0
INV011507,104175,108,28420.0
INV016713,101106,102,29000.0
INV004828,150733,107,2150.0
INV005608,159164,104,1450.0
INV013660,164267,108,12648.0
INV012006,129873,102,11500.0
INV013557,119410,105,21500.0
INV005146,120772,102,14000.0
INV005482,105340,108,7250.0
INV001690,146331,103,2150.0
INV009530,114850,106,7250.0
INV018045,144814,104,10750.0
INV002062,108096,106,7395.0
INV005245,105162,103,31620.0
INV002759,150305,103,76500.0
INV008739,102424,101,7600.0
INV018128,161346,105,10750.0
INV000306,120141,108,11500.0
INV016929,102699,101,7752.0
INV015594,109922,102,9500.0
INV006953,127617,102,3800.0
INV008948,157159,106,15000.0
INV018640,145072,108,15190.0
INV010745,118799,105,3800.0
INV006706,123601,106,19125.0
INV008212,138911,104,37500.0
INV008089,115503,107,15300.0
INV009779,143851,104,3800.0
INV016000,157400,101,1421.0
INV011131,107610,104,3750.0
INV014724,111887,106,37240.0
INV000378,143399,108,1900.0
INV011409,126459,102,14210.0
INV013631,114782,103,1900.0
INV009046,110959,106,19000.0
INV005376,108149,107,70000.0
INV008815,145901,105,35000.0
INV003012,146384,101,14280.0
INV013202,148960,104,14280.0
INV007977,132842,103,14000.0
INV013496,126253,101,1900.0
INV001033,111719,105,75000.0
INV007533,152069,107,15500.0
INV001111,144711,108,15300.0
INV018462,113046,106,3100.0
INV009014,131326,105,13720.0
INV019363,157646,105,12400.0
INV006955,132757,105,3675.0
INV019437,126991,107,31000.0
INV003309,118486,106,43860.0
INV007738,165633,108,7500.0
INV003994,127225,108,140000.0
INV008457,120020,105,3100.0
INV009162,123009,102,56350.0
INV013382,112772,106,14210.0
INV007670,124711,105,57500.0
INV010931,129094,102,14790.0
INV001117,130391,101,8772.0
INV019762,908538,101,60574.35
INV018967,154171,107,5635.0
INV008841,145427,103,1450.0
INV009869,154648,108,3100.0
INV001508,128818,107,43000.0
INV005345,146904,104,14000.0
INV004560,158177,102,21930.0
INV018317,158635,103,7250.0
INV009182,117820,103,7250.0
INV004937,136096,108,71400.0
INV001377,120174,102,38000.0
INV000567,102018,106,2150.0
INV019167,143423,108,5865.0
INV018533,128603,101,57500.0
INV017911,147732,108,10535.0
INV004026,143313,107,14210.0
INV010649,110238,101,1938.0
INV019493,143688,105,11500.0
INV006900,114405,103,142800.0
INV007555,127325,107,4300.0
INV000552,166100,104,19000.0
INV009636,142326,103,4300.0
INV007475,130309,105,28750.0
INV007993,122290,106,1900.0
INV016236,142971,101,1862.0
INV002798,118603,105,1450.0
INV009563,111485,108,35000.0
INV002541,117598,107,19000.0
INV016761,142974,108,7448.0
INV006821,144880,108,70000.0
INV017072,129210,104,31000.0
INV019700,992704,105,25654.91
INV001233,164074,105,4300.0
INV007819,119344,108,19125.0
INV005594,129314,106,7600.0
INV002872,125988,107,3100.0
INV007087,158388,104,6324.0
INV007878,144217,104,12400.0
INV001246,149587,102,13720.0
INV015311,135766,104,11270.0
INV012961,145314,104,7395.0
INV012823,119046,101,15500.0
INV001280,126584,103,10535.0
INV016069,140350,103,4386.0
INV003480,115553,107,140000.0
INV018266,119398,106,31000.0
INV001518,104920,102,9500.0
INV000849,100330,102,8600.0
INV011705,118297,107,38000.0
INV004306,158362,104,2150.0
INV016607,133175,102,3675.0
INV000814,157233,108,30380.0
INV003724,123963,105,31000.0
INV014193,144452,106,7600.0
INV014478,121889,101,36750.0
INV010478,147719,104,3876.0
INV002136,127918,102,117300.0
INV018114,109530,102,35000.0
INV006483,116026,108,37500.0
INV015839,145782,103,3876.0
INV011844,134355,106,9310.0
INV014815,135380,101,2842.0
INV003364,125826,106,3100.0
INV019510,912675,106,71708.11
INV012123,121988,103,21930.0
INV001400,142621,108,3100.0
INV006240,116751,105,38000.0
INV018620,123336,104,5916.0
INV009939,122760,101,75000.0
INV004014,143323,107,14790.0
INV012441,111142,102,43000.0
INV011862,127569,101,38000.0
INV019527,968915,107,27697.99
INV006513,166288,107,7140.0
INV006768,157223,102,3100.0
INV007895,163301,102,18750.0
INV013190,115507,107,12400.0
INV005469,127013,107,3800.0
INV007034,153849,105,57500.0
INV002316,121228,107,18750.0
INV003418,140441,105,8772.0
INV006517,159829,104,11270.0
INV008543,159681,105,7250.0
INV016794,128806,102,70000.0
INV006786,135536,108,2900.0
INV007305,109352,102,21500.0
INV000867,126516,105,8772.0
INV009239,152410,101,2150.0
INV017511,115661,107,1450.0
INV000820,109784,103,19380.0
INV016967,165789,106,1862.0
INV003130,100124,104,76500.0
INV018248,151233,107,7500.0
INV006980,143879,104,43000.0
INV001763,143869,102,5800.0
INV011864,164347,101,9690.0
INV000492,133178,103,38250.0
INV000910,151197,104,5635.0
INV009092,149918,103,11270.0
INV011714,159852,104,18750.0
INV018008,158561,101,11500.0
INV001582,148605,101,15810.0
INV018357,128880,107,140000.0
INV019729,972385,108,44552.09
INV015840,102406,101,58650.0
INV005137,141881,103,14000.0
INV013915,102685,105,1900.0
INV009986,154992,107,7500.0
INV013569,108362,101,8600.0
INV004679,156803,106,3750.0
INV013205,100170,104,10750.0
INV005523,122445,103,2900.0
INV003592,147128,103,5800.0
INV016476,162051,104,43860.0
INV015088,155998,108,14000.0
INV001664,125055,102,7140.0
INV003398,128683,103,3750.0
INV017952,165730,105,62000.0
INV005013,110751,105,29000.0
INV016090,107315,108,4300.0
INV011354,158196,108,7752.0
INV006166,109273,103,7250.0
INV007872,103003,103,5800.0
INV015709,104705,102,38000.0
INV001082,109135,105,21500.0
INV000195,140067,108,62000.0
INV008606,113088,108,3675.0
INV010367,133754,103,9500.0
INV008917,144974,104,14500.0
INV017815,144369,101,73500.0
INV010840,142632,104,23460.0
INV011750,159222,101,4214.0
INV009349,120437,104,7250.0
INV016953,162418,108,7650.0
INV001454,111886,107,3038.0
INV019914,914200,108,86440.48
INV016124,118139,104,43000.0
INV015046,125908,107,9310.0
INV008470,111652,106,142800.0
INV015859,159530,103,8600.0
INV019604,993456,103,26381.28
INV011930,152557,102,22540.0
INV014906,141778,106,38000.0
INV001913,117485,105,6200.0
INV006300,149164,101,4300.0
INV012711,110544,103,9690.0
INV014179,139267,103,38250.0
INV006990,133637,107,5684.0
INV018595,136641,102,29000.0
INV007008,116932,105,10750.0
INV009693,146472,101,34300.0
INV015907,113612,101,14000.0
INV015867,157200,103,28000.0
INV005250,101611,105,21500.0
INV001364,163679,104,2842.0
INV002114,160324,107,38000.0
INV016840,113383,103,137200.0
INV011321,112025,102,5750.0
INV004002,111765,102,29325.0
INV008735,148747,106,9500.0
INV017051,129279,107,8600.0
INV005744,124580,106,35000.0
INV011310,113447,105,8600.0
INV008203,145678,107,7000.0
INV017354,103135,104,35700.0
INV019120,152690,101,29580.0
INV006557,162376,104,18750.0
INV007439,107033,102,75000.0
INV014893,101181,103,1938.0
INV004907,116148,102,27440.0
INV001221,159452,101,2900.0
INV008678,111181,101,23000.0
INV000729,160833,103,15500.0
INV013983,157057,108,15000.0
INV010602,135206,108,3825.0
INV008304,147743,104,3100.0
INV013930,108578,104,7600.0
INV013240,149994,107,7600.0
INV018812,107491,103,7250.0
INV003056,157566,106,37240.0
INV002189,124253,107,12400.0
INV015912,105563,106,12648.0
INV000279,100523,103,31000.0
INV002358,115427,106,140000.0
INV009700,152749,105,43000.0
INV000694,117090,102,15000.0
INV008014,118876,108,6200.0
INV018026,129709,107,29325.0
INV017555,155531,107,58650.0
INV002292,122053,107,117300.0
INV004942,159826,104,38000.0
INV015285,122309,104,57500.0
INV016378,128984,102,1479.0
INV005650,135861,107,38760.0
INV015669,158881,102,37500.0
INV019144,141914,102,117300.0
INV005819,123124,108,13720.0
INV009952,126206,101,18620.0
INV012534,121301,104,28750.0
INV019702,987059,107,8648.65
INV004178,146715,104,14210.0
INV002736,131364,107,115000.0
INV001776,104538,101,29325.0
INV012134,123192,107,11500.0
INV006025,144607,103,15810.0
INV008198,139952,108,62000.0
INV010260,150148,105,19000.0
INV008125,164007,107,37500.0
INV000661,113990,107,31620.0
INV003008,117256,105,21500.0
INV010200,126881,105,29000.0
INV009604,118539,102,3800.0
INV000923,110125,108,6324.0
INV018270,148882,102,1479.0
INV019488,109031,102,6200.0
INV009769,129429,108,7500.0
INV014339,131068,105,15190.0
INV013340,100426,107,43000.0
INV008112,113753,104,37500.0
INV019995,930531,103,75100.18
INV004005,122776,107,9690.0
INV005806,122057,107,3100.0
INV012462,104173,101,37240.0
INV009358,149032,108,15000.0
INV001273,115926,102,3800.0
INV000855,151032,106,19000.0
INV016083,112112,103,57500.0
INV016116,126725,103,2842.0
INV017627,123515,104,31000.0
INV016433,150665,101,23000.0
INV016725,121720,108,8600.0
INV007081,154391,104,37240.0
INV001488,154202,108,3825.0
INV013069,110479,104,6860.0
INV010356,148604,104,9310.0
INV011665,123066,105,62000.0
INV014512,165165,105,12648.0
INV018609,126604,102,3750.0
INV010625,109613,103,3876.0
INV015538,105448,104,37500.0
INV000562,158347,107,3800.0
INV015082,105040,102,19000.0
INV016787,116136,102,1938.0
INV010090,151919,101,140000.0
INV014880,144268,104,14280.0
INV016408,146875,108,4386.0
INV015524,101253,107,2150.0
INV011800,157279,103,37500.0
INV005186,101560,102,140000.0
INV001425,156571,107,3724.0
INV008830,159062,103,15190.0
INV008142,119847,101,3750.0
INV000305,143984,106,19000.0
INV000799,139501,105,1421.0
INV017307,106566,105,15000.0
INV013498,143456,104,21500.0
INV018089,109060,108,7105.0
INV002180,129033,107,28000.0
INV005714,113081,104,5916.0
INV000318,142135,106,75000.0
INV006192,140692,106,12400.0
INV018608,141158,107,43000.0
INV014400,123855,105,5750.0
INV017411,151702,102,9500.0
INV003096,108772,104,7752.0
INV003754,153024,104,31000.0
INV005917,105113,101,29000.0
INV007761,142453,104,5750.0
INV007968,124110,103,5800.0
INV013200,142852,101,31000.0
INV015157,160541,105,28750.0
INV011096,137182,103,31000.0
INV011283,132328,105,14000.0
INV004482,119033,101,60760.0
INV000425,144215,106,11500.0
INV006582,151385,102,117300.0
INV003125,101265,108,11500.0
INV019498,124454,103,21070.0
INV007233,116200,104,37500.0
INV019948,986223,106,85707.45
INV012140,117581,103,7600.0
INV005202,143213,104,11500.0
INV008446,125877,106,21930.0
INV012709,143107,106,12400.0
INV014585,121264,101,3750.0
INV004624,108575,108,115000.0
INV014410,143800,106,19000.0
INV005573,147980,108,5635.0
INV008746,147460,103,62000.0
INV019327,110732,102,38000.0
INV002606,103234,101,38000.0
INV018498,148944,104,3800.0
INV005890,155150,103,37240.0
INV013133,138847,105,21500.0
INV000625,139303,108,15000.0
INV016032,132570,106,21500.0
INV003682,124795,104,2193.0
INV005668,123331,107,7140.0
INV007193,107187,107,14000.0
INV004530,142779,106,63240.0
INV000869,110649,104,18750.0
INV009750,119614,103,75000.0
INV018319,116275,102,5750.0
INV004894,128380,106,21500.0
INV010230,114594,105,140000.0
INV007739,155514,102,62000.0
INV014283,134774,103,11270.0
INV016520,156187,106,28750.0
INV014359,160589,105,4300.0
INV019969,935121,103,65891.87
INV000221,101913,102,7448.0
INV012562,114767,107,19380.0
INV003818,163299,104,21500.0
INV000523,116470,103,29000.0
INV006344,166163,104,3100.0
INV008857,132549,105,21500.0
INV015240,122763,102,7250.0
INV013532,119309,104,70000.0
INV001808,141356,108,2900.0
INV011268,121160,101,43860.0
INV012855,107301,108,23000.0
INV003645,161424,103,115000.0
INV004126,154027,108,10750.0
INV008300,121376,104,4300.0
INV003633,104190,108,7000.0
INV001513,162117,107,5635.0
INV003659,106029,101,137200.0
INV018803,130161,102,11730.0
INV004853,116957,103,2900.0
INV018313,117913,107,27440.0
INV002840,114912,108,8600.0
INV002109,139348,101,8600.0
INV000148,107006,103,7650.0
INV000679,110372,102,19000.0
INV013818,114971,105,3800.0
INV005922,105362,106,15500.0
INV016519,113127,108,15500.0
INV008416,122284,106,37500.0
INV019884,994180,105,51269.88
INV011991,134282,102,7000.0
INV003586,125717,103,57500.0
INV012601,149945,101,2900.0
INV018506,127512,104,29000.0
INV000423,126829,105,38000.0
INV002344,102870,102,37500.0
INV009136,141926,105,4386.0
INV016410,102580,108,12400.0
INV016231,144527,105,42140.0
INV001948,121714,104,56350.0
INV007580,113172,101,117300.0
INV001071,155675,107,8600.0
INV017499,122939,105,5800.0
INV017757,132439,106,11500.0
INV016546,123445,107,30380.0
INV012550,145620,108,2900.0
INV012011,146305,106,21500.0
INV018790,159630,107,3100.0
INV000582,153241,107,56350.0
INV003151,107165,102,117300.0
INV008912,148506,104,115000.0
INV009535,137426,105,7500.0
INV010773,122133,106,21070.0
INV018847,141216,108,37500.0
INV002301,148077,101,7350.0
INV006691,140128,107,15500.0
INV000577,141399,101,15190.0
INV006392,155895,104,31000.0
INV009058,139885,105,5750.0
INV011258,133482,103,14790.0
INV012328,147231,105,9690.0
INV019462,108438,105,9500.0
INV013605,156394,102,70000.0
INV003114,150820,105,5750.0
INV015319,151773,107,1900.0
INV006748,103432,102,5800.0
INV008331,145252,108,3100.0
INV005085,123825,104,23000.0
INV019349,159467,106,7000.0
INV002859,165732,102,29000.0
INV017454,125403,105,115000.0
INV000561,134767,108,142800.0
INV016212,164951,103,15500.0
INV012235,137604,104,3750.0
INV015601,108804,104,5750.0
INV013812,101055,106,9500.0
INV014288,114457,105,63240.0
INV010559,114885,106,14280.0
INV007490,126871,108,29000.0
INV007384,113218,104,3100.0
INV009147,136310,107,15300.0
INV000062,139034,103,8600.0
INV007046,104383,105,4300.0
INV009538,161700,106,3825.0
INV015487,128797,101,7250.0
INV008334,101437,101,63240.0
INV012511,121076,102,70000.0
INV014209,103543,108,9500.0
INV017091,106461,107,5684.0
INV007650,109638,105,23460.0
INV008692,117970,107,115000.0
INV008265,128694,103,10750.0
INV006094,155922,105,7448.0
INV012637,141948,101,9310.0
INV003272,128592,102,7250.0
INV007593,154236,108,2842.0
INV013391,113888,103,35700.0
INV013639,107345,108,14000.0
INV018605,150376,108,7600.0
INV005534,151869,108,15000.0
INV001417,130727,101,18375.0
INV000230,130491,104,38250.0
INV013283,143834,108,38000.0
INV013841,145093,101,62000.0
INV009483,147670,104,112700.0
INV010361,148201,102,5916.0
INV014836,104484,106,23000.0
INV011699,112948,108,57500.0
INV017295,142349,106,57500.0
INV007963,115591,101,1900.0
INV016197,150840,104,9500.0
INV010113,103880,104,3800.0
INV016234,142970,107,31000.0
INV004194,116276,102,29325.0
INV001612,123526,107,9500.0
INV014322,142492,103,14500.0
INV000449,118110,108,35700.0
INV009719,113676,101,3750.0
INV004315,164142,104,36750.0
INV017617,135343,103,5865.0
INV003208,100242,108,14000.0
INV009234,158467,108,6200.0
INV013541,113882,106,1862.0
INV011922,135491,105,31000.0
INV007953,130774,104,115000.0
INV004567,100198,102,18750.0
INV011848,137518,106,28750.0
INV005434,107690,103,35700.0
INV018614,147915,101,12400.0
INV009775,146514,104,11730.0
INV010161,157922,103,4300.0
INV018592,150022,106,2193.0
INV006132,107592,103,31000.0
INV018659,118413,102,7000.0
INV008799,155049,106,37500.0
INV000313,162403,105,2900.0
INV014177,133674,105,4300.0
INV010795,131390,107,3100.0
INV015416,149977,102,18750.0
INV012769,100040,107,7250.0
INV004817,129338,103,28175.0
INV005748,156085,103,5916.0
INV005150,161375,107,10965.0
INV009509,144477,106,10750.0
INV009745,152789,104,12400.0
INV005215,127869,101,7250.0
INV004813,161884,105,57500.0
INV001161,133543,106,71400.0
INV013424,130982,104,19000.0
INV009715,159278,102,19000.0
INV012641,165776,101,6200.0
INV012474,118311,104,3825.0
INV005004,111802,104,2150.0
INV016572,127489,107,62000.0
INV006184,155939,108,7000.0
INV002463,139890,107,12400.0
INV002104,161383,101,28420.0
INV002477,127600,102,10535.0
INV016042,125065,103,37500.0
INV014182,145220,103,8600.0
INV000089,149875,103,28750.0
INV017098,118174,101,31000.0
INV019159,162497,101,7600.0
INV015178,129688,103,23460.0
INV005803,145954,106,6200.0
INV002784,133988,108,12400.0
INV002048,140128,104,7752.0
INV009600,100243,107,8428.0
INV007586,142736,108,8600.0
INV007026,153758,101,6076.0
INV006504,165702,106,60760.0
INV016452,149327,104,63240.0
INV015818,110399,105,23460.0
INV019232,152037,103,3800.0
INV004802,142172,105,23000.0
INV002827,138886,104,8600.0
INV018791,130616,107,29000.0
INV002160,166323,105,3825.0
INV002253,100206,105,9500.0
INV002039,161090,103,63240.0
INV003113,104359,102,73500.0
INV000779,138485,103,37500.0
INV002948,160882,108,7350.0
INV002895,157194,103,37500.0
INV012660,126183,105,1900.0
INV009619,128113,108,6860.0
INV000982,149123,103,15500.0
INV019307,127222,101,14000.0
INV013005,164309,102,7752.0
INV012480,107830,108,62000.0
INV016834,166660,107,7250.0
INV001756,165217,104,4386.0
INV012518,133526,105,10965.0
INV007392,130975,106,4300.0
INV015032,158684,104,62000.0
INV006316,111031,107,57500.0
INV006390,140566,102,21930.0
INV014682,111059,104,5750.0
INV012970,126012,102,37500.0
INV010766,150365,108,6076.0
INV006374,131796,107,35000.0
INV004111,138123,103,15500.0
INV003745,139478,105,12400.0
INV001916,135005,102,28000.0
INV010741,112302,104,71400.0
INV017716,154184,108,18750.0
INV019738,975751,107,5735.87
INV005697,154771,104,28560.0
INV000644,156476,106,5684.0
INV017968,157622,101,10750.0
INV010719,113687,106,3800.0
INV006807,154699,106,117300.0
INV013529,154522,105,42140.0
INV012499,145398,105,21070.0
INV017045,122047,103,3750.0
INV018031,141075,104,2900.0
INV018444,131421,107,21070.0
INV005262,156594,105,19125.0
INV009653,151299,107,15000.0
INV019545,924177,108,56760.77
INV008016,133650,104,18750.0
INV009621,166651,104,11270.0
INV007091,107713,106,2150.0
INV019123,108055,106,14790.0
INV009505,135622,105,8600.0
INV010154,133414,102,142800.0
INV004823,139282,108,19125.0
INV008340,108626,104,7000.0
INV017784,110349,104,29000.0
INV016633,158793,108,21500.0
INV016080,158759,101,23000.0
INV019708,912273,104,79679.84
INV007173,158527,103,12400.0
INV002979,131944,103,7500.0
INV015106,117534,102,6324.0
INV019653,996859,106,60816.14
INV013985,154610,107,3162.0
INV017637,140685,107,2900.0
INV004939,116143,105,37500.0
INV012228,149079,106,70000.0
INV007889,129201,101,23000.0
INV019671,985760,102,14624.08
INV009261,117898,104,5750.0
INV006151,138346,104,15500.0
INV008778,158204,104,7000.0
INV005651,144375,101,21070.0
INV002816,124137,106,2900.0
INV019403,104186,101,31000.0
INV016611,157951,104,23460.0
INV001882,155115,108,2900.0
INV010993,113213,107,5635.0
INV013991,126400,104,23000.0
INV002955,111179,101,63240.0
INV003209,121955,108,21500.0
INV004397,146819,105,70000.0
INV003756,112486,108,9310.0
INV019501,911911,104,50692.05
INV004675,132649,107,14210.0
INV013296,141889,108,19380.0
INV016765,133191,107,10750.0
INV015970,119301,107,31620.0
INV014286,106686,108,70000.0
INV003340,143838,106,28175.0
INV013173,163401,103,1900.0
INV000260,148174,108,3750.0
INV018170,157906,101,15190.0
INV000145,145357,105,73500.0
INV009365,159890,106,7600.0
INV010925,131085,107,4386.0
INV002681,112196,108,37500.0
INV017245,105249,107,3800.0
INV002628,114809,102,19380.0
INV000588,115259,108,14500.0
INV013217,106570,106,1450.0
INV011916,141412,103,37240.0
INV012450,132714,104,115000.0
INV002522,110881,105,28750.0
INV005524,161643,101,2900.0
INV001085,144573,105,7000.0
INV006057,114130,105,2150.0
INV000773,103734,102,9500.0
INV005889,120976,106,14280.0
INV004970,130104,102,56350.0
INV009009,128126,103,19125.0
INV000605,165985,104,9500.0
INV012746,123653,102,9690.0
INV008413,138747,103,3750.0
INV016008,114930,102,7250.0
INV010330,145066,108,2107.0
INV017487,143514,107,8600.0
INV018704,135413,102,1450.0
INV001384,105108,104,5865.0
INV004154,114156,108,13720.0
INV003361,148595,102,12152.0
INV000298,105477,103,31620.0
INV004208,157920,106,8772.0
INV016014,162885,103,38000.0
INV001738,138959,107,8600.0
INV015160,123742,102,1450.0
INV010495,100321,106,14280.0
INV007486,107763,102,15500.0
INV000350,103425,101,21930.0
INV005201,159475,104,3038.0
INV002353,140876,101,28420.0
INV013688,142799,101,14500.0
INV004239,152039,102,7448.0
INV015233,144819,105,137200.0
INV015656,100720,102,43000.0
INV008147,116320,103,30380.0
INV011454,155253,101,15500.0
INV011294,100103,108,7500.0
INV019018,100362,107,3750.0
INV016728,150381,106,14700.0
INV004473,118514,108,7140.0
INV014843,133227,105,38000.0
INV001408,146727,102,75000.0
INV010225,163359,105,7000.0
INV012944,138383,102,43000.0
INV016978,120213,108,4300.0
INV000811,114392,105,142800.0
INV003477,108206,106,18750.0
INV010506,125824,104,2150.0
INV011327,109167,108,5865.0
INV007170,138133,107,11730.0
INV019097,111820,107,73500.0
INV018570,165142,106,12400.0
INV018557,112449,105,11730.0
INV013817,136510,104,38000.0
INV008540,140102,106,14790.0
INV018331,132656,101,14790.0
INV013141,141699,101,11500.0
INV008545,136066,104,38000.0
INV019324,103024,101,14000.0
INV004210,100693,105,14280.0
INV001797,122008,102,7000.0
INV013197,127485,106,37500.0
INV016701,131249,104,43860.0
INV010587,124785,107,28750.0
INV011806,156166,103,37240.0
INV015451,113219,102,14280.0
INV012804,144083,106,1421.0
INV000819,131551,102,37240.0
INV015624,136951,105,2107.0
INV009892,134980,102,23000.0
INV002858,150476,107,75000.0
INV016034,139070,105,68600.0
INV006248,101772,101,63240.0
INV005921,166523,102,42140.0
INV014298,111471,105,12400.0
INV007585,126454,108,31000.0
INV012644,105257,102,4214.0
INV018211,140431,108,38000.0
INV019153,150744,103,3675.0
INV012049,120790,105,18750.0
INV005107,124648,104,37500.0
INV009752,135562,106,3100.0
INV010231,137325,105,3750.0
INV006689,157613,101,142800.0
INV017128,131624,102,3100.0
INV004468,131535,104,35700.0
INV009637,162588,108,5635.0
INV015188,114869,101,7395.0
INV019336,116254,103,6860.0
INV006343,153700,104,38760.0
INV008619,157956,107,28000.0
INV005339,162673,104,7600.0
INV014450,120115,101,3800.0
INV008714,140078,102,60760.0
INV009617,137521,103,2150.0
INV006831,165820,106,15500.0
INV010920,145425,101,28175.0
INV011087,115364,105,35000.0
INV009368,109190,102,3038.0
INV012607,147242,106,28750.0
INV008829,122508,106,38250.0
INV008165,136351,105,31000.0
INV009379,118757,104,7395.0
INV009081,120025,107,8600.0
INV018938,112011,105,34300.0
INV006593,133857,101,1450.0
INV012875,161209,102,2900.0
INV001480,102196,104,15300.0
INV001031,157099,104,19000.0
INV008088,159016,103,18750.0
INV003630,155731,106,23000.0
INV010785,133017,101,12400.0
INV010390,100647,105,14500.0
INV008865,163914,105,19000.0
INV014205,103475,106,11500.0
INV007529,102526,101,10750.0
INV006452,162175,103,75000.0
INV008656,121321,101,3162.0
INV015265,161452,108,3100.0
INV013707,152969,107,7650.0
INV007374,124002,101,7752.0
INV010263,136847,103,5916.0
INV011032,113951,102,71400.0
INV002814,121914,105,8428.0
INV018527,100979,102,11730.0
INV012265,157618,105,3750.0
INV009969,156290,103,5750.0
INV002924,128800,108,15810.0
INV002868,158942,107,5750.0
INV018558,152033,107,19380.0
INV000986,117963,106,18375.0
INV008902,166041,107,6200.0
INV000831,137659,108,7250.0
INV017230,158874,102,43860.0
INV001815,154099,103,43000.0
INV004106,113488,101,1450.0
INV007571,113722,103,38000.0
INV003236,165874,106,2150.0
INV010254,124689,103,9500.0
INV003827,126767,104,35000.0
INV018426,101941,102,70000.0
INV000399,128598,104,3800.0
INV012284,105103,102,37500.0
INV014116,131904,104,29000.0
INV015024,156739,104,7140.0
INV018058,147761,104,3750.0
INV012977,158482,104,7448.0
INV006868,164399,108,37500.0
INV019367,154362,106,35700.0
INV003335,128470,101,2150.0
INV000528,120960,108,7600.0
INV019540,990054,105,34450.69
INV014377,128496,103,1479.0
INV013621,109602,108,137200.0
INV006643,165659,103,37240.0
INV011855,119875,102,3800.0
INV004831,147923,104,76500.0
INV012975,103881,105,56350.0
INV012750,108792,108,9500.0
INV018274,107219,104,8772.0
INV017943,147869,101,3724.0
INV017258,132765,103,6200.0
INV002519,153530,101,14500.0
INV009515,127547,103,15000.0
INV007646,160679,108,142800.0
INV007394,165229,104,9690.0
INV004827,157852,104,43000.0
INV004429,125756,105,6200.0
INV013086,128621,105,28750.0
INV010336,101714,107,140000.0
INV018989,165322,108,22540.0
INV012469,150507,108,5635.0
INV012301,119968,106,18750.0
INV018113,116819,102,2150.0
INV004015,125798,106,15000.0
INV009359,132980,101,5750.0
INV013482,100100,105,7650.0
INV011686,146912,104,35000.0
INV018662,130651,102,30380.0
INV006770,108919,105,75000.0
INV008177,137979,107,13720.0
INV011193,145876,102,35000.0
INV004556,138642,101,1450.0
INV003688,155596,105,19000.0
INV005263,154758,104,57500.0
INV012985,131866,104,3100.0
INV019810,927808,107,17970.08
INV015924,114409,105,29580.0
INV002194,116426,106,137200.0
INV006360,131904,107,36750.0
INV019480,136473,106,3825.0
INV014498,148916,104,115000.0
INV005891,108206,108,2193.0
INV014592,138896,102,7600.0
INV017865,127351,106,3876.0
INV002936,130312,105,3724.0
INV018895,131473,105,8600.0
INV007931,129031,102,3750.0
INV017584,130630,104,9500.0
INV015075,143633,106,38000.0
INV014609,122842,107,13720.0
INV009208,105616,104,68600.0
INV004606,123178,102,10750.0
INV000512,139194,102,21500.0
INV007930,139548,105,2842.0
INV003049,122516,107,137200.0
INV011255,112031,102,6200.0
INV007499,116982,104,1900.0
INV014543,102753,101,56350.0
INV008652,110737,106,6200.0
INV018651,103698,106,14000.0
INV012531,153858,107,14500.0
INV009649,144905,107,9500.0
INV019664,965059,102,50882.56
INV008560,119164,105,60760.0
INV008160,119492,106,7250.0
INV002954,153047,101,4214.0
INV019523,931824,106,38354.04
INV018469,143288,106,6200.0
INV003033,135489,102,1450.0
INV017984,145558,108,1862.0
INV000314,112722,107,5750.0
INV007871,164056,106,27440.0
INV015603,106521,104,21500.0
INV009695,160990,104,9500.0
INV003164,103044,106,38250.0
INV005042,138340,107,2900.0
INV002050,106076,102,6200.0
INV016653,124592,105,19000.0
INV017286,108573,102,6200.0
INV018748,116675,106,5750.0
INV017445,124571,102,7140.0
INV004288,115305,101,21500.0
INV000099,109394,107,7752.0
INV012324,139709,106,2193.0
INV005361,146410,106,1450.0
INV016684,112572,104,14000.0
INV009553,100955,107,1900.0
INV007974,136942,107,29325.0
INV009566,161080,102,28560.0
INV007196,119478,101,2150.0
INV007698,106124,101,14500.0
INV018191,109243,107,21500.0
INV008271,117483,102,14500.0
INV011550,152483,101,36750.0
INV014648,163461,101,8600.0
INV017453,119465,101,37500.0
INV015969,139750,108,28000.0
INV013180,162836,107,38000.0
INV002461,109159,101,1862.0
INV005564,118927,108,29580.0
INV009676,133762,101,28750.0
INV000334,132214,104,1479.0
INV018074,117543,108,5750.0
INV008490,107595,101,70000.0
INV002867,148728,102,35000.0
INV004072,154625,107,38760.0
INV017139,130281,106,28000.0
INV015765,159248,102,63240.0
INV017080,163772,101,38000.0
INV010094,129866,105,3100.0
INV016291,130287,106,70000.0
INV006516,131604,104,10750.0
INV007325,122986,108,7000.0
INV015831,116192,102,28750.0
INV016924,130378,105,7000.0
INV015938,145715,104,115000.0
INV004571,121022,103,38000.0
INV003291,121866,101,8772.0
INV009120,114619,103,5750.0
INV012321,111495,107,28175.0
INV004696,148984,107,5800.0
INV019530,901071,104,46778.97
INV016672,133771,103,4300.0
INV004642,124806,106,3750.0
INV008964,101811,107,63240.0
INV008525,142100,104,75000.0
INV018999,113019,102,3100.0
INV016361,137998,107,9500.0
INV005317,166435,104,12400.0
INV006727,145799,105,7250.0
INV004757,132445,105,28560.0
INV009088,144525,107,38250.0
INV000245,112164,104,15810.0
INV000801,112036,108,7600.0
INV013232,164369,102,3100.0
INV016245,150015,105,3162.0
INV004230,132881,104,7500.0
INV004466,156636,105,63240.0
INV018393,139722,107,18375.0
INV018079,165284,106,13720.0
INV011886,113431,104,5800.0
INV011092,126478,105,36750.0
INV013628,132483,104,140000.0
INV019385,142943,104,36750.0
INV004089,154850,101,7600.0
INV008146,140553,104,137200.0
INV002165,130418,104,1450.0
INV003894,116382,106,14280.0
INV012437,152479,105,15000.0
INV001456,120124,104,36750.0
INV011949,162608,106,1900.0
INV000914,113233,104,13720.0
INV010792,164648,108,23000.0
INV018844,121456,105,12400.0
INV003740,139936,108,3100.0
INV013847,117528,108,9500.0
INV013928,118067,101,23460.0
INV011990,112783,102,9500.0
INV018647,161065,104,11500.0
INV011044,152586,105,37500.0
INV009198,115750,102,28420.0
INV007484,162172,107,10535.0
INV013263,161302,107,11730.0
INV013949,134286,104,5684.0
INV016582,132496,106,7250.0
INV014316,100642,107,23000.0
INV009409,129687,101,1900.0
INV002211,134924,105,22540.0
INV012427,100570,105,7000.0
INV013258,118913,107,29580.0
INV011764,110566,101,6860.0
INV005509,138497,102,23000.0
INV001000,165434,106,7500.0
INV018757,113781,108,14500.0
INV011220,144989,108,7350.0
INV018944,162440,102,73500.0
INV010295,160210,101,7105.0
INV013316,125792,102,117300.0
INV012044,139982,105,14210.0
INV003562,141228,105,7752.0
INV013036,108113,106,21930.0
INV004996,155096,108,70000.0
INV012022,138971,106,1450.0
INV017433,165470,105,8600.0
INV017419,134704,104,5684.0
INV007513,128829,102,21070.0
INV011807,139709,101,6076.0
INV005843,162325,105,19125.0
INV010137,164007,101,5684.0
INV012943,155205,107,5800.0
INV004566,164198,104,9500.0
INV001471,141086,104,29325.0
INV018691,147699,101,12400.0
INV009175,123728,106,7105.0
INV008926,165883,104,10750.0
INV017831,146823,106,5750.0
INV008045,136523,102,21500.0
INV011730,162956,103,28175.0
INV011134,145673,107,3750.0
INV007598,105505,101,4300.0
INV016842,136645,104,35000.0
INV001385,165817,108,3800.0
INV009433,157398,104,4300.0
INV004464,125256,105,38250.0
INV002256,108297,102,1450.0
INV004860,157049,103,140000.0
INV019460,113352,106,1479.0
INV017660,123951,106,62000.0
INV012890,133968,103,1900.0
INV013665,131917,101,35000.0
INV001646,109524,102,1900.0
INV003199,102313,104,5684.0
INV004363,127631,102,5750.0
INV008851,117586,108,62000.0
INV014999,146586,107,23000.0
INV013177,130551,104,15000.0
INV019774,900783,106,35637.2
INV009502,140998,108,4214.0
INV009121,155835,102,38000.0
INV008438,109247,104,4300.0
INV002167,130713,104,62000.0
INV005368,144063,105,37500.0
INV009197,151647,104,14500.0
INV004914,115145,103,43000.0
INV002629,106144,103,12648.0
INV000014,137731,106,2958.0
INV010077,148898,106,38000.0
INV014618,163498,103,11500.0
INV001035,140796,103,4386.0
INV011736,141821,104,7448.0
INV005268,113379,107,56350.0
INV015566,100491,101,140000.0
INV018470,147502,107,14500.0
INV019628,962045,107,15787.2
INV001782,139791,102,29325.0
INV001292,149560,104,117300.0
INV015665,122472,101,5865.0
INV012618,145041,103,7500.0
INV009996,147283,103,14700.0
INV003773,140965,106,5916.0
INV008101,150982,101,3675.0
INV010322,133711,103,38000.0
INV004462,109911,101,8772.0
INV006851,161686,104,35700.0
INV015899,114620,106,4214.0
INV002479,149783,104,115000.0
INV013309,129027,102,62000.0
INV002382,147076,106,5865.0
INV000424,120792,108,21070.0
INV008569,100169,103,18620.0
INV015904,152640,105,23000.0
INV015021,161356,101,68600.0
INV010657,126305,107,62000.0
INV012354,142300,105,15810.0
INV010762,116845,101,21500.0
INV000841,163672,101,63240.0
INV019947,988594,108,70634.65
INV003707,135988,104,3038.0
INV007821,156936,103,70000.0
INV012651,154139,106,7250.0
INV015373,165342,106,28000.0
INV018580,109095,104,3800.0
INV012002,117069,101,3750.0
INV012941,141804,107,14000.0
INV017948,100415,104,28750.0
INV014728,158154,105,4300.0
INV006924,143909,107,5800.0
INV003972,100395,107,3800.0
INV015499,119898,105,3825.0
INV018265,102987,107,6324.0
INV005399,150716,101,4300.0
INV009558,145159,107,35000.0
INV010120,100603,107,6200.0
INV018992,137799,106,58650.0
INV011891,158381,105,1900.0
INV014095,100298,105,23000.0
INV003356,133290,103,23000.0
INV013511,141727,106,7650.0
INV009597,130421,101,28000.0
INV012350,125419,107,3100.0
INV011284,102665,104,43000.0
INV007666,131971,102,1450.0
INV004703,101813,102,19125.0
INV007918,111818,108,7650.0
INV019034,103319,105,2958.0
INV004722,151630,105,112700.0
INV017153,165530,104,115000.0
INV001846,162711,101,37500.0
INV010305,136768,107,3100.0
INV008853,157208,108,14000.0
INV003606,100332,101,18620.0
INV008872,134504,107,1450.0
INV015302,166076,107,5865.0
INV010595,141858,106,1450.0
INV014832,102379,104,1900.0
INV010053,135946,105,11500.0
INV006062,134868,108,11500.0
INV015638,122452,108,43860.0
INV009902,109629,101,7000.0
INV019793,936239,107,32380.84
INV008390,121117,107,137200.0
INV001326,149142,106,28420.0
INV019955,974095,105,48106.53
INV003844,139859,101,12400.0
INV009790,110441,101,21070.0
INV005671,115878,104,4300.0
INV011581,151408,106,7600.0
INV019276,106319,105,7600.0
INV000618,155639,102,14500.0
INV013416,111582,103,3162.0
INV017500,116456,103,7250.0
INV009734,162952,107,1479.0
INV009634,154479,101,1450.0
INV011485,118723,107,3750.0
INV019640,967891,105,64836.34
INV000023,159317,103,1862.0
INV000598,137578,107,8772.0
INV012433,135798,104,28750.0
INV007617,146342,108,6200.0
INV002674,162797,102,62000.0
INV004372,117428,106,23460.0
INV013783,138955,102,12400.0
INV002364,156474,106,4300.0
INV009918,156429,108,5635.0
INV004662,127404,107,35700.0
INV002788,112416,105,14500.0
INV007207,155794,106,9500.0
INV014123,158817,107,31000.0
INV000805,122452,105,18750.0
INV009034,161800,108,18620.0
INV001032,145560,102,27440.0
INV001054,154899,104,1938.0
INV006666,125134,101,5800.0
INV015039,102735,101,35000.0
INV003702,163572,106,75000.0
INV002662,136935,107,38000.0
INV003939,145978,103,5684.0
INV019359,154342,104,38000.0
INV001337,144476,104,10965.0
INV000825,114445,102,6324.0
INV019441,154384,101,15810.0
INV011687,128131,103,3100.0
INV009110,127195,105,21070.0
INV008011,134593,108,7000.0
INV003766,102778,104,18750.0
INV003225,152793,105,28175.0
INV002278,128256,105,57500.0
INV013777,129985,107,3162.0
INV005303,162629,104,5684.0
INV007284,123466,103,2900.0
INV000058,122773,107,10965.0
INV015199,140751,105,15810.0
INV013235,133164,103,31000.0
INV018573,115008,104,28000.0
INV003135,160827,104,21500.0
INV003862,136514,103,2150.0
INV005050,100121,105,31000.0
INV009091,111888,104,2107.0
INV014968,157532,103,7500.0
INV002047,101901,108,9310.0
INV013389,103031,101,29000.0
INV009109,111771,106,42140.0
INV018887,160284,105,10750.0
INV005515,142757,101,8772.0
INV017633,161179,105,4300.0
INV019244,116665,103,12152.0
INV017885,152515,102,15000.0
INV016356,162655,108,31000.0
INV010115,120229,107,9500.0
INV006370,158532,104,5750.0
INV013860,155890,105,30380.0
INV019333,155084,108,11500.0
INV011679,111213,108,142800.0
INV014356,112057,108,5750.0
INV017372,104937,106,70000.0
INV019862,972633,107,42838.25
INV006311,148279,102,14500.0
INV002015,106920,101,3800.0
INV012440,103965,107,15000.0
INV007619,137370,107,18750.0
INV000636,165589,105,29000.0
INV016454,127204,106,23000.0
INV018165,124660,107,18620.0
INV009813,116124,104,7350.0
INV001893,111200,106,7600.0
INV019066,146030,102,15500.0
INV006696,166428,104,42140.0
INV004389,131891,103,19000.0
INV009123,137620,101,9310.0
INV012950,166078,102,12400.0
INV008079,143471,108,15810.0
INV000878,161943,105,1450.0
INV006531,161135,106,43000.0
INV000936,100219,102,7000.0
INV006677,101637,102,3876.0
INV011779,161442,108,5750.0
INV016757,132732,108,28000.0
INV004955,139333,104,18750.0
INV006373,136342,106,1900.0
INV018793,134639,102,29000.0
INV008103,157387,105,140000.0
INV003851,101620,103,38000.0
INV011852,118758,103,18375.0
INV017989,128722,108,3800.0
INV003612,123197,107,2150.0
INV006447,116420,108,15190.0
INV012351,105117,103,2900.0
INV010889,133927,106,18620.0
INV010273,111431,104,35000.0
INV018477,119003,102,9500.0
INV016490,105100,102,1450.0
INV011696,161679,101,6860.0
INV014713,131988,105,75000.0
INV003270,131011,108,3800.0
INV002334,142948,106,43000.0
INV018725,108882,103,1450.0
INV019296,150380,104,70000.0
INV001677,165695,105,37500.0
INV013257,109672,107,21500.0
INV016140,153629,102,31000.0
INV013801,112580,104,7105.0
INV011212,150741,103,2958.0
INV000675,131581,104,37500.0
INV019624,971088,106,16450.08
INV010958,166065,103,3800.0
INV012682,144555,107,3825.0
INV007500,159532,105,3162.0
INV004196,101527,107,15300.0
INV019661,983892,101,44021.11
INV001147,158363,108,10750.0
INV005086,128837,108,38000.0
INV001870,138230,105,10535.0
INV013209,155875,102,28420.0
INV019856,968494,108,28193.53
INV016923,142715,108,35000.0
INV007227,149851,106,60760.0
INV011897,114775,107,3750.0
INV005372,158332,106,7105.0
INV005536,102320,108,8600.0
INV018416,145170,104,6324.0
INV018752,109169,108,12152.0
INV018320,142877,102,140000.0
INV011697,124742,107,7500.0
INV005644,107177,101,117300.0
INV006623,123766,108,37500.0
INV005911,119286,108,56350.0
INV001258,166181,107,29580.0
INV017482,123062,101,1450.0
INV003786,104697,106,28560.0
INV017850,119358,107,28000.0
INV003011,124023,106,9500.0
INV005749,109965,101,22540.0
INV003987,165609,102,7350.0
INV002852,125532,101,1450.0
INV007085,156014,101,137200.0
INV012238,135808,103,15300.0
INV013355,161994,103,15500.0
INV012348,151788,107,112700.0
INV018981,122818,107,5750.0
INV000122,154317,108,28420.0
INV009134,118360,101,5800.0
INV001242,127199,104,7600.0
INV015675,101084,106,5750.0
INV005685,144759,103,38760.0
INV001745,130267,102,5750.0
INV010477,126788,107,6324.0
INV015017,133599,102,15000.0
INV015527,164122,106,7500.0
INV017450,138608,105,3100.0
INV007329,116008,104,2107.0
INV019489,102623,101,38760.0
INV009749,101394,103,18375.0
INV006433,103518,107,5750.0
INV001332,131600,102,19380.0
INV007640,139141,105,28175.0
INV019204,121326,101,3750.0
INV016584,118516,102,8600.0
INV012507,129277,104,8428.0
INV004758,124495,102,30380.0
INV011150,157610,104,140000.0
INV001060,109227,106,140000.0
INV003041,157122,104,76500.0
INV014563,156320,103,18750.0
INV011939,108547,108,3162.0
INV005994,117661,102,23000.0
INV017836,101976,104,38000.0
INV005101,148313,104,15190.0
INV016115,115611,102,13720.0
INV010164,145998,107,12400.0
INV001842,102920,108,140000.0
INV002533,156494,106,15000.0
INV003755,113561,107,63240.0
INV003808,153684,104,19000.0
INV009145,160723,102,4300.0
INV019660,926840,108,82991.48
INV000803,162632,107,11270.0
INV008487,138535,108,6860.0
INV004163,116861,101,13720.0
INV018998,139459,105,142800.0
INV019176,161667,105,28750.0
INV000947,151112,102,12400.0
INV001945,152564,104,18750.0
INV017703,100323,108,6200.0
INV008072,159122,107,38000.0
INV007611,155399,106,23000.0
INV012001,164707,101,7600.0
INV013090,133518,103,140000.0
INV012953,143547,101,35000.0
INV017974,103856,105,37240.0
INV001566,112595,105,3876.0
INV000800,146510,107,22540.0
INV003015,128042,108,15500.0
INV014766,144111,105,10535.0
INV014469,118962,103,15000.0
INV011880,135120,106,62000.0
INV017819,112047,106,7250.0
INV018837,161025,104,36750.0
INV019059,139472,104,8772.0
INV018453,158486,108,5865.0
INV004025,163057,105,3100.0
INV001603,157712,107,112700.0
INV018041,150293,108,115000.0
INV012227,163791,105,31000.0
INV016251,157750,102,5865.0
INV016362,130890,104,8600.0
INV002033,120476,106,117300.0
INV000410,133540,106,21500.0
INV008443,129312,103,15810.0
INV004044,141696,104,23000.0
INV013762,100971,105,9500.0
INV006945,114512,107,36750.0
INV019373,113104,102,19380.0
INV016731,164981,102,15500.0
INV011059,128703,106,57500.0
INV001550,131565,102,13720.0
INV018901,134944,104,13720.0
INV016308,122162,108,140000.0
INV001396,136196,104,9310.0
INV016491,133146,102,62000.0
INV002502,113178,105,3876.0
INV012846,105372,106,37240.0
INV015611,118667,108,5800.0
INV006810,117689,103,10965.0
INV005740,114506,108,1938.0
INV004395,137455,105,13720.0
INV003757,151707,102,18375.0
INV005837,122445,105,3800.0
INV012621,160408,108,15810.0
INV008694,108717,102,5684.0
INV000219,120655,107,43000.0
INV015622,130887,101,35000.0
INV011007,155737,108,18750.0
INV019055,145436,108,5800.0
INV000087,115499,106,36750.0
INV016393,125943,105,2842.0
INV005547,109556,101,29580.0
INV012475,108579,103,3724.0
INV000763,119002,103,23000.0
INV004365,145753,104,11500.0
INV016877,129719,101,140000.0
INV014496,123495,106,4386.0
INV008421,144227,108,115000.0
INV013350,143845,108,4300.0
INV006587,112750,108,38000.0
INV005281,133956,104,7395.0
INV004275,148789,106,29000.0
INV013510,128639,107,5916.0
INV016037,152899,103,37240.0
INV005002,156576,106,18750.0
INV010139,138878,106,8428.0
INV017797,119419,102,115000.0
INV001602,149990,104,10750.0
INV009601,100377,103,9310.0
INV003871,123841,102,3750.0
INV011503,126206,104,43000.0
INV017884,101189,104,15190.0
INV018464,129831,104,18750.0
INV016666,156062,102,38000.0
INV010760,147238,104,14280.0
INV019629,946436,101,81425.85
INV001727,161206,101,14280.0
INV009822,121373,108,11500.0
INV008712,149087,103,7350.0
INV005280,136821,107,115000.0
INV015573,135062,107,28750.0
INV015750,134906,107,5800.0
INV014781,105753,107,15000.0
INV004868,166107,107,7600.0
INV011624,118869,102,23000.0
INV008233,147500,102,1450.0
INV013360,121694,103,28750.0
INV004374,141365,105,5916.0
INV019457,148586,103,6200.0
INV000387,127602,103,35000.0
INV008234,164164,101,62000.0
INV000848,125906,107,43000.0
INV014761,153505,104,28000.0
INV016459,144717,105,36750.0
INV009007,132769,102,8600.0
INV017135,104104,103,5800.0
INV007956,116321,102,11270.0
INV001706,162002,108,28750.0
INV005977,145704,108,3100.0
INV009490,139563,101,75000.0
INV016480,118024,105,19380.0
INV012992,108770,108,6860.0
INV019888,905465,107,65501.18
INV014021,147378,101,4214.0
INV006764,137016,103,18620.0
INV014903,146032,105,28750.0
INV016596,156211,106,140000.0
INV002734,135677,105,73500.0
INV003126,119279,108,38000.0
INV007191,139016,108,5635.0
INV011145,121870,108,15810.0
INV001159,101590,102,7250.0
INV017746,122460,106,14210.0
INV003594,123831,102,2900.0
INV018369,135463,101,21930.0
INV004775,158833,103,15000.0
INV019236,126881,102,11270.0
INV019908,973621,103,77080.78
INV011974,125219,108,140000.0
INV012847,111570,105,38760.0
INV001703,155268,105,28750.0
INV014750,122203,101,2958.0
INV016950,165290,105,42140.0
INV008379,101622,104,7000.0
INV006169,100045,102,3100.0
INV018068,100786,104,28175.0
INV013794,163308,106,3100.0
INV005985,140594,104,14000.0
INV018503,131089,108,2150.0
INV016864,141828,101,2193.0
INV019681,985333,108,57709.4
INV002227,136750,105,23460.0
INV004295,148679,104,1938.0
INV006498,154096,102,5684.0
INV009512,101931,104,18620.0
INV006562,130034,103,35700.0
INV012848,134846,106,29000.0
INV010430,134530,106,1862.0
INV003396,159971,106,60760.0
INV012158,126639,102,73500.0
INV017810,165210,102,15000.0
INV013923,124153,105,12400.0
INV019017,102515,103,28750.0
INV014913,137631,107,5684.0
INV005825,122535,108,14500.0
INV000857,155720,101,115000.0
INV011457,164956,106,14500.0
INV006026,155485,107,112700.0
INV011476,164622,101,10750.0
INV004348,149496,102,5800.0
INV007326,119074,104,140000.0
INV017416,156660,102,7140.0
INV016827,115446,104,9500.0
INV012386,160595,103,140000.0
INV010204,147427,103,14500.0
INV008033,118633,101,6200.0
INV004150,148419,101,5916.0
INV007049,114008,101,62000.0
INV008250,164976,103,23460.0
INV004848,125066,102,29000.0
INV015459,130024,105,12400.0
INV014397,130632,104,73500.0
INV012945,127604,103,35700.0
INV005457,111273,105,29000.0
INV019110,139339,108,15000.0
INV006032,165025,103,11500.0
INV011920,159218,103,29325.0
INV012675,104908,107,28560.0
INV014756,140521,101,5916.0
INV002504,110624,105,12400.0
INV005813,158583,104,15190.0
INV010852,149520,104,28000.0
INV015466,108605,101,28000.0
INV001577,111035,107,37500.0
INV009366,136073,105,7448.0
INV006069,122419,105,70000.0
INV012290,130650,107,23000.0
INV016942,104614,104,6324.0
INV017210,149423,102,76500.0
INV011967,103151,104,10750.0
INV017834,154938,108,56350.0
INV008975,151091,106,1900.0
INV015554,135199,108,29580.0
INV003512,140992,105,4386.0
INV009000,118401,105,2900.0
INV001146,157427,101,14500.0
INV019022,143117,104,2150.0
INV006828,111187,107,34300.0
INV009585,164777,108,62000.0
INV012421,114314,102,2958.0
INV008056,134025,105,7250.0
INV017160,118051,103,140000.0
INV011799,142506,108,21500.0
INV014315,117656,106,2107.0
INV012982,134958,104,5750.0
INV001141,107783,102,2107.0
INV005981,108723,108,18750.0
INV018610,159310,107,8428.0
INV001847,104804,104,7350.0
INV004912,157312,102,5800.0
INV012224,103631,103,4214.0
INV005346,103519,106,4300.0
INV017101,124042,107,2193.0
INV005413,163374,102,5750.0
INV010319,124511,104,3100.0
INV014075,161317,105,3100.0
INV016963,129779,106,3876.0
INV012170,117614,103,7500.0
INV017150,138151,105,75000.0
INV012671,156074,108,5750.0
INV019712,927289,101,22532.88
INV012543,110843,108,2150.0
INV017690,146699,108,140000.0
INV010511,135539,107,21930.0
INV009803,163765,106,3162.0
INV008337,116889,108,6200.0
INV002839,156938,104,12400.0
INV014626,162697,102,1900.0
INV004331,142522,106,14280.0
INV007487,132102,103,6324.0
INV001679,100285,106,7500.0
INV013596,163395,104,18620.0
INV010557,152658,103,1479.0
INV008789,100148,107,2150.0
INV011108,127589,106,21070.0
INV016671,110080,107,28420.0
INV019238,143393,106,19125.0
INV004496,136135,104,10750.0
INV000384,109312,107,38000.0
INV005960,120002,103,1421.0
INV011226,161856,102,6200.0
INV017096,159301,102,2107.0
INV017711,153380,107,2958.0
INV000222,166640,101,5750.0
INV017380,160106,105,140000.0
INV001981,116383,102,7448.0
INV014431,149822,107,4300.0
INV009976,151508,107,14500.0
INV016669,149091,101,68600.0
INV019030,147530,103,3800.0
INV007544,130595,101,28420.0
INV003082,112856,106,7752.0
INV007197,108943,105,28560.0
INV016001,133844,105,3675.0
INV017790,139687,101,19000.0
INV006073,155576,102,5800.0
INV014518,146372,107,6200.0
INV001856,140779,102,12152.0
INV010325,149038,106,18620.0
INV009916,163174,104,9500.0
INV012038,106039,106,19380.0
INV005222,129046,103,15000.0
INV003324,164665,108,7105.0
INV013755,122104,104,7250.0
INV018721,157618,102,68600.0
INV016561,161980,106,1900.0
INV010123,101036,101,5750.0
INV010589,149698,108,6200.0
INV000766,152121,104,12648.0
INV002546,127981,104,29580.0
INV017542,164840,105,15000.0
INV004727,158582,104,2107.0
INV010030,130004,104,11500.0
INV012947,148332,103,29000.0
INV008111,130360,108,5750.0
INV003022,128459,103,2150.0
INV019255,128120,103,9500.0
INV006792,118981,101,6324.0
INV009525,105986,102,11500.0
INV014544,158706,101,3675.0
INV019234,112026,108,9500.0
INV006930,103346,103,2900.0
INV015379,106941,102,4386.0
INV004877,121289,101,9500.0
INV000777,130482,103,38000.0
INV003241,141241,107,6200.0
INV010112,119199,101,3800.0
INV001591,137830,105,19000.0
INV000457,131720,101,42140.0
INV012545,115808,103,5750.0
INV017623,105073,103,137200.0
INV005438,134203,107,5635.0
INV018959,125026,106,19000.0
INV018424,135923,104,6860.0
INV017821,147916,103,2900.0
INV000746,103462,108,2900.0
INV018880,128428,108,12400.0
INV017906,113560,103,60760.0
INV001046,135941,102,5800.0
INV016095,120097,101,4300.0
INV003393,105851,105,5865.0
INV005947,111444,101,140000.0
INV000736,123355,108,1862.0
INV008933,109162,101,115000.0
INV007212,117390,107,6076.0
INV001733,147156,102,14000.0
INV003277,164064,101,36750.0
INV006972,120991,101,7395.0
INV007668,134024,102,7650.0
INV007190,134824,107,9500.0
INV013136,129562,101,15000.0
INV012332,119192,102,43000.0
INV004309,109111,107,4386.0
INV017441,145486,101,57500.0
INV014691,144914,101,3750.0
INV017572,132076,108,1450.0
INV007259,106302,102,36750.0
INV005609,103751,102,42140.0
INV004689,142809,106,7140.0
INV017275,156362,106,4300.0
INV004467,149259,103,10535.0
INV019747,915042,106,55407.63
INV004771,108597,107,21500.0
INV015114,161951,101,70000.0
INV002496,101219,108,62000.0
INV009713,162699,103,6324.0
INV003379,109476,105,140000.0
INV010381,119099,103,3038.0
INV019137,126697,101,7752.0
INV011516,154376,103,2150.0
INV011188,104761,104,7250.0
INV004213,132307,102,22540.0
INV003013,115547,106,11500.0
INV003554,104341,107,115000.0
INV010454,164188,108,10535.0
INV008116,135028,104,62000.0
INV008510,151424,106,7500.0
INV014897,154869,107,12648.0
INV004892,138019,104,76500.0
INV001345,122537,103,1450.0
INV005691,128130,101,7650.0
INV010125,164344,107,5750.0
INV013366,158035,106,29000.0
INV016125,139235,108,38000.0
INV001516,147634,104,35000.0
INV016595,139065,102,29000.0
INV002204,121767,101,2958.0
INV002730,103333,103,12648.0
INV009141,134174,103,5750.0
INV019505,970418,108,17788.49
INV000325,162919,104,2900.0
INV018988,126762,108,112700.0
INV008596,155903,102,8600.0
INV008788,153450,107,23000.0
INV018714,112114,101,5750.0
INV019077,129730,106,13720.0
INV019147,158356,104,14500.0
INV015896,142252,107,5800.0
INV002361,149193,104,71400.0
INV004682,137033,103,37240.0
INV007232,105071,108,2150.0
INV017977,129070,106,15500.0
INV000649,107262,102,28750.0
INV013825,100500,105,7250.0
INV013844,154643,107,28420.0
INV010412,110287,108,62000.0
INV015931,150302,107,31000.0
INV000223,129069,108,14790.0
INV005498,142831,106,15500.0
INV009431,105250,101,4214.0
INV009236,156872,107,1450.0
INV014348,150601,103,37240.0
INV003531,116549,106,7600.0
INV019657,930705,103,20072.23
INV016128,138087,101,3162.0
INV011934,119095,107,3675.0
INV019458,155080,105,6200.0
INV019988,938249,101,69696.98
INV015837,110529,105,5750.0
INV017147,146869,101,5865.0
INV013674,146941,105,9500.0
INV015966,132999,101,1862.0
INV003289,113212,105,4300.0
INV005435,125275,103,3675.0
INV011302,107875,102,14500.0
INV010386,108345,101,1862.0
INV001220,130973,105,3750.0
INV019896,950059,106,46915.02
INV012362,119556,102,19000.0
INV016837,146325,107,11500.0
INV013020,164212,105,18750.0
INV014326,143783,101,8600.0
INV013530,152388,104,14000.0
INV016088,131897,108,31000.0
INV005802,107707,104,21500.0
INV004777,113489,105,15500.0
INV016579,126927,106,62000.0
INV006165,160848,104,13720.0
INV010326,106301,106,23000.0
INV011716,141062,102,21070.0
INV015269,152569,107,5750.0
INV007768,128007,101,18750.0
INV005591,125257,108,5916.0
INV010933,121712,108,3800.0
INV015223,152468,103,1450.0
INV013615,120082,104,3100.0
INV009529,134650,104,142800.0
INV005331,152297,101,15000.0
INV000742,143989,104,8772.0
INV015456,160210,104,8428.0
INV002506,155929,102,11500.0
INV010724,163544,102,1450.0
INV005950,162420,103,42140.0
INV005455,146922,101,19000.0
INV003641,134032,105,31620.0
INV014665,150615,107,3750.0
INV018383,152434,104,8600.0
INV005350,104783,103,18750.0
INV005145,156816,105,14000.0
INV000035,117052,108,2900.0
INV016485,164463,103,31000.0
INV019301,154820,102,43000.0
INV015766,150997,103,12400.0
INV001163,155807,104,10965.0
INV015604,142000,107,21500.0
INV004800,139968,107,12648.0
INV010355,105477,107,57500.0
INV013443,105229,104,57500.0
INV002767,107832,102,43000.0
INV018368,157812,108,2900.0
INV012757,108912,106,37500.0
INV006409,138296,105,31620.0
INV015705,108627,107,28750.0
INV011154,129018,105,37500.0
INV005653,106733,102,1900.0
INV015571,129500,105,14790.0
INV008713,139575,107,38250.0
INV004100,157106,103,3038.0
INV017309,141569,107,2842.0
INV004385,133575,106,3800.0
INV000402,147260,105,62000.0
INV004083,106540,108,1479.0
INV005951,117427,104,115000.0
INV019776,985689,104,80736.02
INV006243,154883,102,73500.0
INV008731,124654,108,7600.0
INV014216,101514,102,35000.0
INV011561,126742,105,6076.0
INV005117,141399,108,71400.0
INV003596,116266,101,19125.0
INV000753,129808,102,14000.0
INV001363,159514,108,14000.0
INV011393,128016,103,115000.0
INV003014,147692,106,23000.0
INV006738,143957,102,11500.0
INV017581,147107,107,1900.0
INV013701,101767,108,62000.0
INV002658,152650,106,4300.0
INV005112,149754,102,68600.0
INV004984,138447,104,4300.0
INV000398,106071,107,7500.0
INV004513,141799,101,7600.0
INV014265,134207,102,4300.0
INV009207,122019,108,2150.0
INV017684,134400,104,28750.0
INV011403,166488,104,9500.0
INV015997,118287,102,75000.0
INV001962,165234,104,3825.0
INV018650,138103,108,7650.0
INV007795,163831,101,29580.0
INV009103,112470,101,28750.0
INV004921,118879,108,31000.0
INV006925,147173,108,7000.0
INV013037,132399,103,18375.0
INV007860,143717,102,117300.0
INV005901,121346,107,11730.0
INV019567,942470,104,11152.4
INV018009,121706,102,29325.0
INV002786,160311,101,28560.0
INV003946,150123,105,3800.0
INV014712,163938,108,4386.0
INV009797,153853,102,12648.0
INV007765,155237,108,9690.0
INV016455,151604,103,1450.0
INV001245,157851,104,3675.0
INV004368,162879,103,10750.0
INV001994,135168,107,28560.0
INV010384,148046,108,37240.0
INV006875,132567,106,9500.0
INV008001,158335,106,5800.0
INV008366,119902,106,2900.0
INV017518,133253,102,38000.0
INV012911,146322,103,7250.0
INV005845,114173,101,14210.0
INV010410,134490,101,15000.0
INV003110,120880,102,19000.0
INV018478,103155,105,115000.0
INV019426,139863,101,6200.0
INV014244,133686,106,7105.0
INV001502,128824,103,7395.0
INV015395,105450,105,3100.0
INV009272,127107,105,29000.0
INV004067,154987,102,28000.0
INV019768,931600,108,77496.5
INV005575,157185,103,37500.0
INV000436,115044,103,4386.0
INV016203,109749,106,23000.0
INV007709,153962,105,5916.0
INV002123,148513,104,14700.0
INV001820,142064,106,7395.0
INV000209,123704,102,28420.0
INV010997,156883,104,8600.0
INV005454,114014,108,18375.0
INV010567,108170,108,76500.0
INV017277,152067,106,1479.0
INV007296,126359,104,37500.0
INV003543,137996,107,7000.0
INV005522,147577,101,5800.0
INV005628,141809,103,28420.0
INV006010,128107,106,7000.0
INV002115,150471,108,35700.0
INV005754,162895,102,34300.0
INV004832,123903,107,28175.0
INV015040,163372,104,29000.0
INV010955,111930,101,13720.0
INV018538,145526,105,14500.0
INV014188,115338,104,1900.0
INV010044,105722,108,23000.0
INV019558,948510,102,21119.3
INV004581,156423,103,5865.0
INV014579,154253,104,4300.0
INV009972,128819,104,14000.0
INV012541,162322,103,56350.0
INV004604,131015,105,6076.0
INV018353,144188,105,14500.0
INV019012,111913,102,14210.0
INV009914,164330,108,35000.0
INV019842,986706,106,37484.11
INV005048,124283,104,43000.0
INV009917,144184,102,11500.0
INV013215,147121,103,36750.0
INV016693,159413,102,11730.0
INV000190,151655,106,76500.0
INV012896,148594,108,7500.0
INV011821,103113,107,8600.0
INV000496,151608,101,10750.0
INV014272,131900,104,28420.0
INV006204,105794,108,28750.0
INV019226,128557,107,19000.0
INV013357,129357,108,21500.0
INV012205,111497,102,23460.0
INV015064,128325,101,7500.0
INV006023,145551,106,36750.0
INV012611,156303,105,1862.0
INV010076,123114,101,30380.0
INV003384,106002,103,11500.0
INV014077,108528,103,18375.0
INV002322,121146,107,28750.0
INV005232,103478,108,15000.0
INV009818,122039,101,137200.0
INV006339,160629,108,1450.0
INV012149,127771,102,6324.0
INV003146,136159,106,2150.0
INV019357,105994,106,62000.0
INV015804,116951,107,37500.0
INV018481,144306,105,3100.0
INV013791,143929,101,15000.0
INV015226,140450,108,13720.0
INV014404,159623,102,43000.0
INV013501,136512,108,10965.0
INV015616,164845,108,12400.0
INV003474,115166,101,43000.0
INV001072,150820,107,11500.0
INV012122,124546,106,1900.0
INV012241,113886,101,23000.0
INV000358,106958,107,23000.0
INV002282,105664,108,28750.0
INV018585,160294,105,2150.0
INV009155,148289,107,7448.0
INV001077,110350,104,31000.0
INV003648,139382,108,10535.0
INV008665,148560,104,75000.0
INV003231,163624,104,62000.0
INV019388,117859,103,62000.0
INV005866,101463,104,1450.0
INV017358,147825,108,38000.0
INV002193,124961,104,56350.0
INV014554,138180,106,1900.0
INV001372,149252,102,43000.0
INV019869,998579,105,80631.62
INV003307,145092,105,5750.0
INV006795,126342,102,37500.0
INV007873,114340,102,11270.0
INV016905,112695,101,43000.0
INV012111,123307,105,10750.0
INV019484,154672,107,6200.0
INV001701,126026,103,4214.0
INV000460,131816,105,7600.0
INV010334,136033,103,11270.0
INV003833,135509,104,58650.0
INV003050,140000,101,5635.0
INV012630,107427,102,35000.0
INV017866,105172,103,43000.0
INV008175,141818,102,43000.0
INV019251,138572,107,31000.0
INV005060,124506,102,1900.0
INV011690,104690,106,62000.0
INV002960,139800,101,4214.0
INV011260,100977,103,7752.0
INV015455,137848,108,2900.0
INV008958,118434,107,60760.0
INV003589,120484,102,19000.0
INV008009,131248,102,3100.0
INV009985,140172,107,35700.0
INV014673,119159,103,14000.0
INV005896,146368,101,38000.0
INV001729,153779,101,36750.0
INV001538,136873,103,30380.0
INV017634,154843,108,15000.0
INV019691,934411,108,28683.41
INV004483,123998,105,1450.0
INV017241,114387,104,35000.0
INV015196,138246,104,5750.0
INV005912,162257,107,31000.0
INV001837,157668,106,29000.0
INV008392,142739,102,7448.0
INV004707,121542,101,14000.0
INV007973,130058,103,29000.0
INV001695,120413,107,140000.0
INV007016,118778,108,63240.0
INV008270,112866,108,14280.0
INV009575,154623,101,6324.0
INV017754,162175,107,68600.0
INV014083,128601,106,3162.0
INV012967,136390,101,21500.0
INV006929,120990,105,21500.0
INV017791,109591,108,12400.0
INV005041,159873,108,28000.0
INV011680,130525,102,6324.0
INV014318,162999,104,31000.0
INV015979,160002,104,12400.0
INV005377,145751,101,30380.0
INV014931,101313,108,3038.0
INV019109,101059,102,6076.0
INV017278,120172,101,3750.0
INV014700,136525,101,11500.0
INV013075,151673,106,7600.0
INV002552,134474,106,38000.0
INV016177,101219,101,76500.0
INV017339,129750,103,1900.0
INV006123,112061,102,8600.0
INV007951,150100,102,3750.0
INV019345,135846,101,10965.0
INV001549,137825,107,8600.0
INV018581,126204,102,28000.0
INV007921,104662,107,5750.0
INV016395,123352,102,14500.0
INV016691,103222,107,71400.0
INV004042,136064,105,115000.0
INV017347,129494,106,43860.0
INV005718,158217,105,23000.0
INV013738,151185,101,28750.0
INV008957,135268,107,117300.0
INV015748,159113,106,6200.0
INV004472,127156,103,7250.0
INV018842,102452,107,70000.0
INV012465,156956,106,28750.0
INV019983,958604,103,42417.09
INV000660,114882,107,19000.0
INV004197,161975,108,15300.0
INV019135,141737,107,14000.0
INV011171,107565,105,28000.0
INV000884,141302,105,29580.0
INV004838,110321,104,70000.0
INV004919,109936,101,34300.0
INV013060,108576,106,23000.0
INV011933,136571,107,3038.0
INV017427,139210,107,28560.0
INV015132,139983,108,14500.0
INV011110,101740,101,28750.0
INV015782,152535,101,75000.0
INV013839,153257,102,1900.0
INV007086,128875,103,1900.0
INV003977,151117,103,7250.0
INV000948,112913,101,12152.0
INV005599,110499,108,5750.0
INV006774,121300,108,28750.0
INV003519,128939,101,58650.0
INV012713,111003,107,29000.0
INV016908,118136,102,35700.0
INV014797,129422,104,14280.0
INV006526,152688,106,14280.0
INV016201,154888,105,21930.0
INV005601,145601,104,3724.0
INV003608,120658,107,14500.0
INV006319,120294,105,38250.0
INV018831,150428,104,7105.0
INV016186,115430,105,2150.0
INV008824,100767,105,11730.0
INV005655,111098,107,7140.0
INV013936,160275,106,140000.0
INV005544,151815,107,19000.0
INV004607,138752,102,14000.0
INV003211,156538,107,1479.0
INV003557,106421,107,115000.0
INV010966,136835,105,38000.0
INV015053,151714,105,60760.0
INV014894,109238,102,76500.0
INV002654,112925,101,57500.0
INV010432,150767,107,43860.0
INV017638,108901,105,15000.0
INV006080,103327,105,11500.0
INV017800,105335,104,14700.0
INV004165,111858,108,6200.0
INV016917,123212,108,3724.0
INV001610,157144,101,7752.0
INV001083,146417,108,29325.0
INV008895,123052,106,10965.0
INV011689,125454,105,73500.0
INV011037,104880,106,35000.0
INV008235,128701,103,6076.0
INV019004,141496,105,9500.0
INV009862,102700,103,21500.0
INV014446,149678,104,6200.0
INV014747,125976,101,7500.0
INV000281,102778,106,5916.0
INV004491,154582,106,2150.0
INV010663,165784,101,7600.0
INV003238,133018,106,12400.0
INV019667,993233,107,46432.04
INV012424,134495,106,28000.0
INV005402,147286,107,5750.0
INV000415,120063,106,35000.0
INV017362,161901,105,1450.0
INV018286,153392,106,6324.0
INV006168,107333,105,10750.0
INV004034,162973,105,115000.0
INV019013,105094,103,7000.0
INV003705,163502,103,10750.0
INV019918,923068,102,79465.69
INV000617,107580,106,11730.0
INV008321,100565,103,75000.0
INV005952,143654,104,14790.0
INV017761,128475,104,7600.0
INV014537,165486,107,4300.0
INV008375,165461,101,60760.0
INV007236,129753,101,10750.0
INV002585,143000,104,6324.0
INV008010,110425,103,21500.0
INV009638,146643,106,4300.0
INV013673,127015,106,6200.0
INV001732,145995,102,68600.0
INV011098,122163,101,58650.0
INV009708,115783,105,9310.0
INV014008,122724,105,14790.0
INV008844,139362,104,1450.0
INV014567,152929,106,3750.0
INV018499,154912,102,3100.0
INV019889,958174,106,54091.0
INV016261,118260,103,7500.0
INV012115,127029,101,35700.0
INV007287,122041,102,29000.0
INV010056,105231,105,5800.0
INV009650,158506,103,7500.0
INV003180,106110,105,23000.0
INV011585,165550,103,10965.0
INV019377,139712,106,6200.0
INV000630,113106,105,7000.0
INV007247,136710,103,3100.0
INV014308,157209,104,137200.0
INV005539,108051,103,62000.0
INV018930,119312,103,14500.0
INV002240,105484,108,1450.0
INV007244,121690,106,7140.0
INV010545,149748,101,43000.0
INV011383,116252,107,5865.0
INV013081,166202,101,35000.0
INV009868,149928,104,43000.0
INV000795,104446,106,29580.0
INV019050,150369,101,60760.0
INV005642,140175,102,76500.0
INV019590,947734,106,11151.05
INV019913,980377,104,72235.24
INV004685,137239,101,42140.0
INV001632,161980,108,23000.0
INV002102,145435,101,4386.0
INV007050,106760,107,2193.0
INV010314,106948,106,56350.0
INV015307,142665,106,37240.0
INV007844,106960,107,11500.0
INV003375,124864,104,34300.0
INV001593,128321,104,57500.0
INV011738,122981,102,27440.0
INV004943,159329,106,35700.0
INV007896,139469,101,31000.0
INV006075,100355,107,11500.0
INV010101,166205,101,6200.0
INV008734,101749,102,29000.0
INV001472,115475,101,3825.0
INV002318,129290,108,2900.0
INV014603,117357,108,37500.0
INV016754,135008,106,7000.0
INV014857,152738,103,73500.0
INV010830,122651,108,14500.0
INV000388,114394,107,4300.0
INV005565,139399,107,31000.0
INV017803,160442,101,7000.0
INV003062,127385,105,28175.0
INV009270,106079,105,3800.0
INV008855,164027,106,7250.0
INV012542,135645,104,7000.0
INV019396,131292,108,19000.0
INV002668,100279,101,7250.0
INV008542,153927,108,57500.0
INV003431,164088,102,35700.0
INV018122,108669,106,18620.0
INV010414,123997,101,3100.0
INV007095,118809,103,8600.0
INV019302,109484,102,23000.0
INV000666,139630,105,18750.0
INV003287,160102,105,63240.0
INV016504,112560,103,5800.0
INV012995,143431,103,8428.0
INV014721,145433,102,3038.0
INV018333,119931,102,137200.0
INV011892,142316,108,14790.0
INV012681,128637,104,1900.0
INV007410,153159,105,14210.0
INV011688,102861,101,7500.0
INV005160,160804,101,71400.0
INV009849,158622,102,11500.0
INV015242,106754,106,10750.0
INV014754,112185,107,1900.0
INV013395,123811,108,28420.0
INV015968,117791,108,35000.0
INV005725,125934,105,21500.0
INV017172,131738,103,75000.0
INV005132,118991,104,7448.0
INV006749,126576,104,37500.0
INV014125,133177,105,70000.0
INV012686,115414,103,6324.0
INV011588,140183,104,6324.0
INV009185,107043,104,10750.0
INV012320,164842,104,9690.0
INV014545,129944,101,6324.0
INV000688,158335,104,35000.0
INV018212,150226,107,56350.0
INV007078,130689,104,6860.0
INV000774,124778,103,23000.0
INV004726,153039,107,31000.0
INV014791,116239,107,6076.0
INV006916,166436,104,8600.0
INV009846,163450,106,7500.0
INV016522,129379,108,19000.0
INV001470,129367,107,4386.0
INV019682,927385,107,50508.52
INV012815,144663,107,15000.0
INV018597,150795,108,75000.0
INV009332,118095,108,2193.0
INV005324,152175,102,70000.0
INV010737,164129,104,12152.0
INV016427,163870,106,62000.0
INV019782,998851,102,86929.15
INV016225,130412,104,14790.0
INV016282,143092,107,12648.0
INV004998,107992,102,3800.0
INV015507,117474,102,1900.0
INV018888,151316,106,7600.0
INV017824,110245,102,37500.0
INV017436,107867,107,28750.0
INV003105,137521,106,1450.0
INV009872,125417,106,1900.0
INV012262,160541,103,5750.0
INV012528,155100,102,7000.0
INV001334,122816,108,4214.0
INV010844,141169,101,9310.0
INV019694,924445,105,84762.33
INV009164,164585,102,28750.0
INV015143,149795,107,7500.0
INV018636,153871,107,3750.0
INV017001,110333,107,4300.0
INV012172,154309,108,1450.0
INV002468,109988,108,6324.0
INV016823,143833,106,2150.0
INV018805,137480,104,9500.0
INV009296,124181,108,43000.0
INV008026,139151,107,37500.0
INV017861,113567,106,7000.0
INV012702,101357,107,31000.0
INV000400,123236,104,140000.0
INV002459,150465,103,14000.0
INV007376,108414,104,36750.0
INV007343,106483,108,28750.0
INV015640,157664,105,112700.0
INV008630,156235,107,9690.0
INV010990,132717,106,1450.0
INV010281,145323,106,63240.0
INV011135,130847,107,7140.0
INV001860,140212,105,6200.0
INV010208,104076,107,73500.0
INV014261,141398,101,6200.0
INV008493,144349,103,14000.0
INV006527,108793,106,21930.0
INV014364,151764,105,3100.0
INV012485,119742,107,10535.0
INV003960,163978,108,14700.0
INV004121,155786,102,42140.0
INV003737,129671,106,1450.0
INV011549,162281,107,3800.0
INV003615,142046,108,15000.0
INV007810,116908,106,28000.0
INV009476,161587,105,1450.0
INV005996,116403,102,57500.0
INV008774,150255,106,19125.0
INV009267,110802,103,7350.0
INV001231,155656,101,28000.0
INV018528,104693,107,2150.0
INV005447,101790,106,9500.0
INV011314,160914,108,62000.0
INV013053,120946,104,140000.0
INV003585,143440,105,21500.0
INV019239,141792,107,6200.0
INV002567,105547,101,4300.0
INV013553,151027,106,6076.0
INV014997,125254,105,3162.0
INV000164,153733,102,10965.0
INV001135,100962,102,35000.0
INV018130,123009,105,6076.0
INV013966,135539,104,37500.0
INV005805,141924,107,6200.0
INV002811,104874,102,3825.0
INV012494,127025,108,14210.0
INV013922,101224,105,76500.0
INV015098,122293,102,28000.0
INV016836,112333,108,28750.0
INV005841,132309,102,5865.0
INV012906,132949,104,6200.0
INV002215,165328,101,3162.0
INV015008,109693,104,1862.0
INV010714,118718,102,62000.0
INV006602,147426,101,112700.0
INV002892,104188,104,70000.0
INV015927,108081,103,29325.0
INV018138,150658,103,37500.0
INV002684,134571,108,21500.0
INV000479,164918,104,28000.0
INV004924,127008,102,14700.0
INV019427,101424,101,3750.0
INV003720,117733,106,75000.0
INV013769,104172,102,10750.0
INV019925,916424,104,47504.08
INV013578,122409,105,70000.0
INV016748,126240,101,29000.0
INV011544,152992,106,18620.0
INV011118,114906,108,14700.0
INV011491,109827,108,62000.0
INV015617,165889,106,28000.0
INV005538,146385,106,15300.0
INV004419,131244,107,19380.0
INV015490,129387,108,14280.0
INV011617,139505,101,6200.0
INV014865,101608,101,4214.0
INV004484,103478,105,29325.0
INV011869,115250,102,62000.0
INV013269,115969,103,2150.0
INV001139,161865,104,5916.0
INV006490,151791,106,15190.0
INV009467,106308,107,70000.0
INV001580,107512,102,8600.0
INV003552,110434,103,6200.0
INV000606,153189,105,15500.0
INV009488,117719,103,3100.0
INV008361,132167,104,112700.0
INV015627,146867,105,23000.0
INV007904,130240,106,28175.0
INV018629,106251,107,58650.0
INV004009,147133,108,57500.0
INV017020,164737,108,3100.0
INV014507,162843,107,29000.0
INV010809,142509,106,5750.0
INV004147,107629,108,6200.0
INV017962,140739,104,31000.0
INV010504,147429,108,117300.0
INV002598,142240,103,28000.0
INV003814,157506,105,43000.0
INV003607,115640,104,3750.0
INV005077,122480,108,31620.0
INV018561,147779,107,37240.0
INV012180,139443,107,43000.0
INV001044,117543,102,15810.0
INV019060,132791,108,12152.0
INV005540,162136,106,15810.0
INV014065,148221,105,7448.0
INV014796,134773,107,18750.0
INV004549,106168,105,10750.0
INV003772,151549,108,37500.0
INV006811,127875,101,6076.0
INV012416,128633,106,13720.0
INV005500,124170,107,3800.0
INV012690,122552,101,11730.0
INV015673,139436,107,29325.0
INV000940,100200,107,43000.0
INV017067,114792,105,30380.0
INV015237,151078,103,7000.0
INV012069,122946,108,115000.0
INV005463,103074,101,37240.0
INV007686,136950,104,34300.0
INV018542,156579,103,4300.0
INV000452,158332,101,5635.0
INV000637,142101,108,9500.0
INV001227,119112,103,19000.0
INV011069,140718,102,7600.0
INV006485,150447,102,29000.0
INV014344,121518,106,21930.0
INV011752,113918,104,70000.0
INV008559,112985,102,1862.0
INV019601,911644,102,74919.66
INV002661,145294,104,7250.0
INV005963,119630,104,1450.0
INV019228,152314,103,9500.0
INV017877,117410,102,1479.0
INV006999,155090,108,7250.0
INV018215,133317,102,12400.0
INV011542,140178,104,19125.0
INV001689,114552,103,4214.0
INV009450,107537,107,3750.0
INV000254,110823,107,7600.0
INV018599,104469,106,3876.0
INV016318,135799,105,15000.0
INV014740,114297,101,140000.0
INV003517,153741,103,3724.0
INV007297,161009,106,57500.0
INV010967,122033,108,75000.0
INV011725,112608,107,14700.0
INV004088,158184,107,62000.0
INV008986,158937,101,35000.0
INV004973,126510,108,38000.0
INV005678,115950,101,18375.0
INV017919,132857,103,1450.0
INV004401,133105,101,23000.0
INV005336,107017,107,76500.0
INV001628,142140,106,7000.0
INV013461,110120,101,7250.0
INV000105,125796,107,28000.0
INV008758,139308,106,18750.0
INV008092,106838,103,14500.0
INV003024,118238,105,3100.0
INV006520,158445,103,7448.0
INV008273,145392,105,1421.0
INV011877,113073,103,4300.0
INV002122,113730,101,2900.0
INV002389,139710,102,15500.0
INV002672,165682,103,2150.0
INV014287,158151,108,43000.0
INV018612,120329,103,31000.0
INV000696,110978,103,140000.0
INV000646,110317,108,7600.0
INV004501,136097,102,12400.0
INV013449,122952,101,12648.0
INV004583,124838,104,21500.0
INV018132,134411,107,28750.0
INV010104,103911,105,1450.0
INV010825,100184,106,115000.0
INV019627,913596,106,57224.63
INV001778,147606,104,2193.0
INV005621,120692,105,5750.0
INV002989,130450,102,9500.0
INV001361,123586,107,5750.0
INV014890,132358,107,31000.0
INV014979,166165,102,9310.0
INV016893,123469,105,7650.0
INV009828,113212,107,8600.0
INV018269,112079,105,7350.0
INV010199,130755,108,43000.0
INV015739,126410,101,37500.0
INV007318,133338,105,4300.0
INV001270,134243,107,5750.0
INV013907,124232,103,62000.0
INV017973,137243,101,7250.0
INV007337,101850,104,18750.0
INV008914,128268,107,7500.0
INV012633,112604,107,6860.0
INV013487,103007,105,10965.0
INV011106,108537,101,8600.0
INV002493,109953,108,140000.0
INV007647,130004,106,4300.0
INV016567,164513,105,1938.0
INV006569,134081,107,70000.0
INV007481,117867,106,15810.0
INV005604,135607,106,2900.0
INV006638,140391,102,31620.0
INV013144,126038,105,15300.0
INV004185,103962,105,4386.0
INV019922,994372,105,30801.63
INV018406,150220,101,21930.0
INV012068,157946,101,2842.0
INV016706,152896,108,7250.0
INV000693,155376,105,18750.0
INV002826,141450,103,6200.0
INV003007,112116,104,70000.0
INV004242,161428,107,10535.0
INV018846,138126,101,6200.0
INV019911,948888,102,66245.88
INV016698,129518,107,1900.0
INV005430,143887,103,140000.0
INV011350,117423,107,29580.0
INV011265,139534,102,15500.0
INV005261,147513,105,70000.0
INV009995,144198,105,35000.0
INV017452,109852,104,43000.0
INV012851,129806,102,7000.0
INV008315,115273,106,28175.0
INV009025,160250,104,7395.0
INV001006,129420,105,12648.0
INV008814,140952,101,3100.0
INV003303,119011,103,5684.0
INV016494,151145,106,36750.0
INV010698,103553,105,70000.0
INV001278,119606,102,3750.0
INV000970,103351,104,2958.0
INV004807,146844,108,2150.0
INV014109,133991,106,9310.0
INV009297,131830,105,8600.0
INV009281,157143,104,10965.0
INV018799,142262,102,2842.0
INV015593,131910,102,4300.0
INV003175,136039,106,42140.0
INV014458,102217,107,14790.0
INV012384,160178,107,14000.0
INV015976,164126,102,11270.0
INV016903,166488,106,14500.0
INV005199,139959,107,19000.0
INV002725,147505,103,43000.0
INV007588,122169,107,2900.0
INV014783,140630,105,3162.0
INV002368,102514,108,8600.0
INV008358,116274,101,18750.0
INV015404,149728,108,70000.0
INV005351,102593,103,2900.0
INV019742,964789,107,15522.11
INV014462,145255,103,37500.0
INV009642,164544,108,14210.0
INV015962,144668,107,31000.0
INV009148,152526,107,2842.0
INV004678,156027,101,6200.0
INV003169,149963,108,117300.0
INV000610,161451,107,28000.0
INV017199,124680,107,29000.0
INV015168,144692,108,142800.0
INV009414,118591,101,9690.0
INV013691,127110,101,2150.0
INV005306,161259,108,14000.0
INV014981,155373,104,18750.0
INV010196,102202,106,56350.0
INV016264,160159,102,142800.0
INV004873,139563,104,4386.0
INV012779,134781,108,71400.0
INV001643,164284,107,14790.0
INV014760,122056,108,8772.0
INV018924,104248,103,14000.0
INV018167,152445,101,15500.0
INV010660,161461,103,15810.0
INV018203,150250,107,7600.0
INV007933,154444,104,29000.0
INV003378,103341,104,12400.0
INV004262,130698,103,15300.0
INV016521,163614,104,28175.0
INV008330,109183,108,28000.0
INV000842,137464,103,6200.0
INV010248,144335,103,5750.0
INV002398,124990,103,3100.0
INV012728,157644,104,28750.0
INV010883,142858,107,3675.0
INV006845,126272,103,35000.0
INV003229,163229,103,31000.0
INV005471,151931,103,115000.0
INV018940,118537,107,19380.0
INV013291,132290,101,137200.0
INV002907,158951,105,1450.0
INV015716,157349,106,19380.0
INV004867,153192,102,5916.0
INV015792,148833,108,7600.0
INV011609,108167,105,140000.0
INV014824,153414,106,15500.0
INV000898,128754,107,2150.0
INV017937,110912,103,19000.0
INV015480,133948,106,7250.0
INV011809,132545,101,15000.0
INV010919,114851,106,35700.0
INV011088,151952,102,3800.0
INV015864,106153,102,57500.0
INV017268,144407,101,57500.0
INV005171,110395,103,68600.0
INV012145,113028,103,62000.0
INV011610,127223,103,4300.0
INV012491,120663,106,1450.0
INV019054,114296,103,14500.0
INV017507,139651,107,5750.0
INV008922,132081,106,14000.0
INV006747,112866,103,10535.0
INV005931,140550,108,3825.0
INV009385,145927,103,140000.0
INV003653,106032,107,9500.0
INV006596,133173,103,70000.0
INV007445,144898,102,42140.0
INV019975,986882,102,71818.88
INV014790,153488,103,1938.0
INV014693,104590,104,1938.0
INV009289,116422,103,2900.0
INV009871,128304,104,14500.0
INV001630,111615,106,60760.0
INV019474,166473,104,9500.0
INV009243,155564,101,21930.0
INV002327,120393,108,11500.0
INV004602,131817,104,1900.0
INV006135,154852,102,19380.0
INV008797,103827,108,12400.0
INV003537,135146,104,15000.0
INV010353,165492,102,35000.0
INV003313,141531,103,7448.0
INV018125,100231,105,28560.0
INV003958,160443,101,4300.0
INV003989,143896,106,7448.0
INV008994,144822,103,38760.0
INV007039,132746,103,75000.0
INV001321,110816,108,5800.0
INV010833,134676,105,28750.0
INV014683,150061,104,14500.0
INV006427,143089,108,18750.0
INV013216,142425,105,36750.0
INV006495,110539,101,10535.0
INV018350,139162,107,7448.0
INV015221,135811,105,5750.0
INV004621,152399,105,1900.0
INV007788,104370,101,2150.0
INV007545,130927,105,7752.0
INV017308,148391,102,23000.0
INV016892,159663,102,4300.0
INV009226,126277,105,11500.0
INV000939,107999,106,30380.0
INV015729,121676,104,9310.0
INV005255,139299,102,115000.0
INV017448,149031,102,9500.0
INV004123,140746,104,21500.0
INV015773,151195,105,37240.0
INV015216,149895,105,15810.0
INV019725,915086,103,81030.34
INV002328,109781,103,57500.0
INV013493,117348,105,56350.0
INV003895,125661,101,2900.0
INV008117,101104,103,2150.0
INV012743,104157,106,5635.0
INV008121,148118,103,15500.0
INV001325,136519,108,56350.0
INV016131,129555,101,6076.0
INV016347,155852,107,3750.0
INV019068,145702,103,1421.0
INV019534,997044,105,50884.56
INV009353,125753,108,6200.0
INV014064,142588,105,30380.0
INV002693,150241,107,1862.0
INV006157,151503,105,28420.0
INV012358,112470,107,3876.0
INV009723,159078,105,9500.0
INV002008,159374,101,57500.0
INV005367,138294,103,31000.0
INV004720,139881,103,14700.0
INV011631,156398,105,28000.0
INV018702,132250,104,43000.0
INV010409,141509,102,28560.0
INV009064,117191,103,112700.0
INV019550,932681,104,65599.27
INV007429,111600,108,3750.0
INV016648,114579,103,23460.0
INV009054,165606,106,38000.0
INV009429,148894,106,8600.0
INV009748,161294,108,4300.0
INV019382,141439,104,2150.0
INV004537,108645,101,7500.0
INV019652,933180,104,2907.83
INV000941,162862,102,7448.0
INV014128,142082,102,11500.0
INV010623,127415,103,4300.0
INV014119,101265,107,3100.0
INV000968,164054,105,4300.0
INV014145,118152,103,19000.0
INV003233,121941,102,7500.0
INV003087,128640,101,7000.0
INV012484,107790,103,14700.0
INV017806,133349,101,3800.0
INV005433,128259,101,56350.0
INV017253,113609,102,15000.0
INV005288,119885,101,60760.0
INV019864,911862,108,49396.59
INV000843,149922,105,3750.0
INV017385,122930,105,43860.0
INV016415,156856,107,140000.0
INV016381,142005,107,13720.0
INV013282,123530,105,2150.0
INV012187,142847,101,3162.0
INV003535,161064,105,15000.0
INV005347,122158,103,29000.0
INV005589,145880,103,62000.0
INV008677,158152,103,4214.0
INV000980,141568,105,29000.0
INV008729,144600,103,13720.0
INV012282,117715,103,19000.0
INV008974,135943,101,22540.0
INV015908,116594,108,19380.0
INV008492,107953,102,21930.0
INV018872,161627,105,71400.0
INV019335,101848,102,7000.0
INV010317,166028,108,12152.0
INV003239,150810,102,29000.0
INV006232,159104,106,1450.0
INV008380,144377,108,62000.0
INV015377,125923,104,1862.0
INV014396,111433,107,29000.0
INV004969,115920,102,3750.0
INV007512,117992,103,137200.0
INV017927,132163,107,23000.0
INV006163,155194,104,15300.0
INV004485,115647,108,14280.0
INV003203,107108,107,1479.0
INV011627,152559,101,15190.0
INV006013,124859,108,23460.0
INV007450,112039,106,15810.0
INV007397,120841,105,21500.0
INV019680,917410,107,25132.56
INV016773,102926,106,2193.0
INV018408,115575,106,11500.0
INV018913,109195,104,21500.0
INV010565,134525,107,115000.0
INV016222,127412,108,10965.0
INV000615,122000,105,1450.0
INV005299,129285,101,3825.0
INV019575,909863,108,89814.2
INV017187,128622,101,14280.0
INV013976,125238,108,38250.0
INV001625,134050,106,28000.0
INV005073,101087,101,7140.0
INV019707,994555,106,78330.88
INV009835,137737,103,3876.0
INV002682,162723,101,37240.0
INV006671,139606,108,9690.0
INV018400,129457,104,28750.0
INV002138,103269,102,28000.0
INV016011,125329,104,36750.0
INV006657,157072,105,14500.0
INV019275,144744,106,3038.0
INV017576,109379,103,19125.0
INV007577,160892,105,10750.0
INV008396,155697,108,28750.0
INV019556,970752,101,4308.93
INV006288,145020,106,5800.0
INV016705,110001,103,12400.0
INV014142,104944,107,29325.0
INV018763,150136,105,35000.0
INV018218,110787,102,28000.0
INV017674,153418,105,1900.0
INV010365,123906,105,112700.0
INV016489,121977,106,112700.0
INV018354,154173,101,3876.0
INV000437,163280,108,6200.0
INV001716,114000,103,10750.0
INV002139,149609,107,27440.0
INV008763,135359,103,29000.0
INV018230,134405,105,10750.0
INV004952,146290,106,23000.0
INV003121,111560,103,15500.0
INV016856,149386,104,12152.0
INV011972,156048,102,7500.0
INV007266,159321,103,7350.0
INV011114,160551,108,1900.0
INV015415,132809,105,2958.0
INV015816,158611,107,15500.0
INV007528,162365,105,9500.0
INV004244,154559,101,115000.0
INV000958,155756,107,1862.0
INV002947,141411,101,35000.0
INV015678,137839,101,10535.0
INV015334,107447,107,2193.0
INV017549,163252,107,75000.0
INV015759,153815,101,9500.0
INV000995,128998,101,31000.0
INV017513,149143,105,5684.0
INV010087,105866,106,112700.0
INV015858,112989,105,15500.0
INV012997,103508,101,3750.0
INV014527,135982,107,3162.0
INV008945,146629,107,10535.0
INV010759,118020,107,3876.0
INV015950,139031,108,62000.0
INV001453,156018,102,7500.0
INV002248,153434,101,7600.0
INV015814,141740,106,3750.0
INV001601,138331,105,10750.0
INV012699,157182,107,29000.0
INV006931,139357,101,7000.0
INV011099,129248,104,75000.0
INV013002,124032,107,75000.0
INV003673,153295,106,1862.0
INV004410,133799,103,6076.0
INV003839,142478,101,28175.0
INV018341,138914,107,14210.0
INV010133,160465,106,21500.0
INV008647,104168,101,140000.0
INV005034,106283,103,23000.0
INV012250,155813,104,15000.0
INV014267,140101,108,70000.0
INV016345,115590,101,2150.0
INV009408,106526,103,76500.0
INV003120,161205,104,5750.0
INV001464,104152,103,3724.0
INV001741,160170,102,37500.0
INV006431,114748,104,15190.0
INV008577,154143,103,35700.0
INV005313,130424,108,9500.0
INV002773,110567,107,7500.0
INV008236,115368,102,15000.0
INV018744,147040,108,34300.0
INV007910,120677,102,7600.0
INV011024,117812,105,140000.0
INV016191,128242,103,19000.0
INV018771,138012,101,28750.0
INV015476,149577,108,28000.0
INV002216,125692,102,12152.0
INV010318,161746,107,42140.0
INV011751,144691,105,15500.0
INV008605,122436,108,71400.0
INV014612,129946,106,12400.0
INV011832,126362,105,12152.0
INV008669,157022,108,15000.0
INV014680,148633,104,1900.0
INV001770,114530,106,19125.0
INV006839,120990,106,37500.0
INV007019,137198,101,2150.0
INV003789,136070,101,34300.0
INV002888,103359,105,21500.0
INV015047,108243,102,6200.0
INV001428,131625,108,115000.0
INV010605,117917,103,43000.0
INV002679,154542,101,3100.0
INV002386,150611,107,15000.0
INV014686,142036,108,21500.0
INV012871,122725,106,15500.0
INV011019,109144,107,21500.0
INV013223,164270,101,10750.0
INV001818,116533,102,2150.0
INV012379,125872,104,3100.0
INV008932,105715,103,5750.0
INV006541,146356,107,3100.0
INV011871,116123,108,2900.0
INV005009,132125,105,75000.0
INV007786,128846,101,62000.0
INV018392,139050,104,23460.0
INV017367,164892,107,15500.0
INV002007,159719,106,12400.0
INV015236,161862,104,3750.0
INV018689,149478,104,5865.0
INV002490,137965,101,21500.0
INV015541,113005,102,38000.0
INV012931,127695,106,15000.0
INV019196,124871,102,42140.0
INV003360,154385,108,23000.0
INV006530,144634,101,1900.0
INV012093,112954,101,70000.0
INV000668,135603,104,5800.0
INV004043,108858,101,31000.0
INV001286,129060,108,7105.0
INV015948,154150,103,70000.0
INV006158,124867,105,70000.0
INV013237,140824,106,1450.0
INV005357,159558,108,57500.0
INV013172,113047,107,3038.0
INV000788,147758,102,36750.0
INV001713,129032,107,19000.0
INV016270,152230,106,38000.0
INV010652,108874,104,15190.0
INV014411,165478,103,15000.0
INV006140,124564,104,7250.0
INV018552,110401,101,29000.0
INV002260,158300,102,29580.0
INV016872,152942,101,70000.0
INV005075,155133,102,37500.0
INV007402,151173,108,35000.0
INV018560,104917,107,3038.0
INV012667,140815,103,29000.0
INV017265,138429,102,18375.0
INV017437,156634,105,10965.0
INV011344,132168,102,12152.0
INV011671,142428,108,15000.0
INV005895,114783,108,38000.0
INV011836,116575,103,14700.0
INV000583,149190,106,14500.0
INV016873,139358,103,7250.0
INV015492,140607,106,60760.0
INV014919,113014,107,7250.0
INV006369,113987,108,117300.0
INV017546,139012,106,3800.0
INV016279,118066,106,7000.0
INV015429,134338,103,11500.0
INV009087,142689,108,57500.0
INV016617,109674,103,31000.0
INV000028,118355,106,18750.0
INV004273,101852,106,11270.0
INV013658,111941,105,31000.0
INV006471,144318,108,43000.0
INV004179,134584,106,5750.0
INV000520,165062,107,15000.0
INV014263,149071,105,57500.0
INV012522,108667,102,14500.0
INV010564,161843,101,29000.0
INV011280,163252,103,117300.0
INV001210,145662,102,1450.0
INV001839,122478,108,14000.0
INV005007,132284,106,18750.0
INV012291,111130,103,35000.0
INV003178,134446,105,29580.0
INV016566,115907,105,57500.0
INV015738,119144,101,23000.0
INV001824,154945,104,14700.0
INV004735,127610,102,4300.0
INV003703,135224,108,11730.0
INV019726,936107,102,68471.86
INV000060,128390,106,3038.0
INV002100,135186,106,3800.0
INV004706,125502,108,28000.0
INV009584,130862,107,1479.0
INV002252,153001,101,14500.0
INV000215,104555,104,36750.0
INV016252,145298,108,68600.0
INV019194,105871,107,35000.0
INV003133,109305,105,28560.0
INV017862,100299,104,5750.0
INV014236,148598,105,15500.0
INV006832,137172,105,5865.0
INV010067,124442,106,7500.0
INV003971,122554,108,29580.0
INV013284,155990,101,7600.0
INV008359,136699,101,57500.0
INV001912,138553,101,9500.0
INV009042,165857,104,3100.0
INV017858,102168,104,3800.0
INV012524,152216,104,34300.0
INV007560,156624,106,9500.0
INV012202,151864,107,28750.0
INV011681,100886,108,7250.0
INV007958,127451,106,5635.0
INV007770,141592,103,5800.0
INV005480,147244,101,28000.0
INV013179,126998,108,7600.0
INV003880,145409,107,1900.0
INV007021,117569,107,3750.0
INV000656,147101,106,7500.0
INV007914,133788,102,2900.0
INV001832,155544,105,9310.0
INV011041,113678,101,10750.0
INV017712,148525,102,29325.0
INV003815,149445,108,115000.0
INV011950,161868,108,115000.0
INV009449,102355,102,35000.0
INV007372,157254,101,1862.0
INV018177,121656,105,35000.0
INV005340,155974,103,35000.0
INV009050,119354,108,6860.0
INV008784,138994,106,28000.0
INV008935,154031,107,7000.0
INV014146,103454,102,7105.0
INV014220,104249,105,37240.0
INV005942,101006,107,1900.0
INV010755,140356,104,29580.0
INV000638,132011,106,58650.0
INV015754,144228,101,3800.0
INV001929,141985,107,23000.0
INV008231,152851,106,1421.0
INV004322,146295,102,5800.0
INV009609,126171,108,70000.0
INV004951,134590,104,7500.0
INV019461,162619,106,2150.0
INV002527,116481,106,7000.0
INV005412,163208,101,7650.0
INV011623,157280,107,76500.0
INV001176,130503,106,11500.0
INV001382,121233,105,14500.0
INV016687,103824,107,6324.0
INV013873,146246,102,8772.0
INV017680,134498,101,42140.0
INV013184,152891,108,11730.0
INV017078,123875,106,23460.0
INV005779,146556,102,6200.0
INV007042,118387,101,1862.0
INV012458,136786,108,12400.0
INV016609,130469,105,6860.0
INV009802,153017,105,23000.0
INV003907,128129,101,15810.0
INV009458,161287,104,12400.0
INV014170,130448,103,6200.0
INV007864,158681,104,7250.0
INV002394,165954,106,18750.0
INV012763,161365,105,140000.0
INV016397,129297,105,43000.0
INV004929,164327,101,7395.0
INV000029,112768,104,2150.0
INV009682,155015,106,3100.0
INV013539,115957,101,5800.0
INV004204,110431,106,7105.0
INV004680,129616,101,15500.0
INV003465,117761,108,5750.0
INV005014,135066,108,57500.0
INV017296,101609,102,71400.0
INV004660,128970,108,7600.0
INV019718,915094,103,75149.59
INV004737,121605,101,15000.0
INV010870,101368,105,115000.0
INV006637,117829,104,1421.0
INV004404,159529,105,8600.0
INV007471,146927,103,31000.0
INV017669,135809,101,10535.0
INV014161,142636,106,37500.0
INV016756,121077,102,5635.0
INV001772,160086,107,1479.0
INV017206,114645,104,21500.0
INV013809,134906,106,140000.0
INV017949,124797,106,117300.0
INV000448,122154,103,11730.0
INV007827,166270,106,11730.0
INV010609,126374,103,1900.0
INV002755,166083,101,62000.0
INV009451,112487,101,7448.0
INV011481,160226,106,3800.0
INV015432,111205,102,1479.0
INV014925,105925,106,75000.0
INV012067,131494,105,7500.0
INV010007,144795,108,11270.0
INV003561,111661,105,15500.0
INV016559,103511,105,56350.0
INV002009,137297,107,29000.0
INV007885,125546,103,10750.0
INV011765,122214,102,35000.0
INV006016,130484,108,5800.0
INV015187,136939,103,4300.0
INV010746,103466,108,27440.0
INV010343,142494,107,12400.0
INV009845,137749,103,14500.0
INV007813,108221,104,7650.0
INV006441,140277,106,7140.0
INV016993,129015,106,75000.0
INV001437,161796,101,23000.0
INV002293,140996,108,19125.0
INV000131,134519,106,1938.0
INV013670,136349,102,9500.0
INV004544,140030,103,6324.0
INV015411,153498,104,3800.0
INV003326,110660,108,35700.0
INV003310,119540,104,23460.0
INV003016,109135,106,19125.0
INV000864,142699,102,6200.0
INV001390,150123,103,29325.0
INV000964,120853,101,7600.0
INV005352,115285,106,2150.0
INV015116,118222,103,7500.0
INV012785,157625,101,1862.0
INV004930,157754,103,3876.0
INV000100,136528,101,75000.0
INV010777,138515,108,38000.0
INV003575,111922,106,4214.0
INV000355,133888,102,7500.0
INV007454,107056,106,5800.0
INV002958,106328,107,28000.0
INV009264,130494,101,14000.0
INV011785,142594,105,29000.0
INV016945,144950,105,1900.0
INV002038,151271,107,3038.0
INV008106,140015,107,63240.0
INV008440,124840,101,11270.0
INV002254,118024,106,7600.0
INV007428,141797,107,12648.0
INV004312,119725,101,9690.0
INV009677,143092,105,21500.0
INV001160,122493,102,4214.0
INV007922,163399,101,7650.0
INV014954,140446,101,18750.0
INV016266,143725,105,19125.0
INV017946,159035,108,3100.0
INV011666,122899,101,14210.0
INV012586,162143,101,11270.0
INV015050,154954,107,4386.0
INV012722,121147,107,4300.0
INV007522,126727,103,23000.0
INV009937,105470,106,28750.0
INV014608,115848,105,10750.0
INV017840,111510,107,7140.0
INV012652,151557,106,23000.0
INV007732,165273,104,7250.0
INV012561,112018,107,6200.0
INV010629,107254,102,28175.0
INV002002,150302,108,35000.0
INV018495,154735,107,10535.0
INV014522,138755,106,4214.0
INV010765,101717,108,4300.0
INV005865,138916,104,12400.0
INV000207,111056,102,14500.0
INV003836,111723,104,5750.0
INV009675,151490,105,23000.0
INV000833,113915,101,42140.0
INV004128,105038,106,14000.0
INV000550,138984,103,43000.0
INV008909,126928,102,9690.0
INV012680,125097,104,19000.0
INV006759,162872,106,14210.0
INV003667,103123,107,5635.0
INV012872,137159,108,12400.0
INV013584,144956,106,27440.0
INV017035,117023,106,7105.0
INV010337,148835,105,3100.0
INV010911,132173,108,5916.0
INV002817,159834,104,57500.0
INV017574,101813,105,35000.0
INV007380,161990,107,5800.0
INV011720,165251,105,1900.0
INV008320,120341,107,11730.0
INV001299,118640,104,3162.0
INV009852,163220,105,18620.0
INV000203,123447,101,38000.0
INV002558,123186,108,7250.0
INV002281,113347,106,2150.0
INV002299,108912,103,3675.0
INV002794,125908,105,18750.0
INV012464,111738,106,7105.0
INV001755,144541,102,7000.0
INV017460,108711,105,7500.0
INV011612,153069,107,15500.0
INV008382,125247,106,29325.0
INV010457,105570,105,115000.0
INV008290,139666,102,7395.0
INV014709,152447,105,10535.0
INV007780,166478,108,57500.0
INV013474,106345,102,38000.0
INV004338,113621,101,21500.0
INV010442,131419,105,15300.0
INV019891,906503,107,81566.28
INV013599,156546,102,7000.0
INV009590,104367,106,28175.0
INV003482,147813,101,5750.0
INV009746,132337,102,3800.0
INV015016,150812,107,115000.0
INV009422,122985,103,62000.0
INV015625,155196,107,8600.0
INV018208,127956,104,5865.0
INV015182,110605,107,29325.0
INV003328,148572,105,3100.0
INV009572,150550,106,18750.0
INV004518,110788,103,7448.0
INV015465,115884,106,3038.0
INV012795,103153,107,19000.0
INV010288,145587,108,63240.0
INV006700,140776,106,112700.0
INV005091,157044,105,11730.0
INV015668,108871,102,11500.0
INV006837,145095,101,58650.0
INV017813,104102,107,28420.0
INV016082,111673,108,8600.0
INV003104,149637,106,15810.0
INV000266,101945,103,15000.0
INV010220,126557,107,10965.0
INV016367,120228,108,2150.0
INV006354,114173,102,14500.0
INV002996,125679,106,70000.0
INV008050,134863,106,4300.0
INV013139,143201,105,115000.0
INV019203,107444,105,21500.0
INV003093,123438,105,18750.0
INV013166,150547,106,115000.0
INV003254,103876,104,3100.0
INV004405,130048,108,28000.0
INV001218,102504,101,7000.0
INV012704,138302,103,18750.0
INV009260,109685,104,60760.0
INV014593,139532,101,23000.0
INV006399,100174,104,8772.0
INV003004,141236,102,10965.0
INV002371,107234,103,6200.0
INV013872,104879,105,2193.0
INV003192,109492,107,8428.0
INV019404,103260,105,14210.0
INV000340,132426,108,10965.0
INV007478,123893,108,10750.0
INV009233,159944,104,43000.0
INV006879,113231,101,8428.0
INV007576,161518,104,12152.0
INV009341,118446,101,1900.0
INV000005,117635,107,3800.0
INV006028,110207,105,5684.0
INV002179,120820,105,2150.0
INV014934,154728,103,2150.0
INV009603,118834,106,15500.0
INV005033,142076,106,6076.0
INV004716,125361,105,1900.0
INV011583,160652,105,7500.0
INV009140,154830,108,4300.0
INV007696,130002,103,62000.0
INV012492,121796,106,9500.0
INV011804,125661,105,9500.0
INV017959,101099,106,7250.0
INV012425,150454,108,29000.0
INV018110,114059,103,35700.0
INV001793,114262,104,4300.0
INV002303,161841,103,140000.0
INV002851,160902,104,43000.0
INV011826,160426,102,37240.0
INV004723,132399,108,28420.0
INV014295,122950,107,70000.0
INV006867,166034,106,1862.0
INV002163,164755,103,29000.0
INV005807,100589,103,30380.0
INV019129,101846,104,1450.0
INV005504,104535,107,63240.0
INV012918,102293,103,2900.0
INV015171,102611,105,21500.0
INV001226,137278,103,5684.0
INV007151,150284,101,2900.0
INV001571,155071,108,62000.0
INV013254,101967,106,7250.0
INV000677,138623,104,30380.0
INV004260,152696,101,4300.0
INV013250,164333,104,7752.0
INV010707,124739,105,15810.0
INV009036,130094,104,10750.0
INV015575,118594,104,60760.0
INV015063,135011,108,28000.0
INV014540,132997,108,76500.0
INV018631,144682,101,7448.0
INV001239,107476,108,38000.0
INV000924,149518,106,28000.0
INV009501,117949,105,18750.0
INV019260,106422,107,3100.0
INV007067,132187,105,7500.0
INV003359,106046,108,37240.0
INV016615,113434,107,115000.0
INV001353,153974,103,3750.0
INV003019,105912,103,29000.0
INV017280,133985,108,9500.0
INV016492,116549,107,115000.0
INV011270,143275,101,6200.0
INV001138,137944,106,9690.0
INV018572,155026,101,5750.0
INV002419,113525,106,14210.0
INV014971,126004,108,3800.0
INV015215,132135,101,38000.0
INV008910,129240,107,57500.0
INV014281,136154,101,14280.0
INV017612,105403,101,1862.0
INV004430,123549,104,7000.0
INV010406,130233,103,35000.0
INV006808,135408,105,14500.0
INV016089,141758,103,15300.0
INV015510,106013,107,9500.0
INV010213,166430,103,4214.0
INV010541,155078,106,18750.0
INV016742,163168,105,23000.0
INV008594,164431,103,8600.0
INV010004,155134,108,73500.0
INV018433,143227,104,14790.0
INV013981,133016,101,15500.0
INV011216,151774,106,12400.0
INV018277,143715,106,7395.0
INV008616,157260,104,28750.0
INV010070,147142,102,19125.0
INV001616,147229,101,28560.0
INV003584,102049,106,10750.0
INV000591,107884,106,21500.0
INV002652,115289,108,57500.0
INV013955,101586,101,57500.0
INV004719,115808,102,115000.0
INV008491,145326,107,70000.0
INV013931,114138,104,38000.0
INV007781,155795,107,31000.0
INV009814,123362,103,38000.0
INV011935,111843,102,21500.0
INV015092,104523,101,68600.0
INV004645,126119,102,10965.0
INV002862,158141,103,70000.0
INV015646,145276,102,3675.0
INV001522,108990,104,58650.0
INV003666,110044,105,5750.0
INV011322,107995,103,1421.0
INV001214,121268,108,14500.0
INV005305,121442,105,71400.0
INV007419,118519,104,37500.0
INV010462,144900,103,2842.0
INV001420,157451,104,8428.0
INV008941,151547,101,2150.0
INV016814,102807,101,15190.0
INV009707,142823,103,18750.0
INV004234,116559,107,28000.0
INV010189,110523,105,28420.0
INV013457,115860,107,8600.0
INV017391,145501,105,37500.0
INV005965,137766,106,11500.0
INV002650,117310,106,140000.0
INV007302,150517,104,15300.0
INV009564,115464,104,3750.0
INV009386,164932,102,23000.0
INV001418,137633,108,6324.0
INV013593,153753,107,18750.0
INV011199,124087,108,5750.0
INV019894,954477,101,54617.39
INV002294,158899,101,34300.0
INV008240,123214,103,5865.0
INV010309,117326,107,115000.0
INV002665,121827,108,3876.0
INV012731,140344,107,70000.0
INV006801,112200,103,70000.0
INV013354,157148,105,28750.0
INV003689,136488,103,5800.0
INV013203,132191,105,36750.0
INV005045,156684,107,43000.0
INV015775,159025,107,21930.0
INV000181,152110,101,37500.0
INV012730,146163,101,7250.0
INV016351,121654,108,31000.0
INV014200,126584,105,75000.0
INV004480,153215,102,15000.0
INV014710,139619,103,38250.0
INV018071,107311,105,70000.0
INV017628,106846,102,115000.0
INV006978,112934,105,14000.0
INV007714,163152,105,21500.0
INV004057,127558,104,1900.0
INV010791,143114,102,62000.0
INV000158,141814,105,112700.0
INV005118,144245,108,37500.0
INV018679,126474,108,6200.0
INV002683,113864,108,15000.0
INV012206,154393,106,29580.0
INV003758,149209,103,5865.0
INV011215,122071,101,4300.0
INV001655,144899,103,7500.0
INV015262,102709,101,14000.0
INV005099,140076,106,2150.0
INV015247,110122,107,4214.0
INV005617,144966,102,14280.0
INV014736,117032,102,35700.0
INV016244,106760,106,14000.0
INV000308,107279,101,14790.0
INV004370,133276,107,115000.0
INV014369,156900,105,21930.0
INV001435,142088,108,117300.0
INV004317,111238,105,76500.0
INV005044,129411,102,58650.0
INV004027,133875,104,18375.0
INV003622,141772,105,14500.0
INV011630,101698,105,5800.0
INV019256,107622,105,19000.0
INV003798,165123,105,3800.0
INV000747,114855,103,37500.0
INV016649,130526,108,19000.0
INV012666,149609,106,9500.0
INV011412,114626,108,12400.0
INV014214,125160,108,31000.0
INV002027,115151,102,29580.0
INV006342,128583,105,11500.0
INV013852,115136,107,43000.0
INV001380,156863,103,5800.0
INV011453,102070,101,5684.0
INV014165,136099,107,19000.0
INV012974,147072,106,4300.0
INV012598,107983,106,35700.0
INV006017,108412,104,28175.0
INV000296,157635,101,1450.0
INV004136,166626,104,70000.0
INV005131,104920,105,38760.0
INV010575,114149,102,68600.0
INV016969,113161,106,15000.0
INV016349,163352,104,3038.0
INV012423,131430,107,21070.0
INV005403,166307,108,11500.0
INV002164,103676,103,15000.0
INV007752,109863,107,1900.0
INV011172,128333,102,14000.0
INV014573,141240,103,36750.0
INV012278,126158,103,28750.0
INV010995,147276,104,10965.0
INV010029,140577,101,7000.0
INV002231,111454,106,2150.0
INV012673,159474,104,1450.0
INV007750,160167,103,19125.0
INV005089,164830,104,38000.0
INV007965,139689,106,21500.0
INV008032,140515,103,37500.0
INV002321,104516,106,70000.0
INV012587,113589,107,2842.0
INV005149,123032,107,8428.0
INV000601,101391,101,21930.0
INV013171,165743,108,2958.0
INV003060,114408,104,9500.0
INV006876,161269,102,5684.0
INV018417,123739,105,30380.0
INV005878,108592,101,60760.0
INV007790,133387,105,31000.0
INV017203,130765,105,35000.0
INV010327,106059,105,5800.0
INV008222,120488,101,28420.0
INV013089,148400,101,28560.0
INV000054,102791,102,6200.0
INV012463,153615,101,11730.0
INV013011,141909,106,7650.0
INV001171,151018,108,58650.0
INV002537,117865,105,1938.0
INV010447,162981,104,15500.0
INV005613,141526,107,35000.0
INV011713,160004,106,70000.0
INV012761,133598,103,2107.0
INV018769,102771,102,3750.0
INV001708,164851,105,140000.0
INV001949,150103,102,43000.0
INV013727,146818,108,11500.0
INV009171,136986,108,3750.0
INV004271,127963,103,27440.0
INV016246,127971,106,18750.0
INV010183,149947,107,8772.0
INV003876,111259,107,1421.0
INV006006,117225,107,5750.0
INV006552,103076,108,2193.0
INV016023,109909,106,12152.0
INV009979,140634,107,7000.0
INV007875,129476,108,9500.0
INV016940,155975,108,43000.0
INV014099,142430,102,7500.0
INV016835,158097,108,4300.0
INV000451,158265,103,5800.0
INV005161,150697,104,4300.0
INV002457,133615,102,14500.0
INV016305,105902,102,10750.0
INV007902,124976,108,2193.0
INV007706,113921,103,2958.0
INV008217,116646,103,21500.0
INV001986,166350,107,18750.0
INV012438,113234,103,12400.0
INV001004,166408,106,7500.0
INV019960,970205,101,8275.55
INV011307,130744,101,28750.0
INV005560,156856,105,3750.0
INV012602,109267,103,1900.0
INV009504,146173,102,1862.0
INV012389,101612,102,3800.0
INV007405,165064,103,142800.0
INV015140,104659,104,56350.0
INV007224,133631,105,31000.0
INV013882,121296,107,1450.0
INV003681,144907,104,7250.0
INV016232,104431,102,10750.0
INV018699,133905,102,43000.0
INV010227,112789,103,22540.0
INV003478,125041,104,28750.0
INV015892,164494,106,28000.0
INV017368,154769,108,4214.0
INV014013,117294,103,43000.0
INV005733,137887,102,3800.0
INV013693,160441,105,35000.0
INV014420,104860,102,57500.0
INV013764,158100,103,9310.0
INV000909,110088,108,2900.0
INV005798,151769,104,117300.0
INV006983,124219,106,5800.0
INV016006,129768,102,5750.0
INV016284,108614,102,7140.0
INV006941,108869,102,5800.0
INV014408,144259,107,62000.0
INV011653,149323,103,23000.0
INV008105,124243,107,2900.0
INV015441,157006,102,10535.0
INV017603,130794,106,7500.0
INV013319,158114,101,70000.0
INV002610,112021,104,2900.0
INV014224,120976,103,37500.0
INV014768,108800,101,2107.0
INV008766,126168,107,5800.0
INV011431,146811,104,2150.0
INV015389,108295,105,29000.0
INV005387,103824,104,58650.0
INV011066,113354,102,1450.0
INV001271,130990,107,11500.0
INV003991,156352,105,10750.0
INV014599,121651,102,14000.0
INV007359,111321,102,62000.0
INV001154,102981,106,62000.0
INV005172,102472,106,6200.0
INV003157,114077,103,23000.0
INV010446,142600,108,1938.0
INV001155,130755,107,5800.0
INV004079,107491,101,23000.0
INV008415,110729,106,7105.0
INV016045,156535,102,19125.0
INV013913,121402,103,75000.0
INV014765,144284,108,43000.0
INV000662,121529,106,9500.0
INV012684,136872,108,15500.0
INV010703,136477,102,29000.0
INV002460,154203,102,28560.0
INV014741,107044,108,35700.0
INV015999,141331,104,63240.0
INV014464,128157,105,38250.0
INV005676,162129,108,30380.0
INV017374,164945,107,23000.0
INV010376,142161,104,10535.0
INV004141,140651,106,7752.0
INV007166,147631,108,7500.0
INV013990,148461,106,14500.0
INV003921,164071,108,19380.0
INV007416,106167,105,21500.0
INV013346,145874,106,2150.0
INV010520,122537,104,43000.0
INV001685,152814,105,4300.0
INV013264,102696,101,10965.0
INV019811,976818,101,58021.06
INV018236,125480,105,1450.0
INV010807,151786,101,15000.0
INV015564,163602,106,140000.0
INV004510,153146,108,7250.0
INV010543,121278,105,19000.0
INV010712,161339,105,10750.0
INV002802,113622,102,1450.0
INV004037,142338,103,7250.0
INV012510,132830,107,8600.0
INV019436,108965,102,7600.0
INV013176,102978,107,8600.0
INV000453,113793,106,19000.0
INV019953,954085,106,59653.44
INV005686,109578,101,7395.0
INV015238,109881,105,43860.0
INV003144,106952,101,8600.0
INV002422,127213,102,57500.0
INV019807,963889,102,9912.79
INV005673,107966,102,14280.0
INV014887,148990,106,5750.0
INV008924,150309,101,34300.0
INV019258,149749,104,14000.0
INV009032,138667,101,1450.0
INV009821,127311,108,2842.0
INV004458,143532,103,1450.0
INV001484,123721,102,70000.0
INV013106,154740,108,28000.0
INV017444,148511,102,1479.0
INV006465,108893,106,58650.0
INV002387,123625,106,5800.0
INV014011,151343,104,18620.0
INV002415,144398,102,38000.0
INV010226,158989,101,2150.0
INV013118,118743,108,142800.0
INV000431,137129,104,8600.0
INV004437,142658,102,37240.0
INV014141,141701,106,62000.0
INV012375,129091,102,6076.0
INV009383,143369,102,29000.0
INV016575,150279,101,3800.0
INV004270,165938,102,9310.0
INV004792,134999,105,58650.0
INV007480,125564,102,2150.0
INV002326,121964,105,21930.0
INV015654,161476,107,8428.0
INV001634,163730,106,9500.0
INV013233,112821,103,115000.0
INV005915,114362,107,19380.0
INV019755,965261,102,43405.06
INV019233,127479,108,15810.0
INV007226,136981,104,3100.0
INV019800,954756,105,45965.86
INV008124,148383,108,23000.0
INV009968,156645,102,6076.0
INV015176,137330,105,36750.0
INV015471,136084,101,12152.0
INV005057,120859,108,1862.0
INV017449,123880,101,3800.0
INV010726,130670,103,2900.0
INV002874,165941,105,11500.0
INV000629,139325,103,30380.0
INV011406,102632,101,10750.0
INV012302,110975,108,10535.0
INV002196,149201,104,18750.0
INV007575,118673,101,11500.0
INV006553,140164,102,75000.0
INV001844,141382,104,1421.0
INV016012,128107,102,5684.0
INV000754,100733,103,7500.0
INV010012,117158,103,57500.0
INV010396,131938,102,37240.0
INV005461,106901,107,6076.0
INV012658,166354,105,1900.0
INV014044,138676,108,7500.0
INV008707,128857,103,28000.0
INV015029,139190,108,115000.0
INV018112,153047,106,1421.0
INV014649,138986,103,23000.0
INV003835,158724,107,31000.0
INV007882,121108,106,21070.0
INV004281,159344,101,7600.0
INV019982,933464,105,22718.86
INV008383,145972,102,1450.0
INV013361,146381,106,57500.0
INV000265,106473,103,14000.0
INV005555,142245,108,37500.0
INV006351,129589,107,7650.0
INV000715,148265,107,76500.0
INV019166,113301,103,3876.0
INV019867,957792,102,11933.66
INV013855,163872,108,1900.0
INV018840,149989,104,6076.0
INV002745,146200,103,15190.0
INV001788,110277,101,7250.0
INV015903,152117,103,18750.0
INV002436,143359,105,7500.0
INV004492,144590,106,15000.0
INV001090,113576,103,29580.0
INV011116,149925,107,8600.0
INV009785,141625,103,14000.0
INV007614,117008,106,14790.0
INV015239,146713,104,12400.0
INV014600,121247,106,21070.0
INV016886,107509,107,8600.0
INV000091,132019,107,14500.0
INV009298,128769,108,7752.0
INV018795,109911,108,29325.0
INV019387,142717,108,18750.0
INV005975,112629,103,11500.0
INV016527,101270,102,37500.0
INV001864,162951,103,28000.0
INV005597,112042,106,29580.0
INV003036,109065,103,68600.0
INV010736,101310,107,31620.0
INV004351,106774,105,15000.0
INV013088,120272,106,5800.0
INV006981,102939,102,23460.0
INV017423,164107,106,68600.0
INV007836,122399,104,37240.0
INV017651,105161,105,1479.0
INV017828,129774,104,70000.0
INV016557,121420,102,31000.0
INV002588,132786,104,3750.0
INV007759,129670,104,3750.0
INV009143,100806,105,18750.0
INV013317,130916,103,21500.0
INV018492,100519,106,31000.0
INV016127,146681,101,7752.0
INV009308,150912,105,28175.0
INV011372,156690,108,1938.0
INV012576,146624,106,3038.0
INV016898,137835,106,12400.0
INV003588,163492,103,19000.0
INV014323,125836,105,3100.0
INV008434,102402,104,5635.0
INV011568,126730,104,62000.0
INV008029,105974,108,71400.0
INV018874,139831,108,29000.0
INV017632,150716,102,115000.0
INV004586,111401,102,112700.0
INV018410,113597,106,112700.0
INV002510,106121,101,31620.0
INV005635,112225,101,5750.0
INV009336,157182,103,8600.0
INV013441,141247,101,7140.0
INV012082,166114,101,5800.0
INV015649,124972,103,63240.0
INV008660,103557,106,13720.0
INV019211,134728,106,21930.0
INV000899,164075,108,7600.0
INV014248,160405,101,10750.0
INV013383,151913,101,7395.0
INV014526,134548,102,29325.0
INV005421,102916,107,3750.0
INV012765,121796,104,5800.0
INV002132,126218,107,6324.0
INV014594,102693,108,117300.0
INV011438,109251,103,38000.0
INV019735,929698,106,44602.14
INV012766,145219,105,7500.0
INV006197,111821,106,7600.0
INV015614,121991,108,3876.0
INV002761,140462,107,23000.0
INV001062,156736,101,140000.0
INV004978,112488,105,15500.0
INV013978,114386,106,4214.0
INV003889,133665,107,140000.0
INV016859,135984,102,56350.0
INV011043,144689,105,117300.0
INV016752,128400,102,2107.0
INV018449,161993,108,115000.0
INV005546,132179,106,7500.0
INV000537,121258,107,5750.0
INV010886,147865,106,15500.0
INV005207,150570,104,57500.0
INV010888,136864,104,7752.0
INV003716,150237,104,7500.0
INV013579,155270,103,12648.0
INV000273,107497,107,43000.0
INV001092,123889,107,35000.0
INV012095,135814,106,10750.0
INV019909,965947,105,11315.89
INV008402,136678,102,6200.0
INV003262,155288,108,14000.0
INV001447,107723,106,11730.0
INV012697,117596,101,5750.0
INV010135,150053,103,2900.0
INV001179,151670,101,29000.0
INV014899,158037,102,23000.0
INV004999,117535,104,4214.0
INV006046,158172,104,7395.0
INV013514,142432,102,23000.0
INV006758,115399,103,5916.0
INV017571,121838,106,19000.0
INV000191,165842,105,58650.0
INV012271,145535,101,6200.0
INV001586,135642,101,9310.0
INV019532,906054,106,22003.5
INV016328,163120,104,140000.0
INV010757,142234,102,7650.0
INV002637,131059,104,28750.0
INV012365,161736,108,18750.0
INV002660,120469,106,23000.0
INV006103,116528,103,15500.0
INV007712,110910,101,10750.0
INV011520,135187,104,28000.0
INV011395,121083,101,62000.0
INV011286,146651,102,7500.0
INV006114,149316,106,117300.0
INV016806,131609,107,15500.0
INV019304,165015,103,6200.0
INV017825,163855,108,27440.0
INV002707,149245,108,7500.0
INV012131,109325,104,3100.0
INV018765,149074,108,15000.0
INV015338,116271,102,7000.0
INV004439,140237,108,28750.0
INV002421,155706,103,31620.0
INV007199,127423,108,2900.0
INV017663,124602,102,11500.0
INV018374,157996,107,11500.0
INV002276,166306,106,18750.0
INV001259,165194,101,3750.0
INV013559,165454,108,2107.0
INV001199,145043,108,7500.0
INV019021,133763,101,6200.0
INV014578,128950,104,62000.0
INV005497,158147,107,140000.0
INV000450,139938,105,14000.0
INV013213,125944,105,1450.0
INV009988,100727,104,1862.0
INV013696,163011,102,4214.0
INV005024,103493,106,6860.0
INV001520,153759,108,5800.0
INV002266,123507,105,2900.0
INV016587,128101,103,30380.0
INV003227,119888,101,21500.0
INV012935,146910,103,28175.0
INV005049,120602,101,7250.0
INV013131,141818,107,43000.0
INV015836,144444,108,75000.0
INV008858,126310,104,37500.0
INV004120,103401,106,10750.0
INV011205,152248,101,3800.0
INV009253,107328,108,11500.0
INV012234,135498,103,35700.0
INV001308,153916,102,7140.0
INV009218,120371,104,6860.0
INV000725,147135,104,1450.0
INV007762,111135,108,75000.0
INV005791,104591,103,1900.0
INV010744,149360,106,15500.0
INV006220,165357,107,7500.0
INV002790,141920,103,2150.0
INV010357,120513,101,11500.0
INV018094,163336,102,8600.0
INV000740,149423,101,115000.0
INV012570,136842,102,4300.0
INV018600,147088,103,37500.0
INV013827,113677,105,3100.0
INV017099,149772,102,2842.0
INV006784,134518,108,10750.0
INV000111,140731,106,21500.0
INV010867,144192,103,3100.0
INV016529,152006,104,15300.0
INV013420,154335,107,4386.0
INV006488,156463,102,3675.0
INV017162,157868,102,2900.0
INV003542,109521,102,18750.0
INV011865,156854,101,10535.0
INV016638,130243,108,9310.0
INV015756,115452,106,19000.0
INV012313,122528,107,6860.0
INV001511,109312,106,19000.0
INV018136,151993,107,43000.0
INV011735,148342,101,8772.0
INV018813,143443,106,3876.0
INV009712,128817,105,4386.0
INV002689,161198,107,38760.0
INV003887,136402,108,30380.0
INV008655,158863,102,37500.0
INV006640,115528,104,31000.0
INV012583,134522,106,38760.0
INV009954,154842,106,19125.0
INV006717,133644,106,6200.0
INV007688,128809,107,3100.0
INV005675,121446,108,6076.0
INV000294,165692,108,1862.0
INV007264,116922,108,36750.0
INV011129,160481,104,29000.0
INV008449,121680,103,62000.0
INV017425,110725,103,3038.0
INV010119,150354,103,21500.0
INV017545,141855,101,42140.0
INV009304,135184,102,3876.0
INV011221,143858,104,8600.0
INV001774,117620,107,7448.0
INV010596,115096,105,18750.0
INV010894,125726,104,7250.0
INV014542,141382,107,13720.0
INV007659,154185,106,4214.0
INV006402,127233,106,6200.0
INV017567,132249,106,35000.0
INV002980,161921,108,12400.0
INV013135,152021,104,7600.0
INV000975,112019,106,18750.0
INV004709,149439,104,1900.0
INV002756,133739,105,12400.0
INV000185,161143,107,3750.0
INV004851,107656,105,6324.0
INV010866,153633,104,10750.0
INV018602,103571,106,7500.0
INV008221,116137,105,115000.0
INV008469,158261,107,5750.0
INV016760,150656,106,14210.0
INV004744,134394,103,62000.0
INV000881,107208,106,11500.0
INV011418,115198,103,115000.0
INV005592,110142,105,7000.0
INV002737,158426,104,3750.0
INV019562,932427,101,14435.38
INV011279,161589,105,73500.0
INV019522,929185,102,5203.16
INV018135,159216,106,70000.0
INV015953,149942,103,12400.0
INV015872,123362,105,9500.0
INV018626,153504,106,1479.0
INV016895,127647,107,2900.0
INV006050,127240,103,10965.0
INV019131,147183,106,10750.0
INV008385,121874,104,14700.0
INV015615,128978,105,73500.0
INV007308,153308,105,3100.0
INV002929,100564,101,14500.0
INV007881,164635,104,15500.0
INV010510,149347,103,12648.0
INV003804,150136,103,28420.0
INV004803,161327,104,28560.0
INV000686,100111,103,3876.0
INV003695,137722,105,70000.0
INV015749,138083,102,62000.0
INV006872,162783,102,28000.0
INV016435,126924,104,115000.0
INV018402,147296,102,28750.0
INV000040,105676,102,4214.0
INV008803,138259,108,8600.0
INV016440,150737,105,115000.0
INV001153,130226,107,4300.0
INV017428,160024,106,11270.0
INV006188,112561,104,1479.0
INV005627,121754,103,28750.0
INV016438,121277,105,5750.0
INV009730,128935,103,14000.0
INV016870,107371,106,30380.0
INV003868,117251,105,43000.0
INV006798,161911,102,3162.0
INV012574,111680,103,28000.0
INV008356,119308,107,4300.0
INV004529,159358,101,8772.0
INV017675,161743,102,35700.0
INV007279,165315,105,115000.0
INV006856,123229,105,71400.0
INV009641,135417,108,7000.0
INV000949,116966,102,115000.0
INV005831,122736,103,31620.0
INV015206,162449,104,9690.0
INV010509,133382,104,62000.0
INV008725,107193,104,28000.0
INV019314,121830,102,3750.0
INV015930,109252,103,14500.0
INV017760,135403,108,7752.0
INV018053,135680,101,15500.0
INV006037,137253,101,2107.0
INV009836,113685,101,9500.0
INV004183,145666,106,76500.0
INV013746,135156,103,28000.0
INV007137,101509,108,12400.0
INV001406,163345,104,21500.0
INV010195,114692,106,38000.0
INV006352,146484,106,6860.0
INV013782,111294,104,6200.0
INV019197,144228,105,12400.0
INV007853,115984,105,13720.0
INV017418,138411,106,19000.0
INV004118,112345,103,9500.0
INV016994,145150,104,7500.0
INV001877,105433,102,21500.0
INV015474,150238,105,3750.0
INV009330,154814,102,3038.0
INV012803,107303,101,13720.0
INV016275,148166,102,137200.0
INV017097,101758,107,11730.0
INV011407,117197,107,75000.0
INV002778,120638,105,31000.0
INV008989,137671,103,6076.0
INV002385,146970,104,62000.0
INV018458,164387,106,1862.0
INV001734,129876,107,38000.0
INV013468,122118,102,75000.0
INV003263,103741,106,23000.0
INV014367,131519,108,7600.0
INV012968,161850,104,10750.0
INV013438,163301,105,75000.0
INV005898,141316,101,2900.0
INV004527,134455,106,62000.0
INV009753,108168,105,12400.0
INV000051,149090,103,35000.0
INV002295,141048,102,6200.0
INV019272,136136,107,28560.0
INV000560,153626,103,140000.0
INV010683,156355,105,14500.0
INV017552,147944,102,36750.0
INV007610,121114,108,7000.0
INV002040,106740,108,3724.0
INV010896,144758,103,137200.0
INV010801,142445,102,14210.0
INV012809,113327,105,9500.0
INV005561,119154,108,28750.0
INV000212,128679,105,7000.0
INV000594,129006,106,28750.0
INV011181,146892,105,7350.0
INV010592,107136,104,10965.0
INV014589,100260,101,5800.0
INV009102,107334,105,4300.0
INV011965,115717,105,14280.0
INV017007,146721,106,2958.0
INV005958,154923,103,11500.0
INV017066,143775,108,38000.0
INV006081,119520,101,7650.0
INV014556,114695,101,140000.0
INV003281,145599,102,57500.0
INV009017,139756,101,7500.0
INV002956,105525,107,3750.0
INV000719,110462,106,7650.0
INV002427,105523,107,12152.0
INV005871,132832,101,7140.0
INV005587,113933,101,14000.0
INV006222,116037,106,2193.0
INV011324,102454,106,19000.0
INV014260,126277,103,5800.0
INV013292,102997,108,14000.0
INV011296,117528,106,18375.0
INV013183,157791,104,21070.0
INV001028,152678,104,12400.0
INV014280,131632,102,15500.0
INV006203,161416,108,29325.0
INV009602,139668,103,5684.0
INV019974,918190,104,51731.1
INV003500,110890,105,2900.0
INV015605,108017,107,14700.0
INV004547,138039,108,4386.0
INV012886,166445,103,3100.0
INV005316,133867,102,38760.0
INV001648,106616,101,21500.0
INV004446,136294,101,15190.0
INV017972,139892,101,38000.0
INV015136,105389,103,62000.0
INV014535,152935,107,60760.0
INV017059,150496,107,7600.0
INV004533,104910,106,12400.0
INV007106,119420,107,7600.0
INV001302,157714,106,73500.0
INV019519,904456,102,29314.43
INV004514,128837,104,14280.0
INV004098,150231,107,12648.0
INV013710,156748,107,3100.0
INV013071,126006,108,21500.0
INV013469,151794,108,3162.0
INV017682,123769,104,7752.0
INV001433,154647,102,3800.0
INV015866,103904,102,2150.0
INV013968,126071,107,4300.0
INV013714,104365,106,19000.0
INV009430,147123,105,2900.0
INV016406,151585,106,11500.0
INV009860,164540,106,140000.0
INV000999,149263,107,29325.0
INV015855,158868,102,31620.0
INV010710,145274,105,10750.0
INV007658,162200,103,3800.0
INV015898,155282,104,14500.0
INV010884,126237,101,29000.0
INV019669,952088,106,51015.14
INV013397,159512,107,29580.0
INV005549,112408,101,14000.0
INV016505,138845,101,7500.0
INV014695,153420,104,19000.0
INV018792,162555,102,15300.0
INV003094,115763,107,140000.0
INV011885,127426,104,35000.0
INV010797,106085,108,35700.0
INV015061,112015,104,7000.0
INV015081,115610,107,12400.0
INV009301,156608,103,12400.0
INV002904,131718,106,6200.0
INV005448,140247,103,117300.0
INV009863,107533,108,27440.0
INV013280,144206,102,15810.0
INV012719,147203,105,117300.0
INV002893,146830,106,7140.0
INV019492,149050,103,5750.0
INV005577,124186,107,19000.0
INV014104,128251,105,8600.0
INV013965,137476,108,6200.0
INV012258,103877,106,11730.0
INV007595,109113,103,15810.0
INV001370,129126,103,2193.0
INV006615,150721,108,21500.0
INV018019,127279,107,15300.0
INV000769,150726,101,23000.0
INV013516,133286,106,28750.0
INV000604,144059,103,3825.0
INV000433,126571,105,7500.0
INV015674,107778,105,140000.0
INV016976,157586,108,21930.0
INV002779,160744,105,6076.0
INV019261,116272,101,2900.0
INV006290,104205,101,6200.0
INV000390,124620,108,15500.0
INV013477,121331,104,14280.0
INV007072,109594,107,19380.0
INV003731,146749,102,21070.0
INV014078,144766,102,4300.0
INV018948,155376,107,11500.0
INV004541,143385,108,1900.0
INV015701,146885,103,5800.0
INV019934,979431,102,31178.54
INV012558,114388,103,15190.0
INV017266,140852,102,15500.0
INV007120,160568,107,4300.0
INV017917,142942,102,19380.0
INV008302,165851,103,7350.0
INV008102,151812,104,14210.0
INV012937,136824,103,7000.0
INV010650,155382,107,19380.0
INV003616,145857,105,57500.0
INV003593,117456,105,35000.0
INV015793,151415,106,28000.0
INV009440,161021,104,6324.0
INV017855,148313,103,18620.0
INV016592,163177,103,14280.0
INV005584,154126,106,7600.0
INV000204,157561,107,58650.0
INV016928,131332,105,2150.0
INV019621,945628,102,84810.3
INV010450,141337,101,3038.0
INV013388,129415,105,12400.0
INV010526,107758,105,5865.0
INV011683,159808,108,28000.0
INV010847,125507,107,35000.0
INV014256,147841,103,35000.0
INV018700,147048,106,14280.0
INV013572,153355,105,140000.0
INV010864,101312,101,1900.0
INV019282,107332,107,34300.0
INV000114,163930,102,3675.0
INV005210,118212,106,3800.0
INV010102,126456,103,7395.0
INV006888,128137,103,142800.0
INV002066,145617,106,6324.0
INV002501,112947,101,7752.0
INV017565,108023,108,7250.0
INV016868,142331,107,3800.0
INV019695,931350,101,20518.17
INV008903,118073,105,31000.0
INV003258,157378,105,5750.0
INV004653,128548,102,28175.0
INV009344,166633,104,19000.0
INV015901,126848,101,13720.0
INV011868,107563,108,28750.0
INV006649,114037,107,6324.0
INV014484,142485,101,14210.0
INV003417,113898,106,3100.0
INV004858,117652,107,8428.0
INV009681,143354,108,18750.0
INV017896,120786,104,7395.0
INV019992,912237,104,83486.43
INV018275,139989,107,7000.0
INV015764,156766,106,28750.0
INV013393,139260,102,15500.0
INV005797,120251,104,18750.0
INV001737,106848,102,8600.0
INV018907,125710,102,37500.0
INV011841,129001,102,112700.0
INV007589,143847,104,5635.0
INV019605,923085,102,31911.36
INV007907,164223,106,23000.0
INV006632,124258,108,11730.0
INV006913,152990,102,5684.0
INV018825,129931,105,23000.0
INV012952,108097,103,14700.0
INV002721,133293,105,75000.0
INV005585,102109,107,3100.0
INV006229,153821,106,63240.0
INV018905,143130,107,70000.0
INV003100,139942,107,2150.0
INV006133,136450,106,137200.0
INV016930,122236,102,37240.0
INV007991,128200,103,29580.0
INV006120,152339,105,15300.0
INV000434,131573,105,28000.0
INV007708,157444,105,75000.0
INV005406,165412,106,14500.0
INV005466,103797,103,2900.0
INV018735,127023,108,35000.0
INV004631,145221,104,62000.0
INV014296,111855,101,140000.0
INV008194,141886,104,7140.0
INV000892,154970,107,42140.0
INV014319,149337,103,62000.0
INV006537,163444,102,5800.0
INV005792,122878,106,35000.0
INV003080,149570,101,38000.0
INV008206,110030,102,4300.0
INV006380,110539,102,7250.0
INV010153,143712,108,35000.0
INV006780,130642,102,7250.0
INV001317,128702,104,2900.0
INV017103,162418,102,6200.0
INV005319,128967,102,21500.0
INV017185,116174,107,7448.0
INV004732,103008,105,8600.0
INV006558,119800,108,29000.0
INV014858,146347,106,6200.0
INV013669,128327,106,35700.0
INV009919,138827,104,112700.0
INV007406,163039,101,19000.0
INV006345,149964,104,71400.0
INV008441,114787,107,7395.0
INV013757,124079,102,35000.0
INV010750,148898,104,38760.0
INV009029,139453,102,7448.0
INV004785,128801,107,62000.0
INV014231,117246,104,62000.0
INV012298,127911,104,10965.0
INV004989,117488,103,3876.0
INV000147,155401,105,5750.0
INV000962,160576,101,31000.0
INV019085,154082,108,18750.0
INV009045,131094,105,10750.0
INV005918,164091,106,14280.0
INV005492,102649,107,11500.0
INV014774,142183,101,75000.0
INV009063,109757,106,7448.0
INV012946,133289,108,115000.0
INV010268,146866,108,14500.0
INV011387,166082,106,18750.0
INV007834,119786,103,23460.0
INV015308,128852,105,10750.0
INV006472,153039,101,140000.0
INV014121,163900,104,38000.0
INV002950,107113,103,11500.0
INV000159,147117,101,142800.0
INV009554,110361,101,15300.0
INV016674,106804,103,30380.0
INV002828,147122,108,3162.0
INV002525,102469,105,19125.0
INV007289,115522,105,38000.0
INV012051,107670,108,2107.0
INV013479,165388,103,15000.0
INV009955,147653,104,9500.0
INV002268,143956,104,12400.0
INV007017,149337,108,38000.0
INV008209,130103,103,5750.0
INV002743,124096,102,29000.0
INV002067,116601,101,2107.0
INV004801,108856,105,43000.0
INV009783,110786,105,3750.0
INV011151,144926,103,140000.0
INV002860,108560,105,2842.0
INV006645,115911,106,6860.0
INV006703,109906,107,28000.0
INV019926,909550,107,48137.87
INV006336,154360,103,15300.0
INV005114,109566,107,15000.0
INV002188,111010,103,1938.0
INV010569,165627,103,19380.0
INV006961,148870,106,28750.0
INV003083,122057,108,12400.0
INV014690,129731,108,43000.0
INV012117,110133,101,140000.0
INV010916,144674,103,115000.0
INV003156,118996,103,5916.0
INV009639,164560,101,28000.0
INV003515,111951,108,3162.0
INV010764,139902,107,18750.0
INV003975,160078,107,8600.0
INV010257,106937,101,15300.0
INV000303,152424,105,42140.0
INV006849,123150,107,2900.0
INV011295,149442,103,14210.0
INV007192,153011,108,31000.0
INV003949,136981,102,35000.0
INV011563,103959,104,3800.0
INV014947,134133,106,18750.0
INV005846,166061,105,10965.0
INV014831,117038,105,28175.0
INV000569,124985,103,7000.0
INV003304,141321,103,10750.0
INV007492,136864,108,28000.0
INV001955,103844,103,5800.0
INV004814,112624,107,140000.0
INV017005,110136,106,19000.0
INV018352,134192,107,43000.0
INV009520,106686,105,27440.0
INV010885,164166,107,2900.0
INV003306,100896,103,3724.0
INV019585,905885,108,12214.79
INV017021,125475,101,4300.0
INV002403,160762,101,7600.0
INV007494,148330,101,140000.0
INV011570,106131,104,28750.0
INV016726,127090,104,18750.0
INV010050,163373,103,7250.0
INV003796,113407,107,4214.0
INV011727,125049,102,11730.0
INV012056,159799,108,6324.0
INV015952,164610,108,7500.0
INV018096,157677,103,30380.0
INV014866,105647,101,43000.0
INV000581,100295,104,7000.0
INV001843,111811,102,43000.0
INV009461,161344,103,112700.0
INV008509,101712,106,63240.0
INV011119,136076,102,29325.0
INV002230,110112,102,7448.0
INV012786,160652,104,28750.0
INV002617,152030,105,7650.0
INV002520,121437,103,21500.0
INV015042,123132,105,14000.0
INV002752,149853,108,23460.0
INV005505,136829,106,43000.0
INV003040,151243,105,38250.0
INV000672,163672,105,14000.0
INV013267,122718,103,2842.0
INV012833,145884,102,15190.0
INV016377,157746,103,10750.0
INV000859,131678,103,18750.0
INV002454,101017,106,38250.0
INV019877,972480,101,59304.65
INV009027,108729,106,2842.0
INV015537,111176,107,9500.0
INV009168,127069,102,11500.0
INV006672,156732,101,2107.0
INV016428,138762,102,7752.0
INV019752,955180,108,43622.82
INV011978,116857,101,140000.0
INV003076,159729,107,7500.0
INV013194,118405,108,7000.0
INV000522,105947,107,3100.0
INV016532,142204,103,1900.0
INV010064,146748,102,1479.0
INV003520,142334,101,9500.0
INV014875,136684,106,2958.0
INV006568,101555,104,3800.0
INV003980,133211,103,38000.0
INV011863,107007,106,1938.0
INV011645,147625,102,3162.0
INV007946,101584,104,31000.0
INV010493,152360,102,3750.0
INV007000,106072,106,19000.0
INV001106,152820,101,2193.0
INV010294,151824,106,15810.0
INV013601,156338,106,37500.0
INV013406,135845,107,7250.0
INV019099,111799,106,3750.0
INV018295,159367,106,11270.0
INV017115,130218,106,15000.0
INV002716,163882,104,7600.0
INV018870,146645,102,42140.0
INV014566,148620,108,14000.0
INV003920,102345,107,3876.0
INV016915,124785,105,8428.0
INV003243,115601,103,34300.0
INV013384,122786,103,10750.0
INV006418,135787,104,22540.0
INV008185,150556,105,43860.0
INV012555,132256,101,38000.0
INV019999,943084,106,2559.54
INV007216,133481,108,13720.0
INV008682,153799,106,18750.0
INV016862,128175,107,38760.0
INV011229,122160,106,28000.0
INV003298,164368,103,57500.0
INV007757,116116,106,70000.0
INV000509,104039,107,19125.0
INV016040,138757,104,23460.0
INV006003,111636,106,28000.0
INV015786,113177,108,28000.0
INV011053,106562,103,29000.0
INV008967,140978,106,5635.0
INV011113,156524,105,23000.0
INV013591,130349,103,10750.0
INV000403,158640,104,28000.0
INV003680,128910,102,14280.0
INV002042,105855,108,117300.0
INV019557,991453,108,83899.38
INV008937,163089,101,10965.0
INV010665,115665,101,60760.0
INV009086,135936,107,3724.0
INV012157,134007,102,3100.0
INV014461,106126,102,15000.0
INV003323,148324,101,7500.0
INV000966,121533,104,4300.0
INV003654,149474,108,6076.0
INV002112,107699,107,14000.0
INV019319,164923,101,28750.0
INV003074,115826,101,10965.0
INV003785,116234,105,7650.0
INV008850,162785,101,31620.0
INV004676,159767,102,7140.0
INV009940,122463,101,1479.0
INV002656,112261,102,11500.0
INV010033,116758,104,31000.0
INV004891,106497,103,43000.0
INV010901,144877,107,9500.0
INV012956,157533,102,1862.0
INV015623,165527,106,60760.0
INV019200,120371,106,71400.0
INV015303,141538,108,18620.0
INV010568,132019,105,28000.0
INV012449,119263,105,18750.0
INV010817,112008,102,5750.0
INV017842,100196,108,3876.0
INV017120,147166,108,140000.0
INV010323,120400,101,21500.0
INV005623,113583,104,9500.0
INV000922,149704,104,1862.0
INV012626,160968,102,62000.0
INV001608,138065,107,31000.0
INV007772,158301,102,9500.0
INV016344,156725,108,5635.0
INV010362,157673,101,75000.0
INV010753,133272,101,11500.0
INV011632,162305,105,38000.0
INV011035,153977,103,14000.0
INV000752,164307,106,28750.0
INV012476,155236,105,21930.0
INV016623,105889,105,35700.0
INV009679,146662,103,70000.0
INV018151,125786,105,3038.0
INV004151,165186,102,29000.0
INV019520,967173,105,39270.11
INV016931,108211,105,1900.0
INV001391,142212,101,7350.0
INV012530,109541,108,28560.0
INV011895,127266,105,2842.0
INV016099,121183,101,21500.0
INV014871,134351,107,14500.0
INV019662,958300,105,24998.35
INV005139,105035,103,1900.0
INV006940,142375,101,58650.0
INV003204,161749,104,10535.0
INV010957,104512,108,2842.0
INV008256,164686,102,9500.0
INV011349,125579,105,3100.0
INV001862,130861,103,11500.0
INV018329,104240,105,9310.0
INV019993,975622,103,17815.23
INV014087,128753,106,15300.0
INV011798,132665,101,11500.0
INV019347,107478,106,3876.0
INV014232,113327,106,12400.0
INV004761,109948,101,3038.0
INV010908,103405,101,15810.0
INV014024,104721,105,14790.0
INV018268,161545,106,3100.0
INV017778,100341,103,7250.0
INV016243,154447,103,10750.0
INV010170,160624,102,14280.0
INV011641,153227,107,62000.0
INV013192,132337,108,23000.0
INV001013,121262,104,29000.0
INV010662,158063,105,1421.0
INV001554,117132,107,6200.0
INV012376,150567,104,19380.0
INV008548,148074,105,75000.0
INV014621,123576,106,1450.0
INV018737,120854,108,8772.0
INV009096,156412,106,37500.0
INV016049,143273,102,137200.0
INV012892,143122,104,38000.0
INV004659,161924,106,15810.0
INV007903,147696,105,75000.0
INV011822,118096,104,15810.0
INV019209,121094,102,1862.0
INV019796,931415,101,35412.35
INV004479,149685,108,43000.0
INV012567,153555,102,3100.0
INV014227,108034,108,15500.0
INV015148,160862,102,23000.0
INV017038,108836,102,7350.0
INV001140,112106,107,1900.0
INV012366,125357,101,68600.0
INV007323,106339,108,34300.0
INV002565,131895,101,15500.0
INV015561,123079,102,71400.0
INV007760,106299,107,36750.0
INV013110,124412,105,137200.0
INV018862,138777,102,70000.0
INV003753,110738,105,30380.0
INV015276,148156,101,70000.0
INV008370,126776,104,23460.0
INV013470,125395,107,12152.0
INV002705,117219,102,28750.0
INV003530,129607,102,3876.0
INV001374,112616,105,29580.0
INV013652,105819,101,30380.0
INV002041,148286,106,5684.0
INV016394,145238,101,35000.0
INV003579,144416,104,19380.0
INV007431,135444,106,29000.0
INV019033,164169,101,3876.0
INV000578,113653,106,140000.0
INV003966,143344,101,5916.0
INV007796,101078,101,1479.0
INV004184,138632,104,7600.0
INV004310,122630,107,38000.0
INV012163,155446,106,4300.0
INV015477,158218,106,4300.0
INV019855,921028,106,69308.59
INV011486,146015,104,70000.0
INV016876,157028,105,14500.0
INV007697,127510,106,14280.0
INV006461,147377,108,2958.0
INV011297,148441,107,2150.0
INV007129,118436,107,10750.0
INV000198,113358,103,28750.0
INV002969,165964,104,30380.0
INV003095,127901,106,11500.0
INV014049,106945,103,43000.0
INV018043,145156,107,7600.0
INV006998,113999,102,7250.0
INV011854,112268,105,21070.0
INV003034,145345,105,8772.0
INV001207,135088,104,2150.0
INV005590,116144,102,5865.0
INV006776,108082,106,4300.0
INV017247,109016,104,23460.0
INV003139,164889,103,12400.0
INV018085,150203,105,1938.0
INV008565,158171,104,7000.0
INV015256,104471,102,4300.0
INV004319,159850,101,23000.0
INV003002,149140,108,63240.0
INV018237,126458,104,19000.0
INV016462,107089,104,75000.0
INV015378,114282,108,62000.0
INV001039,112413,103,27440.0
INV019418,130970,107,43860.0
INV019344,149858,104,5750.0
INV005815,143308,102,2107.0
INV016739,132900,103,21500.0
INV001194,157255,105,28000.0
INV017227,139280,103,3825.0
INV001323,112144,101,8428.0
INV019178,156188,106,5635.0
INV014245,106424,108,70000.0
INV003347,128591,106,27440.0
INV012523,122725,104,10535.0
INV008081,104306,106,115000.0
INV008460,144666,108,56350.0
INV016881,109839,102,1900.0
INV001671,159190,104,10965.0
INV009739,155546,106,23000.0
INV018674,125174,106,14000.0
INV014195,141336,105,14000.0
INV004428,144100,105,57500.0
INV004725,122581,101,14790.0
INV004440,162201,108,14000.0
INV001222,148835,108,137200.0
INV010097,129396,106,28000.0
INV000188,160153,102,19125.0
INV009930,139122,101,29000.0
INV007152,152073,108,140000.0
INV010440,136239,104,10965.0
INV004175,155740,108,28000.0
INV005511,163156,102,22540.0
INV013619,145935,108,3825.0
INV015585,145241,104,4300.0
INV004442,123151,104,34300.0
INV018240,109160,104,3162.0
INV017920,138244,105,2900.0
INV004200,162196,104,7140.0
INV018004,131019,107,1900.0
INV001705,148184,105,21500.0
INV010635,123148,107,1450.0
INV006702,148269,106,13720.0
INV012098,141654,103,4300.0
INV008531,146367,105,7752.0
INV014528,117604,101,15000.0
INV012330,138781,105,14790.0
INV018511,141310,106,9310.0
INV017590,127580,107,8600.0
INV006500,107093,104,5750.0
INV003831,153462,104,1900.0
INV002392,115740,106,8772.0
INV018576,110993,104,2900.0
INV002222,108255,107,3750.0
INV014908,153381,106,70000.0
INV008452,106731,105,28420.0
INV002757,135082,107,9310.0
INV005307,101489,105,7000.0
INV003959,124547,107,2900.0
INV016145,104889,104,2900.0
INV014745,129515,106,9500.0
INV016157,122026,107,21500.0
INV012073,113923,106,9310.0
INV007029,152446,108,12400.0
INV003996,130411,108,18375.0
INV015694,119667,103,12152.0
INV012426,166273,102,4300.0
INV019101,163969,103,2193.0
INV018119,118841,105,5916.0
INV004847,121443,104,1862.0
INV018727,140605,102,38250.0
INV005761,159780,103,31620.0
INV011366,109787,106,5750.0
INV015558,100612,104,7000.0
INV006468,135819,102,21500.0
INV017960,116370,107,137200.0
INV011232,130115,104,56350.0
INV013330,130449,105,9500.0
INV015185,161333,107,1479.0
INV006627,159436,101,75000.0
INV018093,126324,102,3100.0
INV008893,123720,104,7250.0
INV015687,135384,101,12152.0
INV011668,130938,106,7105.0
INV015715,118962,104,10750.0
INV014173,123070,102,23000.0
INV015399,152593,101,28750.0
INV004339,108191,104,70000.0
INV006384,130800,106,42140.0
INV012260,135053,103,3100.0
INV014050,118755,107,3100.0
INV009850,148204,108,2107.0
INV001265,151246,106,7600.0
INV015100,133664,102,28750.0
INV009556,116399,104,5750.0
INV013952,145450,104,38000.0
INV011417,101824,101,7650.0
INV005039,142191,101,70000.0
INV005293,135751,104,6200.0
INV004000,125449,107,1900.0
INV019173,141599,104,18750.0
INV001993,163223,108,7250.0
INV007590,149215,107,6324.0
INV009559,130054,106,140000.0
INV004250,111905,102,1938.0
INV013489,131031,102,14000.0
INV008473,148811,102,112700.0
INV004601,148422,108,28560.0
INV003039,160174,104,22540.0
INV006935,144068,108,71400.0
INV010251,121183,102,3724.0
INV005174,120520,107,14500.0
INV000930,153649,107,62000.0
INV003775,122102,108,10750.0
INV016336,108656,107,7140.0
INV003968,146886,103,57500.0
INV012033,115622,106,115000.0
INV002372,102352,103,15500.0
INV018982,148018,107,28000.0
INV005030,111795,101,38000.0
INV002410,131580,104,43860.0
INV010689,125122,101,4386.0
INV006842,102505,105,3750.0
INV015488,122648,102,117300.0
INV019870,958333,101,32236.0
INV005672,159777,107,7250.0
INV010479,113248,104,21930.0
INV018957,142359,103,1862.0
INV016079,123762,108,14000.0
INV018860,118230,101,2900.0
INV000108,158181,105,18375.0
INV013987,107523,104,7250.0
INV004899,147269,103,140000.0
INV016811,158179,107,35700.0
INV016540,146661,108,28750.0
INV018040,152744,101,73500.0
INV002414,155572,104,38000.0
INV018349,127537,104,7600.0
INV011319,110114,103,36750.0
INV011339,120499,102,2107.0
INV004928,145733,102,10750.0
INV008202,144810,108,1900.0
INV019935,998679,107,12334.2
INV005850,105007,107,7500.0
INV014363,111306,103,43000.0
INV007734,145870,102,62000.0
INV006948,110206,105,11500.0
INV018033,142434,102,3038.0
INV005990,154745,108,12648.0
INV010286,162702,101,14500.0
INV014946,142397,107,31000.0
INV007905,139637,104,8428.0
INV002480,153258,101,6200.0
INV005796,117424,101,1900.0
INV019470,144425,103,62000.0
INV005705,115081,102,7448.0
INV012691,122165,108,9310.0
INV003849,160140,105,112700.0
INV002086,158119,101,7600.0
INV014479,159265,108,1900.0
INV014012,126726,102,43860.0
INV001501,130764,103,29000.0
INV017012,105763,102,28000.0
INV000200,116481,103,75000.0
INV007455,142859,102,9500.0
INV010585,109225,105,6076.0
INV014240,105152,105,14000.0
INV019442,108266,101,9500.0
INV006412,143368,107,3675.0
INV005563,156867,101,7250.0
INV019074,154119,107,2958.0
INV012888,135679,108,3800.0
INV004031,124344,102,142800.0
INV002108,125928,101,7600.0
INV008582,141463,108,56350.0
INV006604,138084,101,14000.0
INV008091,155586,101,142800.0
INV002702,151948,104,2107.0
INV011999,128982,103,14000.0
INV019361,136591,106,112700.0
INV016493,126520,105,4300.0
INV006206,150901,101,21070.0
INV017868,101000,106,15500.0
INV018080,107482,101,7600.0
INV008057,134338,104,15000.0
INV015570,159811,103,1479.0
INV002698,106907,102,75000.0
INV015279,159959,101,70000.0
INV012103,131768,106,23000.0
INV013504,146922,103,62000.0
INV004824,119150,108,5635.0
INV012060,158175,107,6860.0
INV009794,108697,106,12400.0
INV005941,162259,104,38760.0
INV016531,114448,104,1900.0
INV004902,133328,108,7250.0
INV011030,162579,104,70000.0
INV009549,155113,101,35700.0
INV000379,100097,105,38760.0
INV019447,126342,107,3800.0
INV014454,101961,106,28750.0
INV011656,127564,106,28750.0
INV014310,101056,107,75000.0
INV016119,145231,102,1421.0
INV000524,158001,105,3750.0
INV010828,121573,107,115000.0
INV000971,141061,107,5916.0
INV011217,125346,102,1900.0
INV017863,148479,105,112700.0
INV004364,108456,102,6324.0
INV008180,153760,105,19000.0
INV000354,157203,108,14790.0
INV018963,157309,106,18750.0
INV012740,117453,104,137200.0
INV012341,144282,102,70000.0
INV001857,138211,108,8428.0
INV015944,116152,101,23000.0
INV011446,108460,103,31000.0
INV017142,156186,108,1900.0
INV008138,128862,105,7600.0
INV003226,148987,108,3724.0
INV018485,154872,103,112700.0
INV001089,159907,102,11270.0
INV014770,115265,103,14500.0
INV004546,124662,102,140000.0
INV009606,121394,101,75000.0
INV003906,126972,108,28175.0
INV017912,123927,105,8600.0
INV008386,100922,108,70000.0
INV005760,115585,104,5750.0
INV008039,148095,101,7600.0
INV004392,139750,103,18375.0
INV012782,143765,101,28420.0
INV004889,117832,104,7500.0
INV019154,116430,108,1900.0
INV018049,162942,108,57500.0
INV010049,109585,105,3100.0
INV004608,155932,102,7350.0
INV016727,126368,105,5684.0
INV017015,158057,105,7500.0
INV016280,166326,103,10750.0
INV007013,115028,106,5750.0
INV007014,128093,103,75000.0
INV003422,128894,105,70000.0
INV016288,108569,102,29325.0
INV006088,131746,105,3100.0
INV005946,128777,103,28000.0
INV017476,116849,101,19000.0
INV013239,165224,108,8600.0
INV012099,126947,101,3162.0
INV008344,106220,108,6860.0
INV005828,106432,105,6200.0
INV016846,119329,104,3100.0
INV010329,162485,107,18620.0
INV011831,147482,104,28000.0
INV001919,102637,102,43000.0
INV012135,158861,108,7448.0
INV009220,104925,103,140000.0
INV008297,114369,106,2900.0
INV001771,108800,104,1450.0
INV000121,148057,103,11730.0
INV013627,107398,104,15000.0
INV002857,137385,101,5684.0
INV015802,122276,101,3876.0
INV016101,146106,104,7500.0
INV003621,150937,107,5684.0
INV006805,163441,104,2842.0
INV003457,127674,102,21500.0
INV004516,131169,103,7000.0
INV009228,134100,104,43000.0
INV010331,112513,108,10750.0
INV017246,151079,107,1938.0
INV003373,135279,102,10750.0
INV001796,150677,108,30380.0
INV010127,153695,101,35000.0
INV018922,104897,101,7250.0
INV015423,107951,107,31620.0
INV005398,124083,104,3100.0
INV018834,145878,108,2150.0
INV004144,106583,105,2900.0
INV018865,128847,101,27440.0
INV007183,127273,103,7000.0
INV004743,101769,107,2900.0
INV016620,158521,101,31620.0
INV004076,152823,103,15500.0
INV000727,110074,108,14000.0
INV002571,128115,107,7600.0
INV009438,112728,101,9500.0
INV008915,152111,107,7500.0
INV011769,156564,107,1479.0
INV003671,126397,105,43860.0
INV005066,128416,103,43000.0
INV018102,158654,102,21070.0
INV018768,119075,103,23460.0
INV003748,148952,107,37240.0
INV017458,166180,103,9500.0
INV006015,145716,101,43000.0
INV019365,131511,108,37240.0
INV003729,109529,105,14280.0
INV008566,115669,103,8772.0
INV016997,130057,106,7650.0
INV018546,115567,107,4300.0
INV002106,163461,102,30380.0
INV004007,160013,106,9690.0
INV006398,113900,105,2900.0
INV014604,113780,104,76500.0
INV014424,153185,106,35700.0
INV009962,127785,103,140000.0
INV002680,124905,108,2900.0
INV005508,147917,106,31000.0
INV010351,155522,103,14280.0
INV005383,142490,105,12152.0
INV017644,156314,108,28420.0
INV004297,109710,106,31620.0
INV012333,156165,101,29325.0
INV015844,123593,101,3162.0
INV004095,161062,105,2193.0
INV014940,160193,103,58650.0
INV007306,141963,108,29580.0
INV003428,156087,102,3675.0
INV015540,163389,102,19000.0
INV019730,931105,105,81763.35
INV003736,159290,106,31000.0
INV005257,157851,106,35000.0
INV018703,145965,106,19125.0
INV016339,115591,102,4300.0
INV013742,127559,108,6200.0
INV019787,957109,106,48073.12
INV019218,141062,108,4300.0
INV005661,111568,106,43000.0
INV004762,103460,102,1479.0
INV014225,108850,101,11270.0
INV014126,164443,103,56350.0
INV006663,127565,102,137200.0
INV004670,113893,101,7250.0
INV012979,160194,105,7000.0
INV010522,161255,108,38000.0
INV017508,117840,101,19380.0
INV019271,147402,107,13720.0
INV005707,106206,104,12400.0
INV013070,122527,107,14500.0
INV004192,162558,102,75000.0
INV006291,111348,107,7105.0
INV011058,160814,105,13720.0
INV012346,124700,106,15000.0
INV006684,109109,108,140000.0
INV016142,142752,102,7650.0
INV010813,145009,106,43000.0
INV006739,158885,102,31620.0
INV006713,143552,101,7140.0
INV001322,113888,104,23000.0
INV012806,102444,101,5750.0
INV003744,165398,107,9500.0
INV006305,137071,105,3876.0
INV015713,130646,108,38000.0
INV005582,159444,106,6860.0
INV010245,124211,107,57500.0
INV004119,120891,102,7752.0
INV012482,108597,105,57500.0
INV019875,908795,107,25712.49
INV008363,160393,101,3876.0
INV007113,151248,106,3100.0
INV018504,160028,108,68600.0
INV009184,113580,106,68600.0
INV006460,156500,105,29325.0
INV005548,164225,107,140000.0
INV008561,109728,108,5800.0
INV006092,142604,102,7500.0
INV008134,111938,108,5750.0
INV012547,122249,103,29580.0
INV017429,123717,107,13720.0
INV004971,143886,105,14700.0
INV005432,160954,103,5750.0
INV000465,162875,101,9500.0
INV012457,125389,106,28175.0
INV017023,144745,101,6200.0
INV002700,153329,101,3100.0
INV007068,118747,102,137200.0
INV013455,102034,107,7500.0
INV013307,156712,101,2842.0
INV019753,981983,103,41472.29
INV008132,103834,101,2107.0
INV002363,138875,108,2150.0
INV011952,161353,105,7500.0
INV004861,138240,101,3800.0
INV014380,113484,102,140000.0
INV016795,162089,103,63240.0
INV006534,130897,101,28750.0
INV017509,124983,101,12152.0
INV006396,134737,103,5635.0
INV019040,107794,103,23460.0
INV003806,148551,108,7600.0
INV004500,151788,101,35000.0
INV013997,151855,106,2150.0
INV003214,141035,107,23000.0
INV007324,111696,107,75000.0
INV015409,123077,102,14790.0
INV006487,143123,106,4300.0
INV019732,978859,101,9796.99
INV003123,143717,104,4300.0
INV000142,151056,105,3750.0
INV019648,910958,107,84061.14
INV011408,104842,103,14790.0
INV000998,112216,106,6324.0
INV011352,154015,105,29325.0
INV005366,139350,102,6200.0
INV015857,105640,106,142800.0
INV005800,141112,107,8428.0
INV000663,124793,103,15500.0
INV001158,129640,104,14790.0
INV005670,115077,103,1900.0
INV013039,117851,106,3100.0
INV002744,128530,103,38000.0
INV007510,147603,105,28000.0
INV002775,150335,104,56350.0
INV011907,164887,107,4300.0
INV006219,129219,104,18375.0
INV019861,928146,101,13820.65
INV016104,151234,103,43000.0
INV009031,115258,103,38000.0
INV013544,143626,104,29580.0
INV009670,141700,107,1900.0
INV011603,163910,105,14500.0
INV007136,150091,107,14280.0
INV006510,158216,106,22540.0
INV005142,109284,106,38250.0
INV011691,162123,108,1900.0
INV003142,161184,103,75000.0
INV012446,138034,101,8600.0
INV002031,127876,108,19380.0
INV014938,102235,101,28750.0
INV014238,118307,101,6200.0
INV014707,115025,107,5916.0
INV019157,132593,101,7000.0
INV019155,133734,105,12400.0
INV005006,111335,105,63240.0
INV016515,123392,108,3038.0
INV001108,151482,107,10750.0
INV016334,164015,107,5865.0
INV019872,973110,104,13329.71
INV001152,164355,102,60760.0
INV012629,159138,103,2107.0
INV002004,148351,103,68600.0
INV013430,105560,105,7000.0
INV018147,159588,102,29000.0
INV016112,149095,102,4300.0
INV007511,138086,105,14000.0
INV000888,104328,103,43860.0
INV001134,116280,101,15000.0
INV007201,131578,102,70000.0
INV008211,109508,105,18620.0
INV016987,108974,108,5750.0
INV018064,139443,104,1900.0
INV017191,150528,101,11730.0
INV004622,111331,101,21500.0
INV014643,119128,106,140000.0
INV015727,147370,102,5750.0
INV017714,155149,104,22540.0
INV018278,130633,106,56350.0
INV019559,950328,101,26581.39
INV016665,114940,102,8600.0
INV001978,145769,105,5635.0
INV012819,104725,106,31000.0
INV000267,129667,106,71400.0
INV019321,104314,108,14000.0
INV018859,104268,105,12400.0
INV014676,140053,103,1900.0
INV006613,146504,104,3038.0
INV019713,993917,103,48859.3
INV012032,166646,106,62000.0
INV016919,142532,104,38000.0
INV013119,149160,107,57500.0
INV016878,145664,104,4300.0
INV010826,162240,105,6324.0
INV015700,166469,102,2150.0
INV007833,131934,108,38250.0
INV003003,164782,101,140000.0
INV018457,125171,102,38760.0
INV007514,151182,104,14000.0
INV006284,141961,102,2900.0
INV003781,134430,104,36750.0
INV004933,136442,101,70000.0
INV011421,104382,105,2107.0
INV001099,141637,101,2150.0
INV018701,145056,107,18750.0
INV018690,156823,107,14500.0
INV004968,125994,105,19125.0
INV017375,101909,101,21500.0
INV018993,140074,108,5635.0
INV009524,121980,101,23000.0
INV014334,149207,103,8600.0
INV011853,137354,108,2193.0
INV001833,105419,102,31000.0
INV012928,122258,106,7105.0
INV011182,108261,102,7752.0
INV000078,110898,106,62000.0
INV017562,134777,108,140000.0
INV019122,146093,103,29000.0
INV015304,145812,108,75000.0
INV014523,109708,108,1479.0
INV015550,133246,106,2900.0
INV019057,134855,101,35000.0
INV014597,112687,107,28000.0
INV017396,124489,101,38250.0
INV014100,103663,103,2150.0
INV000861,133471,101,43000.0
INV012150,105966,102,7600.0
INV002302,113257,101,75000.0
INV013091,143296,103,11270.0
INV006454,156490,105,15000.0
INV016535,103071,106,28560.0
INV018658,120206,102,15500.0
INV012899,159490,107,7140.0
INV014651,107935,105,31000.0
INV011447,137533,107,4214.0
INV013892,100365,105,58650.0
INV014373,123706,101,140000.0
INV006124,109948,105,7650.0
INV006371,106899,108,7350.0
INV003559,150927,103,9310.0
INV012665,143628,101,18620.0
INV018337,105964,108,8428.0
INV009457,156095,108,43000.0
INV001053,108648,101,7500.0
INV007846,100703,106,35000.0
INV004497,124908,107,15190.0
INV003425,109572,103,35700.0
INV019439,154915,105,8428.0
INV010152,160524,104,3876.0
INV017610,119229,105,76500.0
INV003311,149674,103,5684.0
INV014769,137686,103,115000.0
INV010228,166407,105,117300.0
INV015217,128072,101,9690.0
INV001792,140822,106,5750.0
INV017237,145150,107,6200.0
INV005173,122090,105,76500.0
INV004521,158667,106,9500.0
INV014872,135534,104,38000.0
INV000885,136651,102,34300.0
INV008502,116188,102,35000.0
INV001030,131369,107,7600.0
INV011208,113961,108,1479.0
INV011994,120930,103,5750.0
INV014472,155363,103,75000.0
INV018670,109022,101,18375.0
INV014455,147510,105,35000.0
INV019284,127190,107,9310.0
INV011370,131799,108,38250.0
INV008043,134649,108,115000.0
INV016043,110891,108,1479.0
INV000979,139675,108,112700.0
INV007534,117283,104,11500.0
INV006315,159120,104,21500.0
INV016468,129465,104,28000.0
INV004236,157919,103,15000.0
INV000654,127508,101,28000.0
INV010149,130184,103,14000.0
INV010321,108449,105,21930.0
INV003216,119900,105,7600.0
INV007409,154295,104,18375.0
INV004797,145911,108,15500.0
INV007730,126344,104,3162.0
INV017691,123844,104,28420.0
INV008538,117833,105,6324.0
INV012342,125392,106,15000.0
INV008228,131227,101,3800.0
INV019706,945508,107,60762.3
INV000070,107110,101,1938.0
INV003717,144701,107,13720.0
INV002865,132653,105,10750.0
INV013402,103591,107,75000.0
INV007355,165436,103,15500.0
INV017170,143109,107,10965.0
INV001315,156965,105,18750.0
INV016844,154704,102,4300.0
INV016426,125238,101,31000.0
INV010846,142619,106,11270.0
INV018513,137744,102,14500.0
INV014189,115175,105,36750.0
INV018821,103476,103,2150.0
INV010666,117015,107,38000.0
INV007597,105636,102,11500.0
INV007432,124397,105,10750.0
INV004223,139270,103,23460.0
INV018024,100768,108,70000.0
INV003155,101021,105,3876.0
INV014361,156162,103,3750.0
INV005069,144592,101,18620.0
INV012506,102427,101,7105.0
INV001274,108843,106,38760.0
INV010728,112262,107,37240.0
INV009436,146014,101,1938.0
INV017033,105821,106,10750.0
INV004084,162373,102,21500.0
INV013758,101775,108,15000.0
INV013927,104332,107,5750.0
INV016146,149513,103,7000.0
INV007985,110126,104,4300.0
INV010984,116076,105,14500.0
INV019195,118632,104,3800.0
INV003550,117483,107,2958.0
INV016907,139722,104,7752.0
INV006823,133910,105,73500.0
INV012816,137512,106,62000.0
INV013911,103780,103,1450.0
INV019978,967867,107,28268.15
INV003974,104972,104,9500.0
INV000536,160333,103,28750.0
INV008805,122873,104,5865.0
INV009277,164475,104,21070.0
INV019310,111607,103,1421.0
INV013359,160608,107,7250.0
INV013428,166564,107,5865.0
INV017003,156622,105,62000.0
INV009997,125288,105,11270.0
INV011163,105748,101,71400.0
INV016035,150627,107,140000.0
INV017561,157120,102,5750.0
INV018219,146590,105,38000.0
INV002092,119564,101,4386.0
INV017111,101168,106,15500.0
INV009773,117143,107,37240.0
INV015427,143207,101,1450.0
INV016805,153341,103,75000.0
INV010347,141596,107,1450.0
INV003840,107796,106,14700.0
INV019987,939602,102,18711.08
INV011042,119059,108,9500.0
INV014277,142854,106,11500.0
INV011734,122027,102,62000.0
INV015202,129185,105,2958.0
INV009511,164370,106,75000.0
INV018448,149793,103,56350.0
INV006791,144051,105,7752.0
INV016441,134622,106,3825.0
INV006785,104738,108,14210.0
INV013535,150973,101,12400.0
INV001982,142236,102,38760.0
INV007205,119535,105,2150.0
INV008224,144585,104,38250.0
INV006735,143692,107,7250.0
INV001112,138868,107,140000.0
INV001752,112571,107,70000.0
INV015880,126291,105,3162.0
INV013082,147094,107,28420.0
INV000286,163546,108,70000.0
INV011795,149816,104,6860.0
INV008314,149820,102,6200.0
INV018347,115481,104,8772.0
INV016398,100309,107,28750.0
INV017031,122828,101,3750.0
INV014382,159567,102,6200.0
INV019467,158688,102,75000.0
INV004300,112074,108,14000.0
INV016183,104046,105,10965.0
INV006634,112712,106,15810.0
INV015598,152462,106,18620.0
INV019635,913664,104,17576.99
INV003469,131936,101,2900.0
INV000025,163977,102,15300.0
INV014856,161737,101,62000.0
INV016187,122623,105,3750.0
INV019045,101736,107,7500.0
INV000710,103543,107,11730.0
INV013570,123378,103,1450.0
INV011802,103610,104,28000.0
INV007231,166390,105,37240.0
INV009562,162477,108,140000.0
INV014956,154034,107,5800.0
INV008135,120216,102,13720.0
INV003029,162316,105,2193.0
INV006995,152532,105,34300.0
INV019957,968645,108,69566.16
INV008536,133708,106,3724.0
INV016829,132001,107,140000.0
INV019816,968909,103,3299.37
INV003533,112466,104,7350.0
INV008041,131981,101,1450.0
INV015519,142348,102,23000.0
INV017792,113770,105,14500.0
INV005869,127291,107,5750.0
INV001624,111165,104,11500.0
INV007160,123612,104,8428.0
INV017736,136460,107,12648.0
INV014550,115797,107,3100.0
INV009701,123980,102,15500.0
INV001996,111390,107,23000.0
INV000182,152069,103,14500.0
INV015798,145435,102,58650.0
INV009041,106373,106,36750.0
INV007145,154194,105,73500.0
INV007561,151851,105,34300.0
INV011399,103605,106,7500.0
INV006818,143723,107,31000.0
INV005011,142835,102,3162.0
INV008823,124968,106,12400.0
INV003119,155538,103,62000.0
INV011207,156619,108,28000.0
INV000428,102306,103,10535.0
INV011281,132299,104,137200.0
INV018162,154516,108,7500.0
INV001357,103686,101,1450.0
INV011556,126515,108,70000.0
INV014000,121742,102,2150.0
INV009798,149039,108,31620.0
INV016132,114349,106,10750.0
INV000456,128799,108,2842.0
INV007546,131692,107,19000.0
INV010471,116874,103,1900.0
INV009432,102161,108,37240.0
INV008176,119558,108,7500.0
INV002561,107369,108,3724.0
INV002881,137824,108,9500.0
INV009858,143978,106,43000.0
INV002083,145862,106,8600.0
INV011456,122053,106,115000.0
INV007897,118631,107,15500.0
INV017643,127562,103,2958.0
INV007433,150178,101,62000.0
INV007346,117152,104,38250.0
INV001209,129009,108,8600.0
INV019425,107000,104,5916.0
INV000053,118845,107,28000.0
INV019268,146776,107,19000.0
INV005893,151447,107,14000.0
INV013766,105123,104,3724.0
INV009437,143141,106,10535.0
INV007276,159842,101,7600.0
INV016303,140235,107,117300.0
INV018977,103340,105,71400.0
INV015893,141715,107,15300.0
INV007570,106439,108,18620.0
INV001368,102011,104,28420.0
INV001330,154376,106,1938.0
INV006964,165570,107,75000.0
INV011976,123625,103,43860.0
INV004883,127926,107,7500.0
INV016999,127950,101,62000.0
INV008673,104173,107,14500.0
INV014517,103319,103,28175.0
INV004634,149915,108,15500.0
INV011023,108987,103,28175.0
INV016709,108532,107,7105.0
INV019149,163221,108,6200.0
INV004663,132034,107,19125.0
INV019538,996689,105,8009.19
INV015070,137010,102,5800.0
INV013214,161983,103,18750.0
INV001647,132317,105,11500.0
INV001113,155062,106,37500.0
INV004991,119940,108,29580.0
INV010897,102267,108,3750.0
INV003545,141962,108,14500.0
INV011599,159980,101,4386.0
INV003234,100080,103,3750.0
INV000420,111789,102,21500.0
INV000502,128579,107,4214.0
INV017848,159418,107,1900.0
INV003879,104830,101,28750.0
INV011094,114759,105,14000.0
INV007290,107015,108,140000.0
INV009452,131087,102,2150.0
INV009361,107831,106,1862.0
INV007865,165116,104,30380.0
INV008230,131822,102,4300.0
INV005286,127952,108,7395.0
INV005767,119365,105,14500.0
INV006117,100711,108,35700.0
INV019008,105105,104,112700.0
INV003468,119430,101,2150.0
INV017606,160415,108,12648.0
INV011827,137735,105,15500.0
INV015630,125463,103,42140.0
INV011772,109909,101,3750.0
INV017794,126464,105,5750.0
INV008181,152365,105,6200.0
INV013944,128632,101,28560.0
INV004502,137977,106,18375.0
INV015577,126175,101,8428.0
INV016652,103183,102,12400.0
INV013835,118099,105,15500.0
INV012521,136120,102,15000.0
INV002182,137839,108,12152.0
INV000481,166058,106,56350.0
INV011434,120158,103,5750.0
INV000563,112253,108,6076.0
INV014502,132767,108,68600.0
INV006877,135389,103,1450.0
INV001898,110467,105,62000.0
INV007707,122367,105,34300.0
INV006589,109152,106,73500.0
INV008840,161589,108,19125.0
INV007870,147461,107,35000.0
INV015408,140449,106,31620.0
INV019824,964280,105,14696.44
INV016635,109294,101,21070.0
INV014803,164782,107,3162.0
INV001491,133798,105,35000.0
INV003777,108594,107,14210.0
INV016106,130176,101,2958.0
INV007674,135867,106,57500.0
INV005056,126303,105,28175.0
INV012500,157456,101,38760.0
INV012288,105440,104,21500.0
INV004812,114347,107,37500.0
INV001272,120514,101,10965.0
INV001937,145265,104,73500.0
INV019930,955179,108,28672.65
INV008793,111991,101,115000.0
INV007246,146181,101,14500.0
INV001831,127200,106,7600.0
INV008516,130576,103,73500.0
INV003319,145428,107,14790.0
INV008603,156566,106,62000.0
INV017408,153385,101,22540.0
INV001675,101979,101,10750.0
INV008082,103577,104,38000.0
INV018046,120969,101,62000.0
INV017378,153422,105,1450.0
INV004388,134146,103,14790.0
INV011404,156972,101,7105.0
INV005473,100060,104,10750.0
INV018434,144918,101,36750.0
INV003470,122889,108,6076.0
INV006890,117329,102,68600.0
INV008257,139274,105,7250.0
INV011435,142601,102,18375.0
INV003201,110960,103,8600.0
INV003774,158484,103,31000.0
INV000186,112355,104,7500.0
INV002124,134154,102,7752.0
INV011592,104746,102,2107.0
INV015156,134956,102,15000.0
INV005543,128302,101,7395.0
INV018762,112585,103,3162.0
INV006794,118374,106,1450.0
INV016918,117371,107,56350.0
INV017316,146122,108,7600.0
INV001620,118829,108,35700.0
INV005991,142974,105,137200.0
INV003221,123021,104,5800.0
INV002379,134190,108,7000.0
INV002346,132788,101,21930.0
INV004097,144712,101,37500.0
INV012251,130645,106,22540.0
INV006473,138960,105,12400.0
INV017648,105103,101,35700.0
INV015228,147238,101,71400.0
INV015065,112996,106,14210.0
INV018252,129003,104,38000.0
INV013778,166169,106,31000.0
INV000737,102350,107,142800.0
INV002557,152077,108,7140.0
INV015567,124731,105,6200.0
INV004214,162169,107,5865.0
INV009970,101092,101,19125.0
INV003406,164355,108,15500.0
INV018832,151821,106,7500.0
INV007980,147903,106,70000.0
INV018985,113816,108,7395.0
INV010672,128804,107,3750.0
INV001850,146240,103,5750.0
INV014900,157676,106,62000.0
INV008827,151311,108,3675.0
INV019655,901748,107,65225.76
INV014016,103311,103,76500.0
INV001333,106924,101,10965.0
INV003704,136037,107,43000.0
INV019183,114212,106,3724.0
INV006405,101102,105,18620.0
INV019841,996385,101,42997.0
INV010441,128342,107,7600.0
INV007066,109316,105,5750.0
INV014835,123793,106,8600.0
INV002959,130577,103,8600.0
INV011932,143410,101,1450.0
INV009190,113950,106,8600.0
INV018156,122575,101,18750.0
INV018168,133659,104,9500.0
INV018260,120410,108,9500.0
INV019443,116823,104,10750.0
INV010039,163369,103,115000.0
INV014379,150899,101,7600.0
INV006892,156420,107,6200.0
INV011870,112511,103,18750.0
INV019539,988450,105,86699.32
INV002286,129622,105,62000.0
INV008130,165011,106,19380.0
INV014807,141446,104,115000.0
INV003388,154751,102,3750.0
INV009652,156473,102,10535.0
INV008632,164067,105,10535.0
INV014007,148323,106,21500.0
INV012116,140581,104,2150.0
INV012310,118810,101,23000.0
INV016747,114561,106,37500.0
INV007775,116558,104,4214.0
INV001490,113102,108,58650.0
INV008095,107843,101,117300.0
INV004375,104969,106,137200.0
INV015591,146970,105,70000.0
INV008432,120227,107,37500.0
INV014432,112053,107,3675.0
INV019081,161840,107,14500.0
INV002899,124430,101,31620.0
INV014242,163756,103,35700.0
INV013207,132994,103,15000.0
INV019566,966908,101,87882.9
INV011775,128388,105,7752.0
INV004875,106819,101,12400.0
INV010003,133971,106,11270.0
INV012861,156257,105,28750.0
INV009607,118221,101,37500.0
INV001822,107383,106,10750.0
INV011266,137869,108,38760.0
INV011461,149203,103,7105.0
INV018621,145342,103,3800.0
INV016388,128175,104,7600.0
INV004710,114650,103,140000.0
INV014943,130429,105,27440.0
INV018643,101064,102,21500.0
INV007124,127498,105,8772.0
INV004391,125888,103,21930.0
INV017430,123035,102,7448.0
INV003320,153112,103,3100.0
INV002982,115477,105,137200.0
INV003488,127355,107,3750.0
INV000238,153327,104,9310.0
INV013331,130698,101,30380.0
INV014926,159433,103,28175.0
INV008882,121034,102,15000.0
INV017916,118908,102,9500.0
INV001394,147998,106,15810.0
INV019401,144580,106,36750.0
INV008661,125961,103,5750.0
INV006665,155896,108,15000.0
INV014552,157365,108,7000.0
INV011194,157006,101,6860.0
INV009665,123262,103,73500.0
INV014804,158903,102,28750.0
INV003350,141257,108,137200.0
INV013410,139103,103,137200.0
INV019265,101893,108,3100.0
INV006588,147774,103,3675.0
INV002869,129173,103,2900.0
INV013387,130415,101,5635.0
INV000938,162498,101,29000.0
INV010407,152692,101,58650.0
INV018399,112945,106,1900.0
INV017847,163329,107,19000.0
INV017560,152345,106,15000.0
INV014159,119931,107,11270.0
INV018955,157717,105,75000.0
INV001530,109884,104,2193.0
INV014681,148795,105,43000.0
INV012490,107178,105,21930.0
INV006644,122669,106,12152.0
INV013403,124314,103,13720.0
INV015986,131217,107,3750.0
INV013950,123660,106,7600.0
INV002740,155110,103,23460.0
INV006873,154720,103,2900.0
INV015363,105223,104,38000.0
INV003551,136928,105,3724.0
INV003566,111467,101,2150.0
INV000149,132246,101,8600.0
INV001990,110795,104,37500.0
INV014351,132373,107,19000.0
INV015751,140070,108,14000.0
INV000079,152431,108,63240.0
INV000315,163767,105,9500.0
INV001965,113390,103,2150.0
INV009199,113945,107,3750.0
INV019976,911225,101,17639.27
INV011728,107160,101,35000.0
INV019687,957697,103,84090.02
INV007695,154304,101,1900.0
INV007208,138765,108,3750.0
INV014711,113285,107,68600.0
INV018984,151094,105,5800.0
INV016091,114063,106,14210.0
INV005258,127719,105,5865.0
INV006417,152086,106,5635.0
INV010310,144065,101,58650.0
INV005097,150925,106,2150.0
INV005663,111230,103,62000.0
INV005607,159836,104,31620.0
INV004724,138037,101,28750.0
INV012801,166665,102,60760.0
INV007121,123986,104,5750.0
INV002856,116737,108,19380.0
INV011635,129289,102,5635.0
INV018336,124756,103,21500.0
INV007237,108310,106,70000.0
INV008919,143682,101,75000.0
INV007456,144756,104,1450.0
INV017965,160664,107,29000.0
INV006491,157181,106,5750.0
INV019878,986099,107,74469.96
INV015142,151057,105,23460.0
INV011074,136065,104,43860.0
INV004449,123823,106,4300.0
INV014788,145804,105,7350.0
INV001091,138841,105,14000.0
INV012827,163848,106,4386.0
INV004881,150364,102,7250.0
INV011014,102849,101,13720.0
INV011234,153823,107,4300.0
INV018283,147425,101,11270.0
INV002957,141233,106,38000.0
INV018378,112860,101,63240.0
INV017533,164992,103,29000.0
INV012166,115592,105,14790.0
INV015949,133364,102,75000.0
INV016498,104710,108,6076.0
INV014389,163531,106,28750.0
INV007321,103435,101,3100.0
INV017926,121944,102,137200.0
INV010788,111388,107,21500.0
INV001251,102070,103,62000.0
INV010342,105694,103,21500.0
INV005240,114918,101,11730.0
INV013905,150204,101,28000.0
INV016122,131952,106,11730.0
INV014864,139911,108,57500.0
INV010571,125062,108,2150.0
INV001312,153734,101,31000.0
INV013967,163411,102,2193.0
INV001826,139909,101,6860.0
INV005484,105208,105,9500.0
INV007434,133699,107,8600.0
INV003567,129543,101,28750.0
INV017261,132020,103,28750.0
INV017575,141057,103,58650.0
INV004240,144984,108,3675.0
INV004108,120992,108,1900.0
INV002758,159302,105,15500.0
INV001008,141431,103,63240.0
INV010165,160516,102,6860.0
INV006072,165356,106,1938.0
INV010968,119381,101,38000.0
INV006725,146513,104,3800.0
INV016851,105777,108,15500.0
INV010389,131272,105,1479.0
INV019116,108491,102,6324.0
INV017042,143928,104,1450.0
INV006113,146104,105,29000.0
INV003747,151250,101,7600.0
INV002342,149667,106,31620.0
INV015470,156064,106,14500.0
INV018823,131677,104,2150.0
INV016554,107583,108,38000.0
INV016340,165608,101,28175.0
INV016194,158852,106,8600.0
INV012866,119946,106,5800.0
INV014513,157659,105,3038.0
INV003107,143370,107,12400.0
INV004291,107660,105,1938.0
INV005415,159276,103,3750.0
INV008787,156581,105,1421.0
INV012799,103263,108,37500.0
INV009793,162815,104,1900.0
INV000632,126606,101,76500.0
INV009667,122756,107,21500.0
INV009099,135111,102,19380.0
INV012895,117967,106,117300.0
INV012037,141791,107,28750.0
INV011512,111921,105,12400.0
INV004298,135060,105,7500.0
INV011013,118750,107,14500.0
INV011063,153152,104,7350.0
INV005830,111285,106,7600.0
INV008152,125557,107,14500.0
INV001319,133542,107,62000.0
INV017876,130431,103,7650.0
INV010332,139666,108,4300.0
INV013785,118612,101,3750.0
INV004393,160208,108,140000.0
INV017522,149247,105,1450.0
INV017112,143358,102,57500.0
INV018760,110479,101,57500.0
INV008860,116941,102,4300.0
INV008819,127260,108,43000.0
INV011954,123096,104,4386.0
INV013047,135852,103,3100.0
INV001653,100935,108,3825.0
INV008931,153478,104,29325.0
INV017939,165815,102,57500.0
INV007030,156243,105,9500.0
INV000476,149046,106,35700.0
INV007135,152466,103,2900.0
INV019078,113650,104,3750.0
INV018430,104337,101,5800.0
INV015198,127641,102,15500.0
INV016310,158043,104,28560.0
INV007069,117256,104,117300.0
INV010718,144241,102,7000.0
INV006600,110873,106,23460.0
INV012631,106063,106,14280.0
INV012807,108364,107,140000.0
INV003670,156949,108,8600.0
INV009090,112395,102,4300.0
INV016047,113211,102,42140.0
INV010749,154220,106,3724.0
INV011047,103201,107,10750.0
INV002825,114163,102,10750.0
INV013733,140535,101,18750.0
INV014678,103672,104,38000.0
INV001050,148126,108,22540.0
INV004966,158026,106,5750.0
INV015556,149229,104,30380.0
INV010986,136394,108,60760.0
INV009598,120847,105,38760.0
INV015259,119896,107,35000.0
INV007948,160433,101,7752.0
INV003760,160029,106,29000.0
INV010276,142808,101,7650.0
INV000541,109065,105,18375.0
INV003305,140903,105,6200.0
INV000106,104647,103,3724.0
INV005051,134091,104,76500.0
INV001127,137472,105,140000.0
INV011068,100206,103,3800.0
INV014452,143140,101,12400.0
INV018339,125169,105,2150.0
INV014115,122416,102,19125.0
INV019446,145627,106,4386.0
INV006605,166100,108,28750.0
INV006958,115985,102,10750.0
INV016802,125509,103,5865.0
INV004611,136059,105,7600.0
INV010887,102998,104,63240.0
INV010043,135719,106,38000.0
INV006145,134930,107,14700.0
INV014425,165808,103,5750.0
INV013864,107951,102,1900.0
INV001148,116682,105,8600.0
INV001964,156530,107,14000.0
INV016845,125260,102,31000.0
INV000034,107994,108,7500.0
INV017404,143123,102,2150.0
INV018946,126501,108,56350.0
INV017058,141327,108,35000.0
INV013533,131887,102,11270.0
INV001799,151157,102,4300.0
INV015877,155765,104,35000.0
INV010770,116306,103,71400.0
INV004633,154627,108,38250.0
INV014302,132531,108,6200.0
INV006577,128784,107,137200.0
INV007605,110438,103,3100.0
INV002076,161878,104,140000.0
INV019249,159677,102,1900.0
INV000167,124955,101,15500.0
INV016420,154675,102,11270.0
INV008747,103519,107,14000.0
INV006959,136154,105,7350.0
INV008588,100646,106,27440.0
INV018474,130429,104,14210.0
INV010071,107367,106,12400.0
INV014663,115756,102,1450.0
INV000733,127983,107,6324.0
INV008925,148436,107,8772.0
INV015690,165759,104,21500.0
INV016404,100945,108,30380.0
INV017363,147054,102,31000.0
INV001740,104356,108,14500.0
INV014054,106529,102,21500.0
INV006678,102928,108,1450.0
INV004753,155322,101,7000.0
INV000535,116746,104,1450.0
INV015123,111531,101,14500.0
INV004474,145085,103,5635.0
INV013068,134782,105,3038.0
INV014732,163479,101,38760.0
INV002937,147205,104,3100.0
INV017148,138514,103,1900.0
INV018934,151279,105,12400.0
INV014516,128244,105,18750.0
INV016180,133557,107,14280.0
INV017577,154858,102,6860.0
INV008357,138282,104,1450.0
INV018822,164242,102,4214.0
INV011489,127771,103,7448.0
INV015937,156611,104,10750.0
INV003930,135463,103,7250.0
INV000011,133933,102,10750.0
INV014882,114214,106,28750.0
INV015841,126685,101,15000.0
INV010862,118128,103,6200.0
INV018742,149050,108,43000.0
INV001442,141924,102,28750.0
INV016783,133786,105,7600.0
INV016176,121663,102,7600.0
INV010503,110289,108,5800.0
INV001475,144677,107,5750.0
INV019829,974887,101,82872.25
INV006891,101981,104,1421.0
INV015659,128362,103,22540.0
INV012453,165615,106,29000.0
INV010486,118297,106,15300.0
INV011975,124796,106,3038.0
INV018851,146823,104,43000.0
INV010291,150524,108,70000.0
INV014929,161769,105,7600.0
INV016550,101380,105,18750.0
INV016715,130130,103,117300.0
INV015518,105324,108,3800.0
INV000669,113406,101,12400.0
INV000633,157731,102,19000.0
INV013368,127834,105,3800.0
INV010868,165882,105,5635.0
INV013651,155914,108,28000.0
INV014715,102678,106,28000.0
INV003365,163423,108,5800.0
INV016771,107587,107,35000.0
INV015909,114667,103,10750.0
INV009579,104315,107,7600.0
INV007766,128184,106,4386.0
INV006506,139349,107,11500.0
INV005390,150165,102,5800.0
INV000846,160195,101,14000.0
INV005106,165439,108,5750.0
INV004103,139906,104,19000.0
INV001019,135338,103,6200.0
INV007826,120690,108,29000.0
INV018529,114647,107,18750.0
INV013434,148878,105,115000.0
INV002706,113168,103,29000.0
INV008727,126911,102,12648.0
INV014398,137413,104,2842.0
INV008575,122052,103,10750.0
INV000603,129217,104,5800.0
INV004171,155511,103,1450.0
INV012192,132780,107,1900.0
INV016861,108919,107,28560.0
INV009839,127649,107,8772.0
INV018310,149375,102,27440.0
INV002591,137319,103,37500.0
INV018695,102602,105,3800.0
INV019125,102814,108,18620.0
INV006321,131064,106,56350.0
INV018969,102893,108,2900.0
INV015985,106353,102,19000.0
INV001816,124212,104,3750.0
INV014467,144450,107,7500.0
INV000370,141736,103,68600.0
INV018301,124712,108,38000.0
INV000640,138048,106,28175.0
INV013329,138340,102,18750.0
INV010903,123906,108,10965.0
INV012118,161501,102,35000.0
INV012316,102492,106,28750.0
INV000444,149121,101,6324.0
INV002633,108150,101,43860.0
INV018556,105561,102,18750.0
INV011814,154453,104,140000.0
INV008750,104032,102,43000.0
INV019241,156521,105,14000.0
INV008685,129633,108,35000.0
INV000771,134456,101,28000.0
INV010517,123800,103,29000.0
INV018855,128772,103,3876.0
INV007818,141402,101,19000.0
INV018685,164749,101,15000.0
INV010214,100636,105,73500.0
INV017587,113429,106,31000.0
INV011298,107041,104,2900.0
INV003913,106347,101,6200.0
INV000744,103416,107,43000.0
INV003556,110956,107,21500.0
INV012983,121068,107,3100.0
INV011333,110318,103,5750.0
INV014215,101057,108,21500.0
INV004559,147587,106,2900.0
INV018835,105272,102,7250.0
INV002619,153590,104,28750.0
INV005732,158497,101,1900.0
INV006907,106950,107,5800.0
INV013051,135192,102,2150.0
INV019797,987843,104,30931.31
INV016891,108251,102,28560.0
INV004598,119843,108,70000.0
INV015942,108107,102,36750.0
INV018267,126015,107,11500.0
INV005826,135752,105,18375.0
INV002624,128037,108,29000.0
INV002430,163287,105,35000.0
INV019213,126235,103,137200.0
INV008214,136990,104,11500.0
INV004078,119539,108,3750.0
INV015549,121044,106,18375.0
INV017852,118007,107,23000.0
INV018411,146256,106,7600.0
INV018088,148120,103,5750.0
INV008284,134471,104,68600.0
INV015117,130357,104,3162.0
INV010449,135466,105,38000.0
INV013155,128759,105,3750.0
INV014881,122015,106,28000.0
INV014548,160369,103,2150.0
INV002513,162342,104,31000.0
INV011252,156729,105,28000.0
INV008653,152669,105,7105.0
INV005185,118129,102,31000.0
INV008658,133301,106,12400.0
INV009903,158454,102,23000.0
INV008571,135512,102,43000.0
INV008891,105350,105,57500.0
INV019606,982647,108,10769.04
INV000749,117914,103,7600.0
INV011874,139756,105,38250.0
INV005603,152188,101,8428.0
INV000750,108372,101,11730.0
INV005256,134509,107,5865.0
INV006209,154089,102,15300.0
INV001670,144082,107,7500.0
INV014237,159506,104,7600.0
INV000463,108174,101,6076.0
INV010531,143145,104,7600.0
INV014033,105985,105,8428.0
INV013712,100498,103,1479.0
INV006496,103150,108,11270.0
INV018432,148902,101,38760.0
INV003872,110098,101,12400.0
INV017618,143696,108,14500.0
INV008897,143294,104,28750.0
INV008984,107195,107,19000.0
INV005688,131715,108,62000.0
INV017517,127890,104,4386.0
INV006944,104230,107,2900.0
INV002586,164590,101,29325.0
INV008504,113369,103,5750.0
INV015559,106298,107,6200.0
INV019847,920958,104,64608.19
INV019599,910831,102,52840.06
INV014555,138649,107,1862.0
INV013199,137386,101,3750.0
INV003661,159287,108,5800.0
INV008468,141815,103,8600.0
INV003285,129597,105,4300.0
INV009550,155936,106,36750.0
INV009150,100359,107,8428.0
INV006957,127620,105,3825.0
INV014213,154905,102,28560.0
INV005746,142304,106,28175.0
INV006976,109954,102,60760.0
INV011275,124625,104,19000.0
INV011545,126737,108,15000.0
INV012392,165594,108,1900.0
INV019812,905895,101,7353.85
INV016544,120349,104,15500.0
INV017474,162774,106,7600.0
INV009810,134912,106,7600.0
INV017993,133479,106,1450.0
INV013001,103725,101,140000.0
INV004862,153874,105,3675.0
INV014113,124054,107,31620.0
INV011640,120910,102,19125.0
INV016444,113832,105,1450.0
INV011480,164071,107,11270.0
INV002544,115264,105,7600.0
INV009471,117337,106,10750.0
INV014294,150906,108,7250.0
INV015545,162924,103,7140.0
INV012481,128709,102,3876.0
INV005541,147203,107,37240.0
INV013017,145708,103,31000.0
INV019029,141367,101,1900.0
INV019317,126001,106,38000.0
INV018055,101665,104,15190.0
INV012245,152709,101,5750.0
INV019865,947373,105,63558.97
INV009704,164769,107,11500.0
INV016350,105442,107,3750.0
INV004201,105896,102,28000.0
INV006425,116761,107,29000.0
INV002600,160258,106,11270.0
INV018206,139448,107,31000.0
INV002620,100524,101,23000.0
INV014572,140480,106,7500.0
INV003124,105779,108,27440.0
INV018893,141687,108,31000.0
INV008450,137129,108,5800.0
INV017405,165009,104,21930.0
INV001075,114798,106,23000.0
INV000386,134867,101,14000.0
INV012097,158002,102,15000.0
INV005976,165920,107,18750.0
INV019880,942676,107,57752.87
INV012109,121209,106,28000.0
INV001055,105892,105,19000.0
INV008700,160470,105,7250.0
INV002726,159493,107,10750.0
INV016899,151965,101,22540.0
INV016296,156392,104,38000.0
INV012568,160224,106,23000.0
INV003194,108195,104,7650.0
INV015512,136444,105,11500.0
INV014583,109052,103,73500.0
INV003761,113245,104,21930.0
INV017250,103292,103,4300.0
INV003656,119340,107,7500.0
INV012596,156403,105,57500.0
INV014813,143808,108,2150.0
INV012263,160364,104,19000.0
INV006731,116609,102,19000.0
INV014376,122539,107,15190.0
INV009865,163980,102,58650.0
INV013718,130822,106,35000.0
INV019703,913324,101,80171.28
INV019906,909491,106,88385.08
INV008108,109412,106,38000.0
INV008269,107933,102,6076.0
INV000237,121553,103,28000.0
INV005570,130460,103,5916.0
INV005638,112217,102,14500.0
INV017649,109825,105,63240.0
INV011906,142001,107,60760.0
INV013224,116988,108,140000.0
INV002218,101202,102,11500.0
INV007814,116179,108,15300.0
INV015317,112352,103,35700.0
INV019283,127461,108,62000.0
INV000525,122513,108,7000.0
INV011519,113048,106,115000.0
INV009635,106824,104,3038.0
INV010010,154415,105,7250.0
INV008373,116809,103,5865.0
INV009026,143557,101,14280.0
INV003863,135298,105,2193.0
INV014059,166646,107,3675.0
INV014775,129413,101,7650.0
INV010943,124968,108,1900.0
INV009890,131997,106,71400.0
INV006278,137732,104,7000.0
INV018325,137448,103,140000.0
INV005152,135409,104,15000.0
INV007404,129778,106,28000.0
INV019509,983393,106,48668.67
INV017864,148282,102,28000.0
INV005065,133994,104,11500.0
INV017438,165772,102,15500.0
INV006394,120874,108,10965.0
INV015126,160509,107,6200.0
INV005449,108881,108,3750.0
INV006161,117092,108,115000.0
INV011739,124417,101,42140.0
INV010537,117123,101,10750.0
INV010103,124397,103,4300.0
INV004794,145270,108,35000.0
INV016736,133821,104,2958.0
INV019892,920320,102,86188.42
INV017311,148124,105,42140.0
INV000789,151207,104,28000.0
INV019521,971195,105,86757.08
INV004099,153595,106,1900.0
INV009781,109635,102,3100.0
INV019560,939935,101,45610.03
INV013803,128210,108,28750.0
INV005259,165980,103,2900.0
INV000141,116625,102,9500.0
INV004129,153198,102,6200.0
INV011741,134017,104,15000.0
INV005464,118033,106,6860.0
INV012415,100825,105,23000.0
INV012153,161382,108,11500.0
INV010721,104546,102,23000.0
INV001193,164830,102,21070.0
INV015125,108826,106,3162.0
INV010599,102988,108,7140.0
INV001399,145172,104,18620.0
INV002173,106845,104,115000.0
INV008781,115163,105,1479.0
INV013878,154754,101,12152.0
INV011012,154264,102,21070.0
INV008507,105381,104,73500.0
INV006690,157934,107,29325.0
INV013278,136054,107,23460.0
INV004350,132669,101,2900.0
INV016248,123944,103,15810.0
INV007255,164341,101,14700.0
INV007345,156321,101,18750.0
INV010699,139738,104,3750.0
INV017798,166366,107,4300.0
INV019788,931476,105,56425.99
INV013948,100660,108,6200.0
INV009100,113254,108,6200.0
INV019705,973446,104,15446.74
INV008689,124123,102,14790.0
INV001489,139491,102,60760.0
INV007469,131028,101,70000.0
INV010370,131053,105,5750.0
INV019805,994414,105,26182.8
INV008499,112451,104,117300.0
INV019785,973360,103,76931.57
INV012758,120692,107,3800.0
INV019668,957719,108,27382.41
INV004361,159934,101,7500.0
INV016307,164773,101,62000.0
INV003460,151308,106,10750.0
INV005605,160547,101,23000.0
INV006570,146661,101,142800.0
INV017957,134230,105,7600.0
INV005580,138010,103,15000.0
INV014789,136776,107,9690.0
INV007523,152634,102,7500.0
INV015482,147124,106,1421.0
INV001017,106059,106,21500.0
INV003957,114745,108,31000.0
INV001834,135852,105,43000.0
INV002210,100244,106,1450.0
INV010068,162958,108,10750.0
INV004561,131644,103,57500.0
INV019024,137702,102,14700.0
INV010375,123076,104,3876.0
INV019685,903580,106,48773.26
INV007798,127463,104,28420.0
INV001669,153364,106,15190.0
INV007180,158479,108,57500.0
INV004786,147553,106,11500.0
INV008807,162694,104,6200.0
INV016681,144672,102,2900.0
INV006707,148867,106,38760.0
INV017232,138953,106,38000.0
INV007361,145645,102,4300.0
INV012139,106073,108,15500.0
INV015428,127899,102,9500.0
INV005193,160394,107,12400.0
INV008604,124117,105,3162.0
INV006502,133571,103,9500.0
INV011054,116732,101,4214.0
INV014944,106004,105,9690.0
INV010089,123522,105,23000.0
INV013038,101765,107,63240.0
INV015974,136124,105,63240.0
INV007634,101924,105,12400.0
INV000796,123674,105,3750.0
INV017526,113185,107,36750.0
INV008983,114231,102,62000.0
INV005369,122007,102,15000.0
INV010055,143763,103,28750.0
INV018864,100624,103,7600.0
INV006234,132039,105,4300.0
INV002609,131737,108,37240.0
INV018705,106883,104,7448.0
INV012760,115579,103,38000.0
INV011964,137837,103,6076.0
INV019469,100312,102,7140.0
INV017667,110713,102,2900.0
INV002911,143736,105,8600.0
INV011081,114757,107,18620.0
INV011791,128954,104,1862.0
INV019410,151362,104,15500.0
INV012627,133739,107,5750.0
INV011218,135891,104,5684.0
INV000963,135284,101,21500.0
INV009722,138114,103,14000.0
INV005296,125035,102,2900.0
INV006723,153174,104,3800.0
INV007100,156479,103,5800.0
INV001282,115855,105,142800.0
INV011598,125300,104,7395.0
INV008732,161354,105,1450.0
INV013321,104306,104,13720.0
INV010781,129625,105,1900.0
INV011546,145450,105,19380.0
INV010100,140853,108,18620.0
INV014003,142192,106,19000.0
INV006230,149036,106,3100.0
INV019062,100597,104,3800.0
INV007328,157027,108,115000.0
INV002396,135862,107,11500.0
INV017041,127468,103,1450.0
INV012933,154684,101,15500.0
INV010767,129109,106,11500.0
INV003505,134602,102,76500.0
INV011223,115544,104,4300.0
INV008472,119260,108,75000.0
INV001468,163572,107,14000.0
INV016629,114135,105,38000.0
INV003052,117047,106,4300.0
INV019331,159712,108,11500.0
INV008447,125117,104,11730.0
INV008098,127250,103,140000.0
INV011348,125909,106,31000.0
INV016922,119534,105,43000.0
INV010345,160807,101,1938.0
INV003947,120334,108,2107.0
INV008683,117218,103,8600.0
INV019420,126679,106,56350.0
INV012934,107738,101,2193.0
INV000828,124696,107,6860.0
INV003154,137546,107,62000.0
INV016830,119356,104,3750.0
INV007859,118575,101,18620.0
INV008833,107026,108,7000.0
INV008896,118567,106,11500.0
INV014402,155138,101,43000.0
INV013277,136499,102,3724.0
INV017106,114592,104,29000.0
INV018006,144337,101,15000.0
INV013748,124637,106,29000.0
INV009314,144492,107,28175.0
INV017816,155907,106,14000.0
INV019781,967535,103,2351.13
INV009285,131389,101,7250.0
INV013271,130359,101,1450.0
INV001783,152131,107,14000.0
INV008310,147067,108,2193.0
INV004117,143563,103,18620.0
INV000518,104242,105,13720.0
INV018118,154058,107,2842.0
INV008553,115282,104,19000.0
INV007158,139948,102,38000.0
INV000872,122770,104,6200.0
INV016755,136686,107,58650.0
INV011117,109386,105,1450.0
INV002604,107637,101,21070.0
INV019644,914019,103,17114.88
INV007542,124555,104,75000.0
INV008562,165103,106,6076.0
INV009768,142411,108,3750.0
INV010768,161663,108,10965.0
INV005196,136150,104,2842.0
INV000380,124748,103,75000.0
INV003824,153891,107,70000.0
INV013910,122996,102,37500.0
INV008869,124658,108,14500.0
INV018654,143044,103,3800.0
INV018149,128436,101,7600.0
INV013413,132388,105,1862.0
INV001121,141986,102,15500.0
INV018827,161611,106,28420.0
INV015681,102833,103,8772.0
INV008564,110015,104,7448.0
INV016533,161742,104,75000.0
INV007793,128666,105,5750.0
INV006444,123121,105,1900.0
INV019405,143133,106,31000.0
INV018394,121462,108,43000.0
INV015161,112459,104,18620.0
INV017291,126069,104,6860.0
INV009191,104561,104,14000.0
INV011958,137200,105,75000.0
INV001125,164752,104,23000.0
INV005008,159154,104,7600.0
INV009424,132200,107,7500.0
INV017065,115991,108,2900.0
INV006415,158381,108,8428.0
INV001795,136118,107,15810.0
INV003387,157303,102,42140.0
INV012072,150360,105,14000.0
INV016218,114204,103,9500.0
INV003462,153692,106,1900.0
INV013168,161147,102,14500.0
INV000931,105378,108,7500.0
INV019354,107901,106,11500.0
INV018201,126421,104,35000.0
INV019337,161791,106,2900.0
INV000568,138879,104,6200.0
INV012813,137552,108,29325.0
INV006150,103804,105,60760.0
INV008024,145462,101,58650.0
INV001979,117987,102,19125.0
INV002601,149445,102,117300.0
INV012594,150938,102,12400.0
INV013661,122539,104,5635.0
INV012965,105738,104,7250.0
INV011337,120769,102,21070.0
INV002345,110682,107,15500.0
INV014269,141953,104,31000.0
INV009612,155435,104,4300.0
INV018210,101492,102,14280.0
INV011315,126519,105,8600.0
INV001462,114352,107,1450.0
INV007594,133378,101,140000.0
INV004852,142908,108,12152.0
INV016580,113687,101,6860.0
INV013174,148720,104,6860.0
INV000421,148976,106,5684.0
INV010793,142489,103,3724.0
INV004592,130011,107,38760.0
INV000511,155909,104,7500.0
INV013523,144948,101,35000.0
INV002200,104571,101,57500.0
INV008877,139027,101,63240.0
INV015772,109454,107,28000.0
INV013226,155508,107,3038.0
INV015175,109322,101,8428.0
INV010459,106663,101,62000.0
INV009654,102225,102,38760.0
INV006341,106142,107,75000.0
INV013260,101933,108,43000.0
INV002213,134188,105,28000.0
INV005310,148735,107,60760.0
INV013022,145821,102,5865.0
INV007001,162091,106,11270.0
INV010073,114925,101,7500.0
INV015195,127043,106,28750.0
INV004927,165216,107,2958.0
INV001413,145122,107,1938.0
INV013473,100215,102,23000.0
INV004906,136518,103,73500.0
INV014557,115980,102,8428.0
INV000135,115220,107,73500.0
INV017837,118535,104,38250.0
INV006525,130438,105,62000.0
INV003237,101825,103,117300.0
INV006186,165437,102,60760.0
INV008585,137225,105,18750.0
INV002917,104542,105,6200.0
INV014762,101673,103,115000.0
INV005636,142481,105,37500.0
INV006381,113353,107,13720.0
INV018387,153188,103,7250.0
INV018134,163552,107,1421.0
INV001421,165196,103,7650.0
INV018646,115737,106,28560.0
INV015183,119271,106,14500.0
INV012402,143096,106,60760.0
INV016007,108376,106,15300.0
INV009060,145311,101,31000.0
INV015503,128014,104,4300.0
INV007573,127544,108,28000.0
INV016324,122904,106,5865.0
INV011371,133658,101,2150.0
INV014489,156032,108,29000.0
INV019779,906119,103,15877.06
INV018242,119405,107,37500.0
INV008391,146818,105,15000.0
INV011386,126682,103,1900.0
INV018299,141919,103,14500.0
INV013537,146767,103,14000.0
INV002796,146364,108,7500.0
INV019496,166125,102,35000.0
INV007424,154410,106,34300.0
INV008172,125467,106,38760.0
INV003493,126910,105,21500.0
INV003830,120917,108,36750.0
INV017936,155743,104,4214.0
INV004158,131828,107,5684.0
INV019577,960782,105,27269.39
INV014591,155521,102,43000.0
INV016352,132441,104,8600.0
INV013100,117308,103,7600.0
INV006896,146671,108,140000.0
INV018232,122188,107,11500.0
INV006435,152166,104,42140.0
INV013837,111381,102,12400.0
INV003502,118552,104,18750.0
INV008949,142530,108,14500.0
INV002638,144549,102,15190.0
INV010354,113419,106,3800.0
INV013648,143965,102,15300.0
INV006606,106688,101,58650.0
INV003973,142648,101,15000.0
INV012901,163859,108,31000.0
INV000231,102490,108,62000.0
INV010159,162538,107,140000.0
INV006854,120890,101,29580.0
INV007517,101394,108,9690.0
INV001393,100664,105,14500.0
INV001477,138119,105,21930.0
INV000782,122902,104,10750.0
INV009084,155927,103,5800.0
INV011433,164894,105,1450.0
INV013643,116108,106,7250.0
INV001449,157501,103,19000.0
INV001917,101963,104,7350.0
INV000304,156361,104,10965.0
INV012642,129071,104,6200.0
INV008628,123423,108,14500.0
INV007222,142914,105,7250.0
INV004029,149887,108,7250.0
INV015712,158307,108,18750.0
INV002618,101037,103,38000.0
INV011847,146197,105,7250.0
INV014855,128983,106,3800.0
INV005003,109865,105,6200.0
INV011911,130146,101,8428.0
INV001452,103569,106,19000.0
INV010083,116828,105,18620.0
INV009398,104497,107,3038.0
INV003455,137661,107,28000.0
INV016374,118322,102,57500.0
INV015329,118868,106,62000.0
INV011998,165842,108,43000.0
INV004964,139773,105,7448.0
INV001654,144023,103,7650.0
INV008723,153108,105,19000.0
INV013253,117315,106,18375.0
INV007652,118495,106,28175.0
INV019096,159250,102,18750.0
INV011777,137743,104,1450.0
INV008963,150987,102,14210.0
INV009331,164072,104,14000.0
INV005115,136420,107,38250.0
INV007755,110317,102,9500.0
INV010498,146925,106,5865.0
INV014915,150245,104,5800.0
INV003098,144238,107,21070.0
INV014501,144656,104,37500.0
INV011539,103612,102,15190.0
INV006477,114247,105,11730.0
INV010014,135338,107,62000.0
INV005852,150277,107,62000.0
INV008684,163154,102,28750.0
INV019552,938991,105,54649.96
INV002221,132850,108,11500.0
INV008164,143621,102,35000.0
INV000510,142305,102,14000.0
INV006636,114823,103,1479.0
INV015207,142669,102,34300.0
INV002147,136824,108,35000.0
INV013408,107470,108,19000.0
INV004202,134723,104,117300.0
INV002855,145502,104,29000.0
INV014460,136456,104,29000.0
INV001658,127784,104,38250.0
INV014994,115961,107,4214.0
INV015563,113802,101,68600.0
INV000823,107065,101,8428.0
INV012147,120755,105,8600.0
INV016996,118312,104,38000.0
INV009565,130270,105,11500.0
INV015122,135960,101,56350.0
INV004575,107577,106,15000.0
INV006492,150536,101,12400.0
INV013150,156634,103,14210.0
INV006659,161238,106,3825.0
INV004512,127816,108,1900.0
INV003495,121979,108,28175.0
INV010706,123704,107,2900.0
INV004055,130337,108,4386.0
INV001791,122922,101,4300.0
INV000657,152372,108,6200.0
INV008842,112403,103,6324.0
INV011537,125082,102,2842.0
INV004572,127760,105,2150.0
INV003948,126922,107,31000.0
INV000590,147764,102,28000.0
INV001336,114345,106,8600.0
INV012062,107920,108,28750.0
INV016670,108496,103,38760.0
INV002013,133671,108,23460.0
INV015282,144785,104,7650.0
INV005021,147297,104,7600.0
INV014752,162280,108,5635.0
INV015071,151606,105,27440.0
INV013488,140413,107,5800.0
INV013028,146660,102,3800.0
INV011072,159766,102,1862.0
INV010169,101205,102,73500.0
INV005234,133238,106,4300.0
INV017747,121961,102,4300.0
INV010940,122459,108,3750.0
INV000083,132294,104,15190.0
INV012264,112259,108,3038.0
INV016102,125185,101,7500.0
INV018545,164100,103,12152.0
INV004900,100787,105,11500.0
INV008837,155910,104,34300.0
INV002431,152303,102,3162.0
INV019477,155038,102,37500.0
INV013843,131901,108,9500.0
INV016804,107686,107,15810.0
INV010513,159443,101,70000.0
INV017495,100226,108,38760.0
INV014481,129269,104,11500.0
INV017886,163232,103,2150.0
INV016003,149166,104,56350.0
INV003081,105151,102,28750.0
INV001800,134646,104,3724.0
INV011828,100294,107,4300.0
INV016525,146090,102,7600.0
INV011111,121312,107,6200.0
INV012566,114246,108,12400.0
INV004993,140525,106,6076.0
INV012860,102618,105,28750.0
INV009269,105046,106,28175.0
INV001196,117970,105,3800.0
INV003405,156513,102,22540.0
INV016123,135918,108,15300.0
INV017315,113313,105,12400.0
INV007710,111932,101,7600.0
INV013694,135369,106,137200.0
INV007347,118406,106,5800.0
INV000844,162962,104,14500.0
INV019016,122676,105,5684.0
INV009012,107560,101,5800.0
INV003308,139354,106,8600.0
INV012863,157850,105,21930.0
INV016429,127995,104,5800.0
INV004362,114764,107,28750.0
INV004156,134997,106,21500.0
INV000430,159501,104,57500.0
INV010645,122798,101,76500.0
INV007211,148082,101,14210.0
INV014590,139896,105,37240.0
INV007868,158597,107,23460.0
INV009407,155985,104,31000.0
INV013607,104640,105,1900.0
INV014785,134979,106,31620.0
INV008038,133864,108,37500.0
INV006489,107191,106,3750.0
INV015454,153070,104,14500.0
INV014138,109506,107,21500.0
INV015532,110036,103,7650.0
INV015485,145327,104,3750.0
INV007064,153226,103,8428.0
INV019217,120526,103,71400.0
INV003202,151718,103,2150.0
INV004509,139447,102,73500.0
INV011801,145056,108,1900.0
INV015528,117444,107,43000.0
INV008109,143768,101,19000.0
INV005147,130337,101,18750.0
INV001521,131963,104,19125.0
INV019069,123234,108,6200.0
INV005519,102972,108,27440.0
INV012397,155036,106,18750.0
INV000134,150990,103,7000.0
INV015980,102606,106,1450.0
INV003300,109377,103,1421.0
INV017297,118842,108,5865.0
INV019791,979298,108,25993.3
INV000422,131345,102,71400.0
INV016195,158576,107,75000.0
INV006894,123871,105,14000.0
INV017313,158465,103,14500.0
INV013925,106099,107,42140.0
INV000246,129807,107,1450.0
INV006387,126035,106,21500.0
INV019962,902666,101,33360.73
INV011555,124695,104,3038.0
INV000418,106257,107,37500.0
INV018002,122312,101,5684.0
INV019887,982377,103,54557.06
INV013024,134171,103,28000.0
INV002964,115316,107,7000.0
INV001668,141837,107,62000.0
INV019482,102411,108,31000.0
INV006511,159206,105,10965.0
INV018644,100919,102,4300.0
INV015354,113893,107,3800.0
INV018412,119066,107,18750.0
INV001541,144752,103,37500.0
INV009547,131573,108,137200.0
INV008816,129505,102,11730.0
INV008239,161347,108,2193.0
INV013306,113165,101,11730.0
INV005405,156904,108,14000.0
INV005225,120428,106,29000.0
INV001801,128929,103,11270.0
INV001360,159839,106,23000.0
INV010608,148099,106,14000.0
INV007062,128398,108,3162.0
INV005365,133108,106,4386.0
INV013564,166033,103,1421.0
INV017239,130739,103,3038.0
INV016850,120241,101,1862.0
INV002841,114421,107,3825.0
INV013374,115048,104,3675.0
INV013814,106500,105,70000.0
INV016853,117502,107,37500.0
INV008351,124068,103,5750.0
INV013932,130807,101,21500.0
INV008608,106285,105,7600.0
INV002058,129588,108,2150.0
INV010072,109866,105,11500.0
INV012929,103177,106,7350.0
INV004903,140541,103,62000.0
INV013481,133127,108,7600.0
INV015197,117116,103,9500.0
INV015791,148133,103,3800.0
INV010965,101002,102,9500.0
INV004290,130425,108,2900.0
INV007007,165186,106,9690.0
INV008861,161239,105,68600.0
INV004102,127863,103,12400.0
INV009527,124280,103,37500.0
INV006950,104028,104,1450.0
INV001493,125585,104,12400.0
INV009495,166620,104,7500.0
INV011937,139721,108,115000.0
INV014646,160797,105,14500.0
INV019625,919346,108,52796.54
INV010057,119007,103,57500.0
INV008899,160659,101,14700.0
INV016221,158109,106,23460.0
INV018187,114476,108,19000.0
INV013287,150194,103,3825.0
INV005208,149817,104,38000.0
INV009703,163324,102,1862.0
INV005759,164629,102,3800.0
INV002395,130707,101,29000.0
INV013165,114199,101,75000.0
INV001760,120106,108,11500.0
INV019912,987905,106,66599.27
INV014705,166092,103,21930.0
INV017956,147556,101,4300.0
INV015104,154433,101,15500.0
INV019704,929451,105,15392.05
INV015915,141946,104,38000.0
INV003371,139596,105,57500.0
INV011436,103020,104,7140.0
INV008053,144628,103,57500.0
INV008186,116418,107,7600.0
INV016744,111693,106,10535.0
INV001145,155403,106,5750.0
INV004488,160070,102,18620.0
INV002168,110237,107,3800.0
INV002483,120152,104,7350.0
INV016738,165383,104,3750.0
INV004776,120906,104,3100.0
INV009589,146132,108,43860.0
INV013328,107958,103,7000.0
INV003660,101539,108,43000.0
INV000501,165958,105,10965.0
INV008999,132456,101,60760.0
INV002291,120655,105,35700.0
INV006936,143162,107,18750.0
INV013085,134858,101,3100.0
INV015702,128355,102,14700.0
INV003032,102399,101,7600.0
INV012650,105210,103,11500.0
INV017351,101282,104,75000.0
INV014912,117163,108,3100.0
INV005562,122010,105,5684.0
INV002354,159774,108,36750.0
INV000416,112610,101,5684.0
INV015991,101583,101,38000.0
INV017773,102912,104,57500.0
INV009544,164819,102,29325.0
INV013023,162143,108,5800.0
INV000555,162410,106,18750.0
INV016932,102788,104,7250.0
INV019494,120559,102,5800.0
INV019963,950571,106,58256.1
INV012339,104380,101,5750.0
INV005420,159841,105,12152.0
INV010580,164647,108,18750.0
INV016117,103542,108,7000.0
INV002712,148129,107,13720.0
INV014617,135075,108,7600.0
INV012858,154064,103,27440.0
INV012196,127001,103,9500.0
INV004006,107853,102,142800.0
INV019848,908630,104,65475.84
INV017126,114436,106,1450.0
INV018903,137080,103,112700.0
INV016654,113291,101,23000.0
INV006903,148600,101,43860.0
INV018007,148531,103,3675.0
INV015597,113815,107,57500.0
INV011502,144702,101,28750.0
INV016552,120873,101,42140.0
INV006173,137925,106,14210.0
INV004114,102136,108,140000.0
INV007032,163756,102,3800.0
INV005528,122106,107,43000.0
INV013678,130848,101,14000.0
INV014301,143537,101,29580.0
INV017734,160586,108,8600.0
INV003917,103929,106,23000.0
INV000302,144578,102,18750.0
INV013951,119229,107,8600.0
INV002961,128015,101,36750.0
INV009624,122989,103,70000.0
INV003171,143955,108,3100.0
INV008218,138369,104,8428.0
INV015111,100397,103,63240.0
INV018630,155182,106,8600.0
INV009774,127055,106,2958.0
INV008976,153222,106,36750.0
INV007553,138818,106,5750.0
INV011248,142357,101,58650.0
INV004975,164654,101,6076.0
INV017945,115199,107,23000.0
INV002536,157999,108,7350.0
INV008501,144253,101,28420.0
INV008196,139413,104,57500.0
INV015913,122467,101,1421.0
INV012190,143250,101,29325.0
INV007526,163456,104,7350.0
INV014515,164703,103,18375.0
INV017259,142405,106,19000.0
INV016863,108939,106,8600.0
INV004965,158953,103,43000.0
INV014418,156982,108,14790.0
INV000756,144080,108,6200.0
INV007549,159344,105,1900.0
INV010865,105410,103,5916.0
INV006611,109283,107,3100.0
INV008341,109020,106,35000.0
INV003048,121932,105,56350.0
INV014834,113869,108,1900.0
INV009982,133221,106,9500.0
INV019286,103459,101,2842.0
INV002228,115723,106,5800.0
INV014825,158929,105,28750.0
INV019368,114871,106,29000.0
INV016031,135907,108,28175.0
INV015796,104789,108,21070.0
INV014313,132733,103,18620.0
INV010909,118697,101,8600.0
INV017483,107648,107,21500.0
INV010038,127280,102,18750.0
INV005081,133705,103,11500.0
INV002793,113833,101,60760.0
INV007848,127337,105,1900.0
INV005877,114263,104,18375.0
INV011993,112567,106,70000.0
INV016169,154777,102,3100.0
INV000856,110839,107,14500.0
INV017287,136747,103,7140.0
INV004447,138999,102,5750.0
INV013385,158922,103,7500.0
INV005868,122709,105,112700.0
INV008985,138758,106,1900.0
INV014426,102938,107,5865.0
INV008150,133242,106,2900.0
INV011760,146306,108,11730.0
INV001892,137155,105,15300.0
INV004983,164190,106,14280.0
INV001652,133938,105,5750.0
INV010843,106708,107,28000.0
INV008099,101131,101,23000.0
INV014383,131204,101,43860.0
INV019784,976733,105,39600.23
INV016958,118904,105,3800.0
INV015565,109430,102,36750.0
INV002089,158026,101,13720.0
INV003574,150628,104,18620.0
INV004713,110830,106,140000.0
INV014061,118527,103,1900.0
INV008384,122815,103,15500.0
INV011655,116034,108,28000.0
INV015757,103290,101,21500.0
INV004487,150356,105,9500.0
INV012233,143064,103,112700.0
INV001973,154341,101,2900.0
INV001751,103554,107,19125.0
INV016065,103338,108,27440.0
INV004233,107091,106,62000.0
INV017289,164294,104,76500.0
INV009888,161822,102,5800.0
INV011018,103849,103,22540.0
INV016189,137769,103,31000.0
INV019205,151367,103,2842.0
INV000216,102864,108,8428.0
INV009659,132825,106,4386.0
INV002489,166149,103,4386.0
INV019391,104062,108,2900.0
INV004164,114067,103,6324.0
INV010923,102022,104,14210.0
INV002694,159317,107,4214.0
INV018507,155888,102,23460.0
INV016213,129837,108,58650.0
INV009357,125712,103,21930.0
INV006815,117045,105,75000.0
INV004754,104785,102,14000.0
INV010987,157868,103,7752.0
INV006256,137530,102,7395.0
INV016770,159189,102,2842.0
INV017849,114705,103,3100.0
INV002967,134337,105,56350.0
INV008278,154186,101,7140.0
INV001707,141370,102,22540.0
INV003823,111464,105,63240.0
INV008444,161348,103,12400.0
INV001592,163163,101,29000.0
INV017494,136981,108,1421.0
INV010405,134639,106,73500.0
INV016092,104079,108,71400.0
INV006244,151601,107,9500.0
INV009933,104468,108,2107.0
INV011600,132120,107,3800.0
INV003904,160775,108,11500.0
INV012391,163439,101,22540.0
INV011701,102784,106,2150.0
INV007744,136287,107,1862.0
INV005095,107119,101,31000.0
INV010586,124245,104,1862.0
INV009669,112290,104,2842.0
INV008785,129652,105,28750.0
INV017844,154147,105,5635.0
INV017857,159189,107,76500.0
INV004094,148254,104,3675.0
INV015763,160574,103,115000.0
INV015318,110095,102,75000.0
INV010692,160508,107,29000.0
INV018384,142375,103,14500.0
INV010811,124398,104,27440.0
INV015351,127701,101,43860.0
INV004981,139587,101,14000.0
INV016434,153310,107,4386.0
INV019315,120631,104,11270.0
INV014619,124425,101,7600.0
INV007098,153441,106,70000.0
INV005495,110862,101,31000.0
INV000543,102519,106,58650.0
INV004701,138362,102,76500.0
INV009513,124167,104,2900.0
INV011660,103934,105,58650.0
INV006583,129344,102,1450.0
INV010235,149813,103,63240.0
INV012964,144449,103,70000.0
INV007063,152138,101,14000.0
INV009629,151503,101,31000.0
INV011649,153012,105,14790.0
INV004266,126341,107,7000.0
INV004504,153470,103,7500.0
INV006779,107671,104,37500.0
INV011797,101449,101,1450.0
INV004085,112256,104,31000.0
INV003220,147167,107,15500.0
INV007835,126895,103,2150.0
INV000709,124481,107,7350.0
INV008023,132916,103,19000.0
INV014110,110081,107,18620.0
INV006111,126675,104,58650.0
INV012692,115257,106,30380.0
INV000310,109480,105,12400.0
INV018971,141715,108,10750.0
INV007036,115403,105,28175.0
INV008695,145996,104,7350.0
INV018563,150973,106,62000.0
INV005652,154448,102,75000.0
INV016655,110122,104,19125.0
INV013465,120168,105,6324.0
INV019581,957121,108,10851.41
INV009809,148863,101,4300.0
INV002061,134390,105,3876.0
INV010377,141556,108,14790.0
INV003568,164851,107,2150.0
INV003767,147947,107,2107.0
INV007572,133805,106,14280.0
INV000232,139987,103,9500.0
INV012504,136525,104,15000.0
INV019086,162945,102,28750.0
INV002997,107988,107,6200.0
INV000236,126031,103,63240.0
INV014257,142429,107,38000.0
INV006106,157623,107,7105.0
INV001424,148121,108,1479.0
INV008427,161218,107,5916.0
INV015131,153660,102,15000.0
INV012571,133791,107,2958.0
INV013476,101502,105,4300.0
INV005883,163535,106,3675.0
INV002142,100777,101,3162.0
INV003264,100110,106,5750.0
INV005087,123671,101,30380.0
INV003536,103117,107,7250.0
INV011189,128386,103,9690.0
INV000770,130787,102,11730.0
INV018431,100030,104,58650.0
INV004778,145148,102,1479.0
INV013016,105669,104,28560.0
INV018729,122002,101,14280.0
INV014610,119545,103,19000.0
INV010574,138569,102,28000.0
INV002566,163965,103,1450.0
INV015650,153630,108,19380.0
INV007704,108821,102,3675.0
INV018532,165759,103,21930.0
INV017194,117488,102,7500.0
INV016005,157458,105,140000.0
INV016315,153338,107,6324.0
INV005945,163442,102,7500.0
INV000077,166432,102,14500.0
INV008620,153682,102,6200.0
INV011657,109862,107,57500.0
INV019453,136867,106,15500.0
INV009291,128864,101,3800.0
INV005270,107420,108,115000.0
INV010542,160010,107,37500.0
INV011353,101919,101,27440.0
INV014948,159443,108,1938.0
INV010937,156252,103,62000.0
INV006029,135667,105,1900.0
INV015418,146560,103,19000.0
INV014022,136256,108,7600.0
INV007366,105384,102,115000.0
INV012678,141749,106,10750.0
INV011167,112104,103,28000.0
INV000957,102947,107,8600.0
INV002117,108321,108,71400.0
INV016402,129526,106,19380.0
INV001613,101122,101,28420.0
INV004522,121533,106,115000.0
INV007033,103115,108,7600.0
INV016541,129445,103,6076.0
INV011768,135605,108,3825.0
INV000516,110865,104,12400.0
INV005964,127174,104,10535.0
INV002627,117411,105,19380.0
INV018348,155424,106,18620.0
INV016793,137202,102,19000.0
INV004895,136053,105,7250.0
INV002605,155043,108,18620.0
INV016499,107525,102,5750.0
INV012793,104231,101,14500.0
INV012739,152322,107,14280.0
INV009316,139289,107,5750.0
INV011839,117893,101,4300.0
INV003466,132083,107,7600.0
INV001619,156996,104,3750.0
INV015553,112149,104,10750.0
INV001925,127882,103,21930.0
INV002616,123657,106,29325.0
INV002951,155097,104,3750.0
INV013786,157204,103,28750.0
INV002022,144480,104,3162.0
INV006915,101700,108,7600.0
INV015685,120085,102,15000.0
INV004122,127883,101,75000.0
INV008021,115678,103,22540.0
INV002052,122258,107,115000.0
INV004569,158714,107,2193.0
INV010416,159953,108,3100.0
INV001889,143222,106,37240.0
INV017047,102292,104,21930.0
INV012638,142073,105,6200.0
INV000826,119084,106,1450.0
INV000443,153518,105,4300.0
INV019174,114014,101,37500.0
INV013030,160655,102,8772.0
INV010275,151783,103,6200.0
INV017563,162690,107,4214.0
INV000576,130422,104,4300.0
INV017290,113126,105,38250.0
INV002608,119481,104,35000.0
INV012236,108316,105,15190.0
INV001784,145236,105,29000.0
INV009671,107237,106,3750.0
INV003516,149100,105,7250.0
INV001150,111314,106,57500.0
INV018881,114635,103,5800.0
INV017890,126072,105,43000.0
INV007701,152084,103,140000.0
INV017195,141623,102,5750.0
INV010836,112460,104,43000.0
INV004463,161998,108,38000.0
INV015298,132831,105,14000.0
INV005647,159485,103,117300.0
INV007960,149255,103,3675.0
INV008512,120747,101,57500.0
INV012254,103598,106,38000.0
INV008183,160823,105,19000.0
INV015447,143397,103,3750.0
INV017586,156953,104,1900.0
INV016018,101236,104,28000.0
INV011124,124936,104,1450.0
INV008374,123451,108,14210.0
INV005040,121995,107,14280.0
INV008733,146964,107,35000.0
INV008063,138688,101,28750.0
INV019956,900100,103,75339.68
INV002966,153328,104,5750.0
INV009999,159567,101,1900.0
INV008161,162524,105,7500.0
INV005637,149624,108,38250.0
INV009737,148854,101,10965.0
INV003479,165426,104,75000.0
INV007389,110250,105,3038.0
INV004061,145496,105,21500.0
INV001995,112150,106,15000.0
INV018761,137415,104,29000.0
INV016173,107485,108,1862.0
INV019107,112336,108,63240.0
INV011175,140730,103,7752.0
INV011981,115645,106,75000.0
INV016954,137974,108,2150.0
INV000103,101875,105,1900.0
INV006942,130032,101,57500.0
INV019690,990935,104,34917.29
INV015250,138111,106,137200.0
INV002319,166662,101,11500.0
INV014156,137836,101,2150.0
INV003442,155857,107,28420.0
INV010387,156573,102,14000.0
INV013195,138821,106,5800.0
INV008715,159367,107,8600.0
INV001206,156077,103,5800.0
INV011389,153990,107,3825.0
INV014085,116012,101,22540.0
INV018189,132771,103,3750.0
INV019187,104762,108,31000.0
INV001943,161042,102,2958.0
INV017017,160921,108,7000.0
INV019595,982960,104,22581.94
INV001821,127602,108,18375.0
INV008258,107852,106,6076.0
INV015801,116760,101,7000.0
INV009805,119710,104,5800.0
INV013787,137989,107,7650.0
INV005838,132131,106,29000.0
INV010036,161415,105,112700.0
INV008354,128877,105,7600.0
INV011506,136240,102,10965.0
INV003768,108732,103,2900.0
INV000151,124674,102,137200.0
INV004166,163268,108,14000.0
INV003564,150393,102,29325.0
INV007748,127313,103,2150.0
INV017207,134477,108,38250.0
INV005460,163478,107,2958.0
INV014996,164191,101,2150.0
INV019767,932698,108,56845.93
INV019547,942121,106,3665.9
INV010956,144193,106,35000.0
INV010025,125615,105,3100.0
INV010999,142734,105,19000.0
INV005929,134491,108,14000.0
INV012556,108000,105,7250.0
INV018711,140708,101,2193.0
INV007423,165600,102,5916.0
INV011411,151780,104,37500.0
INV017503,144941,103,14500.0
INV006819,128338,102,6076.0
INV002028,115480,101,19000.0
INV009741,103140,101,4386.0
INV010048,130569,107,57500.0
INV018192,109115,108,1900.0
INV017242,119632,106,43000.0
INV009732,128026,102,1900.0
INV010109,119670,108,7350.0
INV017109,149971,103,3750.0
INV007138,156191,102,3100.0
INV018603,125959,107,30380.0
INV005927,122412,106,3038.0
INV013120,134879,107,43000.0
INV005924,142921,107,28000.0
INV004857,164142,102,14500.0
INV003750,130574,101,27440.0
INV011112,135630,104,29000.0
INV017208,119614,105,57500.0
INV004444,120363,108,1900.0
INV013705,135649,102,38000.0
INV015091,125631,102,115000.0
INV012962,130778,101,14000.0
INV019376,101143,101,2900.0
INV016369,151848,106,73500.0
INV001555,113561,108,29580.0
INV015313,102538,104,117300.0
INV005249,135041,104,5800.0
INV017087,103659,101,9500.0
INV011089,109267,102,1421.0
INV010278,108192,104,76500.0
INV015076,138766,101,57500.0
INV010654,110367,106,62000.0
INV007054,136809,101,15500.0
INV015830,108737,107,7600.0
INV019134,108641,102,7650.0
INV015152,127853,106,21500.0
INV006099,133787,105,5916.0
INV017218,122836,107,7650.0
INV013450,156609,103,8600.0
INV003679,142693,108,1450.0
INV008486,131226,103,7140.0
INV010313,146774,101,15500.0
INV007888,113927,108,27440.0
INV008431,102169,103,30380.0
INV013708,146220,105,28000.0
INV004595,118766,105,1450.0
INV002206,147620,102,115000.0
INV010456,153129,105,7500.0
INV001861,140243,108,21500.0
INV001535,151369,106,1450.0
INV001873,163307,108,23460.0
INV019372,114321,105,7500.0
INV013552,154773,103,6200.0
INV001043,117578,108,15300.0
INV002564,164175,105,70000.0
INV005529,109581,108,140000.0
INV007315,159564,102,4300.0
INV000778,126819,107,36750.0
INV012535,138328,104,2958.0
INV001371,165214,101,8428.0
INV011025,114267,107,6200.0
INV005682,156169,102,42140.0
INV010172,107801,105,7250.0
INV008215,109879,104,9500.0
INV016138,145773,103,6200.0
INV005860,154268,108,21930.0
INV003448,155214,105,3100.0
INV010832,101288,101,5865.0
INV004887,123133,108,1938.0
INV009588,159948,106,70000.0
INV016297,104354,105,5684.0
INV010488,164547,104,7600.0
INV007477,101525,107,11730.0
INV013874,151664,105,8600.0
INV010223,139970,101,3800.0
INV012674,126314,101,28750.0
INV008169,165811,105,1450.0
INV006631,130664,103,75000.0
INV014218,145446,105,28750.0
INV002942,102222,108,31000.0
INV018514,133885,104,115000.0
INV002118,157122,102,22540.0
INV006419,164658,103,2150.0
INV008666,127104,108,42140.0
INV011986,128387,105,7105.0
INV008158,140464,108,5750.0
INV000202,147917,105,14790.0
INV001769,146185,103,140000.0
INV006614,160250,108,3750.0
INV002249,108741,105,19000.0
INV014266,157133,103,34300.0
INV011889,110794,105,137200.0
INV011179,120542,107,7600.0
INV008916,108311,102,3038.0
INV009648,159192,104,14500.0
INV011143,121557,107,11500.0
INV007140,150148,103,5684.0
INV018712,101510,108,12648.0
INV011416,132895,103,63240.0
INV006104,153586,106,3100.0
INV009214,155940,103,12400.0
INV015971,127898,101,6200.0
INV012577,121050,106,3800.0
INV007727,103195,101,18750.0
INV011442,101498,107,137200.0
INV013793,105077,108,27440.0
INV004869,160414,105,28750.0
INV005649,149182,105,7500.0
INV005214,142150,103,42140.0
INV000732,134804,104,7250.0
INV009668,132981,105,62000.0
INV015191,106561,106,11500.0
INV009412,152226,106,38000.0
INV001544,141616,104,7752.0
INV010468,117091,108,19380.0
INV005059,152013,108,28750.0
INV007936,157245,105,3750.0
INV001663,105885,105,14000.0
INV015458,159907,107,62000.0
INV010391,115306,108,38250.0
INV005216,123530,108,21500.0
INV000645,153445,103,5800.0
INV015296,103834,108,57500.0
INV015388,136957,107,1900.0
INV019739,963869,102,38971.55
INV001656,103717,107,10965.0
INV008547,117632,103,1900.0
INV006007,118940,101,15000.0
INV001036,163838,102,15500.0
INV015731,159128,105,10535.0
INV002141,137865,103,35000.0
INV015697,105528,102,3750.0
INV009401,157916,107,19000.0
INV017904,160786,101,5684.0
INV001687,107514,101,4300.0
INV013363,152373,107,1900.0
INV009056,143109,104,9500.0
INV007632,117318,108,15500.0
INV008960,102285,101,1900.0
INV007583,110125,104,38250.0
INV010306,127164,108,19380.0
INV006973,108607,108,38000.0
INV004897,152180,107,6200.0
INV014229,164442,104,62000.0
INV015275,117406,101,29000.0
INV002914,115266,108,23000.0
INV003498,107813,105,18750.0
INV019291,124866,107,42140.0
INV004666,146077,107,7250.0
INV005864,139862,108,7250.0
INV005158,112085,105,31000.0
INV009065,105789,101,57500.0
INV008557,156320,105,1450.0
INV012018,121005,107,43860.0
INV007504,137164,108,2150.0
INV014551,105775,105,29580.0
INV013153,103963,108,115000.0
INV019844,925863,101,87805.16
INV015672,132552,107,11500.0
INV005212,104364,101,35000.0
INV016276,152920,107,29580.0
INV017597,152296,106,18750.0
INV009346,123214,107,23000.0
INV011347,111857,106,10750.0
INV002622,125519,101,23460.0
INV001911,162963,104,115000.0
INV000547,142644,105,3675.0
INV000916,134572,106,2900.0
INV008264,107874,103,1900.0
INV003386,111870,107,8428.0
INV010105,121897,106,140000.0
INV018861,109218,108,13720.0
INV015045,158783,106,7140.0
INV005747,120150,102,1900.0
INV005388,148068,103,38000.0
INV015835,160616,108,11270.0
INV006449,126052,105,11500.0
INV010929,157895,107,27440.0
INV018307,120240,108,57500.0
INV010425,150698,103,115000.0
INV005717,123735,106,11500.0
INV014529,159022,108,38000.0
INV002495,124245,106,21930.0
INV018713,100363,102,2958.0
INV010186,154515,107,35000.0
INV017117,111835,103,1938.0
INV019618,952411,103,7484.51
INV015043,164433,105,11500.0
INV019295,144361,102,7650.0
INV006494,143073,106,7140.0
INV011276,132008,101,11500.0
INV009470,164288,104,14000.0
INV013220,163939,102,19000.0
INV015599,140232,103,28750.0
INV018021,162662,101,4214.0
INV003182,142590,105,9500.0
INV004898,108912,101,11500.0
INV019191,155754,103,57500.0
INV016486,135552,105,62000.0
INV013545,129801,102,15500.0
INV014921,113309,101,5800.0
INV010193,100568,101,56350.0
INV017174,147325,108,28750.0
INV005808,142381,102,15000.0
INV005578,162198,104,10750.0
INV000057,161704,101,70000.0
INV005445,136928,107,28750.0
INV006909,111542,108,38250.0
INV001115,100404,108,28420.0
INV012993,142839,102,3724.0
INV015219,110567,108,38760.0
INV000648,126282,103,4214.0
INV017879,163219,107,2900.0
INV010176,125005,107,140000.0
INV012885,164265,103,2193.0
INV009024,114151,103,31000.0
INV003486,164904,104,19000.0
INV013378,142514,108,9310.0
INV018508,143703,104,34300.0
INV017389,120864,103,15500.0
INV003411,103655,104,7500.0
INV006333,137723,108,2150.0
INV014689,101015,105,23460.0
INV006630,129732,104,4300.0
INV019582,939765,105,49393.5
INV002084,137401,102,37240.0
INV003992,146190,101,8428.0
INV019949,928692,108,88884.37
INV005507,153117,105,7350.0
INV010358,135586,108,2900.0
INV009439,165918,105,70000.0
INV015486,160022,108,12648.0
INV010619,102665,102,7600.0
INV001711,166540,103,7600.0
INV019647,930033,104,73231.73
INV009254,125912,102,29000.0
INV013352,120462,104,35000.0
INV017386,109449,107,35700.0
INV012368,162298,106,28560.0
INV018808,125033,105,11500.0
INV000032,123121,104,62000.0
INV018097,154206,102,6324.0
INV015580,151158,106,19125.0
INV011203,133677,106,62000.0
INV005269,127481,103,7250.0
INV004982,112146,108,5750.0
INV006443,115375,107,7140.0
INV018520,102755,104,15000.0
INV007841,123600,106,35000.0
INV002466,107911,102,23460.0
INV013899,164399,106,14210.0
INV005217,144391,105,35700.0
INV003510,140630,102,7600.0
INV015169,148245,108,19000.0
INV000407,148972,103,10535.0
INV003112,135336,103,18750.0
INV004503,162148,105,60760.0
INV016971,156439,103,31000.0
INV002927,100736,107,112700.0
INV009912,163105,103,43860.0
INV019819,935592,105,38754.32
INV002331,158825,105,3750.0
INV012677,162015,101,7448.0
INV005781,152957,108,2150.0
INV013059,132372,101,19000.0
INV007245,117655,102,29580.0
INV017057,141566,105,7448.0
INV010132,136265,104,7500.0
INV017527,157357,103,2958.0
INV013824,118048,104,6200.0
INV012990,140133,104,62000.0
INV013759,116068,106,1450.0
INV006361,100787,108,6200.0
INV010636,150842,106,38000.0
INV006704,142783,101,57500.0
INV017164,153055,108,34300.0
INV013444,105126,101,8428.0
INV013009,164776,102,137200.0
INV011329,126138,107,4300.0
INV010481,142180,108,3800.0
INV010786,133530,104,14210.0
INV013854,116597,101,8600.0
INV010620,142789,106,18750.0
INV014615,147060,107,5635.0
INV007663,118181,107,7600.0
INV015273,117754,104,42140.0
INV002134,107337,104,14700.0
INV005535,131648,103,1450.0
INV014907,123743,104,1421.0
INV004296,117048,106,43000.0
INV007040,108158,105,75000.0
INV001722,123129,104,57500.0
INV000482,122348,104,14280.0
INV012223,138597,105,4214.0
INV000912,104076,106,1450.0
INV001845,152280,101,7600.0
INV010298,147726,107,137200.0
INV016192,114041,103,7650.0
INV009174,115652,105,2900.0
INV015405,139778,102,23000.0
INV007134,150679,104,1450.0
INV000442,154181,102,21500.0
INV012185,133837,101,18750.0
INV012414,132926,104,60760.0
INV011173,123321,105,37240.0
INV011052,135991,108,22540.0
INV016375,112280,105,5800.0
INV008071,108970,101,3750.0
INV016262,164111,101,2150.0
INV001887,113478,105,5800.0
INV008664,108086,107,18750.0
INV007375,123575,101,112700.0
INV016858,150515,107,15810.0
INV018035,100507,103,3675.0
INV018365,122357,108,1479.0
INV003240,163549,103,15000.0
INV016730,153285,103,31000.0
INV012973,122250,106,70000.0
INV005640,158854,106,28750.0
INV016004,140127,105,4300.0
INV018421,119014,106,6860.0
INV013097,108695,103,7140.0
INV007501,113141,101,29580.0
INV006899,149805,107,7395.0
INV005630,140332,106,140000.0
INV000090,155791,103,38250.0
INV006068,132116,106,18620.0
INV003627,111724,103,7250.0
INV001781,105946,103,6200.0
INV018523,128004,107,9310.0
INV002425,160347,102,71400.0
INV013865,118330,105,43000.0
INV013245,137791,107,3675.0
INV011840,115494,102,31000.0
INV008306,165264,105,75000.0
INV004228,160116,101,68600.0
INV018965,100847,102,7105.0
INV013779,126276,102,7350.0
INV001064,145511,103,10535.0
INV006250,154382,102,14500.0
INV018596,152996,101,70000.0
INV009541,137197,101,31000.0
INV012168,133391,108,6200.0
INV007443,124536,108,14500.0
INV005518,112910,102,3100.0
INV000194,125336,105,14500.0
INV019827,998868,104,52301.01
INV010131,119684,108,15300.0
INV014289,116865,104,14000.0
INV006467,162618,105,15500.0
INV000347,125550,106,11500.0
INV011122,136656,108,5800.0
INV003601,104303,105,6076.0
INV016051,145894,101,112700.0
INV003140,142475,106,4300.0
INV012405,156449,108,9310.0
INV007838,140370,106,7250.0
INV000992,157617,106,140000.0
INV012203,145627,108,62000.0
INV005330,124885,105,18750.0
INV015220,140213,107,3750.0
INV016944,155460,104,1450.0
INV007856,144574,106,19125.0
INV007949,120325,104,4300.0
INV005395,149473,102,19000.0
INV017342,152402,101,5750.0
INV002688,124883,101,43860.0
INV019160,164473,103,12152.0
INV009758,157841,102,38000.0
INV000515,122204,102,1421.0
INV015413,118909,108,21930.0
INV010680,150334,107,3724.0
INV018440,106318,104,1421.0
INV013247,144908,107,1862.0
INV013506,110324,106,4300.0
INV018660,118149,105,22540.0
INV012503,125731,105,19000.0
INV012894,126309,104,3876.0
INV003413,142770,104,23000.0
INV014645,161959,102,21500.0
INV007794,141899,103,28175.0
INV008090,137329,107,8600.0
INV009931,160712,105,37500.0
INV004534,150100,104,12400.0
INV013850,156528,101,10535.0
INV010810,107825,106,43000.0
INV008898,115519,104,2900.0
INV007954,143450,107,38760.0
INV012919,137621,101,21930.0
INV013452,155631,107,4300.0
INV018925,126221,102,1479.0
INV014950,159764,107,28560.0
INV001548,113639,105,14000.0
INV006329,162587,105,42140.0
INV000716,151918,103,18375.0
INV010108,151319,106,4300.0
INV018152,158227,108,112700.0
INV017833,133162,103,19000.0
INV010203,149316,101,56350.0
INV005913,115965,102,23460.0
INV012756,103991,103,43860.0
INV005768,132902,102,11730.0
INV012560,158006,105,7752.0
INV009295,142470,103,2150.0
INV003912,102964,106,38000.0
INV007719,132231,107,11500.0
INV007998,151998,106,10750.0
INV006789,161829,104,10535.0
INV015683,166295,102,19000.0
INV000243,118481,102,9500.0
INV001416,159444,107,28420.0
INV017002,100893,101,4300.0
INV002347,149768,108,7140.0
INV013934,146864,108,23460.0
INV018263,112160,107,76500.0
INV018815,131343,103,14000.0
INV016365,162775,101,115000.0
INV008710,162086,104,7752.0
INV002614,162473,101,38000.0
INV002685,165190,105,10750.0
INV004554,152628,106,70000.0
INV000156,161288,101,11500.0
INV003392,128377,108,63240.0
INV005766,135736,104,23460.0
INV010772,153354,107,11500.0
INV019874,903014,103,19504.59
INV016002,150818,101,9310.0
INV000234,145988,102,35700.0
INV018467,162466,108,5800.0
INV001463,142100,108,2193.0
INV002352,147590,103,28420.0
INV011946,106189,108,15190.0
INV008326,115970,102,2900.0
INV014805,132139,102,117300.0
INV014977,125931,105,38760.0
INV012609,136081,102,57500.0
INV010617,127129,107,9690.0
INV010021,116853,106,14500.0
INV017167,135492,103,15000.0
INV009874,147388,105,21070.0
INV000703,160625,102,7752.0
INV005648,134996,101,10965.0
INV009577,141368,103,7500.0
INV004822,162659,103,10965.0
INV008518,148487,106,5800.0
INV004287,155730,108,3162.0
INV010561,121207,104,38250.0
INV006264,124291,104,2900.0
INV016067,163133,101,112700.0
INV010664,115463,105,8428.0
INV000116,124618,107,15500.0
INV008485,106811,105,29000.0
INV010969,103978,108,15000.0
INV000375,128625,108,3675.0
INV008947,124826,103,35000.0
INV016436,133410,106,15000.0
INV010705,147921,103,6200.0
INV018290,124439,104,43000.0
INV011010,129087,106,42140.0
INV000093,112377,101,68600.0
INV011375,141633,103,2150.0
INV018028,135295,106,15810.0
INV003487,162449,106,18750.0
INV002649,112685,106,2900.0
INV011467,119508,101,3750.0
INV000397,131893,103,15500.0
INV019328,138155,105,10535.0
INV019592,945156,107,65786.14
INV005200,114314,106,140000.0
INV018056,131639,106,12400.0
INV018486,120324,108,3162.0
INV010624,137887,108,11500.0
INV005879,165053,104,62000.0
INV004441,162573,105,19000.0
INV002101,122515,104,140000.0
INV003401,146455,106,8600.0
INV004752,158607,105,14500.0
INV007213,139716,103,2150.0
INV004765,150296,104,3100.0
INV006141,108975,101,5684.0
INV006548,127958,103,15000.0
INV008433,128301,105,43000.0
INV015562,143641,105,3750.0
INV000359,158287,107,38000.0
INV013974,142002,103,3800.0
INV018517,104962,104,5635.0
INV010863,128604,108,37500.0
INV002246,102598,104,31000.0
INV009248,123761,108,7140.0
INV007332,149408,102,15000.0
INV016841,153308,102,3675.0
INV007449,121584,106,12400.0
INV012138,107455,101,142800.0
INV000624,150011,108,37500.0
INV013404,157843,108,57500.0
INV012059,103752,103,70000.0
INV012879,161622,106,31000.0
INV017679,153029,102,43000.0
INV011021,112588,103,60760.0
INV011620,115894,104,1900.0
INV005360,137840,103,5750.0
INV002771,161329,101,18750.0
INV019544,907624,107,79485.17
INV018014,147199,108,8600.0
INV008929,100006,108,31000.0
INV014731,129915,102,14790.0
INV019394,164197,103,3100.0
INV001203,117841,102,7395.0
INV000587,104057,108,3750.0
INV018951,164970,106,36750.0
INV014169,165720,104,142800.0
INV015619,112058,105,2900.0
INV014300,163166,107,28175.0
INV012211,129053,108,115000.0
INV015868,106754,101,3750.0
INV013679,104885,101,7500.0
INV009324,126037,102,9500.0
INV010002,165676,106,1900.0
INV007817,122028,107,3038.0
INV014930,132214,108,7350.0
INV001136,104377,106,18750.0
INV002902,137458,103,28750.0
INV003484,102740,106,14500.0
INV005757,161217,101,117300.0
INV013700,122016,107,9690.0
INV002051,132401,105,7000.0
INV017573,123609,101,18375.0
INV018866,148712,105,3750.0
INV013146,143798,103,19000.0
INV004435,127238,107,57500.0
INV008808,148815,103,19380.0
INV015280,140786,105,18375.0
INV003265,138147,108,2150.0
INV006674,134388,107,2900.0
INV016563,122525,102,8600.0
INV018926,126459,101,3162.0
INV015732,123182,106,75000.0
INV005233,142527,106,19125.0
INV017326,157311,101,38250.0
INV004558,116011,104,8600.0
INV003749,163309,103,1450.0
INV008137,164992,104,115000.0
INV003886,132395,104,12400.0
INV004806,129699,102,4300.0
INV013992,112934,104,3876.0
INV007682,130478,106,3038.0
INV006159,138895,107,73500.0
INV004819,116984,102,10750.0
INV019826,976989,104,20088.69
INV009926,164800,101,8772.0
INV009114,106725,108,28750.0
INV006567,108108,102,1900.0
INV019828,977748,106,70889.46
INV007235,110524,106,34300.0
INV016583,154848,103,2150.0
INV016382,115413,102,3038.0
INV012775,116927,103,5800.0
INV000160,151986,105,2150.0
INV018372,131773,107,35000.0
INV008962,147938,101,1862.0
INV013903,159946,103,38760.0
INV009376,140410,108,6324.0
INV019528,967465,103,4573.21
INV017217,166447,104,1900.0
INV005834,145940,101,29000.0
INV015735,136868,107,30380.0
INV013886,152479,108,5684.0
INV007168,155541,104,62000.0
INV017731,139519,102,29000.0
INV017664,122673,106,14000.0
INV014669,145691,105,7350.0
INV010262,157996,108,18620.0
INV018181,107584,106,28750.0
INV004714,158137,106,15300.0
INV016508,146812,108,5800.0
INV006445,123380,105,11270.0
INV014440,112734,107,7000.0
INV018158,138220,104,23000.0
INV004885,114779,108,29580.0
INV002953,155344,101,9690.0
INV004644,119624,105,3100.0
INV014279,159391,104,43860.0
INV007892,140321,102,15810.0
INV015252,132358,106,9690.0
INV012132,120235,108,12648.0
INV004617,120769,103,2107.0
INV019868,968816,104,78827.65
INV001742,149500,106,23000.0
INV015525,101889,101,38000.0
INV006303,142856,101,38000.0
INV006559,151522,108,28750.0
INV014047,137581,106,31000.0
INV002375,161929,101,142800.0
INV008549,107718,103,21500.0
INV005770,161735,103,10535.0
INV010092,141020,105,18375.0
INV019923,919056,102,85836.75
INV009595,134910,103,15500.0
INV009318,100533,101,5865.0
INV015469,160309,103,137200.0
INV011926,125462,105,34300.0
INV001650,106510,101,14500.0
INV001895,163232,102,28750.0
INV014197,107207,102,19000.0
INV007463,106209,105,8772.0
INV007241,162988,108,5800.0
INV012696,118323,108,10750.0
INV003492,103730,101,38000.0
INV002023,155990,108,112700.0
INV012125,160955,105,1938.0
INV006275,115023,102,2193.0
INV016925,114409,103,14500.0
INV013550,133169,102,7600.0
INV007292,107325,103,117300.0
INV009224,165903,108,29000.0
INV003604,148370,101,3750.0
INV017938,155754,102,29000.0
INV010747,153475,105,37240.0
INV017802,132394,103,27440.0
INV000371,138587,106,1938.0
INV011997,116379,101,2150.0
INV012459,161749,101,5865.0
INV002367,148647,105,15300.0
INV001810,113414,102,29580.0
INV017655,151759,106,14500.0
INV016777,155576,107,137200.0
INV017466,108958,106,10750.0
INV010371,135651,103,3750.0
INV003131,143215,102,58650.0
INV002711,103705,103,8600.0
INV016338,151837,104,4214.0
INV010499,118990,104,38760.0
INV018531,103091,101,57500.0
INV009446,120333,105,29000.0
INV019390,119264,104,38000.0
INV009479,127676,105,43000.0
INV001829,105239,107,31000.0
INV012312,158942,108,10965.0
INV016585,115078,101,7448.0
INV007894,150431,108,68600.0
INV016643,141180,104,3800.0
INV004911,103818,101,5684.0
INV004669,120844,102,14000.0
INV011458,137180,104,28000.0
INV015461,123735,101,76500.0
INV009725,124160,101,7250.0
INV005439,122852,103,1450.0
INV003638,127129,101,21930.0
INV007418,129993,106,11730.0
INV005943,118812,107,35700.0
INV001567,126867,108,21930.0
INV005000,129526,108,43860.0
INV013819,110367,103,23000.0
INV015410,131543,102,70000.0
INV008027,141141,108,35000.0
INV009442,103307,107,43000.0
INV010463,115297,107,15000.0
INV001201,122965,104,12400.0
INV005489,114053,102,7448.0
INV004552,103648,101,7000.0
INV007357,121644,102,76500.0
INV019804,997352,104,9950.54
INV000804,106189,106,15500.0
INV014671,111503,102,14000.0
INV013695,147340,103,15000.0
INV016013,122288,103,14210.0
INV011755,120725,101,70000.0
INV015112,160781,105,9690.0
INV011774,130951,107,5800.0
INV011910,116868,108,2900.0
INV007564,125326,107,15810.0
INV019189,103141,103,9310.0
INV008104,143792,108,7395.0
INV018311,127236,102,15000.0
INV008151,151917,104,1450.0
INV016965,120637,107,28000.0
INV019152,122534,105,38760.0
INV016865,143400,106,3800.0
INV016763,154143,105,14500.0
INV010849,127825,101,14500.0
INV019432,157553,101,15500.0
INV018390,132033,102,1938.0
INV010284,138601,102,8772.0
INV015288,119754,104,10965.0
INV002494,140767,101,38000.0
INV003177,107074,103,12648.0
INV004403,110442,105,18375.0
INV002885,118645,107,115000.0
INV006522,154791,107,43000.0
INV013963,163675,103,28000.0
INV002916,115620,103,1421.0
INV008795,155887,101,18750.0
INV006031,148723,103,63240.0
INV002088,166626,102,56350.0
INV019435,166135,103,5800.0
INV008736,126277,101,37500.0
INV019645,978848,103,40146.86
INV000497,162814,101,2900.0
INV000041,131262,107,21500.0
INV015380,144236,102,6860.0
INV011805,127254,106,1450.0
INV008216,140257,102,4300.0
INV014275,146291,103,11500.0
INV001730,106802,105,3724.0
INV019863,927771,105,46444.27
INV002405,145578,106,5800.0
INV019087,138323,101,1450.0
INV014444,133394,108,4300.0
INV001074,158299,102,62000.0
INV013411,118555,105,5750.0
INV010573,140955,108,14700.0
INV016646,130398,104,62000.0
INV010145,135148,107,58650.0
INV015787,156953,107,43000.0
INV003967,155222,101,75000.0
INV017371,140814,108,2150.0
INV017455,104673,101,5684.0
INV014667,115050,106,19000.0
INV016968,119885,108,7000.0
INV017740,144411,105,5800.0
INV017366,163695,101,35000.0
INV016935,159540,105,21500.0
INV019938,926494,108,6259.53
INV000762,101642,107,140000.0
INV018968,143558,103,29000.0
INV018994,140980,105,2842.0
INV016578,120697,107,10535.0
INV000921,159237,104,6076.0
INV005694,109063,101,14000.0
INV010054,109841,102,115000.0
INV006066,133255,102,5800.0
INV016523,142658,105,8428.0
INV011196,163110,107,43000.0
INV015472,145098,104,4386.0
INV008500,112733,103,1450.0
INV008590,124958,103,140000.0
INV015780,162751,101,19000.0
INV007988,122135,105,3876.0
INV005164,159483,108,15000.0
INV001376,113565,105,5800.0
INV013747,157638,105,29000.0
INV007990,129964,103,73500.0
INV002750,108130,102,62000.0
INV007692,100722,108,5750.0
INV012908,147279,105,115000.0
INV011269,163431,102,6200.0
INV016542,147265,103,12648.0
INV016819,125916,107,3876.0
INV014984,140801,103,3100.0
INV004791,130249,102,7250.0
INV010606,124449,102,19125.0
INV010315,144461,101,28750.0
INV006712,162441,108,27440.0
INV004415,166118,103,23000.0
INV015271,137283,106,6324.0
INV002078,158809,104,75000.0
INV016442,149262,103,14500.0
INV002763,115895,108,115000.0
INV006128,162285,101,15000.0
INV017710,148614,103,1862.0
INV005236,136192,103,70000.0
INV002625,140372,101,5684.0
INV000684,114227,106,9310.0
INV019763,961431,106,56085.28
INV010679,125752,105,1938.0
INV012331,147363,105,7500.0
INV009019,132171,102,42140.0
INV010141,124987,105,7600.0
INV007320,122030,105,60760.0
INV018447,158033,103,14790.0
INV005015,134290,103,35000.0
INV017985,159513,101,76500.0
INV013310,134918,103,1862.0
INV009763,160850,106,11730.0
INV001660,163242,105,75000.0
INV009913,124108,108,35000.0
INV005022,130029,103,43860.0
INV019353,154559,103,57500.0
INV000913,133008,101,7000.0
INV007722,142912,102,38760.0
INV013337,121141,103,31620.0
INV013006,160297,102,10750.0
INV010651,158575,107,15300.0
INV006771,158237,107,21500.0
INV006979,100764,106,7500.0
INV010219,121846,104,28000.0
INV017625,162942,105,3876.0
INV000600,122578,106,7600.0
INV002125,131877,101,12400.0
INV002676,134779,108,7000.0
INV003677,145165,105,30380.0
INV000153,162728,108,63240.0
INV015943,148339,101,31000.0
INV016601,149799,108,28000.0
INV008086,143641,101,43000.0
INV013109,143708,102,14790.0
INV010742,124311,105,31000.0
INV003600,152875,102,117300.0
INV008554,150069,104,2900.0
INV002835,116347,106,29325.0
INV015096,120670,107,75000.0
INV019518,921616,105,37870.36
INV005632,149729,104,3100.0
INV010366,101595,102,7000.0
INV007299,102714,108,31000.0
INV012792,103524,106,28750.0
INV018003,146378,104,5800.0
INV010907,133214,101,14700.0
INV014355,113755,105,31000.0
INV007387,131979,102,28000.0
INV011648,107854,107,38760.0
INV014483,139496,104,42140.0
INV019466,142749,104,19000.0
INV012429,137511,108,35000.0
INV017349,141336,102,62000.0
INV015322,154075,107,18750.0
INV006732,122110,103,1450.0
INV007083,157385,106,140000.0
INV001573,144156,106,14210.0
INV015676,107795,102,7650.0
INV011936,142976,102,9690.0
INV001309,127385,104,15190.0
INV004075,147760,104,15500.0
INV018397,130403,108,6076.0
INV017465,142488,106,38000.0
INV007444,146107,104,8428.0
INV003788,104873,105,42140.0
INV004191,156747,104,11500.0
INV001223,118796,101,8600.0
INV019360,165551,105,19000.0
INV008759,163659,104,6324.0
INV013129,165188,106,137200.0
INV004172,164913,107,23460.0
INV008834,118574,106,4214.0
INV006783,109151,106,9310.0
INV014368,161242,105,14790.0
INV017579,118699,106,73500.0
INV011746,146635,107,6200.0
INV007061,141743,107,22540.0
INV004578,116275,105,31620.0
INV002412,157056,105,43860.0
INV013730,111545,104,19000.0
INV007304,101890,104,19000.0
INV014181,114840,103,76500.0
INV004555,121135,106,5750.0
INV000475,112485,106,12648.0
INV000875,119874,104,37500.0
INV002006,124497,102,38000.0
INV002718,126514,102,14500.0
INV015443,149740,104,1421.0
INV019025,131683,103,5916.0
INV018684,104838,105,15000.0
INV001746,135929,104,34300.0
INV000429,107137,103,28750.0
INV000614,121864,103,29000.0
INV007628,122458,101,76500.0
INV012705,135121,108,28000.0
INV003902,125510,107,142800.0
INV010877,116887,108,42140.0
INV012478,112590,103,2842.0
INV001926,152294,108,3800.0
INV018379,147498,101,9500.0
INV016257,152203,102,7000.0
INV009475,119636,104,36750.0
INV002751,133477,105,37500.0
INV001553,128654,104,62000.0
INV010616,145248,106,3800.0
INV014918,165651,105,1900.0
INV007234,158950,105,29580.0
INV004677,116394,105,15500.0
INV005018,128745,104,5800.0
INV011428,101296,103,29000.0
INV005583,145840,101,35000.0
INV006458,148474,102,14500.0
INV018995,109593,107,3825.0
INV015401,146779,108,9500.0
INV002437,113746,106,21500.0
INV012783,103553,103,7752.0
INV012107,137571,108,8600.0
INV001855,105624,108,15190.0
INV001444,144945,103,142800.0
INV003821,152098,104,21500.0
INV016066,157558,104,12648.0
INV013394,135784,102,12400.0
INV019259,124086,107,23000.0
INV006175,143322,106,29000.0
INV001562,119094,103,22540.0
INV018521,148683,108,3675.0
INV001946,159178,106,2958.0
INV000623,158692,103,31000.0
INV012447,108509,106,18750.0
INV018396,125247,101,7000.0
INV005664,158165,103,12400.0
INV013025,163383,105,4214.0
INV015888,106890,101,15500.0
INV003843,105979,105,68600.0
INV017853,113923,102,14500.0
INV004648,152438,104,27440.0
INV000229,147227,104,21930.0
INV015923,156250,103,3750.0
INV005328,127135,104,6860.0
INV016685,146783,102,14000.0
INV009048,117368,101,10750.0
INV009074,158207,104,38760.0
INV013666,105810,103,38250.0
INV011469,157283,101,63240.0
INV010729,123966,104,8600.0
INV017461,102727,107,140000.0
INV000342,100986,101,7140.0
INV005459,145525,107,7600.0
INV011513,139539,106,8600.0
INV009322,159703,105,19000.0
INV017319,154042,108,30380.0
INV003919,141984,105,4300.0
INV006044,161905,104,2150.0
INV014252,119456,101,35000.0
INV002010,147601,108,15190.0
INV000047,162705,107,140000.0
INV012493,138767,107,1479.0
INV004836,110895,107,71400.0
INV007959,163119,108,58650.0
INV016341,102829,108,12648.0
INV013590,163549,101,29000.0
INV001840,158320,106,140000.0
INV006136,123114,103,63240.0
INV013920,131622,108,2150.0
INV001600,150913,103,15190.0
INV013657,146791,103,37500.0
INV009534,132650,105,7000.0
INV013158,154956,105,4300.0
INV004038,165203,105,70000.0
INV000008,116109,102,5800.0
INV011850,113589,106,3750.0
INV008580,115941,102,7350.0
INV008067,133583,104,3800.0
INV009885,134681,103,38760.0
INV017600,140287,108,43000.0
INV001426,123809,106,3750.0
INV002921,123217,108,14210.0
INV009842,129292,101,70000.0
INV015227,131188,104,23000.0
INV005133,111329,101,4300.0
INV006648,104886,106,3100.0
INV014333,123830,108,9310.0
INV008704,129035,106,5750.0
INV000702,150589,101,14700.0
INV011209,145109,101,3675.0
INV001467,166260,106,58650.0
INV002626,159248,106,5800.0
INV019499,144780,108,63240.0
INV007799,138864,107,4300.0
INV004738,157468,104,5635.0
INV014485,104226,104,117300.0
INV002584,153222,102,43000.0
INV014338,127542,102,10750.0
INV015993,132020,108,56350.0
INV002402,120210,102,2150.0
INV008342,118337,105,3750.0
INV004515,111106,102,18620.0
INV004267,111485,107,37500.0
INV004115,145386,107,70000.0
INV009413,108276,108,57500.0
INV001445,163183,107,8600.0
INV001545,135905,103,75000.0
INV014475,131771,101,8772.0
INV005384,105895,105,62000.0
INV002931,127207,106,3876.0
INV006641,100855,104,21500.0
INV018057,111605,104,8600.0
INV007248,127192,106,35000.0
INV011960,106453,108,2900.0
INV017473,139706,103,70000.0
INV000586,124603,102,2107.0
INV002760,156739,108,37240.0
INV009078,111799,105,15000.0
INV006366,136855,107,10750.0
INV013683,166308,103,2193.0
INV007162,151499,107,35000.0
INV016749,101629,105,1479.0
INV004652,136751,104,29000.0
INV001838,153792,103,7500.0
INV006363,138774,104,6200.0
INV016143,100065,101,11500.0
INV000634,126838,104,7140.0
INV008511,133966,104,76500.0
INV017991,108736,102,7448.0
INV011985,137006,108,21500.0
INV009705,135704,103,23000.0
INV011817,165013,105,2958.0
INV004004,114331,101,1900.0
INV016196,138533,101,3675.0
INV008400,121559,107,12152.0
INV001531,135529,106,5750.0
INV019612,944142,106,47121.49
INV003513,135502,101,19000.0
INV005481,155509,102,8600.0
INV006769,145548,107,62000.0
INV009587,146350,105,2900.0
INV011139,151852,108,5750.0
INV000446,112416,107,43860.0
INV004886,142639,101,14000.0
INV014675,137186,105,76500.0
INV001387,144349,105,4300.0
INV016650,163601,105,37500.0
INV017201,131173,104,8772.0
INV008496,153199,104,57500.0
INV018522,124824,102,10750.0
INV015531,158124,103,12152.0
INV010224,134671,102,71400.0
INV009949,164640,102,31000.0
INV013252,138741,107,7600.0
INV012669,147565,105,43000.0
INV015417,111901,108,28750.0
INV017978,139395,105,2150.0
INV003357,105069,105,14790.0
INV004069,124343,102,9690.0
INV001255,100202,108,7600.0
INV019061,165206,106,13720.0
INV019133,141750,104,115000.0
INV004585,162760,108,19000.0
INV011573,112521,103,68600.0
INV001014,159038,101,57500.0
INV001497,104584,102,43860.0
INV008751,144807,108,71400.0
INV001639,111895,105,21500.0
INV002641,161431,101,14500.0
INV019223,106130,107,15190.0
INV004531,122653,102,7000.0
INV015051,107379,103,70000.0
INV011979,127810,106,15190.0
INV011097,103334,103,30380.0
INV019468,146811,102,9500.0
INV011959,117130,105,2842.0
INV015225,104822,104,14000.0
INV014098,161067,103,73500.0
INV013370,148780,108,68600.0
INV019941,927426,107,19170.72
INV010296,133776,106,2150.0
INV012738,154418,105,15000.0
INV004336,140715,104,14500.0
INV006294,141070,103,2958.0
INV000329,120212,101,115000.0
INV011309,106476,106,2958.0
INV004523,155049,101,142800.0
INV015097,136569,108,1862.0
INV012971,150372,106,62000.0
INV018294,119653,106,29000.0
INV006245,130427,103,28750.0
INV005165,129563,106,7448.0
INV016024,102205,101,14500.0
INV009016,109993,101,42140.0
INV019716,909656,107,40539.11
INV019686,946846,105,46992.56
INV010001,121734,106,140000.0
INV003528,150139,104,56350.0
INV001023,126773,107,1421.0
INV017093,118457,108,21070.0
INV006137,121509,101,70000.0
INV005355,119618,104,3750.0
INV003873,155623,105,7250.0
INV017630,115275,107,28000.0
INV000850,148537,103,3038.0
INV012623,120478,108,15500.0
INV005055,109687,108,29325.0
INV013562,101428,104,5635.0
INV011363,127363,107,37500.0
INV000781,145604,104,29000.0
INV008624,147753,107,31000.0
INV014437,101578,103,62000.0
INV001263,122609,108,28750.0
INV002306,163154,107,14000.0
INV019127,102572,107,38000.0
INV017180,135668,105,4386.0
INV008253,150212,103,29000.0
INV014230,164518,104,28750.0
INV010431,159081,104,10965.0
INV014082,156631,107,2150.0
INV019289,103841,101,3100.0
INV002275,130491,106,22540.0
INV003193,131282,108,14500.0
INV019358,108917,108,7600.0
INV009721,107406,104,142800.0
INV008283,116235,104,21930.0
INV016900,105600,101,60760.0
INV008822,123457,103,8428.0
INV001885,127757,102,31000.0
INV015500,109913,101,3100.0
INV008435,105264,105,6200.0
INV014015,125444,108,117300.0
INV010142,138022,104,37500.0
INV008888,110172,103,1479.0
INV013765,139364,103,140000.0
INV019616,918740,107,57219.69
INV009686,158205,105,12400.0
INV011211,148509,102,3100.0
INV003251,131170,106,37500.0
INV002728,146293,107,57500.0
INV000050,162077,101,7000.0
INV019312,123420,101,11270.0
INV011673,133459,103,43000.0
INV017846,118833,106,19125.0
INV015052,112782,106,9500.0
INV009521,156470,107,70000.0
INV007149,151831,104,6200.0
INV017841,130274,101,14280.0
INV006911,121815,108,31000.0
INV018996,102193,101,31620.0
INV006096,114217,106,10535.0
INV013364,121512,105,34300.0
INV013719,121791,102,37500.0
INV009506,162967,104,8600.0
INV019009,107547,106,14280.0
INV000691,100768,102,30380.0
INV003163,114385,102,23000.0
INV005349,145847,108,29000.0
INV005777,120013,103,8600.0
INV018917,132915,105,7650.0
INV012141,100396,102,38000.0
INV005437,159922,106,35700.0
INV002337,119092,103,115000.0
INV008187,135096,104,38000.0
INV017596,120922,104,7752.0
INV009113,141684,104,15190.0
INV014959,160115,102,23460.0
INV018510,158542,105,3876.0
INV004461,121400,102,3724.0
INV015846,111945,101,28750.0
INV000036,101413,108,7395.0
INV004587,133984,104,8600.0
INV016664,118221,104,14790.0
INV002365,136708,101,7250.0
INV016921,142678,106,5684.0
INV010859,129070,101,7000.0
INV002968,114421,108,137200.0
INV005741,145155,108,1900.0
INV010827,149220,101,19000.0
INV002671,103721,104,22540.0
INV000447,101462,107,2150.0
INV000118,103485,101,5750.0
INV004333,136410,107,3675.0
INV019994,940301,101,35829.2
INV019900,903617,104,67239.13
INV012334,119574,103,37500.0
INV013640,148676,104,7600.0
INV005954,138062,107,57500.0
INV007851,122020,104,36750.0
INV012569,158495,107,6324.0
INV019402,160786,108,5635.0
INV008849,116306,101,11500.0
INV013811,111255,102,56350.0
INV018279,146518,102,4214.0
INV017601,138725,101,21070.0
INV000413,124445,102,35000.0
INV007437,120537,101,36750.0
INV015036,151741,106,7000.0
INV015883,123250,105,1900.0
INV018479,101807,101,6076.0
INV003085,135307,106,7140.0
INV009906,147529,104,5750.0
INV014072,109855,101,60760.0
INV019130,162628,102,1450.0
INV019945,905529,106,68671.57
INV004413,112808,105,3750.0
INV011619,102547,107,18750.0
INV005756,145426,102,29000.0
INV015984,101799,108,1479.0
INV010640,113749,102,28560.0
INV015495,121661,106,9500.0
INV013369,110824,105,10750.0
INV001724,130953,104,36750.0
INV003441,138709,106,7000.0
INV016202,126647,106,9500.0
INV016813,105125,101,12152.0
INV005266,144940,105,23000.0
INV011629,122640,105,62000.0
INV017748,110425,107,5750.0
INV010976,165519,104,115000.0
INV002995,138782,105,5800.0
INV005833,132296,105,5916.0
INV007541,109416,102,7500.0
INV016798,110217,106,29000.0
INV012788,117156,101,29325.0
INV001575,102665,108,28175.0
INV015777,104215,104,23000.0
INV014494,134643,105,15000.0
INV014793,163128,108,29000.0
INV015995,155861,105,3724.0
INV012304,134853,108,1900.0
INV012798,158880,108,29000.0
INV001830,132866,101,28420.0
INV007815,132403,102,13720.0
INV013988,110304,102,7448.0
INV017672,123727,105,3876.0
INV018473,137962,107,1450.0
INV015842,152848,103,3100.0
INV011948,164061,101,11500.0
INV018308,164457,104,140000.0
INV010851,143455,105,58650.0
INV018298,112314,108,12648.0
INV013347,135523,107,9500.0
INV007565,113019,104,5684.0
INV003053,106346,108,7448.0
INV006389,124019,101,4214.0
INV001991,143853,101,63240.0
INV001509,129804,102,19125.0
INV012436,140029,101,5750.0
INV018655,106516,105,71400.0
INV005028,149114,102,137200.0
INV007556,129366,105,28175.0
INV017346,103673,106,62000.0
INV001052,118300,107,3876.0
INV015018,124781,101,2193.0
INV019306,127357,106,57500.0
INV011786,130750,101,12152.0
INV012120,156265,106,6200.0
INV014036,131105,101,75000.0
INV007620,125216,105,19000.0
INV017028,117570,103,1450.0
INV016152,115581,104,14210.0
INV013274,161189,105,28420.0
INV006974,143279,103,2107.0
INV015568,134382,104,4300.0
INV003732,110459,105,1421.0
INV005684,128230,107,12152.0
INV018536,158134,107,2193.0
INV013372,102998,106,5916.0
INV005701,134218,107,63240.0
INV015025,143280,106,70000.0
INV012015,131991,107,7000.0
INV000972,107347,106,43860.0
INV007964,164940,102,117300.0
INV010423,124140,102,10535.0
INV002692,165506,104,31620.0
INV009811,117113,105,35000.0
INV014659,149965,101,7500.0
INV017796,114881,104,8600.0
INV019381,120463,101,38250.0
INV009776,150184,102,3825.0
INV012456,122921,107,6200.0
INV005739,115219,107,9690.0
INV010472,120950,107,8428.0
INV009927,125537,104,62000.0
INV008049,124233,101,2150.0
INV008825,155607,104,9500.0
INV009557,129364,106,11500.0
INV018179,129184,101,1450.0
INV006571,142210,103,6200.0
INV012009,104463,102,10535.0
INV003578,148605,106,37500.0
INV012030,159801,107,14790.0
INV018038,154542,105,34300.0
INV017298,154624,102,57500.0
INV006701,126629,107,3100.0
INV014635,115173,102,1450.0
INV014346,160610,106,9690.0
INV010945,148718,105,19380.0
INV005513,141771,107,37500.0
INV002901,122667,106,14210.0
INV017086,126636,106,37500.0
INV015030,116143,101,4300.0
INV013437,124184,107,15300.0
INV019221,107679,103,6200.0
INV011246,121176,107,31000.0
INV005783,131975,106,8428.0
INV008136,147070,107,38250.0
INV015658,140600,103,3750.0
INV014500,117786,103,43860.0
INV004343,165246,106,18750.0
INV003910,165313,101,21070.0
INV002205,112954,104,3876.0
INV010492,109283,101,3100.0
INV006985,140355,103,35700.0
INV000495,125546,106,15500.0
INV015572,124576,104,6076.0
INV014417,138927,108,9500.0
INV012383,162548,101,2150.0
INV017895,112755,101,35000.0
INV005919,120508,102,7105.0
INV014953,159135,106,4214.0
INV004781,136589,106,7600.0
INV007314,117042,103,18750.0
INV017104,144431,108,7350.0
INV013995,153658,101,112700.0
INV003819,166595,102,18750.0
INV000488,162395,106,1900.0
INV015108,127458,107,2900.0
INV007525,159826,107,58650.0
INV016097,153489,107,3100.0
INV012839,133571,108,63240.0
INV005359,147064,105,28000.0
INV010238,159005,103,2958.0
INV001485,134548,103,15300.0
INV006453,130009,106,5800.0
INV004071,122694,103,3750.0
INV019079,129135,103,12400.0
INV008277,125439,106,28175.0
INV015987,100072,102,15500.0
INV017356,132060,104,29000.0
INV011076,140561,108,21500.0
INV014582,108600,105,5800.0
INV019636,941889,102,78181.48
INV011230,114302,106,6324.0
INV001277,130971,105,28000.0
INV005863,100391,108,73500.0
INV012784,150389,101,36750.0
INV009820,134725,101,3162.0
INV012152,129758,102,23000.0
INV019182,116216,107,28420.0
INV017650,126971,104,142800.0
INV005957,164140,107,28750.0
INV015320,119173,104,7250.0
INV007621,166632,104,28750.0
INV012882,159999,106,14000.0
INV006293,123906,104,5800.0
INV006074,113164,101,5750.0
INV018816,163330,106,15500.0
INV002416,138852,108,11500.0
INV005323,163222,105,7600.0
INV001651,106092,102,21500.0
INV010052,148288,103,14000.0
INV008563,131919,106,3100.0
INV016729,163450,108,8600.0
INV004229,101436,106,70000.0
INV004140,112591,107,4300.0
INV002462,148894,105,9500.0
INV019400,100410,104,7395.0
INV018639,146092,102,28175.0
INV009819,126708,107,15500.0
INV018139,149948,107,7448.0
INV003802,141165,103,2150.0
INV013464,111219,106,5635.0
INV016071,124582,101,115000.0
INV007641,114027,106,6200.0
INV004582,141478,103,43000.0
INV013014,162299,107,22540.0
INV001341,124843,102,12648.0
INV018544,143755,102,35000.0
INV013137,165377,103,3724.0
INV016651,161571,105,36750.0
INV006021,163804,106,28750.0
INV014048,164563,102,38000.0
INV019967,906503,101,35181.69
INV015637,113097,106,56350.0
INV000653,139737,107,30380.0
INV013889,137259,106,4300.0
INV016500,119412,104,14500.0
INV000183,155884,106,11730.0
INV013993,148664,105,4300.0
INV018892,130095,104,18375.0
INV000033,134128,101,27440.0
INV002645,142994,101,2900.0
INV018671,132040,106,28000.0
INV007967,148213,101,11500.0
INV013138,153119,104,140000.0
INV015961,116257,106,37500.0
INV013890,116427,105,117300.0
INV003084,138637,105,6324.0
INV019578,945546,105,24676.88
INV006629,102275,101,60760.0
INV016399,140112,105,15810.0
INV016847,142951,108,9500.0
INV003632,143811,103,1450.0
INV010167,106625,107,38000.0
INV007011,160498,106,7600.0
INV011285,157997,105,37240.0
INV010918,113706,101,10535.0
INV011615,142426,101,7000.0
INV011093,152395,101,18750.0
INV015444,105513,101,5800.0
INV007879,150906,107,29000.0
INV018356,104227,108,6200.0
INV015257,135745,107,1938.0
INV005332,130404,105,6200.0
INV013893,127022,102,2107.0
INV013816,139166,103,15190.0
INV003018,128394,101,14280.0
INV019673,952394,103,3194.13
INV004941,155719,101,7250.0
INV008993,111993,107,8772.0
INV001510,161641,105,22540.0
INV003219,116298,107,5800.0
INV010028,108669,108,1450.0
INV015402,118403,107,15000.0
INV015845,124923,104,23460.0
INV013876,127327,108,1900.0
INV013821,145499,102,15000.0
INV004834,114435,103,58650.0
INV003296,130202,105,28000.0
INV012178,101461,105,7752.0
INV016537,109502,101,15810.0
INV004212,121377,103,30380.0
INV014991,111405,104,4300.0
INV018282,153114,101,10750.0
INV006058,111440,101,38250.0
INV002478,152374,104,37240.0
INV007607,165198,102,21500.0
INV013145,131387,107,1421.0
INV007420,145566,104,28750.0
INV016414,106074,103,3800.0
INV006647,161519,103,42140.0
INV011532,159365,106,71400.0
INV015095,122791,101,29000.0
INV017504,113014,105,9500.0
INV005666,153420,106,115000.0
INV013697,144405,103,2150.0
INV000311,164321,108,36750.0
INV001331,143017,105,19000.0
INV000571,135409,108,21500.0
INV002420,138964,105,38250.0
INV007370,157869,106,18750.0
INV010320,154425,107,12648.0
INV006279,108998,108,4300.0
INV006883,104926,101,37240.0
INV008000,132295,108,12400.0
INV003583,122264,104,6860.0
INV014290,114492,104,3800.0
INV007398,123426,102,8600.0
INV006646,142155,102,56350.0
INV004302,127653,105,15500.0
INV011292,118354,107,31000.0
INV012021,142318,101,31000.0
INV010566,147391,104,6076.0
INV013259,154539,104,117300.0
INV018264,108962,102,15000.0
INV015022,161736,104,7000.0
INV008123,160053,107,14000.0
INV019503,928202,101,52346.51
INV003597,159771,104,43860.0
INV019311,109389,101,6200.0
INV016960,163815,101,8600.0
INV018380,146400,105,1450.0
INV013160,157202,108,3162.0
INV009717,114104,101,3750.0
INV006855,115236,101,29000.0
INV008287,113703,105,43000.0
INV006397,152516,105,7350.0
INV002978,164136,107,5800.0
INV019001,136527,108,11500.0
INV019899,941355,104,28218.03
INV005156,107379,104,21070.0
INV009411,137030,102,28420.0
INV012736,118313,106,142800.0
INV004711,153049,102,43000.0
INV017271,145574,101,1479.0
INV012664,108293,102,29580.0
INV016053,138789,104,21070.0
INV009217,121036,101,4300.0
INV009387,159153,105,14000.0
INV015932,118669,108,15000.0
INV017263,129571,102,1450.0
INV001313,150743,101,7140.0
INV018174,112856,104,2193.0
INV017755,134353,103,8600.0
INV017205,112574,104,7752.0
INV002850,111152,107,9500.0
INV017166,161015,103,3675.0
INV005646,159579,105,3100.0
INV000168,107690,101,1862.0
INV017520,137879,106,29000.0
INV008153,128899,103,7448.0
INV017426,123118,103,29000.0
INV019126,104817,106,15500.0
INV004698,101569,107,43000.0
INV010255,129853,107,5916.0
INV009307,151006,101,10750.0
INV016518,126472,105,76500.0
INV009901,121296,101,70000.0
INV010824,114119,103,7600.0
INV003196,157503,101,6324.0
INV003030,128099,105,63240.0
INV019614,901470,103,86381.72
INV000213,149287,106,38000.0
INV017762,106498,106,23460.0
INV010973,120477,102,31000.0
INV009941,162652,102,15190.0
INV011887,163816,102,14210.0
INV011776,125903,104,7395.0
INV009848,108620,108,3100.0
INV003643,123089,107,73500.0
INV017903,126830,102,34300.0
INV001968,115229,105,6076.0
INV017211,114589,104,70000.0
INV000743,129286,106,31000.0
INV010539,150301,106,31000.0
INV009337,161258,105,28000.0
INV001482,126938,107,140000.0
INV004721,108188,106,21500.0
INV019921,993013,102,17762.57
INV010676,149682,101,5750.0
INV016153,105082,103,7448.0
INV016884,165637,101,112700.0
INV008722,101755,107,9500.0
INV001116,165977,103,62000.0
INV006803,153389,101,38000.0
INV011575,116428,103,1450.0
INV001507,104581,108,62000.0
INV007987,157778,108,19380.0
INV006939,149105,103,3876.0
INV018889,138212,106,2900.0
INV006395,102772,107,2842.0
INV002738,142580,104,31000.0
INV015155,148762,101,75000.0
INV007381,129981,106,5800.0
INV015325,122693,104,31000.0
INV005955,111184,101,4300.0
INV008174,135445,105,28000.0
INV007797,144141,108,2150.0
INV002570,151360,105,70000.0
INV004948,128429,101,1421.0
INV003852,117297,101,1900.0
INV000189,108084,104,37500.0
INV012047,102138,104,115000.0
INV019966,990528,108,2783.85
INV019579,989759,107,29426.48
INV008423,138600,101,23000.0
INV003213,136545,105,3724.0
INV005169,161250,107,7600.0
INV013436,116866,108,1421.0
INV007179,136261,108,14210.0
INV016229,136459,101,2958.0
INV008973,147742,108,14790.0
INV013868,125808,107,3100.0
INV014385,165544,106,2150.0
INV001128,135046,102,7000.0
INV009163,135149,104,8772.0
INV000085,136658,102,75000.0
INV003841,109916,105,15000.0
INV003400,132586,108,10535.0
INV001609,142290,101,31000.0
INV006346,124542,103,7448.0
INV009747,136944,106,2150.0
INV006751,151616,102,11500.0
INV015292,101656,108,10750.0
INV011437,143487,107,37500.0
INV007251,119372,106,2150.0
INV004643,108631,104,2150.0
INV006836,139878,106,57500.0
INV004049,104129,107,6200.0
INV001401,154265,106,37500.0
INV007767,132398,101,14500.0
INV012249,108656,104,29000.0
INV004702,106724,106,6860.0
INV016425,122787,106,14790.0
INV014778,119975,108,14500.0
INV015941,115122,107,115000.0
INV001097,144670,107,71400.0
INV013170,129842,102,7350.0
INV012119,157141,108,28560.0
INV002296,117629,101,6200.0
INV002270,139473,107,21070.0
INV017392,152753,102,12648.0
INV002190,125634,108,1450.0
INV006733,113027,103,117300.0
INV003496,106843,102,30380.0
INV017615,120934,104,7650.0
INV004205,151033,101,5865.0
INV015489,136833,101,62000.0
INV002162,130092,103,5684.0
INV006882,151736,103,58650.0
INV004910,121064,102,19000.0
INV006870,108670,106,28750.0
INV007079,116328,102,1450.0
INV004949,131742,106,7105.0
INV005220,110457,103,35000.0
INV015794,146845,103,19125.0
INV003710,143048,102,7140.0
INV018075,120718,101,115000.0
INV004960,124375,106,43000.0
INV000104,162798,108,5750.0
INV014980,149649,101,1900.0
INV007427,145507,105,115000.0
INV005979,147708,103,19380.0
INV005526,124943,101,11500.0
INV015213,150400,106,5865.0
INV003631,152268,101,62000.0
INV013725,106281,107,1938.0
INV013046,118079,108,19000.0
INV018583,110867,105,73500.0
INV014967,134616,105,7350.0
INV010311,138064,106,7000.0
INV016605,113845,102,18750.0
INV012808,113642,105,57500.0
INV017129,132024,106,11270.0
INV005836,137679,105,1938.0
INV019611,990650,107,6743.73
INV014222,105169,106,62000.0
INV003523,123579,107,14500.0
INV010633,165923,107,5750.0
INV013820,154122,102,7600.0
INV007349,123112,102,8600.0
INV007783,142126,107,37500.0
INV019455,137929,101,14280.0
INV015180,142446,104,142800.0
INV008219,132945,107,2900.0
INV004177,150268,101,8428.0
INV016539,157445,104,4300.0
INV010805,114969,106,3675.0
INV011006,145036,108,14210.0
INV015149,130514,105,13720.0
INV011818,114432,101,21930.0
INV017114,116655,107,19000.0
INV001534,111840,103,62000.0
INV009567,123282,107,8428.0
INV010464,138242,101,22540.0
INV000161,133550,103,5684.0
INV012647,120196,102,57500.0
INV008613,146914,104,38000.0
INV013602,121426,105,23000.0
INV006214,149399,102,5865.0
INV005327,129958,101,115000.0
INV017501,121878,101,11500.0
INV005554,117107,103,22540.0
INV011618,147311,105,115000.0
INV007102,165766,104,34300.0
INV015596,137556,106,7140.0
INV004199,123163,108,43000.0
INV012923,163315,105,3100.0
INV000235,137571,101,75000.0
INV017827,157508,101,28175.0
INV016325,109411,107,15810.0
INV011397,125785,108,8600.0
INV007829,113205,101,5684.0
INV001596,145598,108,28750.0
INV009170,125870,106,3876.0
INV003147,126964,102,4300.0
INV011664,142487,105,7000.0
INV002133,163238,102,70000.0
INV018015,166335,102,14700.0
INV011694,129566,105,21500.0
INV016627,115657,107,76500.0
INV009062,144649,108,75000.0
INV014914,132450,104,27440.0
INV000784,145466,105,23000.0
INV018451,122608,106,5800.0
INV001748,102317,104,2900.0
INV001316,129175,104,3800.0
INV006897,127468,107,7000.0
INV003896,112745,101,43000.0
INV017766,100665,107,1479.0
INV005785,108227,108,5635.0
INV011367,142939,101,19000.0
INV010443,145083,102,9690.0
INV000336,157033,105,19000.0
INV013243,136107,102,29000.0
INV011536,116285,102,14000.0
INV017888,128020,108,5865.0
INV006609,116258,107,30380.0
INV019406,125252,106,4300.0
INV013055,146708,102,4300.0
INV015682,115671,104,3800.0
INV004053,108786,108,36750.0
INV009367,156060,106,3800.0
INV000301,144611,101,70000.0
INV014340,145112,107,10750.0
INV014311,152729,106,43000.0
INV015498,115252,102,70000.0
INV011169,153254,107,30380.0
INV000173,132587,107,7395.0
INV017961,144121,104,2900.0
INV000903,137708,105,38000.0
INV019859,903784,106,11080.69
INV011913,157524,103,3800.0
INV016688,165918,108,117300.0
INV010079,112014,101,75000.0
INV009886,157531,105,35000.0
INV009533,127786,107,22540.0
INV016027,163525,108,35000.0
INV011927,131729,104,56350.0
INV010855,107103,102,28560.0
INV011614,115741,107,8600.0
INV001867,106320,102,38000.0
INV005810,140877,103,38250.0
INV003734,113121,105,1900.0
INV007430,150940,101,112700.0
INV018677,160844,101,35000.0
INV006313,134038,101,7500.0
INV000997,113229,106,5800.0
INV004695,104746,108,37500.0
INV018034,149366,101,18750.0
INV002488,103062,103,42140.0
INV013241,120951,101,3800.0
INV014354,132356,104,18750.0
INV000493,122730,107,75000.0
INV007159,122601,107,15500.0
INV017360,124614,108,7350.0
INV002073,129796,106,115000.0
INV006185,118872,106,31000.0
INV001290,109819,103,3750.0
INV002842,145586,101,7105.0
INV002933,102544,106,15500.0
INV003280,140103,103,7395.0
INV002444,122690,108,15500.0
INV018405,166630,105,14500.0
INV001753,138182,106,115000.0
INV004041,124352,105,7752.0
INV017698,119333,105,5684.0
INV003885,125399,102,1900.0
INV008836,149510,107,37500.0
INV018586,147821,104,14700.0
INV012957,141366,103,21500.0
INV012606,152669,106,31000.0
INV007182,114868,108,3750.0
INV014206,145892,107,13720.0
INV003315,110503,106,62000.0
INV005745,160178,106,43000.0
INV007093,156573,101,3876.0
INV005291,161993,107,21500.0
INV006054,124121,108,43860.0
INV002159,121048,101,137200.0
INV015201,137250,103,7500.0
INV001958,119196,108,11500.0
INV011240,121593,106,37240.0
INV000377,140891,102,115000.0
INV007267,160662,108,2900.0
INV016172,112309,101,28000.0
INV002035,107649,103,9500.0
INV013859,147890,104,7752.0
INV010898,114063,107,115000.0
INV018878,154343,107,7250.0
INV010812,154521,107,31620.0
INV004872,129983,101,28420.0
INV009456,164047,103,18375.0
INV000559,104972,108,75000.0
INV000639,145844,101,5750.0
INV008479,148397,103,7500.0
INV006367,130373,108,19380.0
INV001190,155026,105,68600.0
INV009881,113980,102,10750.0
INV009908,122541,108,70000.0
INV000791,130046,101,3800.0
INV000063,148220,104,3675.0
INV001237,132090,106,21500.0
INV008298,157358,104,7000.0
INV019574,954084,108,22163.32
INV010590,151793,105,75000.0
INV014345,117258,106,7000.0
INV000956,154829,103,18620.0
INV004712,152103,107,3100.0
INV002792,141235,104,21500.0
INV005218,154080,106,12400.0
INV007024,116016,108,11500.0
INV006667,135077,101,9690.0
INV009095,145744,108,7500.0
INV006318,157908,102,3750.0
INV001143,115641,106,3750.0
INV017133,160340,103,11500.0
INV003651,146302,107,21070.0
INV014190,151915,104,14000.0
INV003807,136487,101,75000.0
INV006765,149119,101,7250.0
INV010058,155776,108,8772.0
INV009957,146719,102,2150.0
INV008633,131567,101,62000.0
INV001224,128427,107,14500.0
INV003077,149418,101,7600.0
INV002169,164212,101,115000.0
INV010192,163578,108,68600.0
INV010116,135682,108,19000.0
INV017772,142046,104,5684.0
INV008162,100054,105,21500.0
INV004957,157844,108,3800.0
INV016437,116233,105,6200.0
INV008742,121021,102,3100.0
INV007310,134289,102,3100.0
INV017789,145076,107,5800.0
INV013033,118062,106,19000.0
INV018673,137230,103,28750.0
INV007773,140935,106,31620.0
INV014202,158142,108,1479.0
INV019569,998216,104,55528.75
INV016126,127866,105,9690.0
INV001865,135843,104,3800.0
INV012616,155212,105,12400.0
INV011288,116108,108,6200.0
INV009611,157366,108,18750.0
INV005465,146275,107,3750.0
INV008719,128577,105,70000.0
INV008120,121886,104,19380.0
INV014149,160092,106,12152.0
INV018048,142075,107,19000.0
INV008448,124232,107,12152.0
INV000798,156289,104,1900.0
INV016594,121703,102,28420.0
INV011867,139459,106,38000.0
INV017856,127263,103,5635.0
INV003508,110280,101,5750.0
INV000012,100503,103,3100.0
INV011602,150402,102,6200.0
INV014052,157586,104,35000.0
INV019622,997017,104,15063.71
INV013624,135680,102,14790.0
INV009465,116146,107,8428.0
INV005716,124460,102,19125.0
INV016991,113982,101,5800.0
INV012092,142772,101,27440.0
INV005483,100472,103,12400.0
INV013916,117050,104,28750.0
INV004421,128061,101,23000.0
INV007333,110191,108,7500.0
INV013140,106605,102,12648.0
INV019407,162814,108,6324.0
INV019355,150044,101,7140.0
INV004673,163553,103,5750.0
INV014998,149462,104,8600.0
INV014623,107605,103,7500.0
INV008505,133112,102,22540.0
INV000277,162504,104,28560.0
INV006729,126320,105,3800.0
INV011341,140871,103,38760.0
INV001961,160753,101,7000.0
INV009974,106815,102,29325.0
INV001496,152923,107,18620.0
INV018293,117732,107,37500.0
INV004180,147935,105,3800.0
INV016114,117389,104,2900.0
INV010701,157740,104,10750.0
INV011273,156470,105,15500.0
INV011833,141485,105,28000.0
INV006576,127669,101,73500.0
INV007547,150294,107,3724.0
INV012868,120667,103,7250.0
INV014924,123011,105,15500.0
INV016608,151814,103,75000.0
INV001040,134815,102,35700.0
INV017369,111103,106,7250.0
INV013637,124226,107,14700.0
INV007228,126204,103,3800.0
INV010400,156348,101,14790.0
INV010634,113865,105,2842.0
INV006448,145910,107,15000.0
INV010822,116006,107,18750.0
INV008570,114662,107,13720.0
INV012352,102167,108,12400.0
INV001880,142264,108,3876.0
INV016530,130146,105,21500.0
INV014374,154074,107,43000.0
INV007982,151711,106,38250.0
INV019589,960351,105,71444.48
INV003878,141537,106,7000.0
INV008419,108420,108,14000.0
INV005542,109026,103,2900.0
INV011178,129263,105,10535.0
INV018161,102309,101,18620.0
INV002623,150501,103,35000.0
INV015810,108287,108,28420.0
INV005811,166276,108,43000.0
INV000015,115744,102,10535.0
INV015720,114854,107,5800.0
INV006938,100380,107,15000.0
INV007089,109073,105,19380.0
INV002298,123901,103,5750.0
INV012603,129934,105,56350.0
INV007809,131211,107,7600.0
INV019000,106230,104,5800.0
INV017758,145529,104,9690.0
INV009699,117589,108,1450.0
INV000802,147011,104,4300.0
INV004661,109718,101,7500.0
INV019092,121057,108,7600.0
INV001217,155889,102,18375.0
INV006115,129661,105,2150.0
INV000259,120243,108,3724.0
INV001574,141602,102,14210.0
INV004378,163707,107,7600.0
INV007126,114236,101,37500.0
INV008956,120724,107,1862.0
INV017302,140668,107,31000.0
INV001629,115244,103,14000.0
INV015084,107373,101,29000.0
INV014335,122190,104,18375.0
INV000990,145202,106,68600.0
INV019897,927912,104,21405.95
INV002251,101443,108,29000.0
INV008527,166238,104,57500.0
INV006154,127037,103,35000.0
INV014203,159995,101,15500.0
INV007253,120242,107,19125.0
INV000293,129845,107,68600.0
INV018355,113977,105,19000.0
INV004638,132997,102,11500.0
INV002127,160253,106,4214.0
INV003333,129133,103,7752.0
INV004132,124292,103,12648.0
INV011621,107687,106,5916.0
INV000933,115102,106,3162.0
INV017279,126670,102,18750.0
INV014812,154159,101,12400.0
INV017225,147016,105,1900.0
INV010796,121155,103,29000.0
INV002313,125037,105,10750.0
INV005971,133361,102,2150.0
INV001563,148655,103,23460.0
INV014957,141922,103,15190.0
INV018665,104313,103,15500.0
INV008686,105791,102,7250.0
INV013555,153824,104,3825.0
INV012695,123974,101,57500.0
INV019084,108397,107,5800.0
INV009347,136549,104,5750.0
INV018894,137022,108,4214.0
INV002413,115804,104,12400.0
INV012399,143004,108,28750.0
INV008904,121194,106,7600.0
INV004086,137787,103,35700.0
INV012309,160758,103,23000.0
INV003700,136119,103,42140.0
INV000459,128470,106,42140.0
INV013432,149837,108,27440.0
INV011639,154373,104,57500.0
INV018251,146314,103,15500.0
INV009139,126765,104,1938.0
INV000698,138176,106,62000.0
INV011340,149924,106,3825.0
INV016033,135928,103,43000.0
INV008764,119264,108,3876.0
INV017619,115606,103,70000.0
INV005998,115912,105,42140.0
INV006242,129970,107,3800.0
INV002472,119169,104,3750.0
INV001268,134933,105,3800.0
INV019770,904077,102,62944.94
INV003316,150281,102,7395.0
INV002686,113965,102,6076.0
INV016658,147425,103,28000.0
INV000871,159042,104,4300.0
INV010452,154596,101,37500.0
INV009161,165081,105,57500.0
INV013509,103329,103,1450.0
INV010659,155758,107,7752.0
INV009345,133117,107,36750.0
INV003321,100201,101,2900.0
INV014716,102281,106,8600.0
INV002284,110890,104,29580.0
INV006878,163198,108,2842.0
INV017333,152577,105,30380.0
INV005576,139814,104,7000.0
INV015813,117149,105,28000.0
INV002217,125985,104,1900.0
INV016614,133098,107,28000.0
INV004207,118321,106,21500.0
INV007938,147541,104,137200.0
INV007073,105719,106,9690.0
INV016260,154009,106,29000.0
INV001430,166516,108,43860.0
INV000360,112643,108,5916.0
INV003370,139625,104,7500.0
INV001281,129359,108,15000.0
INV008800,149741,104,29000.0
INV017642,132979,104,23000.0
INV004187,123836,103,42140.0
INV017152,149603,106,29325.0
INV007950,116998,102,11500.0
INV015347,109593,104,62000.0
INV005046,152112,104,21500.0
INV008885,140985,101,56350.0
INV016135,126727,104,70000.0
INV003647,156674,101,6860.0
INV005690,148045,108,28750.0
INV007715,153281,104,5865.0
INV016081,120418,104,14500.0
INV006430,108534,102,62000.0
INV007653,165278,108,137200.0
INV008703,114375,102,71400.0
INV015771,151629,104,7600.0
INV010279,161506,107,1900.0
INV013732,148475,101,76500.0
INV004535,131455,105,57500.0
INV003696,103360,108,5800.0
INV012065,122774,108,18750.0
INV013442,116187,104,14000.0
INV018289,104928,101,21070.0
INV004568,122828,105,5865.0
INV011789,134539,107,57500.0
INV007272,158777,105,140000.0
INV018562,108956,104,58650.0
INV010961,104613,101,18750.0
INV008328,152105,104,8600.0
INV007520,126637,107,57500.0
INV017130,123380,108,4300.0
INV008568,160247,104,7600.0
INV018578,113358,105,7650.0
INV013788,129349,105,1450.0
INV010839,141060,104,38250.0
INV000187,149543,106,30380.0
INV012540,144557,107,63240.0
INV018020,112570,104,31620.0
INV002467,127276,101,7000.0
INV016700,133434,108,5750.0
INV009215,115107,102,7600.0
INV006400,159731,108,12400.0
INV002399,129708,102,19000.0
INV005624,149878,102,23000.0
INV012142,152775,108,60760.0
INV006971,139401,104,1862.0
INV015135,114295,106,5750.0
INV016283,147193,103,2150.0
INV007971,123874,102,7500.0
INV014844,131902,104,3750.0
INV014129,149833,101,11500.0
INV003856,143041,107,38000.0
INV004890,134630,107,28560.0
INV001300,152983,101,15810.0
INV013502,113965,106,7000.0
INV010274,133819,104,29000.0
INV018377,115790,101,62000.0
INV003337,142439,104,43860.0
INV019801,974883,108,52305.56
INV002199,111612,104,42140.0
INV016704,135260,102,23000.0
INV009674,129452,104,57500.0
INV000211,106075,105,14000.0
INV016039,118611,105,5865.0
INV009250,153570,106,29000.0
INV010388,157131,107,76500.0
INV011876,146777,105,7448.0
INV011625,152902,107,30380.0
INV007806,118352,108,15810.0
INV000271,153012,101,1421.0
INV016241,110717,107,10535.0
INV010960,104651,108,7350.0
INV008478,121532,103,9500.0
INV005662,159122,102,5865.0
INV010514,112438,101,29000.0
INV000073,141325,102,117300.0
INV009944,160296,102,137200.0
INV006642,130616,102,12648.0
INV010733,132632,102,1421.0
INV001216,117937,106,71400.0
INV006601,158250,105,75000.0
INV012096,113046,107,3100.0
INV009080,161698,104,7500.0
INV001605,117814,105,5750.0
INV013853,157437,101,12400.0
INV008551,159362,103,7500.0
INV007218,131753,107,1450.0
INV016866,139973,101,57500.0
INV015356,123468,104,38000.0
INV011423,151723,105,43000.0
INV016695,117629,108,60760.0
INV000837,149005,108,3876.0
INV011360,138118,108,2107.0
INV018496,159637,108,31000.0
INV012909,134982,102,1900.0
INV015543,159203,106,12152.0
INV008274,119561,104,43000.0
INV018213,157792,107,112700.0
INV003242,115022,104,7350.0
INV011082,147948,108,7752.0
INV012794,104876,106,29000.0
INV003842,164986,104,62000.0
INV016820,126766,103,15000.0
INV014674,131901,101,2900.0
INV015110,111519,101,10750.0
INV000177,147386,105,3876.0
INV003582,165285,106,117300.0
INV002424,140489,108,75000.0
INV013326,151783,107,19000.0
INV017184,108940,103,21070.0
INV003390,139577,104,76500.0
INV013780,103297,101,27440.0
INV002225,152783,108,3800.0
INV018873,124469,101,2107.0
INV006662,157948,103,38250.0
INV009079,121616,102,10535.0
INV001526,141311,108,29325.0
INV012811,132427,102,2900.0
INV014029,140793,105,29580.0
INV004697,102143,104,2150.0
INV016660,119320,101,29325.0
INV018726,103578,104,9690.0
INV011761,144553,107,11270.0
INV010981,132580,103,70000.0
INV005530,101094,102,7500.0
INV012883,159880,101,71400.0
INV010098,112708,108,8600.0
INV015523,117248,103,35000.0
INV004686,147476,107,28000.0
INV003179,103218,104,3750.0
INV017255,132944,102,14500.0
INV003810,124254,103,15000.0
INV007805,124149,105,28750.0
INV017860,105901,106,11500.0
INV018036,129843,103,3876.0
INV019916,922508,102,58634.01
INV013297,134224,105,14500.0
INV019481,125038,101,70000.0
INV010819,136434,105,7500.0
INV005166,119334,104,35000.0
INV007693,150739,105,18375.0
INV015069,141640,107,62000.0
INV014779,133217,104,14000.0
INV010117,147914,104,13720.0
INV018678,137006,107,5800.0
INV017163,149451,102,7500.0
INV001561,118441,103,57500.0
INV007694,120180,101,19380.0
INV005566,163275,101,6200.0
INV007435,156209,108,35000.0
INV002486,131639,102,14700.0
INV015297,108592,105,9310.0
INV013848,100146,104,7000.0
INV017609,162924,105,9310.0
INV006928,144370,103,8428.0
INV011782,146343,107,37500.0
INV019749,908690,104,58881.35
INV018741,150800,101,7250.0
INV000261,134939,108,62000.0
INV009280,133936,101,23000.0
INV004077,130507,107,10535.0
INV014811,109108,103,22540.0
INV008811,145082,108,8600.0
INV003351,121790,102,14500.0
INV016233,127230,102,12400.0
INV019294,136678,108,58650.0
INV019148,117333,105,5800.0
INV015692,104484,105,1900.0
INV016817,104326,105,7000.0
INV017883,161921,101,7000.0
INV006963,140181,105,27440.0
INV004590,119411,108,23460.0
INV016723,111796,104,142800.0
INV015218,146826,105,7000.0
INV017515,156972,106,68600.0
INV007307,159127,107,7250.0
INV006030,138983,108,35700.0
INV009632,134570,105,23460.0
INV014521,106221,105,30380.0
INV017550,123746,107,9310.0
INV009514,138560,108,12400.0
INV011183,148700,101,115000.0
INV014039,120224,103,15190.0
INV003038,137247,101,15190.0
INV010180,165593,105,38000.0
INV018309,154752,103,9500.0
INV001375,124607,108,10750.0
INV003059,132960,108,7500.0
INV011905,158157,107,1479.0
INV018202,166059,105,2150.0
INV013162,130607,103,2900.0
INV014451,128441,103,34300.0
INV017980,151052,102,43000.0
INV018960,132596,105,28560.0
INV008022,128068,105,1862.0
INV001051,134938,105,2842.0
INV011956,161848,101,7600.0
INV001764,162192,105,2150.0
INV004551,120177,106,7250.0
INV001405,140767,105,15500.0
INV016064,155011,102,4300.0
INV011048,147682,105,18750.0
INV004367,121749,101,112700.0
INV010285,124049,107,115000.0
INV012645,161464,103,29000.0
INV018184,161182,102,8600.0
INV000739,147025,104,23000.0
INV004416,146985,103,28000.0
INV018707,114275,103,37500.0
INV011441,114643,104,9310.0
INV002906,110330,108,140000.0
INV015124,162823,103,2150.0
INV008193,164283,106,27440.0
INV019835,904610,106,7579.55
INV000959,126056,104,1450.0
INV018941,155531,105,2958.0
INV008611,124391,106,15500.0
INV017717,158190,105,15000.0
INV003816,155920,106,5800.0
INV011695,135363,103,2900.0
INV007055,106826,105,6200.0
INV009472,146439,107,27440.0
INV004810,133338,104,57500.0
INV006745,116044,101,5800.0
INV001866,130260,101,23460.0
INV009647,142669,103,6200.0
INV016198,105500,102,62000.0
INV007551,130065,108,62000.0
INV006155,136250,102,38000.0
INV009427,129845,106,12400.0
INV002812,137811,105,15000.0
INV015260,105323,101,76500.0
INV008927,120062,107,21500.0
INV003822,159598,101,9310.0
INV003471,103019,103,4214.0
INV015671,107893,101,14000.0
INV002797,113646,108,28000.0
INV014508,143737,101,7600.0
INV000549,158714,102,117300.0
INV016333,125207,105,3750.0
INV010237,121207,108,9500.0
INV019136,106610,107,1900.0
INV016292,144602,104,115000.0
INV015000,137055,108,35700.0
INV016359,153420,107,7250.0
INV018897,121245,105,7448.0
INV017403,128607,103,1900.0
INV014199,126368,107,1450.0
INV019472,157109,101,31620.0
INV017765,133979,106,7500.0
INV002161,155246,105,19000.0
INV000671,123517,105,9500.0
INV003247,108714,104,7600.0
INV007330,124963,105,7395.0
INV016501,141255,107,75000.0
INV000824,129791,108,12152.0
INV013490,111136,103,2900.0
INV014468,135109,102,38000.0
INV001804,162817,106,2193.0
INV012517,127339,105,21500.0
INV003452,126291,102,140000.0
INV000508,153426,107,13720.0
INV008920,135174,108,2900.0
INV013964,155114,103,8600.0
INV005493,109740,101,75000.0
INV014861,131682,101,14700.0
INV007884,150126,108,3876.0
INV018817,110533,101,6860.0
INV006986,126364,102,3800.0
INV006551,116505,108,5750.0
INV002005,143868,107,9500.0
INV000323,143378,107,38000.0
INV009934,102226,102,38000.0
INV014212,109588,102,43860.0
INV012042,143431,107,5800.0
INV003628,130908,102,6324.0
INV014933,137831,106,12648.0
INV019476,131438,101,30380.0
INV013026,144942,105,3724.0
INV019491,163785,105,71400.0
INV008458,130851,104,5750.0
INV008046,101267,101,15500.0
INV018767,100796,103,6200.0
INV003079,126821,105,35000.0
INV007057,161391,104,3800.0
INV005179,122168,108,2900.0
INV001598,159851,102,2900.0
INV016373,110194,105,3750.0
INV019058,134260,104,2900.0
INV019504,973917,107,76753.78
INV018980,106250,106,42140.0
INV011239,100223,108,2900.0
INV009343,140763,104,70000.0
INV010182,161942,106,3675.0
INV018500,137747,108,10750.0
INV000955,136877,103,8428.0
INV016025,163713,102,7752.0
INV017061,156491,101,29000.0
INV017592,153489,108,28000.0
INV004268,110717,104,10535.0
INV019309,123542,106,112700.0
INV002834,151843,104,18750.0
INV002994,102669,108,14500.0
INV003825,135334,108,70000.0
INV008005,106585,103,14000.0
INV013617,109006,103,28000.0
INV008242,103744,101,62000.0
INV003461,140219,107,23460.0
INV018012,151827,101,12400.0
INV002297,112694,106,14500.0
INV005422,144527,103,15500.0
INV010065,101536,106,8600.0
INV013741,159942,105,11730.0
INV014155,116469,105,23460.0
INV016913,100499,108,30380.0
INV013519,133430,104,7350.0
INV002596,151412,106,19125.0
INV014337,134130,102,12648.0
INV009371,114795,106,4300.0
INV017818,153283,104,19000.0
INV005793,135304,104,63240.0
INV014079,164339,107,7500.0
INV009011,142900,105,3100.0
INV015192,161562,104,31620.0
INV017108,160248,103,19380.0
INV008618,138467,107,27440.0
INV000902,158851,101,31000.0
INV006302,157858,108,115000.0
INV006796,114313,103,35000.0
INV002720,103826,102,11500.0
INV019090,109822,106,29580.0
INV010211,137332,103,1938.0
INV011594,133987,106,23000.0
INV009453,146119,108,14700.0
INV007661,107394,103,15000.0
INV013728,162925,101,7500.0
INV012043,118065,105,10535.0
INV017743,157222,106,140000.0
INV003497,119679,101,14500.0
INV001432,109473,107,3100.0
INV000951,111554,101,14500.0
INV008154,154660,106,3724.0
INV012663,141988,107,68600.0
INV003001,127587,101,38760.0
INV011554,118972,104,28000.0
INV008286,108773,103,15000.0
INV018193,128810,105,75000.0
INV003116,122010,103,30380.0
INV010369,112814,107,19000.0
INV019854,909122,106,35689.92
INV012010,133209,101,7600.0
INV014898,134030,102,4214.0
INV007955,129742,107,15000.0
INV010815,129090,105,9500.0
INV018284,140549,108,7500.0
INV011402,123250,103,5800.0
INV015375,153140,101,23000.0
INV006252,107512,105,75000.0
INV007989,157550,101,6076.0
INV014352,125850,103,5750.0
INV010979,124196,107,13720.0
INV004181,144531,101,7500.0
INV005394,113806,107,10750.0
INV013187,113884,106,1450.0
INV004526,101033,108,43000.0
INV017468,100525,101,4300.0
INV013362,112961,101,28750.0
INV002699,118394,102,70000.0
INV011085,128526,101,37500.0
INV009306,112692,106,14280.0
INV009131,149846,105,70000.0
INV016901,125825,102,14700.0
INV006463,160306,101,5800.0
INV007983,100846,108,3750.0
INV007645,111122,104,28000.0
INV018715,115193,108,4300.0
INV000391,124919,104,3750.0
INV019607,974546,106,12941.87
INV001276,107979,105,14700.0
INV009728,104156,101,3800.0
INV009980,108326,102,28000.0
INV017624,135533,104,7752.0
INV009770,100599,101,5800.0
INV010000,119299,101,3825.0
INV004994,141175,104,3750.0
INV017179,142629,101,12152.0
INV009455,159026,106,21500.0
INV006273,161644,102,4300.0
INV008475,116373,103,3038.0
INV019352,148320,107,12152.0
INV019932,949312,107,10437.18
INV017285,155570,104,14700.0
INV010739,147451,105,22540.0
INV000365,159204,103,29000.0
INV015267,155570,108,115000.0
INV001744,107163,102,140000.0
INV015442,102612,102,3100.0
INV008609,101739,104,35000.0
INV018555,109978,101,14500.0
INV011721,114811,104,34300.0
INV016249,139540,106,75000.0
INV019450,158918,106,8600.0
INV017775,159056,104,3100.0
INV014989,142930,108,7140.0
INV013647,150072,105,29325.0
INV013634,100475,102,29000.0
INV017723,144231,102,57500.0
INV010678,148946,106,3724.0
INV001261,149410,105,31000.0
INV018559,159102,102,10750.0
INV003795,157197,105,28175.0
INV012214,144325,101,140000.0
INV015342,147545,103,9310.0
INV019531,903985,108,78515.88
INV003875,136662,108,7650.0
INV018877,155193,103,4300.0
INV012040,117959,103,7600.0
INV012417,154571,102,137200.0
INV005088,151340,108,56350.0
INV012818,143293,108,5800.0
INV005140,121222,101,23000.0
INV015529,136726,101,62000.0
INV010687,116453,102,1862.0
INV009420,116086,104,7600.0
INV017122,121576,105,63240.0
INV008642,160714,106,4214.0
INV014191,146547,105,137200.0
INV013592,158834,107,5750.0
INV014130,125844,108,28000.0
INV005993,145266,103,14500.0
INV000226,112533,108,10965.0
INV010842,148235,107,2958.0
INV003765,115962,107,35000.0
INV001414,162776,104,42140.0
INV013072,130687,108,21930.0
INV014846,165879,102,9500.0
INV018896,120740,105,7350.0
INV002560,158210,108,12648.0
INV011636,110116,105,7250.0
INV010338,157307,102,29000.0
INV016843,149781,102,6200.0
INV001997,139247,106,37500.0
INV019028,142906,106,7752.0
INV010424,101008,105,1450.0
INV012718,103041,103,23000.0
INV017882,154840,102,11730.0
INV014575,128725,105,14280.0
INV008204,156352,107,5684.0
INV010971,128349,106,38250.0
INV006715,147941,108,3100.0
INV018512,150192,107,43860.0
INV001525,108302,101,2900.0
INV015547,144866,104,7650.0
INV010157,133445,107,18620.0
INV011924,155353,104,3800.0
INV001717,125644,103,70000.0
INV017030,110492,106,2150.0
INV012029,139088,102,14210.0
INV011719,163519,106,21930.0
INV004325,117434,105,57500.0
INV014118,103640,101,28000.0
INV005884,146996,104,2958.0
INV019288,128183,101,6076.0
INV011522,116495,104,57500.0
INV017730,144801,106,15000.0
INV011382,125261,105,14280.0
INV004251,112546,105,3825.0
INV004596,160995,102,37240.0
INV011515,116712,108,137200.0
INV009125,150551,104,18750.0
INV003345,122955,102,140000.0
INV006829,111703,107,115000.0
INV016453,125173,102,63240.0
INV007729,129938,108,5750.0
INV004573,151413,101,22540.0
INV014136,147891,103,3100.0
INV015576,160891,104,8600.0
INV009323,141764,107,3800.0
INV006446,145327,107,76500.0
INV018921,119531,105,2900.0
INV009687,165410,108,75000.0
INV002746,124122,101,3724.0
INV001181,120231,101,28750.0
INV008537,154137,101,75000.0
INV007631,157105,107,7140.0
INV010893,112562,101,14000.0
INV009960,159440,102,58650.0
INV004715,130519,102,1900.0
INV000049,117751,103,7500.0
INV000544,134277,106,7350.0
INV001766,158428,108,5800.0
INV001002,146018,103,31000.0
INV012169,117103,108,7600.0
INV008890,138055,101,9500.0
INV011499,135558,106,3038.0
INV016193,163390,106,7250.0
INV004788,103622,103,6324.0
INV010202,104168,104,15190.0
INV001899,146832,105,18620.0
INV013567,147374,105,15810.0
INV002545,140688,104,43000.0
INV006226,124379,105,23000.0
INV010684,137727,101,5635.0
INV007979,141503,106,8600.0
INV004772,127850,102,19380.0
INV011414,104299,101,29000.0
INV006225,134379,101,21500.0
INV008477,141486,108,7500.0
INV019151,120316,102,1450.0
INV008015,143411,101,35700.0
INV011670,153099,106,15500.0
INV009947,106304,108,4214.0
INV016386,147215,104,7250.0
INV016366,132173,103,7350.0
INV007945,114953,106,19000.0
INV017440,133033,103,7350.0
INV017168,127672,104,7250.0
INV015876,112164,105,15190.0
INV017334,142503,103,68600.0
INV001229,141619,102,3750.0
INV018407,161203,107,5800.0
INV014471,135589,104,23000.0
INV009445,130501,101,3750.0
INV017899,150661,104,19000.0
INV000022,153113,103,14000.0
INV000138,153997,108,10535.0
INV004293,111298,103,62000.0
INV000115,105168,106,31000.0
INV004003,163227,101,38000.0
INV005634,123655,104,3876.0
INV016076,142447,105,31000.0
INV013589,147984,107,1450.0
INV016911,152587,108,62000.0
INV015534,105856,105,19000.0
INV008622,155534,107,3800.0
INV004011,133777,101,4386.0
INV015590,163897,103,14000.0
INV001256,139508,103,42140.0
INV006652,118333,101,7000.0
INV002791,159453,107,7500.0
INV007465,139320,107,36750.0
INV011584,144970,104,19125.0
INV002896,114997,107,2107.0
INV016118,137906,104,37500.0
INV018634,149739,107,37500.0
INV013185,146151,104,2842.0
INV014020,132590,104,7250.0
INV017661,138547,101,7140.0
INV017471,163715,108,11500.0
INV001219,112167,108,35000.0
INV007537,140493,103,7000.0
INV008738,156668,105,4300.0
INV005155,142544,102,35000.0
INV010126,139833,101,15300.0
INV015602,129004,105,31620.0
INV018188,144302,101,18750.0
INV017636,155212,101,37240.0
INV001310,127077,102,7600.0
INV016269,156398,108,115000.0
INV000372,153326,103,2193.0
INV001556,136083,101,2193.0
INV002579,104878,104,14000.0
INV008246,106116,108,21070.0
INV007165,117891,102,29325.0
INV010615,152433,106,13720.0
INV012292,154852,106,28420.0
INV016149,120198,107,2150.0
INV008990,107755,107,7250.0
INV013926,164348,108,3876.0
INV008835,126298,101,7500.0
INV019330,135760,105,70000.0
INV011045,163019,106,10535.0
INV014776,140554,102,14210.0
INV006992,129696,102,15300.0
INV010270,115054,107,28000.0
INV000137,160511,103,70000.0
INV007114,131696,102,31000.0
INV012411,118653,103,15500.0
INV017341,138516,108,8600.0
INV004022,117637,107,14000.0
INV008372,121133,105,22540.0
INV006848,108523,108,21500.0
INV015034,147518,105,3162.0
INV018484,104619,105,8600.0
INV018505,114720,108,42140.0
INV005499,137555,104,5916.0
INV008418,159385,102,3800.0
INV014031,126769,104,7600.0
INV001348,161939,102,38250.0
INV011495,161992,105,42140.0
INV000751,121816,108,9500.0
INV001587,117213,101,43000.0
INV010553,101583,103,6200.0
INV018169,117674,102,5684.0
INV013849,142558,103,7250.0
INV019266,160559,106,2193.0
INV002406,137027,105,18750.0
INV006233,110416,105,70000.0
INV019858,977368,103,33774.41
INV012841,108225,105,14210.0
INV005096,150532,103,4300.0
INV009142,101493,106,57500.0
INV015945,151084,102,28560.0
INV004623,118302,107,9500.0
INV019658,914390,106,47843.34
INV014670,131931,103,5865.0
INV008268,125306,107,2958.0
INV005719,153726,101,8600.0
INV001794,103965,108,11270.0
INV002822,119624,106,3750.0
INV010850,129940,101,117300.0
INV008552,124303,105,5750.0
INV003897,148567,107,2958.0
INV009832,162661,101,12400.0
INV015330,118376,106,75000.0
INV013495,114171,105,3100.0
INV019741,924929,102,47794.5
INV005417,124927,102,5916.0
INV019512,919284,106,8622.29
INV000851,165978,107,63240.0
INV018587,153112,104,3100.0
INV013435,120353,108,37240.0
INV017304,119806,105,2150.0
INV008587,129326,104,4300.0
INV011130,156123,102,18750.0
INV014001,151633,105,18620.0
INV010240,151471,101,115000.0
INV003198,135066,104,7752.0
INV003259,119723,106,35000.0
INV014525,145222,101,1900.0
INV004146,127290,107,37240.0
INV011533,118920,102,5916.0
INV008757,145330,103,75000.0
INV019831,988367,108,8872.54
INV018312,130099,108,1900.0
INV017146,158892,104,18620.0
INV013196,146958,101,15500.0
INV011835,156777,106,36750.0
INV012628,110481,108,38250.0
INV006139,139921,102,137200.0
INV017724,165020,102,43000.0
INV000445,132792,108,14280.0
INV019243,164627,106,2900.0
INV016502,125540,102,14790.0
INV013320,158198,106,28000.0
INV012753,140199,106,7600.0
INV019798,942034,102,85397.08
INV007830,126577,101,3162.0
INV002241,154378,102,6860.0
INV000706,124071,107,19000.0
INV002800,136207,102,15500.0
INV001369,165782,105,70000.0
INV019843,944370,105,41563.91
INV016920,151361,108,23000.0
INV010158,164902,106,15000.0
INV016055,103517,104,19380.0
INV010239,116488,106,4300.0
INV003055,106714,108,7500.0
INV000575,151435,107,34300.0
INV001164,102088,101,7752.0
INV017554,142813,106,5750.0
INV005558,160572,105,57500.0
INV018547,105671,106,3750.0
INV009486,157585,101,22540.0
INV017817,153250,107,3100.0
INV003903,159543,106,3724.0
INV015533,130976,104,57500.0
INV019584,953629,105,67416.31
INV016322,104369,101,1900.0
INV011398,140082,101,5635.0
INV018175,123085,102,10965.0
INV011290,101678,104,15190.0
INV002065,149895,108,7140.0
INV015741,131909,101,31620.0
INV017329,145059,102,2900.0
INV009459,138141,108,38000.0
INV012898,166184,105,7350.0
INV018797,162609,108,38000.0
INV017439,112762,105,43000.0
INV006793,125459,107,7752.0
INV019663,977475,101,36430.06
INV006724,165824,102,2150.0
INV016313,165395,103,3825.0
INV017941,150101,107,1450.0
INV006301,118533,105,2150.0
INV009640,134761,107,43000.0
INV013618,148570,101,28000.0
INV003599,126593,107,1900.0
INV007119,108031,102,31000.0
INV017222,132695,106,75000.0
INV012777,123518,106,75000.0
INV009492,165630,101,9690.0
INV012914,136175,106,38000.0
INV008494,103701,102,14000.0
INV008663,116401,107,2150.0
INV010095,130241,107,75000.0
INV016464,113742,104,58650.0
INV005999,132103,108,5750.0
INV007672,120747,108,62000.0
INV009843,102791,104,7752.0
INV016113,133061,106,6200.0
INV019500,144964,102,21500.0
INV003845,125840,106,23000.0
INV017144,111567,108,1450.0
INV005687,112214,104,1450.0
INV019881,972583,103,8175.85
INV017040,132874,107,31000.0
INV004888,134629,108,7600.0
INV013063,110297,101,23460.0
INV006561,100571,105,37240.0
INV015693,102761,107,31000.0
INV009537,126704,102,115000.0
INV013775,100343,101,75000.0
INV018437,149398,105,38000.0
INV005195,108637,103,15000.0
INV011771,137326,103,19000.0
INV019329,100439,101,7250.0
INV006324,164344,105,8772.0
INV008614,136076,108,3100.0
INV004231,131391,102,11730.0
INV005824,110408,102,28000.0
INV019857,907137,108,7560.17
INV003617,140679,104,7395.0
INV011940,128342,105,115000.0
INV009583,126449,104,12152.0
INV002146,119390,104,7500.0
INV007995,165234,103,62000.0
INV016948,165850,104,7000.0
INV000061,120221,104,75000.0
INV017094,117584,103,7600.0
INV010835,135416,108,42140.0
INV006991,124120,103,7600.0
INV002863,160348,108,6076.0
INV003891,118781,104,57500.0
INV009498,161452,101,7500.0
INV012869,163195,102,4386.0
INV004324,142973,108,21500.0
INV008508,161159,103,7395.0
INV010128,117550,102,4300.0
INV011005,123161,104,62000.0
INV008316,133698,103,3100.0
INV002055,161395,105,7250.0
INV018420,133287,106,18750.0
INV003402,166545,106,14790.0
INV016085,120972,106,14500.0
INV005936,134875,103,23000.0
INV000945,126512,108,7000.0
INV019485,159069,105,75000.0
INV011231,123303,101,5750.0
INV010711,101845,108,1900.0
INV002635,104694,101,3675.0
INV019724,980491,103,31761.74
INV007188,121001,108,15500.0
INV012715,130261,108,29000.0
INV001495,132091,105,8428.0
INV004353,139203,107,21500.0
INV000835,130488,104,8600.0
INV008745,118035,104,27440.0
INV005371,158014,106,2900.0
INV014423,133516,102,12400.0
INV004864,109415,107,7500.0
INV015452,157624,107,115000.0
INV009981,110233,104,38000.0
INV017244,132323,105,23000.0
INV008207,108222,102,14500.0
INV015982,111668,103,10750.0
INV008456,101045,101,115000.0
INV010529,104342,101,75000.0
INV015026,159303,102,7395.0
INV002429,143079,106,37500.0
INV001590,144643,102,3675.0
INV015315,121826,101,43860.0
INV012824,137223,105,5916.0
INV002148,148829,105,28750.0
INV012101,117586,107,37500.0
INV012422,164923,106,75000.0
INV015013,117989,101,1450.0
INV011812,121004,108,19000.0
INV015760,126470,107,2107.0
INV006969,139865,101,23000.0
INV007800,129443,105,5750.0
INV017243,111809,108,35000.0
INV017512,157014,103,6200.0
INV019920,961581,103,69139.51
INV016355,156081,103,3100.0
INV001088,147977,101,6200.0
INV011272,134812,106,19000.0
INV002621,126135,106,35700.0
INV014133,110523,104,5800.0
INV007048,164087,107,9310.0
INV005602,113618,103,19000.0
INV018642,116601,104,140000.0
INV005881,117364,106,7500.0
INV012984,146716,103,115000.0
INV002890,128602,101,4300.0
INV013734,152012,108,14280.0
INV001460,161046,107,15190.0
INV010372,108013,102,6860.0
INV008220,113457,106,60760.0
INV005914,160890,103,3675.0
INV002471,159442,102,7500.0
INV001389,106297,105,2193.0
INV018386,123301,103,36750.0
INV001682,103527,103,75000.0
INV012525,111891,108,3750.0
INV019756,983751,102,48069.7
INV000272,118693,106,2958.0
INV017996,110400,103,37500.0
INV015829,138990,105,75000.0
INV008407,127736,108,2150.0
INV017082,120448,102,5635.0
INV008303,109784,101,15500.0
INV005727,148584,103,9690.0
INV000651,143876,102,3800.0
INV001234,133542,102,75000.0
INV011336,136508,101,28750.0
INV006437,123263,106,37500.0
INV013659,101078,102,19380.0
INV004694,148432,107,19125.0
INV004708,100539,108,62000.0
INV016810,107517,103,29000.0
INV002939,153315,108,10750.0
INV012559,117265,107,2958.0
INV013752,125194,102,75000.0
INV002538,140769,102,35000.0
INV014421,131943,104,7250.0
INV002487,156730,104,23460.0
INV012252,136211,105,37500.0
INV007679,113153,108,2900.0
INV009232,161246,105,29000.0
INV015368,118506,103,3162.0
INV003764,125018,107,68600.0
INV013491,158813,108,56350.0
INV010949,143051,102,2150.0
INV019745,943529,101,41119.78
INV014406,114936,108,14280.0
INV005203,144301,105,5750.0
INV015277,160911,107,75000.0
INV014434,129636,101,12400.0
INV006503,141418,104,13720.0
INV002340,157478,102,7650.0
INV013547,100661,103,7140.0
INV019715,963014,103,69698.92
INV005967,142555,105,5750.0
INV001568,118893,101,14000.0
INV002542,135982,106,3162.0
INV006281,104295,107,3100.0
INV018551,148033,105,22540.0
INV013050,124760,101,11500.0
INV006905,145181,101,35700.0
INV010233,141612,108,15300.0
INV003669,113640,102,3724.0
INV014063,124615,101,29580.0
INV004793,143259,105,3750.0
INV008410,147896,103,10965.0
INV014371,135454,108,115000.0
INV001020,164307,101,14000.0
INV009522,101652,104,35000.0
INV001988,150356,104,21930.0
INV007242,153485,102,21070.0
INV002304,128547,108,1938.0
INV015710,112304,108,18750.0
INV010754,107529,104,18620.0
INV005527,126721,106,12648.0
INV011410,118088,106,28175.0
INV001003,159535,107,43000.0
INV016946,110640,102,6076.0
INV007667,128653,105,3750.0
INV008558,103085,104,56350.0
INV014867,104014,106,14000.0
INV006211,161075,101,35700.0
INV017288,137069,105,23000.0
INV018623,146294,105,15300.0
INV007969,110502,107,15500.0
INV012563,111211,101,3675.0
INV015951,129788,105,1479.0
INV005079,133170,102,42140.0
INV011845,105199,104,73500.0
INV006051,161153,106,3800.0
INV017559,112344,103,13720.0
INV010009,138352,104,140000.0
INV017345,110389,101,28000.0
INV008578,119097,108,1938.0
INV005126,139402,108,37240.0
INV016909,113607,105,8428.0
INV001084,101241,101,35000.0
INV002373,102551,102,14700.0
INV009334,111273,104,14000.0
INV006004,166452,102,11500.0
INV005314,154562,102,11500.0
INV008352,150130,105,57500.0
INV006584,113456,105,29580.0
INV019783,999880,107,47268.42
INV006423,119697,107,5800.0
INV008429,136808,104,7600.0
INV001930,154618,101,28420.0
INV004755,152837,108,7500.0
INV015718,101364,107,5800.0
INV015433,150585,103,5750.0
INV007877,125818,104,43860.0
INV004259,114767,106,71400.0
INV000394,127090,105,15500.0
INV009910,130488,106,5635.0
INV001409,123248,107,15500.0
INV012380,110246,107,6324.0
INV011702,108523,107,7500.0
INV007893,105065,106,18750.0
INV015686,106702,108,57500.0
INV019837,976658,106,40862.79
INV000817,147111,105,18750.0
INV005840,152888,106,7650.0
INV012479,119912,106,7650.0
INV015723,106151,106,28750.0
INV013084,108642,106,43000.0
INV013462,161176,107,23000.0
INV008394,128220,101,31000.0
INV008480,112285,104,5750.0
INV011394,100083,106,6860.0
INV004176,139300,101,7000.0
INV015323,111021,106,23000.0
INV014547,128106,104,18750.0
INV016534,162909,106,76500.0
INV010283,165575,105,15500.0
INV017085,110674,102,4300.0
INV011355,163419,103,6200.0
INV013871,139506,108,29000.0
INV006328,146940,107,3100.0
INV018198,114832,104,21930.0
INV010134,130088,108,58650.0
INV008625,124913,101,9500.0
INV019939,998110,107,10977.13
INV002578,149074,103,3800.0
INV009663,149848,103,71400.0
INV017321,124037,103,5865.0
INV018145,155679,105,19380.0
INV010668,161762,101,11730.0
INV019677,924180,107,39444.33
INV000274,126832,101,3800.0
INV009399,136809,102,8428.0
INV019064,146231,103,3876.0
INV011120,125591,104,21500.0
INV002731,147628,106,36750.0
INV009421,104636,102,15000.0
INV003153,110872,102,30380.0
INV000797,105861,104,3800.0
INV015657,164247,103,22540.0
INV014862,128488,101,37500.0
INV004056,141551,104,38000.0
INV016547,106454,108,31000.0
INV003481,144808,102,3038.0
INV019954,994423,101,37082.85
INV018789,161961,104,31000.0
INV005660,143704,102,2900.0
INV012343,134566,107,7600.0
INV007656,112324,108,2958.0
INV012501,121360,106,2900.0
INV005181,150176,101,5750.0
INV016825,112139,104,1900.0
INV013126,146269,108,2842.0
INV000877,103864,104,115000.0
INV011858,158882,104,140000.0
INV009348,127050,103,75000.0
INV001388,112552,107,71400.0
INV015530,163729,101,29580.0
INV001027,128475,103,6200.0
INV013302,146830,104,37500.0
INV013961,129447,101,8428.0
INV007367,104742,108,8428.0
INV005776,112317,108,21500.0
INV003490,126406,107,19380.0
INV001191,128268,101,15000.0
INV012209,135872,108,7105.0
INV008650,138336,102,12400.0
INV011311,102691,105,35000.0
INV007824,143693,104,35000.0
INV004880,145239,106,5800.0
INV009905,124922,107,14700.0
INV002264,129409,106,19125.0
INV010236,127460,102,7600.0
INV010978,142447,103,31000.0
INV015910,166176,106,29000.0
INV013675,111274,103,6200.0
INV002140,135088,105,2958.0
INV018314,125010,108,1900.0
INV014853,123093,103,28420.0
INV006519,143034,102,29325.0
INV001386,142307,102,3800.0
INV002597,115415,103,14790.0
INV014447,105201,103,1900.0
INV019172,126303,103,75000.0
INV015312,117261,104,43000.0
INV009356,126191,105,75000.0
INV007756,162481,108,75000.0
INV001122,151660,101,14500.0
INV004842,134385,108,38000.0
INV011904,100408,102,1450.0
INV018073,109649,106,18750.0
INV003867,114366,107,43000.0
INV002441,123499,108,1900.0
INV015522,105637,107,2900.0
INV013301,125004,107,57500.0
INV010878,122113,106,57500.0
INV001871,132175,105,21500.0
INV010146,139093,104,6860.0
INV001254,160181,108,19380.0
INV014639,125688,106,57500.0
INV009153,122764,104,10750.0
INV013015,103247,103,36750.0
INV008179,115674,102,28560.0
INV003990,146501,107,19000.0
INV014271,161451,104,28750.0
INV016457,164493,102,19000.0
INV008362,125689,101,31000.0
INV015023,155099,103,1900.0
INV003850,111241,101,57500.0
INV000545,118647,102,27440.0
INV008037,112426,103,8428.0
INV018928,124884,103,6324.0
INV013305,113652,108,28000.0
INV013323,141896,103,4300.0
INV011380,106877,107,3800.0
INV004865,157119,102,4386.0
INV001767,148616,102,3750.0
INV008584,114098,102,3800.0
INV002898,151624,108,1421.0
INV005321,155650,108,56350.0
INV004188,113377,101,14000.0
INV008934,102695,103,57500.0
INV009714,104433,107,58650.0
INV014877,113373,102,63240.0
INV018123,126339,102,12400.0
INV010307,103870,108,1421.0
INV007928,150212,107,6860.0
INV016989,109195,107,21070.0
INV010215,142841,104,58650.0
INV013094,115428,105,43000.0
INV004650,115296,101,137200.0
INV012289,109212,102,70000.0
INV017019,148458,104,8772.0
INV017988,151760,108,11500.0
INV007917,109566,106,2900.0
INV010415,127281,108,2842.0
INV003006,119620,104,43000.0
INV003168,165097,102,117300.0
INV010584,139279,104,14000.0
INV019689,928478,102,45515.91
INV005486,108078,101,11500.0
INV013251,129238,102,19000.0
INV008626,134941,101,23000.0
INV006752,117355,101,7752.0
INV018986,137681,108,7448.0
INV002072,122557,104,6076.0
INV019343,111343,103,7448.0
INV017971,151669,104,23000.0
INV017269,127720,103,28000.0
INV012246,134236,102,15500.0
INV019100,149840,102,15000.0
INV002236,110579,105,1900.0
INV003511,132612,104,15300.0
INV009594,150789,108,23000.0
INV011943,124437,106,5635.0
INV000129,100713,101,23460.0
INV013524,160736,106,30380.0
INV019047,161572,102,3162.0
INV009154,116511,106,8600.0
INV004028,132478,107,19000.0
INV008349,106438,102,9500.0
INV011562,138870,102,31620.0
INV016371,145819,101,27440.0
INV016762,121926,108,5750.0
INV012927,117048,108,62000.0
INV013999,133637,105,11730.0
INV017942,111094,104,57500.0
INV011429,137899,104,19125.0
INV004104,161977,102,7600.0
INV019944,902373,102,28598.51
INV001759,123080,106,115000.0
INV002070,152478,102,3162.0
INV008680,114992,106,1938.0
INV015079,132063,105,18750.0
INV017929,163283,105,38250.0
INV017048,135115,105,21070.0
INV013425,124897,106,28420.0
INV012057,107678,104,6860.0
INV006143,129246,104,3675.0
INV007300,122334,107,2193.0
INV016600,155140,102,3100.0
INV005574,121574,105,4214.0
INV010271,128605,105,70000.0
INV009124,144696,102,5800.0
INV015208,107736,106,11270.0
INV009106,131658,101,21500.0
INV005035,135803,104,1900.0
INV012191,118930,104,58650.0
INV005962,142442,108,19000.0
INV010604,114697,104,7250.0
INV003735,114485,101,12400.0
INV000369,124585,105,7000.0
INV003338,103025,102,11500.0
INV016509,154481,107,34300.0
INV007602,158157,105,71400.0
INV008188,157743,104,12648.0
INV016581,100873,102,27440.0
INV013623,159246,102,70000.0
INV000609,162913,107,29325.0
INV007385,108439,104,137200.0
INV015696,142340,107,7000.0
INV013407,123802,106,6200.0
INV001383,161146,104,1450.0
INV017251,135229,105,62000.0
INV006833,126208,101,31000.0
INV010667,100913,106,12152.0
INV001479,128457,103,8600.0
INV006236,100289,108,7250.0
INV006183,131232,101,14500.0
INV003252,101366,105,11500.0
INV005969,136128,107,7000.0
INV006071,102587,101,6324.0
INV006922,137736,102,2150.0
INV011136,133367,102,11500.0
INV015584,147519,106,115000.0
INV009271,100045,107,8600.0
INV016009,141534,106,58650.0
INV004538,143338,106,4386.0
INV000748,116914,106,19380.0
INV001016,161271,107,75000.0
INV016724,159159,107,43000.0
INV003215,166372,106,76500.0
INV009757,140706,108,115000.0
INV008263,162297,101,8428.0
INV012712,141719,101,10750.0
INV011534,158520,103,28175.0
INV007942,109893,107,31000.0
INV010333,106715,104,9690.0
INV013222,137663,107,5800.0
INV012432,158178,104,19000.0
INV014250,139828,103,140000.0
INV011027,156190,104,3100.0
INV014164,111439,101,3876.0
INV003642,141549,107,7395.0
INV001061,149176,107,31000.0
INV001358,148036,103,70000.0
INV012349,145155,101,1900.0
INV014763,164609,104,1900.0
INV001356,129880,103,12152.0
INV019838,978062,108,89850.0
INV010047,152980,108,56350.0
INV006193,104882,101,75000.0
INV009282,139147,106,58650.0
INV012778,112812,106,7350.0
INV014795,116395,101,3100.0
INV013692,135222,104,14500.0
INV014186,123138,106,14790.0
INV011517,152769,107,7600.0
INV014559,110114,101,43000.0
INV003260,102486,103,11270.0
INV001195,121419,108,29000.0
INV014249,162702,103,35000.0
INV015722,122688,102,15000.0
INV017006,166242,105,4386.0
INV008353,147225,106,35000.0
INV016331,157670,102,14000.0
INV011851,122233,105,10750.0
INV019931,900065,103,52114.87
INV014806,111516,105,115000.0
INV009528,101099,104,10750.0
INV012094,119412,103,15190.0
INV004316,115025,104,1938.0
INV000991,157720,102,9690.0
INV006272,100719,102,29000.0
INV007058,125264,101,9310.0
INV008598,129679,106,2150.0
INV008649,129570,108,3100.0
INV008555,140089,107,21500.0
INV018330,139582,102,7600.0
INV010222,147871,101,43000.0
INV003676,114696,102,112700.0
INV013034,125942,101,28000.0
INV008073,114411,106,4300.0
INV014742,124875,106,28560.0
INV010524,119898,108,7250.0
INV016385,102855,105,28000.0
INV002172,142926,108,11500.0
INV008955,109859,108,12400.0
INV000726,117585,108,7250.0
INV000905,158725,101,8600.0
INV019632,905485,102,41260.24
INV001131,163848,101,7600.0
INV001922,108883,106,19000.0
INV015998,142448,108,35000.0
INV014773,124888,103,3162.0
INV010802,114629,102,6860.0
INV016914,127731,101,63240.0
INV007403,149621,106,7650.0
INV012721,129503,108,19000.0
INV018234,128451,104,35000.0
INV013753,140893,106,1479.0
INV011450,162799,102,1900.0
INV018403,135634,107,18750.0
INV015578,103855,105,1938.0
INV007807,151484,107,62000.0
INV017788,131944,108,8600.0
INV016981,150874,107,60760.0
INV013838,134993,105,7448.0
INV012177,165491,106,29000.0
INV008247,164471,105,75000.0
INV003145,139152,101,76500.0
INV008600,132161,105,37240.0
INV003848,112230,103,35000.0
INV001969,149435,107,1938.0
INV010913,108888,108,43000.0
INV002060,161916,103,18750.0
INV011064,106703,105,42140.0
INV013656,149321,107,7650.0
INV014457,154436,108,15500.0
INV007606,151856,105,7500.0
INV003640,103200,105,7000.0
INV006898,160412,106,7000.0
INV002191,100141,101,43860.0
INV007733,134085,105,28560.0
INV007691,138690,103,43860.0
INV003771,111100,105,1938.0
INV015740,157031,104,3800.0
INV015609,159660,104,28420.0
INV009393,101218,101,31620.0
INV014171,132641,107,29000.0
INV004105,127831,105,15000.0
INV017599,142320,103,29000.0
INV012572,156614,101,3675.0
INV003045,145128,103,75000.0
INV016098,146612,108,43000.0
INV008634,127642,104,4300.0
INV013373,107424,108,7500.0
INV019303,101140,104,35000.0
INV001295,160695,106,7000.0
INV004124,107594,106,14210.0
INV015422,117833,103,14700.0
INV012155,135660,107,2193.0
INV006079,137624,108,2900.0
INV006470,125098,104,23460.0
INV015753,146710,103,5635.0
INV015478,154153,104,18750.0
INV018824,142534,108,6200.0
INV004020,146511,105,7448.0
INV003129,135918,105,7600.0
INV016565,112330,106,38000.0
INV002235,127715,105,28750.0
INV007342,144431,103,7448.0
INV000393,105130,106,2842.0
INV006251,148263,103,15500.0
INV002151,133209,107,115000.0
INV012874,111917,108,10965.0
INV008389,162910,108,22540.0
INV006591,115349,104,7600.0
INV009899,164560,107,11730.0
INV002673,131244,102,14500.0
INV012083,118364,107,4300.0
INV005778,109102,108,9500.0
INV001980,109956,101,7000.0
INV007899,158661,107,4214.0
INV003408,104322,108,5750.0
INV010422,127085,101,7250.0
INV009454,155385,105,18375.0
INV011543,149121,102,3100.0
INV019072,131751,102,13720.0
INV005163,132371,107,12152.0
INV014135,128595,106,1900.0
INV007776,136786,106,15000.0
INV008987,106609,104,8772.0
INV011190,135145,108,9500.0
INV003683,111559,101,7140.0
INV018083,147988,101,7500.0
INV000780,128349,103,10750.0
INV010500,116985,107,10750.0
INV013773,144408,105,6076.0
INV014101,158557,108,31000.0
INV005844,131633,104,6200.0
INV018923,104443,107,73500.0
INV013663,120413,103,6860.0
INV018632,129326,103,4300.0
INV009689,143106,105,15500.0
INV008513,161004,108,8772.0
INV000818,105282,107,9500.0
INV008644,137524,101,3800.0
INV006353,104405,106,23460.0
INV018590,160704,107,14280.0
INV019141,128651,108,115000.0
INV016022,145374,104,15300.0
INV017140,141195,105,15000.0
INV001661,124714,105,62000.0
INV007540,165560,101,43860.0
INV006670,150775,104,7000.0
INV002265,124352,107,70000.0
INV010521,151014,101,75000.0
INV007568,126458,108,8600.0
INV006997,135999,105,35000.0
INV008730,120273,102,8600.0
INV007592,120302,108,7500.0
INV001232,124584,107,19000.0
INV008070,117238,102,7105.0
INV016353,114776,101,5750.0
INV012274,125351,108,115000.0
INV016758,158005,105,13720.0
INV000004,151884,107,23000.0
INV001992,137150,107,21070.0
INV004901,126932,103,11500.0
INV016409,105276,105,7350.0
INV004345,152264,104,7600.0
INV001293,157055,102,14500.0
INV002884,115688,107,115000.0
INV011724,154681,107,28000.0
INV005625,117953,108,7250.0
INV005698,147689,106,5800.0
INV003414,103038,107,31620.0
INV003855,117078,105,3750.0
INV019720,964891,101,12879.41
INV016450,112535,107,12400.0
INV007111,163916,107,22540.0
INV005468,148089,102,7600.0
INV012544,102371,102,5916.0
INV017708,124831,106,62000.0
INV016242,143101,107,5800.0
INV010536,127514,101,7140.0
INV006956,118124,101,1900.0
INV019734,902251,108,65781.86
INV007018,123676,106,7752.0
INV016431,122106,106,7000.0
INV016443,102247,105,112700.0
INV002432,160376,101,28750.0
INV006414,136399,103,57500.0
INV006063,157185,104,3100.0
INV001439,148366,104,62000.0
INV005905,106561,101,140000.0
INV008291,114768,107,70000.0
INV018207,103397,106,5635.0
INV012835,119790,105,117300.0
INV016934,125718,102,29580.0
INV004342,127623,103,5800.0
INV009909,102884,107,14500.0
INV011391,160279,107,14500.0
INV002269,133902,101,38760.0
INV000808,123981,101,71400.0
INV008928,132953,104,10750.0
INV006616,155948,108,38000.0
INV016512,112240,106,4300.0
INV003463,146378,105,29000.0
INV008052,152140,106,31000.0
INV016734,157276,102,21500.0
INV008003,122248,106,14500.0
INV004047,117217,106,18750.0
INV009582,120296,108,31620.0
INV018025,105331,104,15500.0
INV014633,107932,105,5750.0
INV011095,134811,108,12400.0
INV007491,135756,105,3825.0
INV006382,133797,107,3724.0
INV015396,148394,104,5800.0
INV012826,141545,105,1450.0
INV015435,103291,108,3800.0
INV014849,121518,108,12400.0
INV011778,133961,104,21500.0
INV014305,146188,103,140000.0
INV008066,166270,102,12400.0
INV007005,102001,108,29000.0
INV005373,110121,107,2958.0
INV002963,128130,105,34300.0
INV003172,166441,101,3750.0
INV012270,158562,103,2958.0
INV007164,147667,106,4300.0
INV003730,119625,105,29000.0
INV016788,113000,107,35000.0
INV005370,151078,105,19000.0
INV011213,159539,106,7600.0
INV001572,104708,105,8428.0
INV016487,146631,105,9690.0
INV011819,119219,104,7752.0
INV009788,120578,108,4300.0
INV016503,140776,103,1938.0
INV005380,145421,105,3876.0
INV017759,151276,103,9500.0
INV013314,127595,106,3100.0
INV012745,128646,102,9310.0
INV000574,155177,106,9500.0
INV004986,120007,107,5800.0
INV018611,140854,107,7600.0
INV016439,148361,107,9310.0
INV010950,112003,102,11730.0
INV016141,118415,108,12648.0
INV005271,116498,106,28750.0
INV000484,166183,106,36750.0
INV007353,164013,101,22540.0
INV000163,115022,106,73500.0
INV004387,145012,108,7000.0
INV000874,103799,104,19000.0
INV004160,137603,102,142800.0
INV008961,117451,105,35000.0
INV018287,133519,103,3825.0
INV000494,126353,107,23460.0
INV011369,129655,105,75000.0
INV005241,122654,102,73500.0
INV001823,105267,107,11500.0
INV011427,159229,104,10965.0
INV008019,142197,107,8600.0
INV019490,137659,103,31000.0
INV006756,119733,103,23000.0
INV014194,122766,108,14500.0
INV009921,127945,108,35700.0
INV007097,153563,102,2900.0
INV013629,151024,101,115000.0
INV012466,152335,107,22540.0
INV010607,142663,101,70000.0
INV016712,106316,104,57500.0
INV005424,156951,105,1900.0
INV009098,127710,106,9500.0
INV002243,123591,101,18750.0
INV011970,112292,105,140000.0
INV006457,157416,106,11500.0
INV010293,111697,108,137200.0
INV011757,121912,108,7000.0
INV014201,156862,104,62000.0
INV007913,110944,101,31620.0
INV014430,126678,105,10750.0
INV000171,107691,106,75000.0
INV019350,136234,102,14210.0
INV019044,160000,106,2842.0
INV009951,129426,104,6860.0
INV004032,102810,105,15300.0
INV010837,136680,107,27440.0
INV019158,109726,104,28420.0
INV001790,146942,105,21070.0
INV004328,141417,108,63240.0
INV003190,140781,105,57500.0
INV005784,147741,101,14500.0
INV004879,146692,103,3100.0
INV017046,121766,103,42140.0
INV001070,117620,101,7448.0
INV006322,140439,103,7000.0
INV011942,155653,101,76500.0
INV011759,122228,107,21070.0
INV019399,103815,104,12648.0
INV015990,144481,101,4300.0
INV016148,157564,104,18620.0
INV007204,138212,104,35700.0
INV004545,100666,108,57500.0
INV002748,135247,102,2193.0
INV017704,112215,108,28000.0
INV000097,106355,105,3800.0
INV011781,117618,105,23000.0
INV015341,131038,105,7448.0
INV003778,153107,102,12152.0
INV000680,135956,105,3800.0
INV014226,130612,108,22540.0
INV015629,114741,107,115000.0
INV017814,126317,103,2150.0
INV018476,146443,104,4214.0
INV003926,110215,101,7600.0
INV003069,112156,107,2193.0
INV019882,911313,102,77777.11
INV009963,133167,108,71400.0
INV010019,164300,104,29000.0
INV016867,103135,102,28750.0
INV013832,140049,101,4386.0
INV011652,115643,103,7500.0
INV015520,166654,105,28000.0
INV017492,133263,103,7500.0
INV008526,133961,102,140000.0
INV005239,126405,105,2900.0
INV008968,114228,102,63240.0
INV017771,151100,107,115000.0
INV010138,126476,107,38760.0
INV016285,119163,108,28560.0
INV003538,115996,107,3675.0
INV009772,143465,108,14500.0
INV012700,126048,103,19125.0
INV000759,102475,103,9500.0
INV014703,124846,106,2900.0
INV018800,161081,103,28560.0
INV019104,110334,104,14790.0
INV004909,126619,102,14500.0
INV006669,114588,106,38000.0
INV015274,102647,102,9500.0
INV014360,150342,103,1479.0
INV010250,159400,101,21070.0
INV012216,153652,108,4300.0
INV018723,112282,106,3825.0
INV008327,142377,101,12400.0
INV010959,114856,106,2150.0
INV014787,158088,102,62000.0
INV010352,103125,103,3750.0
INV015917,140135,102,76500.0
INV017226,149271,101,12648.0
INV004620,146490,107,6324.0
INV013959,132859,106,1479.0
INV003159,156045,106,14790.0
INV011953,118120,108,5684.0
INV017481,149436,107,57500.0
INV014641,166170,101,23460.0
INV011770,157519,104,31000.0
INV002583,131841,108,71400.0
INV018912,141607,105,21500.0
INV013918,140006,101,14790.0
INV006148,133621,103,14790.0
INV016207,122462,106,29000.0
INV010140,120122,106,28000.0
INV006633,166543,102,115000.0
INV004070,122946,102,43860.0
INV000558,115978,104,31000.0
INV000538,163327,104,43000.0
INV009130,105320,106,38250.0
INV017325,166191,101,2900.0
INV018463,101955,104,37500.0
INV010267,106572,103,29000.0
INV008329,126616,103,7448.0
INV016808,123947,105,31620.0
INV006187,118375,101,35000.0
INV016513,164335,103,23000.0
INV012240,139869,106,37500.0
INV005348,107134,104,35700.0
INV000439,106362,102,12648.0
INV005934,150763,103,36750.0
INV008006,146305,102,28560.0
INV002719,124967,107,7448.0
INV016289,117943,105,38000.0
INV014081,150441,106,5800.0
INV000166,102392,106,2900.0
INV012483,159477,101,30380.0
INV014108,141484,104,18750.0
INV003197,146816,101,14500.0
INV017383,116197,107,37500.0
INV018731,100155,103,29580.0
INV000585,130746,102,4214.0
INV019215,152370,108,12400.0
INV010731,132853,108,28750.0
INV004958,107780,107,70000.0
INV002912,106529,105,7000.0
INV018171,122925,106,7000.0
INV006153,154772,106,35000.0
INV003853,144115,108,2958.0
INV003362,118949,102,31000.0
INV001096,104687,104,38000.0
INV014916,141723,103,8600.0
INV019688,967534,107,64239.3
INV004227,104069,101,115000.0
INV017729,141111,101,4214.0
INV016354,138607,102,14500.0
INV017490,149315,101,14790.0
INV003302,166501,103,7500.0
INV012710,121122,102,31000.0
INV005867,157541,108,3750.0
INV001731,109144,104,14500.0
INV012747,123432,108,11270.0
INV012838,159997,105,7500.0
INV018137,114561,101,13720.0
INV003446,102840,108,35700.0
INV010173,163293,105,28560.0
INV011590,159707,102,7600.0
INV016422,158845,102,28560.0
INV016206,103310,108,15190.0
INV015145,157178,105,7650.0
INV007336,110094,104,3724.0
INV010216,108922,107,18750.0
INV014174,147495,104,1450.0
INV011312,125358,106,29580.0
INV018554,151097,102,57500.0
INV018577,106674,105,140000.0
INV008863,143159,105,12648.0
INV018148,130282,105,36750.0
INV014228,107633,103,112700.0
INV010972,124437,101,140000.0
INV016947,147015,106,1450.0
INV009546,135838,106,43860.0
INV017467,118091,103,31620.0
INV016790,116294,103,37240.0
INV018838,143821,104,12400.0
INV001588,123027,107,63240.0
INV015101,108609,107,75000.0
INV003560,121814,105,7000.0
INV011148,131981,106,3100.0
INV001750,130996,101,9690.0
INV019728,989137,106,19777.8
INV011160,166610,106,15000.0
INV007468,107824,107,7752.0
INV000276,108009,101,36750.0
INV004904,128672,103,1421.0
INV017525,158048,108,18750.0
INV014093,152943,107,28000.0
INV014122,147254,101,7600.0
INV017397,132124,107,6200.0
INV018882,143865,108,7350.0
INV003391,160985,105,38250.0
INV003955,104838,101,35000.0
INV016732,143825,101,1421.0
INV007852,162216,108,18750.0
INV008772,122192,105,6200.0
INV018010,143202,104,10965.0
INV006486,132162,104,7105.0
INV002764,126955,108,7650.0
INV000961,149998,108,2150.0
INV013096,159769,104,4300.0
INV014820,107818,107,7000.0
INV009950,114246,103,117300.0
INV005244,124926,107,37240.0
INV010024,145731,104,9500.0
INV002170,147736,101,11730.0
INV004082,121650,101,9310.0
INV013261,121863,103,112700.0
INV010871,129299,108,115000.0
INV001120,160784,106,4300.0
INV008139,146910,102,3750.0
INV015755,125653,106,18375.0
INV015453,132582,104,8772.0
INV017535,145296,101,7752.0
INV017008,134781,105,3724.0
INV019070,122077,105,2958.0
INV007623,113117,102,37500.0
INV017132,129578,101,57500.0
INV005552,132867,101,15000.0
INV018724,100970,102,35700.0
INV007828,122658,103,22540.0
INV009710,144161,106,4214.0
INV017635,164456,103,7350.0
INV001942,138370,102,11270.0
INV017169,127137,107,5635.0
INV007379,103028,108,35000.0
INV016616,161201,102,15300.0
INV008467,152978,105,15190.0
INV012877,105238,108,18620.0
INV002185,119574,102,57500.0
INV002259,134871,101,3100.0
INV005553,111651,101,43860.0
INV003454,116844,103,1900.0
INV006507,166619,102,43000.0
INV005180,115029,107,14210.0
INV006705,164473,107,76500.0
INV000048,141003,106,1900.0
INV005294,141266,106,11500.0
INV018480,158976,107,19000.0
INV016888,112977,108,19000.0
INV004249,155311,106,9500.0
INV001049,123723,102,6324.0
INV007130,100699,104,14700.0
INV003988,104801,101,42140.0
INV013737,134812,103,35000.0
INV004808,161373,101,1450.0
INV009542,100789,105,1900.0
INV012597,118562,104,8428.0
INV014772,163062,103,28175.0
INV018628,154959,101,6860.0
INV004550,131788,106,3800.0
INV009591,163548,105,4214.0
INV005875,146839,106,11270.0
INV018494,137631,108,3675.0
INV010350,103912,108,2842.0
INV000596,147457,104,13720.0
INV013503,160443,102,14700.0
INV010532,126179,102,14500.0
INV018238,103488,102,28000.0
INV016956,108242,105,43000.0
INV007109,145827,102,8600.0
INV019156,142771,105,76500.0
INV014706,109062,104,7448.0
INV003708,122328,103,15000.0
INV009561,134233,107,21930.0
INV006194,126612,105,6200.0
INV002119,123911,105,3750.0
INV006335,126559,103,14500.0
INV002644,143315,102,7250.0
INV000169,107910,108,14000.0
INV000319,157646,107,60760.0
INV018166,103478,106,35000.0
INV019758,902523,107,17951.01
INV010677,148169,102,11500.0
INV013322,164731,108,62000.0
INV006237,115571,106,11500.0
INV004671,158085,108,19125.0
INV017359,159494,108,29580.0
INV006610,121310,103,43000.0
INV005827,103856,103,8772.0
INV018027,149601,108,12400.0
INV004460,142430,108,115000.0
INV006040,164543,104,31620.0
INV009568,162809,101,4300.0
INV017706,103661,106,7140.0
INV013336,165722,101,11270.0
INV016764,166244,103,34300.0
INV016294,135086,108,60760.0
INV014491,137452,106,23460.0
INV006782,100158,102,7448.0
INV004805,112693,105,12400.0
INV002962,146592,107,1938.0
INV006060,126682,106,28750.0
INV011558,133343,101,5800.0
INV016642,116840,104,11270.0
INV001891,102927,101,21500.0
INV013986,118730,101,5865.0
INV010363,128090,103,15500.0
INV016916,133807,108,28560.0
INV016735,134680,108,19000.0
INV018997,150363,101,15000.0
INV001726,153238,101,10750.0
INV006223,142057,108,7105.0
INV017228,133159,104,23000.0
INV009111,163537,106,58650.0
INV014677,160306,107,68600.0
INV011566,114357,101,140000.0
INV014449,111665,104,34300.0
INV002209,100622,108,29000.0
INV015345,113049,101,58650.0
INV003865,115389,104,18750.0
INV006680,161919,108,73500.0
INV002245,115820,101,11500.0
INV009177,127488,103,29000.0
INV011448,114600,106,38250.0
INV012418,110369,104,7000.0
INV014718,108677,102,1900.0
INV009309,138458,106,7000.0
INV017182,151308,105,3800.0
INV009841,121894,104,19125.0
INV009089,152830,107,10965.0
INV002130,116090,103,7250.0
INV000140,101213,101,9690.0
INV018819,156476,103,18750.0
INV004699,102612,101,7448.0
INV000174,121934,103,21500.0
INV002729,158469,102,11270.0
INV010691,143696,107,21500.0
INV012958,120557,103,23000.0
INV000335,127634,104,38000.0
INV011101,122466,105,12400.0
INV014349,143854,106,1900.0
INV001775,159893,107,70000.0
INV014688,153913,103,15000.0
INV019433,115564,107,14210.0
INV006306,164316,106,27440.0
INV019696,988633,103,83996.74
INV012347,137553,107,57500.0
INV003073,120954,105,7250.0
INV009578,107954,103,38250.0
INV004905,133144,101,7000.0
INV007364,120482,108,10750.0
INV012175,127171,104,8600.0
INV017595,140190,108,21500.0
INV013815,103417,101,15000.0
INV013379,121171,106,2150.0
INV016838,163338,106,115000.0
INV015988,112713,102,75000.0
INV006254,125317,102,7600.0
INV014992,133409,101,36750.0
INV000994,113513,102,3038.0
INV018668,143751,107,19000.0
INV006687,133584,108,1450.0
INV013680,125448,108,10535.0
INV011708,126357,105,34300.0
INV003253,127794,104,1862.0
INV009151,152075,103,7600.0
INV004206,122957,106,12400.0
INV008034,129610,106,3100.0
INV008641,107280,107,115000.0
INV019224,148950,106,9310.0
INV015181,153083,103,8428.0
INV000767,117358,104,3162.0
INV000611,116642,101,15000.0
INV016528,111898,102,2900.0
INV014923,143961,101,3675.0
INV016933,111453,103,3800.0
INV004252,159983,108,21500.0
INV012589,105409,101,21930.0
INV007252,100102,105,2900.0
INV001344,123138,107,5635.0
INV019568,909731,101,84546.39
INV002434,158332,102,23000.0
INV016306,146654,104,1900.0
INV017027,133969,104,11270.0
INV012876,132446,101,10965.0
INV004651,147247,102,117300.0
INV002589,150690,104,38000.0
INV006292,106451,102,14500.0
INV005677,151662,105,9500.0
INV006056,155063,108,9500.0
INV000470,135894,106,23000.0
INV019571,994263,102,23872.02
INV017220,132159,104,10750.0
INV004681,154250,105,3800.0
INV014357,109701,104,29000.0
INV019602,936639,102,74767.18
INV004915,157858,103,2900.0
INV017274,114069,106,112700.0
INV007112,155687,102,1900.0
INV004770,139659,104,43860.0
INV002576,149397,104,43860.0
INV001852,124482,106,2900.0
INV017068,139463,102,140000.0
INV019699,981529,107,29006.02
INV005736,114681,101,9500.0
INV002769,113699,108,21500.0
INV013040,135437,101,7500.0
INV006422,132807,103,43000.0
INV017451,157452,104,9500.0
INV015711,138764,101,62000.0
INV014634,159756,103,14000.0
INV001458,140837,108,2900.0
INV003248,124233,106,14210.0
INV000776,124878,101,15500.0
INV010673,130248,107,9500.0
INV004733,132522,104,14500.0
INV003132,147097,104,3800.0
INV013942,155008,103,29000.0
INV001318,115878,101,43000.0
INV010578,131594,104,19125.0
INV017387,164787,102,7500.0
INV009043,101459,104,15500.0
INV007317,145480,107,70000.0
INV003249,112124,102,7250.0
INV008708,154490,108,7000.0
INV000985,103994,107,7250.0
INV006524,116629,108,12648.0
INV006404,129611,106,3876.0
INV007961,118533,102,21070.0
INV006304,110964,106,14500.0
INV001392,112609,102,9500.0
INV016792,112561,108,1450.0
INV019998,941291,101,80310.04
INV018285,138244,101,7250.0
INV001649,131421,102,35000.0
INV003273,148800,106,75000.0
INV017300,166593,107,28000.0
INV019308,108684,101,6200.0
INV000893,158102,105,9690.0
INV017190,152427,103,4214.0
INV016889,151558,104,11500.0
INV007377,108385,102,2150.0
INV018745,148291,101,3800.0
INV011460,131057,103,6200.0
INV010395,151379,104,62000.0
INV006655,123008,102,11500.0
INV014616,160223,108,3675.0
INV001296,139796,106,3675.0
INV014148,104546,106,23000.0
INV016789,143616,106,28000.0
INV019076,154236,104,8600.0
INV004255,157547,101,4300.0
INV000210,135101,107,115000.0
INV013003,120207,105,62000.0
INV013807,135887,102,7600.0
INV011846,146934,107,7600.0
INV002129,161659,107,10750.0
INV005502,129906,105,6200.0
INV006843,117730,104,18750.0
INV014764,150703,101,22540.0
INV009796,136592,104,5750.0
INV018530,161844,102,31000.0
INV005510,118323,106,31000.0
INV009474,148732,107,13720.0
INV003257,126196,104,2150.0
INV014132,137380,106,14500.0
INV002655,120268,106,3675.0
INV017749,123770,104,22540.0
INV010583,120576,106,31620.0
INV001809,166263,102,1938.0
INV008113,127312,104,2900.0
INV005735,143936,106,3750.0
INV001673,100734,105,10750.0
INV005400,158870,103,1479.0
INV015077,125763,103,13720.0
INV009631,106561,103,19000.0
INV018276,164804,102,12400.0
INV010554,134637,101,15500.0
INV011505,123918,107,6860.0
INV018131,139552,102,15000.0
INV019721,926840,107,8360.21
INV001086,139601,103,21500.0
INV014076,110216,101,38000.0
INV000655,115992,106,37500.0
INV010445,137593,107,29325.0
INV006084,123234,105,7000.0
INV007662,120766,103,5684.0
INV003485,141692,102,7250.0
INV007612,102308,104,7600.0
INV016479,155040,105,14280.0
INV007482,160862,104,76500.0
INV019795,983218,103,80070.9
INV005786,155736,107,10535.0
INV019760,906847,104,55806.52
INV000344,153183,105,4214.0
INV004988,165673,104,2900.0
INV018818,128217,104,35000.0
INV015391,120794,101,5750.0
INV001041,115351,103,37500.0
INV013597,119741,105,1938.0
INV006586,127497,107,8600.0
INV005559,130513,104,29000.0
INV005972,142926,101,29000.0
INV010518,114365,108,14000.0
INV016682,142951,102,63240.0
INV015012,150886,106,19000.0
INV004422,152633,107,28750.0
INV007334,108216,107,19000.0
INV011153,162488,104,7500.0
INV003525,112836,102,8772.0
INV015055,117294,101,62000.0
INV004276,146257,102,14000.0
INV005382,159028,107,3100.0
INV007538,152407,107,37240.0
INV016992,118265,101,62000.0
INV006650,130445,107,23460.0
INV004683,164874,108,1900.0
INV019248,106967,102,38000.0
INV003267,135256,104,3750.0
INV013206,164046,101,2900.0
INV011971,110528,103,7000.0
INV017709,107966,108,1900.0
INV003437,158613,108,1421.0
INV015335,122150,102,19000.0
INV018584,155364,107,38000.0
INV006299,109375,102,36750.0
INV011842,108831,108,2900.0
INV009691,106361,102,27440.0
INV002861,103728,105,4214.0
INV003037,109584,108,3750.0
INV001551,130622,104,5750.0
INV015270,135838,107,1938.0
INV004335,130544,102,43000.0
INV010458,148312,102,19000.0
INV008248,128949,101,28175.0
INV013774,118432,108,10750.0
INV012661,115302,102,9690.0
INV001878,126272,108,10750.0
INV003794,110216,108,43860.0
INV016372,102193,107,35000.0
INV000829,159133,101,115000.0
INV005496,120831,107,7250.0
INV013151,131227,107,15500.0
INV014841,107506,106,63240.0
INV011078,151130,101,14500.0
INV016256,103564,108,19000.0
INV006116,104638,101,7600.0
INV002909,135455,105,1450.0
INV019964,990817,101,9974.36
INV000503,156707,106,1900.0
INV016497,153832,103,28420.0
INV013877,148343,104,14280.0
INV016255,141681,101,29580.0
INV005721,117099,107,2900.0
INV000741,166074,101,7350.0
INV012127,162158,105,37500.0
INV005183,122551,106,18750.0
INV012317,112470,104,4300.0
INV016240,160025,105,8428.0
INV008489,101805,106,21500.0
INV018939,165089,103,15500.0
INV009160,140990,103,7250.0
INV005341,158627,101,8428.0
INV009573,116577,106,23460.0
INV004954,103853,104,14500.0
INV004238,105431,108,8428.0
INV006239,111774,105,115000.0
INV008702,133710,104,3800.0
INV018195,136420,106,14280.0
INV016021,111324,102,14280.0
INV008157,115336,102,5684.0
INV014822,165962,106,7752.0
INV007716,110424,102,15190.0
INV018318,118255,106,27440.0
INV009135,119665,101,115000.0
INV013471,104166,102,23000.0
INV008843,162372,101,28750.0
INV015581,124502,106,3825.0
INV005926,153302,106,31000.0
INV008425,109098,107,137200.0
INV014309,151479,102,21500.0
INV004399,153274,102,1900.0
INV017036,121669,103,10535.0
INV002747,139088,101,7250.0
INV009935,160418,106,7448.0
INV017832,113413,107,6860.0
INV008659,132863,108,31620.0
INV012136,149015,104,58650.0
INV017328,111089,107,38000.0
INV005122,130962,104,36750.0
INV018871,151892,103,1479.0
INV003686,103250,105,28750.0
INV002555,153904,105,28560.0
INV016753,152266,101,5750.0
INV008514,149123,105,43000.0
INV004326,120343,108,3800.0
INV017981,158870,101,10535.0
INV018782,138673,107,5750.0
INV012936,160484,104,115000.0
INV004997,119654,107,19000.0
INV000816,132734,106,71400.0
INV008646,128807,108,11500.0
INV014448,157228,106,62000.0
INV002974,161189,102,42140.0
INV018395,142129,102,31000.0
INV010628,145099,108,9310.0
INV014495,131139,108,62000.0
INV015869,131064,102,6200.0
INV004967,152066,105,37240.0
INV016759,140605,107,6200.0
INV000320,102277,102,11500.0
INV010535,127392,105,137200.0
INV019056,126799,105,18750.0
INV018363,158505,105,3800.0
INV010082,117766,107,29580.0
INV004427,152108,108,23000.0
INV004112,155001,104,2900.0
INV010259,166056,105,8600.0
INV018126,138625,104,1900.0
INV017930,159143,102,14500.0
INV013598,109011,107,8772.0
INV004599,126260,105,35700.0
INV003336,121541,105,14280.0
INV019989,923329,104,15482.74
INV018250,147762,103,2150.0
INV000721,116213,102,19000.0
INV006914,116851,108,5800.0
INV019091,103602,102,8428.0
INV016154,101374,104,3675.0
INV014602,128560,106,31000.0
INV001469,159005,108,9310.0
INV008998,151782,102,7140.0
INV017229,160367,104,7350.0
INV005897,157067,106,3800.0
INV000056,125732,101,43000.0
INV010816,153900,107,8600.0
INV002177,146040,101,1900.0
INV007010,151675,106,4214.0
INV012988,110693,101,57500.0
INV006041,132819,101,7600.0
INV019666,917470,104,83967.82
INV011210,134963,106,75000.0
INV004036,110607,107,23460.0
INV005358,108463,102,35700.0
INV009756,149052,102,117300.0
INV014058,123389,101,18750.0
INV009382,106962,101,57500.0
INV002202,110360,104,75000.0
INV018120,152054,107,70000.0
INV013606,154010,104,6200.0
INV008699,139024,102,4300.0
INV016446,106192,107,7000.0
INV013804,165912,106,21500.0
INV006787,126947,106,15000.0
INV007217,129322,105,8600.0
INV003997,109667,108,7650.0
INV008894,117977,104,7448.0
INV002192,120953,107,5865.0
INV001076,113853,103,1900.0
INV014023,103313,106,35000.0
INV002451,129175,108,14700.0
INV015639,127663,101,57500.0
INV018183,127738,104,62000.0
INV013784,146227,106,12400.0
INV005061,148783,102,19000.0
INV011473,124491,102,7500.0
INV013244,103714,105,35000.0
INV002475,117003,107,3162.0
INV011227,164967,106,12400.0
INV017264,115402,107,2107.0
INV017095,155433,107,75000.0
INV009767,161871,104,5800.0
INV010930,134308,108,3750.0
INV018032,134998,105,62000.0
INV012772,110988,102,15500.0
INV006217,157688,105,38250.0
INV016268,136092,104,14000.0
INV012220,122667,108,8600.0
INV019778,916104,108,25894.81
INV019103,146914,102,27440.0
INV012090,131815,102,3162.0
INV014162,153992,106,10750.0
INV018947,147205,101,14500.0
INV007625,135722,108,43860.0
INV001688,133512,108,9500.0
INV011291,155289,104,75000.0
INV000765,103681,104,35000.0
INV011888,152319,102,29000.0
INV016175,103908,104,43860.0
INV003718,114903,106,1479.0
INV005512,135884,104,35700.0
INV016337,117713,108,31000.0
INV006853,139265,103,2150.0
INV000042,108178,108,42140.0
INV016995,121493,106,5750.0
INV000631,124937,101,1900.0
INV004161,111672,106,57500.0
INV009105,161311,106,7395.0
INV011711,111760,103,12400.0
INV013646,152293,104,23000.0
INV014134,162932,104,7600.0
INV012565,127525,103,1862.0
INV007684,127397,107,29000.0
INV014262,147379,105,38000.0
INV006119,132384,104,5684.0
INV011529,157803,108,115000.0
INV010434,112293,101,2900.0
INV016335,139219,107,3162.0
INV019623,946225,104,45193.28
INV012360,154147,104,2107.0
INV011206,161122,104,2107.0
INV015154,120562,104,1900.0
INV016631,133403,107,4214.0
INV012133,160641,104,14210.0
INV019985,986524,101,51886.26
INV011162,142615,101,12400.0
INV014830,148951,106,21930.0
INV011470,133334,103,3750.0
INV017976,119284,101,9500.0
INV008533,129457,102,1900.0
INV002732,160544,107,7105.0
INV014505,144606,101,68600.0
INV010348,163990,102,2900.0
INV013342,159334,101,3100.0
INV003866,148442,101,29325.0
INV005277,122359,104,19000.0
INV003658,107106,104,2958.0
INV004528,155949,103,115000.0
INV014040,109306,104,70000.0
INV006573,137355,101,1862.0
INV018675,102400,105,43000.0
INV012036,152054,101,35000.0
INV016107,115627,102,19380.0
INV014640,135009,108,3100.0
INV015515,141317,107,21930.0
INV013448,114562,103,29580.0
INV017859,131777,104,38250.0
INV005182,143659,103,8772.0
INV011103,153481,105,5750.0
INV015546,105391,101,62000.0
INV000024,107045,101,2150.0
INV014656,104887,106,4386.0
INV014995,118567,108,28560.0
INV017393,154363,104,12400.0
INV016618,102062,104,38000.0
INV015324,112235,106,5865.0
INV002971,104873,101,23000.0
INV006455,100655,101,3750.0
INV011494,112606,101,14210.0
INV014247,158548,104,6200.0
INV014511,144660,107,7500.0
INV019409,141015,104,29000.0
INV003900,140951,108,140000.0
INV017382,153737,103,11500.0
INV012845,145215,107,18750.0
INV011651,122174,101,28420.0
INV004728,137495,101,11730.0
INV004320,137984,104,14210.0
INV004646,140388,108,30380.0
INV006607,130334,103,5800.0
INV010470,139819,103,35700.0
INV013938,120222,103,3876.0
INV007473,127482,105,37500.0
INV002940,117527,106,28420.0
INV008529,148642,102,4214.0
INV006861,111336,105,18750.0
INV007660,109179,105,14210.0
INV011743,160923,106,7600.0
INV018398,119728,104,19000.0
INV017608,109447,102,8600.0
INV002742,115121,104,28000.0
INV014071,153293,105,57500.0
INV015491,119955,101,15810.0
INV008213,104603,105,28000.0
INV010906,133413,107,7600.0
INV010941,101101,105,14000.0
INV007926,144280,101,140000.0
INV003027,115206,108,13720.0
INV003184,142390,101,1900.0
INV011642,109995,103,3800.0
INV012074,113228,107,3800.0
INV002848,128257,103,28560.0
INV011753,139590,102,117300.0
INV018220,115037,102,42140.0
INV009373,135971,108,28750.0
INV004821,157393,107,5800.0
INV000718,163889,106,14500.0
INV003883,106751,105,4300.0
INV004717,133429,108,31620.0
INV008583,150415,104,27440.0
INV016368,108761,101,28560.0
INV005876,166574,101,70000.0
INV012754,108826,107,31000.0
INV012277,101819,107,29580.0
INV009015,108517,108,15000.0
INV015130,164832,105,37500.0
INV002687,117356,104,31000.0
INV000361,124017,103,140000.0
INV006840,147331,104,11500.0
INV000132,166580,105,29000.0
INV014198,134097,103,2193.0
INV016896,140803,107,2150.0
INV008140,129128,105,58650.0
INV017727,151805,102,3038.0
INV012151,108142,106,38000.0
INV000793,124457,101,28750.0
INV015724,121856,102,140000.0
INV017695,135129,108,75000.0
INV017395,129322,108,7600.0
INV000007,100392,106,28750.0
INV010061,137009,107,6324.0
INV018770,134451,101,28000.0
INV002150,112907,106,8428.0
INV008008,158936,108,7140.0
INV007937,149736,101,3724.0
INV013381,114046,101,19380.0
INV005772,138500,105,18750.0
INV016184,155112,102,70000.0
INV018047,156051,102,7250.0
INV014631,142675,102,36750.0
INV004856,150140,102,3800.0
INV002178,117400,103,18375.0
INV011379,129510,104,7000.0
INV010244,106923,104,1421.0
INV005696,121666,106,14210.0
INV013979,139022,107,5750.0
INV005219,117771,103,35000.0
INV013445,155563,104,9690.0
INV011622,164974,108,2900.0
INV006033,115667,102,43000.0
INV000565,111263,105,42140.0
INV001066,102309,107,22540.0
INV017025,120134,106,28420.0
INV014809,144656,103,8600.0
INV001906,162521,108,7250.0
INV017141,116247,101,29000.0
INV007278,135819,107,10750.0
INV009481,153545,107,3825.0
INV011373,143869,101,7500.0
INV015862,117706,108,3800.0
INV010027,123662,107,5865.0
INV008232,146511,101,75000.0
INV013709,144023,108,3675.0
INV015430,136024,105,7000.0
INV005851,102216,102,2842.0
INV012862,155076,104,43000.0
INV014749,101111,102,7600.0
INV011313,126921,103,2107.0
INV015446,141429,101,28750.0
INV009900,113630,103,3800.0
INV015509,128438,107,38000.0
INV014026,146614,103,75000.0
INV010508,107083,106,9500.0
INV019463,154583,104,38760.0
INV006309,157014,108,19000.0
INV017954,153206,105,5635.0
INV019693,993140,106,54640.4
INV007849,103807,107,21930.0
INV011596,135190,107,38000.0
INV006790,151535,103,70000.0
INV004219,161405,106,60760.0
INV019600,958392,106,19011.29
INV005557,100470,106,1900.0
INV019886,927348,104,45975.43
INV000570,105036,108,3750.0
INV017997,126161,106,8600.0
INV016100,134170,103,5750.0
INV005444,103885,106,7250.0
INV010501,105289,101,12400.0
INV002011,144155,108,11730.0
INV002324,141036,107,115000.0
INV000572,129407,105,42140.0
INV008395,156710,104,8428.0
INV007312,102899,105,14210.0
INV009887,150960,104,6860.0
INV002418,101380,103,10965.0
INV001583,156932,108,14500.0
INV005633,132629,106,3800.0
INV000112,105950,102,2842.0
INV001859,155760,104,1862.0
INV006295,145839,108,12400.0
INV019177,132348,101,35000.0
INV011682,152026,105,5865.0
INV005397,111372,108,12400.0
INV007198,100140,101,31620.0
INV006386,149563,103,4300.0
INV016162,119763,106,5684.0
INV011050,163298,103,28000.0
INV009531,157644,102,7105.0
INV011289,128319,107,13720.0
INV013149,156291,107,29000.0
INV019775,984178,106,43030.47
INV009189,127522,107,3800.0
INV012654,161111,102,3750.0
INV005275,138293,108,18750.0
INV019722,912013,104,89170.28
INV001700,143460,106,5800.0
INV017970,157487,107,7500.0
INV005704,149495,105,5800.0
INV014490,103484,105,8600.0
INV000128,126611,105,29580.0
INV006020,159925,106,3800.0
INV010598,157074,105,68600.0
INV016591,166468,107,1450.0
INV011945,160301,104,6324.0
INV006000,160791,104,19000.0
INV018869,134403,105,15300.0
INV002314,134391,102,7650.0
INV010091,126197,103,21930.0
INV007261,110326,104,115000.0
INV013083,120894,102,56350.0
INV015359,101070,101,68600.0
INV004499,140280,107,43000.0
INV011080,116275,103,7500.0
INV007221,159380,102,112700.0
INV012070,126518,103,2150.0
INV018641,143000,105,7600.0
INV005743,135361,104,21500.0
INV004304,102377,103,7250.0
INV004787,112007,107,31000.0
INV003426,151425,108,35000.0
INV001126,133666,102,5684.0
INV006308,127598,101,8600.0
INV015795,128084,104,23460.0
INV002261,157133,106,115000.0
INV018452,120519,101,37500.0
INV001747,109707,107,37500.0
INV018107,150196,102,2958.0
INV018525,108183,105,3825.0
INV016326,135949,101,142800.0
INV016298,113110,106,15300.0
INV003965,150738,103,43000.0
INV015919,100521,101,23460.0
INV015010,142271,103,18750.0
INV009804,127796,102,12400.0
INV002384,131531,105,5800.0
INV005619,106803,108,7500.0
INV000208,118829,103,37500.0
INV005485,104128,104,3800.0
INV012676,135264,101,22540.0
INV019065,107413,108,10750.0
INV012831,120649,103,14280.0
INV009108,165970,101,68600.0
INV016910,118190,102,18620.0
INV010853,105631,104,14000.0
INV009503,141365,102,43860.0
INV008282,145066,105,15000.0
INV013508,113203,104,3750.0
INV016277,113104,105,13720.0
INV004269,118986,104,1421.0
INV008892,137294,104,75000.0
INV008503,152490,107,28750.0
INV007147,158693,105,38250.0
INV000873,105947,103,6076.0
INV014922,128944,106,18750.0
INV001269,125665,101,62000.0
INV019771,920492,108,26114.81
INV007649,126672,101,35000.0
INV016432,109119,104,75000.0
INV010779,104184,106,15300.0
INV005801,104563,102,3750.0
INV007015,143883,103,38000.0
INV003837,160343,102,42140.0
INV016524,151314,107,9690.0
INV018784,163215,107,38000.0
INV018066,104282,108,3800.0
INV015464,112872,105,14500.0
INV017081,156880,104,1900.0
INV006338,165690,103,75000.0
INV005283,106086,102,1479.0
INV012315,121425,106,73500.0
INV012318,141944,108,70000.0
INV012657,139331,105,1450.0
INV010426,122326,102,7250.0
INV001208,117331,105,2150.0
INV015733,102425,103,2150.0
INV012031,164960,103,4214.0
INV018537,147435,106,57500.0
INV018029,159998,102,3162.0
INV016483,147463,102,2900.0
INV012326,128054,101,15500.0
INV015445,124281,103,7350.0
INV007174,156613,107,34300.0
INV007262,135873,105,8600.0
INV007071,117719,101,9500.0
INV017070,164598,104,2193.0
INV011860,110392,105,75000.0
INV006742,115693,105,2900.0
INV009672,148901,108,28750.0
INV000435,114935,105,15500.0
INV004358,155631,103,68600.0
INV012183,134175,102,2900.0
INV012938,111356,104,1450.0
INV012622,147630,104,7500.0
INV019825,914206,105,30044.63
INV008586,139378,102,8600.0
INV009645,118849,106,35700.0
INV001967,110904,106,1900.0
INV001803,148830,108,14500.0
INV006216,150231,103,5750.0
INV002873,111489,104,73500.0
INV018891,153282,102,3800.0
INV016447,161210,108,29000.0
INV004286,125058,102,1938.0
INV006501,100934,104,7250.0
INV007059,123886,104,7000.0
INV005078,120269,103,6200.0
INV018062,119466,102,7140.0
INV001940,151421,102,9310.0
INV019641,953723,102,54947.42
INV000593,145561,108,7000.0
INV001896,161204,103,70000.0
INV019929,971112,105,51138.26
INV015548,151351,108,71400.0
INV014876,132106,106,3162.0
INV015815,138461,101,22540.0
INV004580,116748,106,3800.0
INV008159,131840,106,5865.0
INV006196,154099,108,2150.0
INV005892,111416,104,9310.0
INV005479,126128,108,13720.0
INV011001,157374,106,14500.0
INV005923,105859,107,76500.0
INV000096,127273,108,35700.0
INV004935,110660,103,12152.0
INV011729,113708,107,14700.0
INV010209,157862,102,5800.0
INV005762,125197,108,14000.0
INV001095,110398,102,28000.0
INV014390,127179,101,5800.0
INV008237,106810,107,5750.0
INV010872,142127,102,18750.0
INV006107,157536,107,2193.0
INV013962,160686,103,3750.0
INV002378,115454,104,11500.0
INV005980,102343,108,6200.0
INV016874,134029,108,9310.0
INV016343,148653,107,9500.0
INV009855,153457,107,42140.0
INV007599,110801,104,3825.0
INV016639,158297,101,38000.0
INV008936,134753,105,14790.0
INV011233,103425,107,63240.0
INV015653,109173,102,6200.0
INV006846,152447,108,137200.0
INV012361,164501,106,62000.0
INV013571,136286,102,3800.0
INV002577,141479,105,115000.0
INV007457,137552,107,14500.0
INV019326,111539,108,2900.0
INV010393,162099,107,8772.0
INV000704,146980,107,7752.0
INV014088,159674,107,62000.0
INV003847,148375,106,2900.0
INV008051,140813,107,27440.0
INV012832,148482,104,2150.0
INV010891,163576,102,37240.0
INV006777,151966,106,75000.0
INV008528,151894,105,140000.0
INV013645,100090,108,19000.0
INV014002,140147,102,3800.0
INV000409,105780,107,21500.0
INV006970,133779,101,12400.0
INV019006,142542,104,8600.0
INV004962,155524,101,28175.0
INV017696,110554,107,7500.0
INV007543,118791,106,14500.0
INV005683,149042,102,10535.0
INV006860,133188,108,10965.0
INV007638,147568,108,7500.0
INV009166,116307,106,62000.0
INV010403,144697,105,37240.0
INV012121,122810,104,14700.0
INV016553,132123,106,7752.0
INV002095,148789,102,1900.0
INV013771,139324,103,7000.0
INV018322,164748,102,4214.0
INV000242,125464,103,9500.0
INV019679,956677,102,18528.93
INV014601,163151,105,18750.0
INV017134,108723,103,15500.0
INV004591,135831,105,23460.0
INV004096,146272,106,3038.0
INV019415,120782,103,3675.0
INV016767,100697,107,8428.0
INV019185,131961,102,35700.0
INV008296,105839,104,11500.0
INV013856,120912,107,3100.0
INV005656,129602,103,5800.0
INV010191,100686,107,4300.0
INV013156,148607,102,5916.0
INV014069,112702,102,112700.0
INV012527,112993,108,62000.0
INV002442,100815,105,8600.0
INV017336,106258,101,15300.0
INV018475,165761,108,2150.0
INV013904,166424,108,28750.0
INV018077,150345,103,57500.0
INV012017,135500,103,18375.0
INV008550,105923,107,11270.0
INV004359,123386,106,11730.0
INV013095,108383,102,15000.0
INV004594,150768,103,3100.0
INV012635,144479,102,5750.0
INV008636,149740,106,15000.0
INV011400,152554,104,9310.0
INV003693,135442,103,1450.0
INV000327,164863,101,6200.0
INV019561,980374,106,19177.25
INV014738,154095,101,9690.0
INV002289,158083,106,1421.0
INV018323,126595,105,3100.0
INV011941,100229,104,5865.0
INV012850,130846,106,23000.0
INV016016,155875,103,8772.0
INV016821,159355,104,4386.0
INV013358,111951,101,18375.0
INV010096,115997,108,12648.0
INV001500,136324,101,56350.0
INV010974,162611,107,76500.0
INV006716,140887,104,2900.0
INV005178,144296,104,62000.0
INV004340,125184,105,5800.0
INV011578,163507,107,19125.0
INV015972,117997,103,3724.0
INV018351,151039,101,28750.0
INV011083,134131,103,117300.0
INV007243,126432,106,3800.0
INV005940,123140,107,63240.0
INV006246,141682,105,8428.0
INV009167,155565,105,5916.0
INV006933,122225,105,5865.0
INV018669,136298,106,3100.0
INV008748,140826,106,115000.0
INV009447,159279,104,14280.0
INV009305,149901,101,18620.0
INV003713,130395,108,75000.0
INV006595,140166,102,14000.0
INV004352,145985,102,29325.0
INV015002,116850,108,7752.0
INV008744,116998,101,117300.0
INV010716,119525,103,29580.0
INV018366,165597,101,5750.0
INV000807,144690,101,1900.0
INV019642,968847,103,27484.02
INV017795,114454,103,9500.0
INV008262,145473,101,35000.0
INV009664,149399,101,29000.0
INV007045,138737,108,57500.0
INV009241,157773,107,7250.0
INV014506,159020,102,28000.0
INV015517,115336,101,3675.0
INV009327,112942,105,29325.0
INV018653,112360,105,14790.0
INV001807,158046,103,140000.0
INV008717,110817,104,35000.0
INV000533,154536,102,29000.0
INV019630,913324,106,60472.2
INV001011,150458,108,2107.0
INV008651,133668,107,2900.0
INV009378,158713,105,2150.0
INV015505,160563,101,6200.0
INV009853,154949,104,12400.0
INV017406,133690,105,43000.0
INV017950,104735,104,7650.0
INV004947,108556,104,5750.0
INV003580,143669,103,19380.0
INV013739,150978,105,11500.0
INV014888,148061,105,2958.0
INV002870,153474,103,6324.0
INV013613,110833,108,5750.0
INV005720,159268,101,4214.0
INV004285,111572,108,63240.0
INV014611,102465,107,18620.0
INV012488,151792,104,27440.0
INV011758,156738,104,28420.0
INV002308,166559,103,68600.0
INV006681,147454,102,27440.0
INV003382,156545,107,35000.0
INV017918,135805,101,14280.0
INV013334,107991,103,28750.0
INV012526,162024,108,112700.0
INV012679,145230,101,15000.0
INV015449,166496,106,8600.0
INV000853,158314,107,35000.0
INV017119,147031,107,62000.0
INV018728,158517,103,12400.0
INV007816,149268,102,14000.0
INV003733,148875,105,6200.0
INV002887,144252,102,63240.0
INV015939,114409,107,7500.0
INV012409,155625,106,3800.0
INV006539,146429,104,9500.0
INV010730,136312,102,37500.0
INV012959,111141,102,38250.0
INV000126,125765,108,1862.0
INV015652,109998,105,19125.0
INV011586,129163,106,35000.0
INV014297,166050,103,15810.0
INV018127,161557,104,71400.0
INV015184,129776,102,9310.0
INV010834,100062,106,2107.0
INV003501,107488,102,2900.0
INV007616,161347,106,2900.0
INV015400,134070,102,28750.0
INV006528,112272,103,3800.0
INV010734,132484,102,7395.0
INV013189,159440,108,5800.0
INV011518,112334,107,6200.0
INV004926,139188,104,3162.0
INV011643,134697,108,14000.0
INV015005,106294,104,7140.0
INV019901,945940,107,18187.53
INV018933,166624,107,3675.0
INV017377,147149,101,15500.0
INV004355,141752,103,23000.0
INV011918,144195,104,43000.0
INV000887,166318,104,3100.0
INV012063,143265,108,6200.0
INV010439,116377,108,140000.0
INV010601,117491,104,7000.0
INV007671,163420,106,140000.0
INV009403,125576,103,19000.0
INV006019,116196,107,70000.0
INV019020,124619,104,18750.0
INV009870,159035,103,2107.0
INV012767,141759,105,10965.0
INV016181,114812,108,1900.0
INV012585,116242,106,42140.0
INV005391,148629,105,62000.0
INV010594,101119,108,5800.0
INV010364,129374,101,7140.0
INV011300,137726,101,70000.0
INV008482,101225,101,1938.0
INV004774,100561,106,142800.0
INV008761,110580,103,2900.0
INV016309,148532,106,8428.0
INV016711,139682,107,3750.0
INV016784,129762,101,7448.0
INV009889,109133,105,142800.0
INV000471,146975,101,7600.0
INV017820,108527,107,7140.0
INV014884,128919,107,11730.0
INV005610,100682,102,7105.0
INV003332,163961,101,3724.0
INV002569,151248,107,140000.0
INV019860,913917,103,7440.98
INV014192,127679,107,28560.0
INV005265,153122,104,3162.0
INV014204,163692,102,38000.0
INV011902,128665,105,7000.0
INV004090,113981,108,6200.0
INV018389,142877,107,9500.0
INV007358,100457,101,2107.0
INV003504,127290,104,11730.0
INV008259,141577,106,19125.0
INV011824,138971,101,73500.0
INV015085,117382,101,56350.0
INV005054,117194,107,29000.0
INV014453,142548,101,8772.0
INV007371,138498,105,14000.0
INV002642,160935,105,11270.0
INV017665,124951,106,15300.0
INV016988,158716,106,15500.0
INV005818,157817,107,15000.0
INV011894,145577,108,29000.0
INV008921,165479,103,9690.0
INV015588,106101,105,9310.0
INV003999,148342,105,7250.0
INV014838,114576,102,19000.0
INV009002,151014,102,4300.0
INV017214,119807,105,19000.0
INV019564,978930,104,62350.35
INV010702,166224,108,56350.0
INV003092,103507,103,31620.0
INV011988,157567,103,8600.0
INV001923,158969,105,28420.0
INV004870,160874,102,35700.0
INV010989,163809,102,7448.0
INV012822,115765,101,1450.0
INV015283,162731,102,19125.0
INV009076,146599,106,7350.0
INV017793,107130,107,4300.0
INV013723,136483,107,35000.0
INV015811,109813,102,7650.0
INV010078,147995,106,12648.0
INV006695,160678,105,15300.0
INV014869,154413,104,1900.0
INV018920,124907,103,142800.0
INV000263,141030,105,70000.0
INV013802,143960,105,21500.0
INV013182,112184,107,29325.0
INV003444,110672,107,28420.0
INV011274,120036,106,19000.0
INV012900,120202,104,2150.0
INV011466,108097,106,1900.0
INV003711,146377,102,3038.0
INV005154,127005,107,43860.0
INV006989,151018,101,43000.0
INV005356,159595,102,31000.0
INV010282,112466,105,12648.0
INV019397,163029,106,4300.0
INV005709,101425,105,29000.0
INV019222,122659,103,9500.0
INV017400,155147,105,2958.0
INV018087,145532,106,3724.0
INV008756,123428,102,10750.0
INV005458,121435,101,4214.0
INV004649,136251,107,19000.0
INV002631,125620,102,9690.0
INV017753,103692,102,5800.0
INV017088,130587,103,7140.0
INV016690,127792,101,28000.0
INV002019,103212,107,58650.0
INV018104,134493,106,2193.0
INV007479,105550,108,7752.0
INV012625,107720,108,18750.0
INV014442,140121,101,71400.0
INV001966,108415,101,58650.0
INV000088,150011,104,71400.0
INV010299,158218,102,11500.0
INV004718,131330,104,1900.0
INV011898,148100,108,43000.0
INV010798,123943,105,21500.0
INV014043,113301,107,2900.0
INV011287,159212,107,56350.0
INV015963,114243,108,56350.0
INV010639,114136,102,3724.0
INV016413,113098,103,117300.0
INV005525,139813,101,57500.0
INV005614,109252,104,7448.0
INV013475,139297,106,5684.0
INV003274,109556,104,58650.0
INV012789,149873,105,3750.0
INV008696,125948,102,3750.0
INV012395,131473,102,43000.0
INV006554,153413,102,5684.0
INV009244,166432,103,21500.0
INV017056,106235,105,71400.0
INV009049,121028,101,19380.0
INV009789,111109,101,4214.0
INV008535,146718,102,62000.0
INV000934,130238,104,7250.0
INV009195,101101,102,11500.0
INV001100,108270,103,15500.0
INV012529,136274,103,29000.0
INV012012,143946,106,75000.0
INV018902,156887,108,7600.0
INV010466,103202,102,7000.0
INV000548,118601,102,2150.0
INV019822,985732,106,54473.85
INV015299,137264,105,7000.0
INV006164,128896,104,140000.0
INV005790,112415,106,28000.0
INV003565,115725,108,28000.0
INV014827,112509,105,63240.0
INV003349,124053,106,4386.0
INV019083,130995,105,35000.0
INV007622,116369,105,8428.0
INV013994,116199,104,13720.0
INV008272,135425,106,43000.0
INV007975,107465,107,8600.0
INV007322,104864,107,15000.0
INV002143,110397,104,23000.0
INV003353,129249,106,4300.0
INV004610,111743,107,38000.0
INV014717,131456,108,75000.0
INV015863,143518,106,7350.0
INV012162,101246,107,2150.0
INV013649,108262,103,5750.0
INV005910,104520,103,57500.0
INV017963,152684,103,3800.0
INV003609,137440,102,43000.0
INV009877,139398,101,1450.0
INV015360,166051,101,15300.0
INV011900,154167,107,35000.0
INV017077,158342,101,29580.0
INV014664,143771,101,14000.0
INV016329,154981,103,2150.0
INV009278,157459,101,57500.0
INV003158,130198,108,15500.0
INV016667,147638,103,2958.0
INV018663,101746,108,12400.0
INV012387,117167,108,1862.0
INV006934,121790,104,2900.0
INV009696,146059,108,3750.0
INV007035,143404,102,28000.0
INV007680,133215,104,57500.0
INV017622,140160,107,15500.0
INV007099,120916,101,10965.0
INV011838,108337,101,12152.0
INV010194,104900,103,3800.0
INV006126,148769,108,10750.0
INV004189,148145,108,18375.0
INV011576,115858,108,60760.0
INV011424,155764,108,3800.0
INV011016,113741,103,15810.0
INV009580,155024,102,21500.0
INV002523,160717,102,14280.0
INV006661,131569,101,2900.0
INV017431,148287,103,35000.0
INV001504,106975,101,18750.0
INV019042,139256,103,7500.0
INV002272,114959,105,14700.0
INV009526,136079,104,38760.0
INV009729,143490,101,12400.0
INV015496,112663,101,2107.0
INV012232,134287,103,3100.0
INV011587,102229,108,3724.0
INV017060,112325,106,71400.0
INV005472,121522,108,4214.0
INV014041,129123,103,1421.0
INV015107,127391,104,4214.0
INV011565,155390,102,15000.0
INV011228,100251,107,70000.0
INV015290,101386,104,7350.0
INV013750,121605,105,140000.0
INV010453,112500,106,11730.0
INV017951,144957,108,7000.0
INV018371,129208,104,63240.0
INV007488,125780,104,1938.0
INV011837,154473,104,12400.0
INV004614,164739,105,5750.0
INV014823,151080,104,1421.0
INV016949,153785,107,19000.0
INV004839,163953,104,3100.0
INV004186,140806,106,14500.0
INV014744,154318,108,70000.0
INV013433,107196,101,6076.0
INV005005,125855,102,7500.0
INV019654,903072,107,46848.83
INV002981,162267,106,73500.0
INV006622,138572,105,28750.0
INV015890,103938,101,36750.0
INV009255,133796,106,5684.0
INV003570,129281,101,2150.0
INV014158,138525,107,142800.0
INV001320,100640,107,1900.0
INV017532,159295,103,28750.0
INV009904,146087,101,4300.0
INV008058,135610,105,35000.0
INV013505,108184,106,5916.0
INV006761,122087,108,23000.0
INV011896,109370,104,28750.0
INV007309,140066,105,12400.0
INV017149,128195,104,28750.0
INV001615,122828,107,18620.0
INV013345,165742,102,28750.0
INV003222,160759,108,112700.0
INV007837,150741,106,7600.0
INV016641,164480,106,3800.0
INV019717,909348,106,34024.17
INV018687,121164,104,7000.0
INV007426,121141,107,56350.0
INV018976,144136,101,18620.0
INV016573,136076,105,12400.0
INV001236,164522,104,3800.0
INV015728,164111,102,115000.0
INV005441,113249,103,140000.0
INV015761,154193,108,38000.0
INV016897,119869,104,3800.0
INV018239,132475,103,7600.0
INV006608,115731,102,3800.0
INV007132,109322,106,2193.0
INV005187,113286,101,11500.0
INV010023,106701,102,15500.0
INV003188,107024,103,43000.0
INV013888,120024,108,7000.0
INV009144,125429,103,3800.0
INV016696,106120,104,62000.0
INV006090,133147,108,3876.0
INV018291,163785,107,71400.0
INV012978,108639,104,7105.0
INV003664,107871,107,21930.0
INV012218,144201,105,5750.0
INV000546,133769,106,142800.0
INV004826,150208,107,22540.0
INV008979,145173,105,35000.0
INV006744,125502,107,36750.0
INV002677,164527,108,10535.0
INV007070,123978,108,5750.0
INV014112,152458,106,27440.0
INV001355,108784,108,3724.0
INV001118,106173,105,37240.0
INV003185,132035,107,5865.0
INV004829,155059,101,3825.0
INV015967,124985,107,76500.0
INV017484,114058,107,21500.0
INV016973,160403,104,31000.0
INV005606,120539,108,7752.0
INV019818,914708,108,80410.15
INV002809,105815,103,28560.0
INV013641,146234,103,11270.0
INV005353,151325,101,15500.0
INV018568,138811,107,15300.0
INV019678,915118,107,48760.91
INV015121,114109,107,8428.0
INV016178,123750,101,35700.0
INV002547,146052,101,60760.0
INV006287,113402,103,28000.0
INV013520,104715,107,35000.0
INV010168,153942,107,6324.0
INV016456,124587,106,18750.0
INV000950,139021,108,6860.0
INV013939,137850,105,12648.0
INV017270,124748,108,42140.0
INV001427,116277,104,7500.0
INV010854,133000,107,1450.0
INV007187,163703,105,5865.0
INV015641,120467,105,62000.0
INV006198,147954,107,7600.0
INV005134,105466,108,10965.0
INV018101,131401,101,3038.0
INV019193,131499,101,75000.0
INV003420,134737,101,10965.0
INV016159,131223,103,38250.0
INV017688,113936,108,14210.0
INV017004,125909,105,5800.0
INV014045,116491,107,23000.0
INV013234,138113,107,57500.0
INV016555,132153,102,12152.0
INV013113,119301,101,73500.0
INV001517,158136,103,7500.0
INV003271,105767,102,57500.0
INV002559,164681,108,3162.0
INV018775,161748,106,3100.0
INV003881,127553,107,22540.0
INV001908,118195,103,1450.0
INV018391,130052,104,14000.0
INV002787,157559,105,15500.0
INV006277,108948,108,1900.0
INV008832,137103,103,7600.0
INV007911,154013,107,57500.0
INV017932,166150,108,38760.0
INV001623,156307,101,11270.0
INV014378,149058,103,10750.0
INV012593,116184,105,30380.0
INV000735,135061,107,7600.0
INV016471,145579,108,1421.0
INV014958,163990,104,14210.0
INV004308,148563,104,28420.0
INV009856,117278,106,2958.0
INV017420,152902,105,1862.0
INV006334,154224,105,31000.0
INV009932,122383,105,62000.0
INV003459,105622,107,2900.0
INV017052,134043,106,1862.0
INV007344,160677,102,2900.0
INV017519,163521,107,14000.0
INV017016,149967,103,28560.0
INV003978,104443,104,15500.0
INV002107,142670,107,7600.0
INV010080,108291,105,5800.0
INV019411,109694,105,8772.0
INV002925,150176,104,21930.0
INV011332,125925,104,10750.0
INV019927,957674,107,55989.23
INV004221,143354,102,1479.0
INV018381,149498,103,15190.0
INV004953,164400,108,3876.0
INV019789,930306,101,31484.74
INV004257,141299,103,4386.0
INV001723,106456,108,28000.0
INV008484,136565,107,14500.0
INV011531,114940,104,38000.0
INV003434,146509,108,37500.0
INV017502,146571,108,27440.0
INV012724,133790,103,12400.0
INV010060,158635,108,2842.0
INV002503,166152,106,7350.0
INV008035,163620,103,29580.0
INV016602,166232,104,4386.0
INV010156,112163,103,15000.0
INV016975,132160,101,7500.0
INV000879,153844,102,7448.0
INV012444,143372,107,21500.0
INV000996,143993,106,35000.0
INV003636,156125,103,11500.0
INV019619,996963,105,24963.72
INV015099,141913,104,2842.0
INV001343,102970,107,43000.0
INV003763,135392,105,2150.0
INV012842,154120,105,23000.0
INV014753,156615,106,1450.0
INV005128,120690,106,75000.0
INV013446,137565,103,14210.0
INV016574,145916,107,28000.0
INV015190,122963,104,37500.0
INV010476,105404,103,14500.0
INV006906,102545,101,9500.0
INV012670,105617,107,22540.0
INV008182,160420,104,18750.0
INV015825,111151,107,5865.0
INV010548,129890,102,38000.0
INV008802,164650,101,12400.0
INV012008,125577,105,5800.0
INV011384,132479,108,57500.0
INV001715,162086,106,12400.0
INV017982,139720,101,9500.0
INV019338,109660,107,9500.0
INV004155,116402,105,3750.0
INV011726,117211,103,3750.0
INV005205,103941,106,35000.0
INV005136,103961,101,22540.0
INV016800,135403,103,115000.0
INV003874,166589,106,2193.0
INV012045,125288,103,7395.0
INV009179,110153,103,15000.0
INV005693,139474,104,10535.0
INV011637,106563,103,3750.0
INV004476,102759,102,140000.0
INV019237,113662,108,14500.0
INV000205,126808,101,14000.0
INV008368,138297,101,35000.0
INV001900,113945,102,7000.0
INV015918,146527,101,5684.0
INV018338,126960,106,60760.0
INV004790,126651,104,70000.0
INV013371,138145,101,15190.0
INV010035,116410,104,76500.0
INV015361,152529,106,3100.0
INV016637,133099,103,2900.0
INV004135,148627,101,14000.0
INV012643,110765,105,3100.0
INV010881,102082,107,5916.0
INV018159,101498,104,7600.0
INV009510,144501,105,4214.0
INV012377,119428,103,29580.0
INV004769,131314,101,3750.0
INV012336,115034,104,14280.0
INV013499,100628,102,7500.0
INV001451,104243,104,10965.0
INV005870,158964,107,34300.0
INV002753,116123,101,140000.0
INV017998,119105,101,70000.0
INV013630,147110,105,7250.0
INV017496,164027,101,8428.0
INV006620,130903,107,7350.0
INV019517,956922,103,56193.19
INV011704,164124,107,57500.0
INV015800,161085,107,23000.0
INV016379,119905,105,19000.0
INV002077,135496,103,43000.0
INV013279,131230,106,4214.0
INV006730,147391,103,5865.0
INV002099,143717,107,62000.0
INV001604,154466,101,14500.0
INV018098,160840,105,29000.0
INV016506,140601,105,14700.0
INV014698,138929,106,8428.0
INV008338,110195,107,37500.0
INV002003,111248,101,3038.0
INV013021,117270,107,1862.0
INV004174,154673,101,37500.0
INV009380,154601,108,35700.0
INV015960,134018,108,7000.0
INV013879,143241,103,15190.0
INV007451,158808,101,36750.0
INV001063,110087,106,140000.0
INV010460,113284,103,11270.0
INV011540,136695,108,2150.0
INV000220,111690,106,5750.0
INV016046,142031,104,10965.0
INV003626,161295,104,28175.0
INV004782,102079,107,43000.0
INV010938,143072,104,19000.0
INV016551,121045,104,1450.0
INV012987,162103,107,10750.0
INV007249,101469,108,1900.0
INV011740,140506,108,76500.0
INV005235,118157,106,2150.0
INV015186,129439,102,12400.0
INV011968,100387,107,27440.0
INV006540,155186,103,14500.0
INV019817,990351,106,16720.93
INV001478,131126,106,29000.0
INV016477,105178,103,3750.0
INV011426,143336,103,68600.0
INV014978,116783,105,18375.0
INV000984,123780,101,14700.0
INV012907,155830,108,43860.0
INV012164,122388,102,70000.0
INV016750,131610,107,7600.0
INV003412,109387,106,15500.0
INV012856,157270,103,27440.0
INV017479,119744,107,21930.0
INV014124,159307,105,27440.0
INV007531,101657,104,140000.0
INV018733,115855,104,3038.0
INV013576,146704,102,2900.0
INV012994,156080,108,12400.0
INV013027,159945,106,2900.0
INV014694,105916,102,142800.0
INV011444,166381,106,28750.0
INV000206,108816,103,8600.0
INV017415,126809,102,9690.0
INV015159,129131,102,18750.0
INV019094,101519,102,62000.0
INV018092,148964,101,1938.0
INV000170,146171,102,35000.0
INV017100,162134,106,115000.0
INV016718,149378,104,10750.0
INV019231,121488,104,142800.0
INV006089,151481,105,8772.0
INV000376,127408,106,5865.0
INV000179,105639,107,18750.0
INV015895,147773,101,21500.0
INV019208,100896,106,28420.0
INV000064,135353,106,6200.0
INV007825,161898,101,7250.0
INV008674,112364,108,73500.0
INV017435,129375,103,11500.0
INV010653,127682,107,15000.0
INV015426,109260,105,23000.0
INV012124,133563,107,35000.0
INV016676,146139,105,28000.0
INV001438,132723,103,10750.0
INV004990,103018,101,7250.0
INV001379,161104,102,3100.0
INV006332,119617,108,10750.0
INV000854,162976,107,3750.0
INV009329,152074,106,5800.0
INV009172,139144,104,1862.0
INV000027,124058,106,3724.0
INV003995,151666,108,112700.0
INV017462,108409,108,115000.0
INV003954,143574,107,9500.0
INV015374,147558,101,11500.0
INV008813,141404,104,19125.0
INV015933,164233,106,75000.0
INV004734,118248,104,34300.0
INV010547,122072,104,4300.0
INV012460,106086,104,117300.0
INV017707,140408,101,1450.0
INV008012,114537,108,43000.0
INV012843,124181,106,5750.0
INV012130,147469,103,11500.0
INV004469,126969,105,70000.0
INV015544,150843,108,18750.0
INV004420,127015,105,15500.0
INV012701,147609,105,7500.0
INV000374,136502,105,1421.0
INV006067,142597,105,62000.0
INV011392,134729,102,23000.0
INV014210,125373,108,115000.0
INV013117,106836,102,1900.0
INV017443,144300,102,70000.0
INV003010,111048,101,5800.0
INV005385,118447,101,3800.0
INV018839,114834,102,23000.0
INV018178,101746,105,142800.0
INV016060,108966,108,38250.0
INV015838,128744,102,13720.0
INV002568,151377,106,15500.0
INV009294,100836,105,3100.0
INV017823,162426,104,18750.0
INV016939,153440,104,6200.0
INV017808,157795,103,35700.0
INV001311,118135,107,22540.0
INV001010,121900,107,6076.0
INV004289,100319,101,75000.0
INV019506,936082,102,20814.5
INV007257,132578,104,2150.0
INV013092,126462,107,117300.0
INV002485,118185,101,35000.0
INV009992,151089,103,13720.0
INV015717,143634,106,6200.0
INV005847,137526,103,2193.0
INV010229,123551,102,4386.0
INV014684,133770,105,6860.0
INV009626,136519,102,19125.0
INV012273,161930,107,5750.0
INV001936,148430,106,11730.0
INV004963,124773,105,6860.0
INV001974,112291,102,19000.0
INV016710,130269,108,4300.0
INV002157,124255,101,7105.0
INV000483,154275,108,3675.0
INV000152,123908,108,14000.0
INV011605,131675,102,1450.0
INV004380,112753,106,140000.0
INV014163,128465,105,140000.0
INV004615,117995,102,5684.0
INV007466,102763,103,29000.0
INV007986,130464,105,1900.0
INV018160,127430,106,70000.0
INV002120,164550,102,8428.0
INV007763,159289,108,8600.0
INV005873,105387,105,21930.0
INV019731,997409,101,74683.03
INV016719,145248,103,3724.0
INV013456,166412,106,60760.0
INV007388,163734,104,115000.0
INV010205,149053,103,23000.0
INV010732,162768,102,9310.0
INV005835,140083,106,14000.0
INV003963,133974,101,22540.0
INV002277,105817,101,140000.0
INV000532,109115,107,9500.0
INV013211,147424,103,28560.0
INV014976,117192,105,11730.0
INV010632,131877,108,60760.0
INV005680,121122,103,3724.0
INV001963,150018,108,11270.0
INV013281,123682,107,3825.0
INV002806,157726,101,6324.0
INV009661,152589,107,18750.0
INV007260,145022,106,35700.0
INV008115,115383,107,36750.0
INV009119,163568,107,6860.0
INV000953,156551,105,38000.0
INV017136,117340,107,8600.0
INV018011,162991,102,21500.0
INV012247,142704,102,2842.0
INV010900,155532,107,7000.0
INV004091,150288,107,15000.0
INV001352,151091,101,18620.0
INV016766,131852,107,15810.0
INV017737,103381,102,14280.0
INV001123,107980,105,8772.0
INV007858,124030,106,3750.0
INV008483,129718,108,38760.0
INV007461,150612,108,28000.0
INV013720,138991,104,23000.0
INV014341,121168,108,13720.0
INV010983,149292,107,14000.0
INV012776,152026,102,38760.0
INV006190,106286,102,9500.0
INV012412,157328,107,140000.0
INV006179,159888,106,12400.0
INV012434,118803,105,11730.0
INV006806,142113,104,38250.0
INV018257,157708,108,12648.0
INV004148,145701,106,28175.0
INV015824,112874,103,1450.0
INV013583,126383,102,19380.0
INV010455,104188,102,14500.0
INV004841,137656,102,31000.0
INV006421,129873,104,28750.0
INV010429,150115,107,13720.0
INV006152,160691,105,3100.0
INV013711,122308,101,19000.0
INV003899,138574,107,21500.0
INV007699,162756,101,9500.0
INV017506,102324,103,19380.0
INV010693,133882,104,23000.0
INV006055,138990,108,35000.0
INV004168,136081,101,2107.0
INV002941,131469,103,3876.0
INV005689,159587,101,70000.0
INV001130,114462,102,6200.0
INV007123,112129,102,43000.0
INV002453,117228,101,5800.0
INV008178,162962,106,15810.0
INV003086,166130,108,2150.0
INV016087,149451,101,19000.0
INV016050,101673,102,2107.0
INV011706,151138,102,38000.0
INV012820,136068,102,28560.0
INV014927,137845,102,15000.0
INV011678,105420,107,8600.0
INV006199,140210,106,7000.0
INV005774,132225,102,63240.0
INV013869,124505,105,6200.0
INV014828,108170,104,15000.0
INV015746,153356,102,1900.0
INV004490,131379,106,14700.0
INV010890,150458,107,18750.0
INV002257,158737,107,29000.0
INV000665,148609,101,12400.0
INV008944,120545,105,18750.0
INV017472,151679,104,62000.0
INV010031,104429,108,28000.0
INV013587,125391,104,10535.0
INV018579,135716,101,12152.0
INV007609,129596,106,75000.0
INV005692,120748,107,23460.0
INV003314,107121,107,7140.0
INV019563,958510,102,69682.22
INV003440,134133,103,31000.0
INV013123,120186,106,71400.0
INV002905,115309,104,28000.0
INV000927,122377,102,58650.0
INV008408,132326,106,9500.0
INV014963,133480,104,37500.0
INV013900,113138,107,8600.0
INV000146,138270,101,140000.0
INV002993,142620,101,8600.0
INV018129,141785,102,68600.0
INV006383,158967,103,9500.0
INV008839,129665,106,38000.0
INV016293,152551,107,21500.0
INV018910,140322,106,38000.0
INV017830,109712,102,12400.0
INV012759,106531,101,18620.0
INV018591,157798,108,18750.0
INV001252,121384,107,4214.0
INV003715,155865,101,28560.0
INV016048,100421,103,3100.0
INV005475,164235,101,19000.0
INV001304,110999,104,13720.0
INV012159,129329,101,11270.0
INV006835,109562,102,22540.0
INV013813,152761,101,3100.0
INV019451,102428,105,5800.0
INV002057,150304,101,43000.0
INV018489,136304,107,38000.0
INV013076,141455,101,3750.0
INV012949,151441,106,5750.0
INV005038,116696,106,7448.0
INV000081,160516,107,43860.0
INV009508,120755,101,1862.0
INV001167,127789,105,7448.0
INV013210,103092,107,11270.0
INV011582,121457,106,7250.0
INV018676,102438,104,11500.0
INV010265,134178,108,23000.0
INV013863,112926,104,15000.0
INV009464,154652,108,38760.0
INV006864,120028,101,19000.0
INV015770,164081,104,8428.0
INV014117,137931,103,23000.0
INV001754,101307,108,14700.0
INV002312,106767,104,3800.0
INV014546,142200,103,62000.0
INV013439,124168,105,5750.0
INV015054,140842,102,7600.0
INV001881,149659,103,2150.0
INV004632,144001,105,12400.0
INV009038,134376,105,8600.0
INV017566,107401,107,18375.0
INV008602,114268,106,15500.0
INV007957,101727,107,117300.0
INV001514,161785,104,43860.0
INV000337,135495,106,10750.0
INV004215,124243,102,31000.0
INV003111,131439,108,11500.0
INV000647,152061,101,7650.0
INV010130,110718,105,11730.0
INV001094,140821,101,21070.0
INV001351,115764,101,19380.0
INV003805,130521,101,2193.0
INV009477,112500,103,142800.0
INV006484,145942,105,137200.0
INV013044,163303,107,140000.0
INV008997,115568,108,1900.0
INV015806,108955,104,29000.0
INV019465,163609,105,1450.0
INV003558,153993,102,7500.0
INV005127,138576,102,1421.0
INV010494,158874,104,18750.0
INV003181,100361,108,5635.0
INV013159,133634,108,21930.0
INV000338,140086,104,7600.0
INV017105,146359,105,42140.0
INV017673,153809,101,6860.0
INV002310,119151,108,14500.0
INV005103,126699,101,7500.0
INV000589,158731,104,14500.0
INV019537,959319,105,85162.63
INV011127,162860,107,8600.0
INV006349,116074,103,4386.0
INV005722,101502,102,29325.0
INV003893,123531,104,4300.0
INV014581,120339,102,7250.0
INV019424,133997,108,10965.0
INV004605,152428,101,3675.0
INV002309,114817,107,8600.0
INV007927,141634,105,75000.0
INV009569,131541,108,60760.0
INV016161,143537,105,7000.0
INV011493,138379,101,2900.0
INV006379,126094,106,14000.0
INV004600,135892,104,22540.0
INV001921,127968,107,57500.0
INV017768,103492,101,115000.0
INV018884,136099,101,23000.0
INV002255,129416,106,7140.0
INV002343,140340,103,5750.0
INV014208,128876,103,7250.0
INV014514,157752,102,117300.0
INV007613,159338,104,7000.0
INV006675,135354,102,19380.0
INV002046,164953,101,21500.0
INV003106,111220,102,7600.0
INV010344,151818,101,7105.0
INV019417,153852,101,1421.0
INV015680,102824,107,14280.0
INV007591,142844,108,3724.0
INV013901,163418,108,2193.0
INV000787,111159,102,7600.0
INV006052,164699,107,3750.0
INV005113,144025,105,29580.0
INV003625,128892,106,7500.0
INV018717,151913,102,15000.0
INV013612,164210,102,1479.0
INV002983,141746,106,7250.0
INV000978,155828,103,15810.0
INV011033,143047,108,4300.0
INV007156,151894,101,57500.0
INV019895,905985,104,66835.55
INV012007,165108,101,4214.0
INV014056,119030,104,15000.0
INV013327,123091,101,23000.0
INV005724,135609,101,1450.0
INV012393,135980,107,29000.0
INV016019,102282,105,23000.0
INV003858,148557,104,2150.0
INV011879,137782,102,18750.0
INV017604,138053,103,13720.0
INV001248,109241,106,1421.0
INV012613,125859,103,3750.0
INV011829,151730,106,140000.0
INV017131,100354,105,11500.0
INV009936,110146,104,14000.0
INV006750,141940,102,12400.0
INV014401,131330,106,43000.0
INV010655,121656,102,57500.0
INV019873,932725,104,15485.29
INV012604,113450,107,15500.0
INV005094,138066,107,75000.0
INV003322,162013,103,5635.0
INV018751,166485,103,8772.0
INV012363,113689,105,12400.0
INV015848,119583,108,2150.0
INV009256,120588,107,7250.0
INV015679,133350,106,37240.0
INV019252,117735,104,5750.0
INV013573,120046,103,8600.0
INV019733,962916,105,69705.93
INV015139,129701,101,62000.0
INV007579,142590,103,2150.0
INV009622,109939,107,15500.0
INV013266,143074,108,18750.0
INV000792,152927,106,3750.0
INV018619,143865,105,11730.0
INV005071,157186,106,8428.0
INV016659,105827,102,57500.0
INV017556,117637,108,43000.0
INV019597,938637,106,67995.46
INV000405,139225,105,7000.0
INV017343,130618,101,28750.0
INV006176,112013,106,18375.0
INV002846,104848,108,29000.0
INV013626,157976,107,37500.0
INV002607,153602,105,38000.0
INV000283,158383,107,1450.0
INV018050,123526,104,3724.0
INV003174,148106,101,43860.0
INV016543,141580,102,4300.0
INV019711,944096,103,16901.53
INV012726,124931,108,12400.0
INV016311,151275,107,23000.0
INV010727,104120,101,117300.0
INV017062,164875,104,27440.0
INV005854,116474,104,6200.0
INV006200,158016,108,1450.0
INV018958,117191,106,28750.0
INV000904,138295,108,3675.0
INV000030,155333,107,21500.0
INV011303,156046,106,7250.0
INV010272,113394,106,7600.0
INV001606,132615,107,19000.0
INV000642,129973,108,36750.0
INV007184,112104,107,4214.0
INV006093,139535,106,62000.0
INV012849,112761,105,28560.0
INV001524,156227,103,57500.0
INV017699,121157,108,21500.0
INV004073,131855,104,2900.0
INV006866,164064,108,37500.0
INV009616,125613,107,21500.0
INV003614,163486,107,137200.0
INV007076,140399,104,7500.0
INV013543,153437,102,10750.0
INV011008,137955,103,35700.0
INV000009,137549,101,36750.0
INV005431,122835,108,7500.0
INV011137,164410,105,28000.0
INV000197,120138,101,21070.0
INV016105,117447,104,7600.0
INV004667,157451,101,2150.0
INV005167,149143,108,57500.0
INV009375,166166,108,115000.0
INV014702,132520,108,14000.0
INV007539,154660,108,28000.0
INV009800,129521,104,19000.0
INV012698,121779,106,3675.0
INV004658,143471,106,18375.0
INV013061,152983,105,18375.0
INV017605,114729,103,57500.0
INV019339,130818,104,1450.0
INV016887,124713,105,10965.0
INV001499,133747,107,15000.0
INV004985,116381,105,19125.0
INV001683,103276,107,37500.0
INV001684,131862,101,29000.0
INV011249,133590,106,21930.0
INV018157,164801,104,14700.0
INV016424,159831,102,9690.0
INV002563,145951,103,1450.0
INV010735,151188,101,57500.0
INV012323,115962,105,11730.0
INV017422,115521,102,19000.0
INV005681,152411,106,3750.0
INV011961,130634,107,30380.0
INV007060,139852,107,38000.0
INV010026,105691,107,6076.0
INV012694,140373,104,2193.0
INV013426,125936,101,6076.0
INV017421,137980,104,14790.0
INV004457,146612,104,140000.0
INV013175,102724,108,28750.0
INV011073,106817,103,28750.0
INV010694,113349,101,14280.0
INV000498,105108,102,7000.0
INV017090,156946,105,3675.0
INV005206,118539,101,21070.0
INV003377,130558,107,15300.0
INV018106,126159,104,2900.0
INV004145,155826,105,3162.0
INV008367,142115,108,9500.0
INV010394,100748,107,28420.0
INV002359,133646,108,15500.0
INV001505,151878,106,18750.0
INV016746,150379,107,73500.0
INV019809,955986,105,54327.09
INV000269,117621,102,8428.0
INV015352,107685,105,115000.0
INV003838,166161,104,15500.0
INV004382,117490,105,3800.0
INV011980,147364,104,58650.0
INV005737,106630,107,28750.0
INV000381,122004,104,23000.0
INV015852,164667,106,56350.0
INV003101,163873,108,28175.0
INV015860,117610,108,15300.0
INV004731,146602,104,23000.0
INV002103,113196,106,11730.0
INV014910,125181,106,1900.0
INV019445,104854,102,2900.0
INV010621,113850,101,5800.0
INV009462,120336,102,75000.0
INV014342,123597,106,58650.0
INV018567,139874,101,12400.0
INV005211,133487,105,35700.0
INV009743,110298,104,3100.0
INV017538,117329,108,3825.0
INV017751,159557,101,14500.0
INV006160,166571,101,7000.0
INV015346,103748,107,43000.0
INV002823,158583,107,7105.0
INV003284,146002,107,1450.0
INV007077,164870,107,6076.0
INV006091,114484,105,28560.0
INV012904,100159,106,8600.0
INV018296,109701,102,7350.0
INV003799,152710,103,75000.0
INV019206,146944,104,31000.0
INV017689,121750,102,5800.0
INV012986,163709,108,7500.0
INV007096,135499,107,21070.0
INV000794,103363,107,142800.0
INV008355,161915,101,28750.0
INV009299,113678,107,11500.0
INV002320,127720,101,14000.0
INV012668,136949,107,5865.0
INV016699,103279,104,57500.0
INV013676,162374,105,57500.0
INV016496,124612,108,7250.0
INV000095,110928,107,1450.0
INV002113,118491,105,30380.0
INV008817,164070,108,21500.0
INV007720,115312,106,9500.0
INV010171,142305,104,3750.0
INV019277,116050,105,11730.0
INV014154,142097,107,22540.0
INV002145,114512,103,18375.0
INV009496,153341,108,37500.0
INV015093,157877,103,115000.0
INV010806,153557,107,2150.0
INV004542,102409,105,30380.0
INV002910,143019,102,1450.0
INV004844,140410,102,12152.0
INV012693,111894,108,18375.0
INV010775,111831,103,57500.0
INV006753,153021,107,14790.0
INV017915,126991,104,75000.0
INV007925,149430,106,5750.0
INV011061,134053,103,9500.0
INV001481,112425,104,38760.0
INV013186,107016,108,14000.0
INV006954,164426,108,31620.0
INV003629,100833,103,21500.0
INV000074,166232,102,1479.0
INV004018,122142,105,7350.0
INV015884,116532,106,12400.0
INV003232,148558,105,43000.0
INV012105,162397,106,63240.0
INV010799,155846,101,14790.0
INV000248,112791,107,63240.0
INV014034,133528,108,7000.0
INV017995,149903,106,14000.0
INV013957,160389,105,7000.0
INV008225,163970,108,37500.0
INV007901,142057,104,19380.0
INV000882,127949,103,29000.0
INV007169,145824,104,2150.0
INV009352,105112,105,140000.0
INV004739,160372,102,140000.0
INV005820,153382,108,6324.0
INV001849,153955,107,7500.0
INV005758,101538,104,57500.0
INV016038,110677,107,2193.0
INV009834,116145,103,23460.0
INV018258,155829,101,1450.0
INV001228,162938,105,6860.0
INV006221,123188,105,21070.0
INV000564,103786,103,6200.0
INV013946,148148,103,9500.0
INV004453,106137,101,1862.0
INV001137,161440,107,8772.0
INV018471,125813,105,5865.0
INV002203,138189,108,3100.0
INV005551,106144,101,10750.0
INV012300,160994,101,75000.0
INV012035,128752,108,5635.0
INV012230,154039,102,62000.0
INV008184,123814,106,14500.0
INV017510,145899,105,10750.0
INV000133,120829,106,43860.0
INV005579,154980,106,29580.0
INV007412,137546,104,73500.0
INV008854,166561,107,8600.0
INV018502,166171,105,38000.0
INV015392,131871,101,3162.0
INV011267,128984,107,3800.0
INV003938,131735,105,7500.0
INV002137,107366,103,7448.0
INV004593,104417,107,15810.0
INV001989,133325,102,37240.0
INV006125,161086,103,1900.0
INV014068,119826,105,7000.0
INV012215,146158,108,5865.0
INV002992,161890,101,4300.0
INV009259,137781,103,15300.0
INV005070,110065,102,7350.0
INV010697,163966,107,14500.0
INV019119,135763,107,14000.0
INV005130,120220,105,1450.0
INV016782,112241,106,31000.0
INV014889,161974,106,1450.0
INV002476,110015,103,19000.0
INV010927,109291,103,7105.0
INV017537,124373,105,28175.0
INV005550,114520,107,31000.0
INV011973,149384,104,30380.0
INV008621,140508,108,7000.0
INV008645,116449,106,28000.0
INV002594,131432,107,5750.0
INV013127,150032,105,3750.0
INV018722,113422,108,7500.0
INV014883,153930,108,6076.0
INV017826,162236,103,15000.0
INV013303,103745,101,4300.0
INV017935,145863,105,28750.0
INV002262,166451,105,12400.0
INV001512,145545,106,28000.0
INV007845,135854,108,10965.0
INV011917,162226,108,5635.0
INV005162,160686,102,37240.0
INV012308,142815,108,12400.0
INV015153,137346,108,15300.0
INV006241,116569,106,1900.0
INV011123,127946,107,12400.0
INV015726,144364,108,6200.0
INV010181,145357,107,37240.0
INV007464,131140,104,5750.0
INV003507,150935,108,21500.0
INV008601,119031,101,5750.0
INV001765,121248,108,18750.0
INV013914,155321,107,7395.0
INV002144,149395,101,7250.0
INV013440,107426,108,115000.0
INV014092,135026,103,57500.0
INV018124,121423,108,2842.0
INV005848,151510,104,12152.0
INV016636,108210,106,14700.0
INV000346,155116,103,19125.0
INV004045,165156,103,6324.0
INV008288,114960,108,43000.0
INV016679,114508,108,4386.0
INV007288,137235,101,38250.0
INV008693,137280,106,2193.0
INV019254,130839,104,5916.0
INV013614,164187,101,28750.0
INV005738,135612,108,6076.0
INV010700,140772,101,29000.0
INV015467,142236,107,2900.0
INV001022,136271,105,13720.0
INV013831,125747,105,31000.0
INV017026,148595,105,8772.0
INV008846,127673,103,14500.0
INV012951,103431,108,15500.0
INV000076,159065,107,5800.0
INV016955,112327,104,19000.0
INV015366,132097,108,7000.0
INV019257,102398,107,1421.0
INV015109,112120,101,6200.0
INV002741,112275,107,3876.0
INV019536,922751,101,60272.58
INV006451,122563,104,6200.0
INV000836,125191,102,140000.0
INV006035,140263,108,18750.0
INV006736,100851,107,10965.0
INV010451,150365,104,15300.0
INV003399,122732,104,1421.0
INV017410,154734,102,29325.0
INV011525,129930,107,15000.0
INV015382,127068,104,4300.0
INV009149,164105,103,9310.0
INV013414,102496,103,11500.0
INV000607,160027,104,9310.0
INV012805,131596,103,9690.0
INV013007,101430,104,28750.0
INV018367,131939,102,43000.0
INV015087,148699,104,28750.0
INV007118,149721,105,7250.0
INV007861,104506,101,7395.0
INV019586,943994,101,34239.2
INV012893,126974,101,7000.0
INV011667,134693,105,11500.0
INV001185,115507,105,6076.0
INV015797,139015,102,23000.0
INV010856,148216,106,29325.0
INV000908,138558,104,115000.0
INV001903,105253,108,31000.0
INV017607,164517,108,8428.0
INV010882,114921,106,7448.0
INV012620,111519,106,3100.0
INV015253,132180,108,4300.0
INV012802,145619,102,76500.0
INV009826,135382,102,14500.0
INV007532,157739,103,14700.0
INV018666,159959,104,28000.0
INV003489,144815,106,75000.0
INV011455,122198,104,31000.0
INV008792,140210,104,12400.0
INV017348,119108,104,7350.0
INV016357,159075,103,10750.0
INV007603,121403,106,3750.0
INV001172,147776,107,38000.0
INV006708,158078,107,6200.0
INV008252,115619,105,37240.0
INV002562,135440,102,35700.0
INV017260,157290,105,3800.0
INV015151,154994,107,14210.0
INV017764,164393,105,28750.0
INV012508,161449,102,31000.0
INV013286,154777,105,10965.0
INV006887,108455,101,38000.0
INV007947,157656,106,70000.0
INV004182,165962,102,15190.0
INV006889,105854,105,2150.0
INV010656,149940,102,11730.0
INV012471,143328,102,31000.0
INV018182,152137,107,7250.0
INV017588,102519,103,28000.0
INV011593,148021,102,7140.0
INV018209,165975,103,8600.0
INV017320,104008,107,18620.0
INV014808,161394,108,3750.0
INV008226,129746,101,2150.0
INV007115,115471,108,38000.0
INV015574,122282,108,70000.0
INV018850,156686,101,38250.0
INV013690,115254,106,38000.0
INV006741,119373,101,43000.0
INV017940,166661,103,1421.0
INV001557,149423,104,2900.0
INV008191,160749,105,21500.0
INV013401,147438,104,14210.0
INV010671,146672,105,2842.0
INV000812,159969,107,1450.0
INV011202,106474,106,9500.0
INV001977,152737,102,137200.0
INV016622,139119,102,42140.0
INV010708,146857,102,70000.0
INV000225,115188,101,7000.0
INV015406,154833,102,58650.0
INV002135,126634,106,7350.0
INV007269,140156,103,37240.0
INV002879,130533,108,140000.0
INV018370,157892,102,21070.0
INV011051,156474,104,14790.0
INV012723,136025,105,6200.0
INV007886,153145,101,43000.0
INV019839,923658,106,76228.43
INV008347,162659,107,14280.0
INV011479,117432,107,14210.0
INV002445,157896,106,11500.0
INV006994,144308,108,3162.0
INV007567,144451,103,6200.0
INV015874,158794,104,38000.0
INV006434,104477,103,3876.0
INV005279,141962,103,3800.0
INV016668,112777,107,43000.0
INV010206,151370,104,29000.0
INV016451,137493,102,2900.0
INV011700,105774,106,18750.0
INV019928,909754,102,47196.99
INV008718,119124,105,3876.0
INV008127,128371,105,115000.0
INV015817,119614,104,3800.0
INV014932,125001,108,4300.0
INV009593,163693,105,7600.0
INV019656,916587,104,31323.18
INV017116,129604,105,4300.0
INV017874,144803,104,5916.0
INV016839,132860,103,35000.0
INV015133,149432,102,75000.0
INV012327,126107,102,2150.0
INV010686,125285,106,5800.0
INV015636,109890,106,7250.0
INV009188,109367,107,1900.0
INV005956,110701,108,28750.0
INV013717,100161,106,140000.0
INV018099,151965,102,8600.0
INV010382,163355,104,36750.0
INV002551,102339,108,4214.0
INV018766,166648,107,3724.0
INV007470,133738,101,18750.0
INV009548,101692,104,140000.0
INV001666,166666,104,23000.0
INV011811,158262,107,18620.0
INV009128,147670,101,115000.0
INV015003,157342,103,18620.0
INV012649,157022,106,1900.0
INV006546,141585,106,14500.0
INV014636,158747,101,11730.0
INV002509,118877,106,4300.0
INV013760,124518,105,57500.0
INV013392,164623,102,12400.0
INV011662,135122,105,3825.0
INV011693,100849,103,15000.0
INV018280,100037,108,1450.0
INV010461,134360,102,6324.0
INV013653,119213,103,7250.0
INV006207,163024,103,12400.0
INV004299,111200,104,19380.0
INV001340,165177,106,15000.0
INV002110,126617,104,43000.0
INV008631,165992,104,5750.0
INV019180,135760,106,4386.0
INV005342,128780,107,117300.0
INV001403,106392,105,2193.0
INV019299,127815,104,3800.0
INV001412,138625,101,7500.0
INV012248,155562,106,2900.0
INV001910,128472,102,4300.0
INV000834,103371,107,3724.0
INV015007,149096,103,14700.0
INV000292,127428,104,5916.0
INV001941,101004,103,23000.0
INV003009,114123,103,7140.0
INV001177,134966,104,18750.0
INV016174,137287,101,7500.0
INV009915,100152,108,43860.0
INV003136,140075,108,7600.0
INV001894,160450,105,7350.0
INV002749,105429,102,3100.0
INV002080,110871,102,8600.0
INV003962,164220,103,28560.0
INV008276,125155,104,14500.0
INV016697,109396,103,115000.0
INV012004,166212,101,5750.0
INV010359,156812,102,8600.0
INV017175,101117,102,3800.0
INV003927,113210,104,6200.0
INV018798,142341,105,7600.0
INV014276,104071,107,75000.0
INV018848,109001,105,68600.0
INV001869,138711,104,12400.0
INV007223,148364,106,15500.0
INV015230,144004,101,5800.0
INV015147,166231,103,42140.0
INV006314,148957,108,58650.0
INV000297,156382,107,75000.0
INV001285,108809,101,12400.0
INV011224,117285,103,68600.0
INV014733,138979,107,7500.0
INV016828,101209,104,19000.0
INV003784,106261,108,6860.0
INV004936,134919,107,1938.0
INV005567,129382,108,43860.0
INV005333,130417,105,7500.0
INV001924,114351,103,10535.0
INV015372,161955,105,2958.0
INV016070,117366,104,137200.0
INV017893,108731,107,22540.0
INV011482,147911,102,23460.0
INV012954,136194,101,11270.0
INV019164,142440,101,3750.0
INV012356,165796,105,14000.0
INV013977,155413,101,6860.0
INV014798,149052,105,112700.0
INV002226,139067,102,12152.0
INV002018,116544,103,2150.0
INV005247,158015,105,1450.0
INV003445,113867,103,15810.0
INV004565,130143,102,1900.0
INV006053,161450,108,3800.0
INV015779,134153,107,3724.0
INV009489,105776,102,31000.0
INV005517,149515,104,73500.0
INV018037,116743,101,1938.0
INV014714,104016,108,1421.0
INV010398,144444,101,6076.0
INV008728,108418,108,115000.0
INV013262,164121,108,15500.0
INV016644,108498,105,1900.0
INV012773,132178,103,19000.0
INV019723,912109,102,30649.56
INV017024,135374,106,1450.0
INV002739,160990,102,70000.0
INV005572,109788,106,75000.0
INV004840,158029,102,29580.0
INV001073,108832,104,3750.0
INV000529,155628,108,3750.0
INV013687,101698,107,18750.0
INV019814,965896,103,21093.55
INV012322,104118,108,35000.0
INV019639,978125,108,24632.98
INV018661,154645,103,3750.0
INV007369,125048,103,18750.0
INV011034,109105,106,7500.0
INV003914,107322,106,15000.0
INV017165,150864,103,21500.0
INV004008,104279,105,58650.0
INV017902,125378,107,2107.0
INV016204,109336,104,18375.0
INV018344,149738,102,5865.0
INV002801,149243,101,5800.0
INV017891,156383,103,38000.0
INV006270,133963,107,3800.0
INV005855,156549,105,15500.0
INV011176,108236,102,38000.0
INV010143,120169,101,10750.0
INV012280,159132,102,3800.0
INV011214,115443,102,4386.0
INV010346,108103,103,29000.0
INV014990,122240,104,3876.0
INV002710,121893,105,68600.0
INV014951,120954,102,2150.0
INV014060,164039,101,3100.0
INV004976,142498,107,5750.0
INV006112,115273,107,19000.0
INV010385,165990,108,6860.0
INV005026,137026,105,7250.0
INV017413,154145,108,7350.0
INV007263,111128,107,62000.0
INV008324,120236,106,19000.0
INV006654,162747,102,3100.0
INV013729,145717,106,2842.0
INV009666,159896,107,21500.0
INV011483,153270,105,56350.0
INV008670,126247,102,14000.0
INV002000,156692,102,1862.0
INV000432,166599,107,10535.0
INV008769,115144,106,2900.0
INV013526,134333,105,28750.0
INV018418,153266,104,115000.0
INV005938,139850,107,2958.0
INV015118,140563,104,3100.0
INV015595,140584,105,9310.0
INV001001,115874,104,23000.0
INV016228,164822,106,57500.0
INV015730,132970,104,9500.0
INV002524,128567,104,11270.0
INV004664,103179,104,35700.0
INV006918,118455,107,10535.0
INV013790,127303,103,3724.0
INV003685,106692,101,7600.0
INV017553,125182,101,15500.0
INV013478,138323,103,37500.0
INV011159,107940,104,37500.0
INV000622,151399,105,68600.0
INV010185,113008,104,22540.0
INV014482,123118,108,58650.0
INV011017,111117,102,4300.0
INV019907,967126,104,48405.71
INV011225,107262,106,29000.0
INV009494,110951,101,60760.0
INV012403,105887,102,7250.0
INV014365,137959,107,3750.0
INV014845,141817,105,2150.0
INV014436,138711,101,30380.0
INV013242,142844,107,21930.0
INV007044,119469,101,15000.0
INV005703,109543,106,23460.0
INV019609,951052,107,81975.45
INV007025,142752,106,117300.0
INV011357,141543,104,21500.0
INV012472,162679,104,8600.0
INV001560,100552,105,7448.0
INV018826,160204,108,62000.0
INV006598,152981,107,4300.0
INV010892,129255,102,142800.0
INV005966,151359,105,3750.0
INV014767,161256,102,30380.0
INV012404,126169,107,7448.0
INV005799,144033,102,31000.0
INV009129,142259,103,18750.0
INV018321,116832,108,117300.0
INV000119,129115,104,11500.0
INV015484,127030,107,3825.0
INV012573,138005,102,5750.0
INV014605,124607,107,37500.0
INV007141,147833,103,5865.0
INV014030,112012,103,38250.0
INV017137,140413,103,7000.0
INV005023,166347,103,14000.0
INV009866,113486,107,21930.0
INV005937,120981,107,112700.0
INV002300,101540,107,4300.0
INV014650,113241,102,11730.0
INV011749,142647,101,23000.0
INV005238,148495,107,43000.0
INV007633,138595,102,14280.0
INV008908,165231,105,2900.0
INV009057,121973,101,15000.0
INV015983,120001,101,5684.0
INV019199,149125,104,14700.0
INV009030,139000,104,11500.0
INV012410,107551,106,23460.0
INV006413,138558,108,30380.0
INV003283,162376,105,42140.0
INV012319,159796,104,36750.0
INV015555,105267,105,12400.0
INV016445,148517,107,7500.0
INV003619,117198,106,19000.0
INV003344,126639,108,2900.0
INV007051,120758,106,5916.0
INV014568,125233,104,31000.0
INV004562,155793,104,115000.0
INV004063,156344,101,4300.0
INV008779,163465,105,9500.0
INV012498,105648,101,15500.0
INV017785,156146,101,7105.0
INV019986,911138,103,71607.25
INV016569,162217,106,34300.0
INV011062,104521,107,31620.0
INV007506,148639,107,35700.0
INV010783,107329,102,3162.0
INV008648,109201,108,34300.0
INV011478,147185,108,15500.0
INV011109,146394,106,21500.0
INV017110,104373,102,5684.0
INV010588,131636,107,7250.0
INV013588,117224,101,15500.0
INV010695,144540,106,28750.0
INV009953,160094,105,5800.0
INV015647,154126,108,9500.0
INV000107,154552,104,21500.0
INV013268,128675,107,3038.0
INV012640,139402,104,7752.0
INV017283,142953,101,9500.0
INV007352,103598,103,2150.0
INV012873,147677,108,7000.0
INV018115,118184,105,15190.0
INV017666,153348,107,2900.0
INV018696,107037,103,15500.0
INV011925,156253,108,3800.0
INV007131,144248,102,37500.0
INV003870,162755,102,5800.0
INV001735,152354,107,9310.0
INV002045,101239,102,7500.0
INV000414,144030,107,4214.0
INV007740,149489,106,35700.0
INV018247,124306,107,2150.0
INV000969,143009,108,137200.0
INV011125,126239,107,7000.0
INV011783,165202,104,5750.0
INV001048,128349,104,28750.0
INV017869,130735,105,6076.0
INV002819,109531,103,7500.0
INV004137,160414,102,28000.0
INV014120,157179,106,18750.0
INV009115,142218,102,28000.0
INV015412,131307,102,36750.0
INV010709,158678,108,3100.0
INV012837,152789,105,31000.0
INV013339,107198,107,11500.0
INV013594,152031,101,38760.0
INV019799,986005,102,42221.93
INV001503,146979,105,137200.0
INV000295,132407,101,21070.0
INV013611,151790,101,28000.0
INV002640,154737,106,14000.0
INV015633,113597,107,14000.0
INV002875,162326,108,115000.0
INV014909,155660,101,3038.0
INV014722,162668,102,7448.0
INV009630,156929,101,31620.0
INV010160,140766,106,7395.0
INV017335,155520,107,38000.0
INV004247,154511,105,1862.0
INV010032,148264,103,19125.0
INV018185,141556,104,28560.0
INV009878,153367,107,1900.0
INV019502,984169,105,72839.68
INV008852,123119,105,15500.0
INV009808,116355,107,9500.0
INV009035,143510,104,15000.0
INV018772,122792,106,38000.0
INV007148,100150,102,7000.0
INV005822,160263,102,112700.0
INV004674,128837,103,7250.0
INV015925,147969,107,29000.0
INV004323,153894,106,7350.0
INV005814,118863,103,42140.0
INV004748,113672,105,14500.0
INV016160,110602,108,9500.0
INV010062,148024,106,5684.0
INV007683,121074,102,5750.0
INV000341,125960,108,7600.0
INV003363,135799,108,29580.0
INV000478,161743,108,57500.0
INV004876,149246,105,57500.0
INV008679,115794,103,1450.0
INV017412,117235,102,29325.0
INV015579,149535,103,8772.0
INV019230,146624,101,21500.0
INV019478,163697,102,10750.0
INV008437,144415,103,31620.0
INV018454,165434,101,7105.0
INV008615,142910,107,76500.0
INV005839,123430,107,14280.0
INV003456,118354,106,4300.0
INV005416,139998,106,71400.0
INV015954,135990,106,2193.0
INV007028,140511,108,21930.0
INV016824,119378,108,43000.0
INV018509,108767,104,9500.0
INV004574,156376,103,75000.0
INV009010,130280,102,5800.0
INV003312,144560,103,4300.0
INV016063,108963,102,3876.0
INV015769,104506,107,28175.0
INV005237,147706,106,14500.0
INV015920,127074,103,12648.0
INV014720,141613,108,6200.0
INV013702,166295,108,3100.0
INV006456,149540,108,38000.0
INV008940,165970,104,3750.0
INV017018,101873,107,15000.0
INV013045,117602,105,7250.0
INV011238,136652,103,14210.0
INV017701,153540,108,115000.0
INV014413,152071,108,23460.0
INV019305,126562,106,21070.0
INV009351,120075,105,115000.0
INV014307,145741,108,57500.0
INV017248,157455,106,28750.0
INV006171,159270,102,38000.0
INV007687,119484,108,21070.0
INV016970,121297,103,14000.0
INV007258,125170,104,15500.0
INV003663,101554,105,3100.0
INV014549,104664,104,14700.0
INV012374,108108,107,4300.0
INV010008,143662,105,6076.0
INV013013,114207,104,5684.0
INV007422,118408,106,7500.0
INV015281,133097,105,13720.0
INV000241,165599,102,117300.0
INV014178,156548,105,7000.0
INV018783,150002,108,7105.0
INV012413,143707,102,15500.0
INV000038,139198,103,38000.0
INV014304,121330,108,7000.0
INV017975,103131,107,35000.0
INV001189,140734,103,14000.0
INV005598,101791,106,29000.0
INV017777,153258,108,10750.0
INV017434,102190,103,29000.0
INV015905,152187,103,140000.0
INV001825,157443,103,3750.0
INV019970,937400,102,31645.27
INV005987,134878,106,140000.0
INV007084,142007,104,21070.0
INV018005,126736,101,1450.0
INV011816,124006,101,2900.0
INV003341,121940,107,8600.0
INV009245,156169,107,75000.0
INV009867,144327,104,3876.0
INV005188,124269,106,57500.0
INV003801,151306,105,21500.0
INV005129,160760,103,19380.0
INV012636,139051,107,15190.0
INV013845,153415,107,10750.0
INV013604,151279,108,43860.0
INV008950,138459,103,14210.0
INV008238,131476,106,27440.0
INV019727,996931,101,79250.66
INV015150,132198,102,5750.0
INV015390,138545,103,10535.0
INV012295,103952,108,12400.0
INV004532,154397,102,7500.0
INV001721,147013,102,7600.0
INV014314,147521,108,7600.0
INV013099,165587,106,11500.0
INV004274,122596,104,18375.0
INV004815,104083,104,2900.0
INV009627,127052,102,1450.0
INV008572,131624,108,9690.0
INV013230,123571,101,2150.0
INV017388,142373,108,37500.0
INV003820,102806,103,38000.0
INV016613,134491,106,7650.0
INV009946,134299,107,7500.0
INV010857,110690,107,11730.0
INV012706,149107,108,62000.0
INV009406,101980,105,70000.0
INV004640,110371,107,37240.0
INV017614,114590,108,15000.0
INV014852,152620,108,76500.0
INV008289,112984,107,76500.0
INV004740,144542,104,3825.0
INV018899,132764,106,29000.0
INV018052,128855,102,3100.0
INV012812,109482,107,62000.0
INV019031,138893,105,7350.0
INV006658,118742,105,7250.0
INV014055,154098,102,7448.0
INV016465,131171,107,63240.0
INV018335,137449,104,68600.0
INV019010,111254,108,23000.0
INV016740,101784,107,30380.0
INV009966,155234,105,9500.0
INV003449,135821,107,7395.0
INV017647,141676,107,5865.0
INV006564,123648,102,3800.0
INV017779,130717,108,4386.0
INV011756,147499,102,140000.0
INV005389,134550,107,56350.0
INV015889,158788,105,3724.0
INV016481,161445,106,12400.0
INV000468,119776,107,7000.0
INV006005,146691,105,14790.0
INV014419,135987,104,15000.0
INV018904,122923,108,21070.0
INV009898,113034,106,11270.0
INV018359,102613,106,9500.0
INV008087,102498,102,70000.0
INV013229,159252,102,76500.0
INV005379,101258,108,14790.0
INV015222,114042,104,28000.0
INV017193,125330,101,28750.0
INV019384,137352,108,63240.0
INV017955,126872,104,37500.0
INV007396,130608,104,1900.0
INV015645,122426,104,7650.0
INV017323,156909,104,14280.0
INV012810,139698,108,4300.0
INV015263,162177,104,18750.0
INV015268,108369,108,2150.0
INV010627,161217,108,4214.0
INV010374,102338,104,34300.0
INV006688,164600,107,58650.0
INV014964,127291,108,15190.0
INV008809,158722,101,4300.0
INV013862,101559,107,13720.0
INV012612,119966,106,2900.0
INV018030,108481,101,28175.0
INV007117,156610,108,15500.0
INV018534,139733,104,19125.0
INV002449,141263,103,14000.0
INV004438,158516,102,9500.0
INV012915,113648,106,15190.0
INV011938,131323,104,38000.0
INV002223,150362,104,3100.0
INV018117,131036,106,63240.0
INV002152,162557,101,7650.0
INV010198,119718,101,62000.0
INV006685,100108,102,28750.0
INV015977,150278,103,28000.0
INV008946,154702,103,5750.0
INV004010,140483,102,60760.0
INV004386,130301,103,1479.0
INV010915,129925,101,7395.0
INV010480,107826,103,23000.0
INV006475,108675,108,34300.0
INV010392,104246,108,21070.0
INV006450,139825,104,7650.0
INV012800,118402,105,11500.0
INV001693,131996,107,43000.0
INV003722,101501,105,15810.0
INV008977,132198,104,3750.0
INV016096,145902,107,62000.0
INV016943,104502,104,2900.0
INV019089,123173,107,14500.0
INV002383,107864,106,5750.0
INV006109,130435,101,1479.0
INV012184,129903,101,6324.0
INV016226,159230,104,6076.0
INV008145,155051,107,7000.0
INV009523,151751,101,42140.0
INV008981,145666,102,60760.0
INV017958,162374,104,34300.0
INV003709,129683,104,12400.0
INV010910,118390,102,60760.0
INV014089,134604,105,2150.0
INV009223,144022,104,1421.0
INV002450,134213,108,28750.0
INV016951,111470,102,35000.0
INV018227,155671,103,29580.0
INV018853,108731,103,28560.0
INV006841,111630,107,10750.0
INV011317,158073,103,137200.0
INV001976,162085,104,14700.0
INV010922,136205,103,38000.0
INV017379,126591,106,14280.0
INV007863,152568,108,21070.0
INV012590,116935,106,115000.0
INV007972,105208,106,7250.0
INV001059,133375,104,7650.0
INV004030,155423,104,8772.0
INV009613,148174,107,4386.0
INV017107,123002,107,7350.0
INV016220,145372,108,28175.0
INV001058,120265,108,57500.0
INV019449,157798,103,140000.0
INV006195,161677,108,5750.0
INV001971,100240,108,7000.0
INV005887,109031,107,1450.0
INV004980,151432,101,2193.0
INV006550,126416,105,14210.0
INV016721,107093,107,43000.0
INV014679,147826,105,3800.0
INV014985,112155,103,14790.0
INV013980,156573,107,2842.0
INV008305,127109,104,15000.0
INV012588,154221,101,2900.0
INV016634,138120,101,37500.0
INV005616,107226,101,38000.0
INV009402,127892,107,75000.0
INV000227,125025,105,37240.0
INV019981,967639,102,80603.67
INV019444,109040,108,37500.0
INV008867,122276,104,43000.0
INV007271,136350,107,28750.0
INV005657,156530,108,4386.0
INV005853,105278,101,71400.0
INV005036,134712,105,9500.0
INV006127,164558,102,9500.0
INV015560,114879,105,14000.0
INV010166,154659,105,2150.0
INV001298,155646,105,15000.0
INV004426,122737,101,10750.0
INV011105,122597,102,14500.0
INV019063,139744,101,14500.0
INV019903,954084,103,13433.57
INV005622,105735,107,6860.0
INV006440,147470,106,8772.0
INV000322,162799,104,140000.0
INV016214,116312,108,19125.0
INV005984,146971,101,18750.0
INV017910,118620,102,29325.0
INV004925,134908,108,2150.0
INV001811,127854,103,7600.0
INV002356,113115,107,14000.0
INV018732,139249,101,3825.0
INV003603,109339,106,38000.0
INV017905,122028,105,71400.0
INV014416,150070,108,142800.0
INV001465,113874,107,5800.0
INV001836,110090,102,3800.0
INV016380,116570,107,15300.0
INV004384,101115,105,3100.0
INV003864,108249,108,6200.0
INV014748,132606,107,31000.0
INV004945,111495,105,75000.0
INV003888,111246,108,29000.0
INV016056,166062,102,1421.0
INV001999,152391,101,15500.0
INV004279,156151,104,14500.0
INV018845,152254,102,57500.0
INV003577,145807,107,21500.0
INV003005,164715,108,5750.0
INV011463,138796,101,70000.0
INV013716,149387,101,11730.0
INV001114,111678,108,4386.0
INV012281,162805,103,43000.0
INV010316,127754,106,27440.0
INV014428,104986,104,1900.0
INV011608,160148,103,117300.0
INV012455,141620,103,7448.0
INV015854,120972,105,15500.0
INV000068,120735,108,7395.0
INV018964,137788,106,18620.0
INV006310,123222,107,15000.0
INV004636,133329,101,11500.0
INV000218,137121,104,7350.0
INV016216,137727,107,2900.0
INV012085,126795,101,10750.0
INV018297,165467,108,2900.0
INV002030,128513,105,9500.0
INV004908,126293,103,12400.0
INV016416,105004,103,3750.0
INV005043,134889,108,11730.0
INV014347,107654,106,14700.0
INV008534,149591,106,75000.0
INV015235,145288,106,62000.0
INV018459,158074,101,28000.0
INV012836,128307,107,28175.0
INV007116,115384,103,3750.0
INV007822,104673,104,7752.0
INV000556,134075,105,4300.0
INV019414,157479,108,12648.0
INV000257,162936,106,18375.0
INV019378,150548,104,21500.0
INV018221,150802,103,29325.0
INV002897,140849,101,2150.0
INV004173,119099,106,7350.0
INV003334,140007,102,5916.0
INV015438,110166,104,28000.0
INV005794,117005,108,5800.0
INV016312,119255,107,15500.0
INV002423,162195,108,3800.0
INV001080,137078,105,5635.0
INV005925,120380,104,75000.0
INV010335,130648,108,11500.0
INV000055,100214,102,3800.0
INV016686,117360,101,15000.0
INV007883,129793,104,28560.0
INV007127,147023,102,15000.0
INV018548,165473,103,38000.0
INV003832,144214,104,21930.0
INV014937,165329,102,3750.0
INV006993,164594,102,14790.0
INV016418,109651,105,5800.0
INV018228,132042,104,9500.0
INV012924,135849,104,35700.0
INV008519,157999,102,19000.0
INV012770,126489,105,9310.0
INV011899,111125,108,73500.0
INV006962,139839,102,63240.0
INV003723,121103,106,15300.0
INV001166,120261,102,15810.0
INV013132,109885,107,14700.0
INV019573,903845,107,18027.31
INV019638,924569,104,37733.74
INV011663,161090,107,57500.0
INV017470,154028,102,2150.0
INV018414,137939,101,31000.0
INV015164,146177,101,137200.0
INV004052,117738,104,7600.0
INV008599,164389,102,38760.0
INV018759,156057,104,5800.0
INV008687,139695,105,58650.0
INV001957,159069,104,1450.0
INV000178,136048,108,23460.0
INV009847,127669,106,10750.0
INV014106,130839,102,140000.0
INV002535,148219,101,12400.0
INV010124,134427,101,9500.0
INV017653,131700,101,2150.0
INV015626,135325,103,13720.0
INV004064,130093,101,38000.0
INV011815,134274,104,15000.0
INV003706,129888,105,7500.0
INV001692,163895,103,7250.0
INV001009,105132,101,1900.0
INV002970,112181,102,1900.0
INV010720,159919,102,70000.0
INV018487,154346,103,3162.0
INV010808,143522,101,115000.0
INV016980,157657,101,57500.0
INV003911,118396,108,1900.0
INV014624,116830,106,73500.0
INV001404,139484,105,14500.0
INV001954,132402,101,7000.0
INV003652,150766,104,5750.0
INV012932,140620,103,2900.0
INV009864,139065,101,18750.0
INV004282,161203,105,13720.0
INV000469,106604,101,5750.0
INV009257,137208,106,38250.0
INV016093,141670,104,3825.0
INV014982,135053,105,14500.0
INV001709,148029,108,2842.0
INV004760,139115,107,7105.0
INV013390,153677,108,137200.0
INV007997,130548,102,31620.0
INV004799,116151,104,21500.0
INV018491,150009,102,29000.0
INV002098,116771,104,14700.0
INV007341,152820,105,29580.0
INV007301,100442,106,70000.0
INV003961,153233,102,57500.0
INV007705,118537,105,115000.0
INV011351,103584,108,9500.0
INV012287,107864,103,28750.0
INV003467,149900,106,35000.0
INV006857,122942,106,7250.0
INV009180,139558,103,4214.0
INV005516,153312,105,37500.0
INV009468,111880,107,38000.0
INV009539,158305,105,7350.0
INV015823,158871,103,23000.0
INV000683,161828,106,31620.0
INV001570,152480,103,29000.0
INV009039,151557,102,7250.0
INV013826,111029,106,35000.0
INV018841,145987,105,43000.0
INV018256,162266,103,6200.0
INV013806,125165,105,115000.0
INV000659,142372,102,5800.0
INV005700,140642,106,23000.0
INV006830,160304,105,14280.0
INV015660,139348,107,15190.0
INV016167,117299,103,18750.0
INV017873,103330,108,70000.0
INV004690,154122,101,15500.0
INV016321,134206,102,7600.0
INV014317,133293,103,19380.0
INV007101,142736,103,10750.0
INV010685,158944,108,19000.0
INV017054,139177,107,18750.0
INV014488,133155,104,2900.0
INV000852,115330,102,1421.0
INV017173,116917,102,6200.0
INV006799,164287,104,15500.0
INV013178,162353,103,28750.0
INV009073,108701,106,27440.0
INV011903,115702,105,37500.0
INV009290,123796,102,5916.0
INV006428,112310,103,75000.0
INV014046,111346,103,5916.0
INV002548,104981,104,9500.0
INV001853,105365,106,30380.0
INV004884,155233,104,28750.0
INV014886,148790,105,7000.0
INV005320,150788,107,9500.0
INV004035,131592,103,2958.0
INV007153,104448,107,7140.0
INV005769,140072,108,7600.0
INV007122,113986,102,18375.0
INV014459,129196,103,2900.0
INV012579,133701,102,112700.0
INV007876,148228,103,10535.0
INV018205,137788,104,14790.0
INV004152,113302,101,19000.0
INV011472,104533,101,42140.0
INV006960,122562,101,1421.0
INV000072,155047,102,2107.0
INV016155,122766,107,29000.0
INV010308,152971,105,1900.0
INV014860,126145,101,1900.0
INV019820,903952,101,87525.48
INV005354,111084,102,112700.0
INV015483,106985,108,15000.0
INV016831,116324,104,1421.0
INV016882,156263,104,43000.0
INV002407,118227,106,3800.0
INV006895,120122,101,2958.0
INV018927,147356,103,6200.0
INV012749,141074,102,23000.0
INV007440,128567,108,9500.0
INV005882,130728,104,19000.0
INV019620,972868,106,21326.8
INV016964,113122,104,7600.0
INV012497,120815,103,19000.0
INV003404,136440,101,63240.0
INV003217,149762,101,1450.0
INV009698,146197,102,9500.0
INV004745,162760,104,38000.0
INV016656,159624,101,11500.0
INV003905,132444,106,30380.0
INV006580,151930,105,9690.0
