customer_code,customer_name,city,segment,email,signup_date
0001,Sharma Hardware,Mumbai,Retail,accounts@sharmahardware.example.com,2024-11-04
0002,Patel Kitchenware,Ahmedabad,Retail,accounts@patelkitchenware.example.com,15/12/2024
0003,Green Leaf Hotels,Poona,Hospitality,accounts@greenleafhotels.example.com,2024-09-08
0004,Coastal Foods,Chennai,Wholesale,accounts@coastalfoods.example.com,2024-10-20
0005,Metro Mart,Bombay,RETAIL,accounts@metromart.example.com,2024-12-22
0006,Sunrise Caterers,Nagpur,Hospitality,accounts@sunrisecaterers.example.com,2025-02-03
0007,Northgate Distributors,Delhi,Distributor,accounts@northgatedistributors.example.com,17/02/2025
0008,Blue Bay Cafe,Pune,Hospitality,accounts@bluebaycafe.example.com,01/03/2025
0009,Lakeview Resorts,Udaipur,Hospitality,accounts@lakeviewresorts.example.com,2024-08-12
0010,City Needs Store,Jaipur,Retail,accounts@cityneedsstore.example.com,2024-12-05
0011,Harbour Traders,Kochi,Wholesale,accounts@harbourtraders.example.com,2025-04-09
0012,Fresh Bowl Kitchens,Bengaluru,Hotel/Restaurant,accounts@freshbowlkitchens.example.com,2025-02-20
0013,Om Sai Provisions,Nashik,Retail,,2025-03-14
0014,Deccan Packaging,Hyderabad,Wholesale,accounts@deccanpackaging.example.com,2025-05-06
0015,Spice Route Restaurants,Kolkata,Hospitality,accounts@spicerouterestaurants.example.com,2025-06-02
0016,Home Plus,Surat,Retail,accounts@homeplus.example.com,2025-06-18
0017,Royal Banquets,Lucknow,Hospitality,accounts@royalbanquets.example.com,2025-07-07
0018,Evergreen Mart,Indore,Retail,accounts@evergreenmart.example.com,2025-07-21
0019,Western Logistics,Mumbai,Wholesale,accounts@westernlogistics.example.com,2025-08-11
0020,Tasty Tiffins,Pune,Hospitality,accounts@tastytiffins.example.com,2025-08-25
0021,Kitchen Kraft,Bengaluru,Retail,accounts@kitchenkraft.example.com,2025-09-03
0022,Festive Gifts Co,Delhi,Retail,accounts@festivegiftsco.example.com,2025-09-15
0023,Sea Breeze Hotel,Goa,Hospitality,accounts@seabreezehotel.example.com,2025-10-06
0024,Prime Wholesale,Ahmedabad,Wholesale,accounts@primewholesale.example.com,2025-11-10
0025,Maple Stores,Chandigarh,Retail,accounts@maplestores.example.com,2021-03-14
0026,Shree Kitchenware,Pune,Retail,accounts@shreekitchenware.example.com,2023-10-15
0027,Palm Home Needs,Goa,Retail,accounts@palmhomeneeds.example.com,2023-04-28
0028,Nandi Restaurant,Hyderabad,Hospitality,accounts@nandirestaurant.example.com,2025-09-03
0029,Silver Foods,Bengaluru,Hospitality,accounts@silverfoods.example.com,2022-11-23
0030,Coastal Hotels,Bhubaneswar,Hospitality,accounts@coastalhotels.example.com,2023-01-13
0031,Tulsi Hotels,delhi,Hospitality,accounts@tulsihotels.example.com,2023-10-03
0032,Green Provisions,Indore,Retail ,accounts@greenprovisions.example.com,2020-03-15
0033,Mahalaxmi Home Needs,Vadodara,Retail,accounts@mahalaxmihomeneeds.example.com,2023-08-09
0034,River Side Home Needs,Indore,Retail,accounts@riversidehomeneeds.example.com,2021-11-20
0035,Bharat Supermarket,Coimbatore,Retail,accounts@bharatsupermarket.example.com,2023-06-17
0036,Hill View Resorts,Mumbai,Hospitality,accounts@hillviewresorts.example.com,2021-12-06
0037,Tulsi Caterers,Nashik,Hospitality,accounts@tulsicaterers.example.com,2020-08-16
0038,Evergreen Kitchenware,Delhi,Retail,accounts@evergreenkitchenware.example.com,2021-06-26
0039,Prime Stores,Ahmedabad,Retail,accounts@primestores.example.com,24/11/2021
0040,Saffron Hotels,bengaluru,Hospitality,accounts@saffronhotels.example.com,2022-06-09
0041,Silk Route Provisions,Mumbai,Retail,accounts@silkrouteprovisions.example.com,2025-07-22
0042,Supreme Provisions,Mysuru,Retail,accounts@supremeprovisions.example.com,2025-09-04
0043,Silk Route Emporium,Gurugram,Retail,accounts@silkrouteemporium.example.com,2025-04-15
0044,River Side Resorts,Hyderabad,Hospitality,accounts@riversideresorts.example.com,2024-04-23
0045,Lake View Caterers,Thane,Hospitality,accounts@lakeviewcaterers.example.com,2023-01-12
0046,Spice Garden Supermarket,Ludhiana,Retail,accounts@spicegardensupermarket.example.com,2025-03-03
0047,Silver General Store,Patna,Retail,accounts@silvergeneralstore.example.com,2021-03-14
0048,City Depot,Mumbai,Wholesale,accounts@citydepot.example.com,2024-02-04
0049,Lotus Packaging,MUMBAI,Wholesale,accounts@lotuspackaging.example.com,2024-01-25
0050,Harbour Hotels,Hyderabad,Hospitality,accounts@harbourhotels.example.com,2021-06-19
0051,Coconut Grove Enterprises,Mysuru,Wholesale,,2021-05-13
0052,Shree Stores,Bengaluru,Retail,accounts@shreestores.example.com,2020-12-14
0053,Jai Hind Bazaar,Mangaluru,Retail,accounts@jaihindbazaar.example.com,2023-05-01
0054,Saffron Kitchenware,Gurugram,Retail,accounts.saffronkitchenware.example.com,2023-11-11
0055,Silk Route Wholesale,Hyderabad,Wholesale,accounts@silkroutewholesale.example.com,2023-12-06
0056,Om Home Needs,Bangalore,Retail,accounts@omhomeneeds.example.com,2024-08-16
0057,Balaji Caterers,Nagpur,Hospitality,accounts@balajicaterers.example.com,2023-02-28
0058,Coastal Supermarket,MUMBAI,Retail,accounts@coastalsupermarket.example.com,2024-08-18
0059,Laxmi General Store,hyderabad,Retail,accounts@laxmigeneralstore.example.com,2022-05-20
0060,Palm Packaging,Kolkata,Wholesale,accounts@palmpackaging.example.com,2023-02-14
0061,Pearl General Store,Noida,Retail,accounts@pearlgeneralstore.example.com,2023-05-26
0062,Om Mart,Rajkot,Retail,,2023-12-15
0063,Krishna Foods,Bengaluru,Hospitality,accounts@krishnafoods.example.com,2021-11-15
0064,National Caterers,Hyderabad,Hospitality,accounts@nationalcaterers.example.com,2024-06-28
0065,Jai Hind Traders,Pune,Retail,accounts@jaihindtraders.example.com,2023-11-05
0066,Green Foods,Delhi,Hospitality,accounts@greenfoods.example.com,2024-06-15
0067,Galaxy Restaurant,Mumbai,Hospitality,accounts@galaxyrestaurant.example.com,2022-07-22
0068,Coastal Kitchenware,Gurugram,Retail,accounts@coastalkitchenware.example.com,2021-11-20
0069,United Hotels,Chennai,Hospitality,accounts@unitedhotels.example.com,2023-10-30
0070,Metro Supermarket,Bhubaneswar,Retail,accounts@metrosupermarket.example.com,2021-05-17
0071,Modern Home Needs,Bengaluru,RETAIL,accounts@modernhomeneeds.example.com,2022-05-02
0072,Bharat General Store,Indore,Retail,accounts@bharatgeneralstore.example.com,01/02/2024
0073,Evergreen Mart Chennai,Chennai,Retail,accounts@evergreenmartchennai.example.com,2023-01-02
0074,Lotus Traders,Kolkata,Retail,accounts@lotustraders.example.com,2025-11-06
0075,Sapphire Resorts,Kolkata,Hospitality,accounts@sapphireresorts.example.com,2023-01-13
0076,National Inn,Pune,Hospitality,accounts@nationalinn.example.com,2022-11-25
0077,Galaxy Kitchens,Mumbai,Hospitality,accounts@galaxykitchens.example.com,11/05/2021
0078,Balaji Bazaar,Bengaluru,Retail,accounts@balajibazaar.example.com,2025-07-08
0079,Ganesh Supermarket,Hyderabad,Retail,accounts@ganeshsupermarket.example.com,2023-07-16
0080,Laxmi Restaurant,Thane,Hospitality,accounts@laxmirestaurant.example.com,2020-01-04
0081,River Side Tiffin Services,Hyderabad,Hospitality,accounts@riversidetiffinservices.example.com,2025-10-08
0082,River Side Tiffin Services Kolkata,Kolkata,Hospitality,accounts@riversidetiffinservicesk.example.com,2020-05-29
0083,Jai Hind Provisions,Pune,Retail,accounts@jaihindprovisions.example.com,2024-06-21
0084,Evergreen Kitchens,Lucknow,Hospitality,accounts@evergreenkitchens.example.com,2021-02-04
0085,Orchid Depot,Bengaluru,Wholesale,accounts@orchiddepot.example.com,2021-05-01
0086,Coconut Grove Logistics,Mysuru,Wholesale,accounts@coconutgrovelogistics.example.com,2021-12-09
0087,Harbour Exports,Guwahati,Wholesale,accounts@harbourexports.example.com,2025-09-09
0088,National Bazaar,Udaipur,Retail,accounts@nationalbazaar.example.com,2025-01-21
0089,Maple Supermarket,Raipur,Retail,accounts@maplesupermarket.example.com,2021-06-22
0090,Vijay Stores,Mysuru,Retail,,2024-05-18
0091,Supreme Enterprises,Agra,Wholesale,accounts@supremeenterprises.example.com,2022-10-19
0092,Palm General Store,Chandigarh,Retail,,2022-03-26
0093,National Provisions,Goa,retail,accounts@nationalprovisions.example.com,2020-06-04
0094,Lotus Restaurant,Pune,Hospitality,accounts@lotusrestaurant.example.com,2022-09-11
0095,Evergreen General Store,Madurai,Retail,accounts@evergreengeneralstore.example.com,2024-10-20
0096,City Cafe,Pune,Hospitality,accounts@citycafe.example.com,2022-02-27
0097,Mahalaxmi Kitchenware,Chandigarh,Retail,accounts@mahalaxmikitchenware.example.com,2021-07-13
0098,Maple Mart,Mumbai,Retail,accounts@maplemart.example.com,2023-01-08
0099,Bharat Mart,Vadodara,Retail,accounts@bharatmart.example.com,2021-07-21
0100,Shree Stores Chennai,Chennai,Retail,accounts@shreestoreschennai.example.com,2021-04-16
0101,City Trading Co,Mumbai,Distributor,accounts@citytradingco.example.com,2024-11-05
0102,Orchid Cafe,Indore,Hospitality,accounts@orchidcafe.example.com,2021-01-17
0103,United Bazaar,Raipur,Retail,accounts@unitedbazaar.example.com,2022-07-26
0104,Orchid Supermarket,Mangaluru,Retail,,2024-01-13
0105,Shree Cafe,Vadodara,Hospitality,accounts@shreecafe.example.com,2021-02-01
0106,Green Banquets,Guwahati,Hospitality,accounts@greenbanquets.example.com,2023-05-21
0107,Heritage Provisions,Raipur,Retail,accounts@heritageprovisions.example.com,2025-01-20
0108,Laxmi Traders,Gurugram,Retail ,accounts@laxmitraders.example.com,2020-02-16
0109,Pearl Stores,Hyderabad,Retail,,2020-02-10
0110,New Suppliers,Goa,Wholesale,accounts@newsuppliers.example.com,2023-04-26
0111,Blue Foods,Ranchi,Hospitality,accounts@bluefoods.example.com,14/03/2020
0112,Classic Banquets,Agra,Hospitality,accounts@classicbanquets.example.com,2023-02-11
0113,Ganesh Caterers,Thane,Hospitality,accounts@ganeshcaterers.example.com,2021-01-18
0114,Blue Kitchenware,Kolkata,Retail,accounts@bluekitchenware.example.com,2024-10-17
0115,Sunrise Traders,Nagpur,Retail,accounts@sunrisetraders.example.com,2023-10-22
0116,Rainbow Stores,Mysuru,Retail,accounts@rainbowstores.example.com,2025-03-07
0117,Nandi Provisions,Madras,Retail,accounts@nandiprovisions.example.com,2020-01-20
0118,National General Store,Chennai,Retail,accounts@nationalgeneralstore.example.com,2022-10-18
0119,National General Store Pune,Pune,Retail,accounts@nationalgeneralstorepune.example.com,2021-09-01
0120,Sunrise Distributors,Rajkot,Wholesale,accounts@sunrisedistributors.example.com,2024-08-11
0121,Rainbow Distributors,Chennai,Wholesale,accounts@rainbowdistributors.example.com,2020-03-26
0122,Tulsi Restaurant,Chennai,Hospitality,accounts@tulsirestaurant.example.com,2024-09-30
0123,Balaji Stores,Nagpur,Retail,accounts@balajistores.example.com,2024-09-05
0124,Galaxy Home Needs,Bengaluru,Retail,accounts@galaxyhomeneeds.example.com,2021-02-10
0125,Classic Caterers,Noida,Hospitality,accounts@classiccaterers.example.com,2023-08-08
0126,Coconut Grove Emporium,Ludhiana,Retail,accounts@coconutgroveemporium.example.com,2023-02-24
0127,Rainbow Mart,MUMBAI,RETAIL,accounts@rainbowmart.example.com,2021-04-25
0128,Modern Inn,Mumbai,Hospitality,accounts@moderninn.example.com,2023-12-06
0129,Metro Banquets,Lucknow,Hospitality,accounts@metrobanquets.example.com,2025-05-23
0130,Silver Mart,Thiruvananthapuram,Retail ,accounts@silvermart.example.com,2022-12-18
0131,Laxmi Traders Lucknow,Lucknow,Retail,accounts@laxmitraderslucknow.example.com,2024-04-14
0132,Rainbow Mart Thane,Thane,Retail,accounts@rainbowmartthane.example.com,2023-07-04
0133,Mahalaxmi Hotels,Surat,hospitality,accounts@mahalaxmihotels.example.com,2022-12-26
0134,Tulsi Traders,Mumbai,Retail,accounts@tulsitraders.example.com,01/02/2020
0135,Silver Bazaar,Ahmedabad,Retail,accounts@silverbazaar.example.com,2025-04-08
0136,Mahalaxmi Emporium,Bengaluru,Retail,accounts@mahalaxmiemporium.example.com,2021-02-16
0137,Silver Hotels,Pune,Hospitality,accounts@silverhotels.example.com,2022-10-10
0138,Mahalaxmi Provisions,Ludhiana,Retail,accounts@mahalaxmiprovisions.example.com,2022-01-24
0139,New Kitchenware,Kolkata,Retail,accounts@newkitchenware.example.com,2023-10-25
0140,Supreme Hotels,Delhi,HoReCa,accounts@supremehotels.example.com,2025-07-05
0141,Lotus General Store,Pune,Retail,accounts@lotusgeneralstore.example.com,2022-06-25
0142,Evergreen Stores,Mangaluru,Retail,accounts.evergreenstores.example.com,2022-03-25
0143,Coastal Provisions,Chennai,Retail,accounts.coastalprovisions.example.com,2022-03-22
0144,Ganesh Banquets,Gurugram,Hospitality,accounts@ganeshbanquets.example.com,2020-12-13
0145,Blue Restaurant,Hyderabad,Hospitality,accounts@bluerestaurant.example.com,2020-02-26
0146,Galaxy General Store,Chennai,Retail,accounts@galaxygeneralstore.example.com,2022-04-27
0147,Vijay Mart,Hyderabad,Retail,accounts@vijaymart.example.com,2023-05-07
0148,Hill View Caterers,Hyderabad,Hospitality,accounts@hillviewcaterers.example.com,2025-11-08
0149,Shree Mart,Delhi,Retail,accounts@shreemart.example.com,2025-02-19
0150,Palm Cafe,Indore,Hospitality,accounts@palmcafe.example.com,2021-04-01
0151,Bharat Tiffin Services,Mumbai,Hospitality,accounts@bharattiffinservices.example.com,2022-10-24
0152,Hill View Resorts Kolkata,Kolkata,Hospitality,accounts@hillviewresortskolkata.example.com,2023-11-26
0153,Golden Bazaar,Ahmedabad,Retail,accounts@goldenbazaar.example.com,2021-08-17
0154,National General Store Lucknow,Lucknow,Retail,accounts@nationalgeneralstoreluck.example.com,2021-10-17
0155,Shree General Store,Mumbai,Retail,accounts@shreegeneralstore.example.com,2020-01-17
0156,Supreme Bazaar,Udaipur,RETAIL,accounts@supremebazaar.example.com,2024-03-14
0157,Silk Route Traders,Chennai,Retail,accounts@silkroutetraders.example.com,2023-11-29
0158,Spice Garden Packaging,Chennai,Wholesale,accounts@spicegardenpackaging.example.com,2022-08-24
0159,Maple Home Needs,Bengaluru,Retail,accounts@maplehomeneeds.example.com,2024-07-25
0160,Coconut Grove General Store,Ahmedabad,Retail,accounts@coconutgrovegeneralstore.example.com,2021-11-17
0161,Rainbow Banquets,Delhi,Hospitality,accounts@rainbowbanquets.example.com,2021-02-06
0162,Star Mart,Agra,Retail,accounts@starmart.example.com,2023-02-04
0163,Laxmi Enterprises,Hyderabad,Wholesale,accounts@laxmienterprises.example.com,2024-10-07
0164,Harbour Traders Thiruvananthapuram,Trivandrum,Retail,accounts@harbourtradersthiruvanan.example.com,2022-08-17
0165,Tulsi Emporium,Hyderabad,Retail,accounts@tulsiemporium.example.com,2023-09-26
0166,United Bazaar Hyderabad,unknown,Retail,accounts@unitedbazaarhyderabad.example.com,2021-02-17
0167,Star General Store,Hyderabad,Retail,accounts@stargeneralstore.example.com,2024-06-14
0168,Om Foods,Thane,Hospitality,accounts@omfoods.example.com,2023-03-11
0169,Saffron Emporium,Mumbai,Retail,accounts@saffronemporium.example.com,2025-01-21
0170,Ganesh Bazaar,Ahmedabad,Retail,accounts@ganeshbazaar.example.com,2024-03-10
0171,Heritage General Store,Lucknow,Retail,accounts@heritagegeneralstore.example.com,2022-03-05
0172,Supreme Home Needs,Chennai,Retail,accounts@supremehomeneeds.example.com,2023-04-01
0173,Prime Packaging,Calcutta,Wholesale,accounts@primepackaging.example.com,2025-11-28
0174,Blue Traders,Guwahati,Retail,accounts@bluetraders.example.com,2021-09-14
0175,Palm Suppliers,Hyderabad,Wholesale,accounts@palmsuppliers.example.com,2021-06-03
0176,River Side Foods,Dehradun,Hospitality,accounts@riversidefoods.example.com,2021-07-27
0177,City Tiffin Services,Jaipur,Hospitality,accounts@citytiffinservices.example.com,2021-08-17
0178,Nandi Provisions Surat,Surat,Retail,accounts@nandiprovisionssurat.example.com,2023-07-26
0179,Supreme Provisions Delhi,Delhi,Retail,accounts@supremeprovisionsdelhi.example.com,2024-01-25
0180,Tulsi Restaurant Vadodara,Vadodara,Hospitality,accounts@tulsirestaurantvadodara.example.com,2021-05-24
0181,Rainbow Emporium,Goa,Retail,accounts@rainbowemporium.example.com,07/11/2022
0182,Star General Store Patna,Patna,Retail,accounts@stargeneralstorepatna.example.com,2021-04-17
0183,Lotus Provisions,Mumbai,Retail,accounts@lotusprovisions.example.com,2023-01-30
0184,Lotus Kitchens,Bengaluru,hospitality,accounts@lotuskitchens.example.com,2025-04-21
0185,United Inn,Kanpur,Hospitality,accounts@unitedinn.example.com,2025-05-04
0186,Classic Hotels,Delhi,Hospitality,accounts@classichotels.example.com,2024-09-14
0187,Krishna Tiffin Services,Delhi,Hospitality,accounts@krishnatiffinservices.example.com,2023-01-15
0188,Modern Kitchens,Patna,Hospitality,accounts@modernkitchens.example.com,2025-07-20
0189,Nandi Resorts,Kanpur,Hospitality,accounts@nandiresorts.example.com,2024-06-03
0190,Galaxy Bazaar,Thiruvananthapuram,Retail,accounts@galaxybazaar.example.com,2020-08-31
0191,Blue Cafe,Pune,Hospitality,accounts@bluecafe.example.com,2020-07-10
0192,Lotus Resorts,Bhubaneswar,Hospitality,accounts@lotusresorts.example.com,2020-04-11
0193,New General Store,Agra,Retail,accounts@newgeneralstore.example.com,2023-01-27
0194,Silk Route Mart,Hyderabad,retail,accounts@silkroutemart.example.com,2024-05-26
0195,Krishna Foods Gurugram,Gurugram,Hospitality,accounts@krishnafoodsgurugram.example.com,2022-09-07
0196,Harbour Foods,Bengaluru,Hospitality,accounts@harbourfoods.example.com,2025-05-17
0197,Hill View Provisions,Noida,RETAIL,accounts@hillviewprovisions.example.com,2023-03-29
0198,Om Kitchens,Pune,Hospitality,accounts@omkitchens.example.com,2021-09-20
0199,Ganesh Trading Co,Visakhapatnam,Wholesale,accounts@ganeshtradingco.example.com,2024-04-02
0200,Silk Route Depot,Surat,Wholesale,accounts@silkroutedepot.example.com,2024-03-26
0201,Crystal Bazaar,Chennai,Retail,accounts@crystalbazaar.example.com,2022-05-29
0202,Krishna Caterers,Dehradun,Hospitality,accounts@krishnacaterers.example.com,2023-03-26
0203,Blue Inn,Nagpur,Hospitality,accounts@blueinn.example.com,2022-07-25
0204,River Side Enterprises,Chennai,wholesale,accounts@riversideenterprises.example.com,2023-02-10
0205,Silver Mart Coimbatore,Coimbatore,Retail,accounts@silvermartcoimbatore.example.com,2025-05-20
0206,Spice Garden Hotels,Chennai,Hospitality,accounts@spicegardenhotels.example.com,2020-04-06
0207,Blue Provisions,Delhi,Retail,accounts@blueprovisions.example.com,2021-01-22
0208,National Tiffin Services,Aurangabad,Hospitality,accounts@nationaltiffinservices.example.com,2021-08-22
0209,Saffron Emporium Noida,Noida,Retail,accounts@saffronemporiumnoida.example.com,2022-06-08
0210,Metro Agencies,Agra,Wholesale,accounts@metroagencies.example.com,2024-07-29
0211,Lake View Exports,Bombay,Wholesale,accounts@lakeviewexports.example.com,2020-03-22
0212,Jai Hind Kitchenware,New Delhi,Retail ,accounts@jaihindkitchenware.example.com,2021-05-01
0213,Heritage Emporium,Pune,Retail,accounts@heritageemporium.example.com,2024-03-21
0214,Nandi Supermarket,Delhi,Retail,accounts@nandisupermarket.example.com,09/01/2025
0215,Coconut Grove Mart,Kolkata,Retail,accounts@coconutgrovemart.example.com,2021-05-06
0216,City Mart,Rajkot,Retail,accounts@citymart.example.com,2020-11-14
0217,River Side Supermarket,Thane,Retail,accounts@riversidesupermarket.example.com,2021-04-01
0218,Pearl Supermarket,Guwahati,Retail,accounts@pearlsupermarket.example.com,2020-10-01
0219,Galaxy Home Needs Madurai,Madurai,Retail,accounts@galaxyhomeneedsmadurai.example.com,2020-01-23
0220,Ganesh Banquets Hyderabad,Hyderabad,Hospitality,accounts@ganeshbanquetshyderabad.example.com,2024-07-11
0221,Green Trading Co,Bengaluru,WHOLESALE,accounts@greentradingco.example.com,2020-02-12
0222,Balaji Agencies,Bhubaneswar,wholesale,accounts@balajiagencies.example.com,2020-08-01
0223,Hill View Kitchens,Poona,Hospitality,accounts@hillviewkitchens.example.com,2025-02-04
0224,Bharat Hotels,Rajkot,Hospitality,accounts@bharathotels.example.com,2022-03-22
0225,Palm Exports,Bengaluru,Wholesale,accounts@palmexports.example.com,2021-03-24
0226,Shree Cafe Bengaluru,Bengaluru,Hospitality,accounts@shreecafebengaluru.example.com,2025-07-08
0227,Metro Kitchenware,Pune,Retail,accounts@metrokitchenware.example.com,2020-12-02
0228,Coconut Grove Bazaar,Kolkata,Retail,accounts@coconutgrovebazaar.example.com,2022-11-24
0229,Spice Garden Hotels Noida,Noida,Hospitality,,2021-07-15
0230,United Mart,Agra,Retail,accounts@unitedmart.example.com,2020-04-25
0231,Galaxy Bazaar Aurangabad,Aurangabad,Retail,accounts@galaxybazaaraurangabad.example.com,2022-01-25
0232,Blue Hotels,Lucknow,Hospitality,accounts@bluehotels.example.com,2024-01-19
0233,United Traders,Kanpur,Retail,accounts@unitedtraders.example.com,2024-11-20
0234,Spice Garden Home Needs,Udaipur,Retail,accounts@spicegardenhomeneeds.example.com,2024-11-24
0235,Green Home Needs,Nagpur,Retail,accounts@greenhomeneeds.example.com,2022-11-17
0236,Tulsi Traders Mysuru,Mysuru,Retail,,2023-08-24
0237,Orchid Stores,Ranchi,Retail,accounts@orchidstores.example.com,09/03/2021
0238,Harbour Emporium,Coimbatore,Retail,accounts@harbouremporium.example.com,2023-04-17
0239,River Side Emporium,Thiruvananthapuram,Retail,accounts@riversideemporium.example.com,2023-12-15
0240,River Side Mart,Chennai,Retail,accounts@riversidemart.example.com,2024-07-09
0241,Vijay Agencies,Delhi,Wholesale,accounts@vijayagencies.example.com,24/10/2020
0242,Crystal Foods,Bengaluru,Hospitality,accounts@crystalfoods.example.com,2020-11-15
0243,Coastal Supermarket Noida,Noida,Retail,accounts@coastalsupermarketnoida.example.com,2024-02-12
0244,Heritage Foods,Thiruvananthapuram,Hospitality,accounts@heritagefoods.example.com,2022-10-31
0245,Golden Home Needs,Nagpur,Retail,accounts@goldenhomeneeds.example.com,2025-06-28
0246,Metro Hotels,Indore,Hospitality,accounts@metrohotels.example.com,2020-07-05
0247,Maple Resorts,Chennai,hospitality,accounts@mapleresorts.example.com,2024-11-02
0248,Shree General Store Noida,Noida,Retail,accounts@shreegeneralstorenoida.example.com,2021-11-25
0249,Classic General Store,Hyderabad,Retail,accounts@classicgeneralstore.example.com,2025-06-30
0250,Coconut Grove Supermarket,Pune,retail,accounts.coconutgrovesupermarket.example.com,2020-09-22
0251,National Bazaar Mumbai,Mumbai,Retail,accounts@nationalbazaarmumbai.example.com,2022-11-23
0252,Rainbow Logistics,Udaipur,Wholesale,accounts@rainbowlogistics.example.com,2023-01-22
0253,Om Resorts,Dehradun,Hospitality,accounts@omresorts.example.com,2023-12-26
0254,Sunrise Provisions,Nagpur,RETAIL,accounts@sunriseprovisions.example.com,26/12/2024
0255,Rainbow Banquets Nagpur,Nagpur,Hospitality,accounts@rainbowbanquetsnagpur.example.com,2021-07-31
0256,Hill View Supermarket,Thiruvananthapuram,Retail,accounts@hillviewsupermarket.example.com,2023-10-23
0257,River Side Enterprises Pune,Pune,Wholesale,accounts@riversideenterprisespune.example.com,2023-01-27
0258,Prime Supermarket,Mumbai,Retail,accounts@primesupermarket.example.com,2025-03-19
0259,Lotus Bazaar,Ahmedabad,Retail,accounts@lotusbazaar.example.com,2023-01-28
0260,River Side Kitchenware,Aurangabad,Retail,accounts@riversidekitchenware.example.com,2020-10-24
0261,Pearl Home Needs,Surat,Retail,accounts@pearlhomeneeds.example.com,2023-06-26
0262,Pearl Restaurant,Dehradun,Hospitality,accounts.pearlrestaurant.example.com,2021-10-08
0263,Royal Bazaar,Nashik,Retail,accounts@royalbazaar.example.com,2024-12-06
0264,Krishna Provisions,Ahmedabad,Retail,accounts@krishnaprovisions.example.com,2021-07-18
0265,Golden Emporium,Mangaluru,Retail,accounts@goldenemporium.example.com,2024-06-09
0266,Coastal Provisions Udaipur,Udaipur,Retail,accounts@coastalprovisionsudaipur.example.com,2023-09-06
0267,Urban Traders,Gurugram,Retail,accounts@urbantraders.example.com,24/05/2024
0268,Harbour Caterers,Delhi,Hospitality,accounts@harbourcaterers.example.com,2023-02-27
0269,Metro Emporium,Mumbai,Retail,accounts@metroemporium.example.com,2023-12-17
0270,Galaxy Home Needs Vadodara,Vadodara,Retail,accounts@galaxyhomeneedsvadodara.example.com,2023-09-02
0271,Star Stores,Nashik,Retail,accounts@starstores.example.com,2022-09-13
0272,Lotus Mart,Chandigarh,Retail,accounts@lotusmart.example.com,2025-07-08
0273,Mahalaxmi Inn,Chennai,Hospitality,accounts@mahalaxmiinn.example.com,2024-08-17
0274,Mahalaxmi General Store,Ludhiana,Retail,accounts@mahalaxmigeneralstore.example.com,2024-10-26
0275,Modern Suppliers,Rajkot,Wholesale,accounts@modernsuppliers.example.com,2023-11-07
0276,Shree Kitchens,Mangaluru,Hospitality,accounts@shreekitchens.example.com,2022-05-14
0277,Tulsi Trading Co,Delhi,Wholesale,accounts@tulsitradingco.example.com,2023-07-05
0278,Palm Kitchens,Delhi,Hospitality,accounts@palmkitchens.example.com,2024-11-22
0279,Lotus Traders Noida,Noida,retail,accounts@lotustradersnoida.example.com,2021-06-18
0280,Metro Resorts,Raipur,Hospitality,accounts@metroresorts.example.com,2024-11-06
0281,Rainbow Home Needs,Bombay,retail,accounts@rainbowhomeneeds.example.com,2021-03-31
0282,Pearl Tiffin Services,Ahmedabad,Hospitality,accounts@pearltiffinservices.example.com,2021-05-13
0283,Sai Logistics,Delhi,Wholesale,accounts@sailogistics.example.com,2022-05-29
0284,City Provisions,Kanpur,Retail,accounts@cityprovisions.example.com,2021-09-15
0285,Prime Enterprises,Ludhiana,Wholesale,accounts@primeenterprises.example.com,2020-12-06
0286,Evergreen Bazaar,Chandigarh,Retail,accounts@evergreenbazaar.example.com,2021-11-03
0287,Maple Enterprises,Chandigarh,Wholesale,accounts@mapleenterprises.example.com,2021-10-07
0288,Orchid Restaurant,Chennai,Hospitality,accounts@orchidrestaurant.example.com,2022-10-28
0289,Shree Home Needs,Noida,Retail,accounts@shreehomeneeds.example.com,2022-08-19
0290,Prime Depot,Nagpur,Wholesale,accounts@primedepot.example.com,2021-04-04
0291,Saffron Provisions,Udaipur,RETAIL,accounts@saffronprovisions.example.com,2021-06-05
0292,Sapphire Traders,Bengaluru,Retail,accounts@sapphiretraders.example.com,2023-12-18
0293,Golden Tiffin Services,Guwahati,Hospitality,accounts@goldentiffinservices.example.com,2021-07-25
0294,Royal Suppliers,Delhi,Wholesale,accounts@royalsuppliers.example.com,2020-10-13
0295,Royal Bazaar Bengaluru,Bengaluru,Retail,accounts@royalbazaarbengaluru.example.com,2020-10-14
0296,Tulsi General Store,Hyderabad,Retail,accounts@tulsigeneralstore.example.com,2023-08-20
0297,Rainbow Emporium Pune,Pune,Retail,accounts@rainbowemporiumpune.example.com,2022-10-15
0298,Shree Restaurant,Delhi,Hospitality,accounts@shreerestaurant.example.com,2024-01-18
0299,Maple Enterprises Vadodara,Vadodara,Distributor,accounts@mapleenterprisesvadodara.example.com,2020-10-06
0300,Om General Store,Patna,Retail,accounts@omgeneralstore.example.com,2022-10-29
0301,Vijay Suppliers,Thiruvananthapuram,Wholesale,accounts@vijaysuppliers.example.com,14/03/2025
0302,Maple Kitchenware,Delhi,Retail,accounts@maplekitchenware.example.com,2025-01-28
0303,City Bazaar,Aurangabad,retail,accounts@citybazaar.example.com,2022-09-12
0304,Classic Bazaar,Goa,Retail,accounts@classicbazaar.example.com,2024-11-29
0305,New Kitchenware Bengaluru,Bengaluru,Retail,accounts@newkitchenwarebengaluru.example.com,2021-01-06
0306,Ganesh Restaurant,Ranchi,Hospitality,accounts@ganeshrestaurant.example.com,2024-12-22
0307,Sapphire Resorts Mangaluru,Mangaluru,Hospitality,accounts@sapphireresortsmangaluru.example.com,2021-05-01
0308,Krishna Tiffin Services Hyderabad,Hyderabad,HoReCa,accounts@krishnatiffinserviceshyd.example.com,2023-08-15
0309,Star Cafe,Delhi,Hospitality,accounts@starcafe.example.com,2020-02-08
0310,Om Home Needs Noida,Noida,Retail,,2022-12-24
0311,Silk Route Inn,Rajkot,Hospitality,accounts@silkrouteinn.example.com,2024-10-12
0312,Jai Hind Kitchens,Surat,Hospitality,accounts@jaihindkitchens.example.com,2021-05-31
0313,Blue Home Needs,Hyderabad,Retail ,accounts@bluehomeneeds.example.com,02/06/2020
0314,Galaxy Logistics,Agra,WHOLESALE,accounts@galaxylogistics.example.com,2024-04-14
0315,Shree General Store Delhi,Delhi,Retail,accounts@shreegeneralstoredelhi.example.com,2025-06-26
0316,Vijay Stores Coimbatore,Coimbatore,Retail,accounts@vijaystorescoimbatore.example.com,2023-11-06
0317,Vijay Emporium,Bhubaneswar,Retail,accounts@vijayemporium.example.com,2023-12-21
0318,Coastal Provisions Lucknow,Lucknow,Retail,accounts@coastalprovisionslucknow.example.com,2024-01-24
0319,Modern Cafe,Bengaluru,Hospitality,accounts@moderncafe.example.com,2024-02-22
0320,Evergreen Kitchenware Lucknow,Lucknow,Retail,accounts@evergreenkitchenwareluck.example.com,2022-11-18
0321,Silver Bazaar Vadodara,Vadodara,Retail,accounts@silverbazaarvadodara.example.com,2024-07-29
0322,Laxmi Supermarket,Kolkata,Retail,accounts@laxmisupermarket.example.com,2021-12-01
0323,Nandi Cafe,Gurugram,Hospitality,accounts@nandicafe.example.com,2021-02-16
0324,New Traders,Kolkata,Retail,accounts@newtraders.example.com,2020-11-23
0325,Ganesh Inn,Bengaluru,HoReCa,accounts@ganeshinn.example.com,2023-04-18
0326,Modern Packaging,Mumbai,Wholesale,,2024-09-12
0327,Coastal Mart,Delhi,Retail,accounts@coastalmart.example.com,2021-07-18
0328,Rainbow Packaging,Udaipur,Wholesale,accounts@rainbowpackaging.example.com,2022-11-10
0329,Orchid Kitchenware,Chennai,Retail,accounts@orchidkitchenware.example.com,2023-12-14
0330,Sai Provisions,Noida,Retail,accounts@saiprovisions.example.com,2020-09-12
0331,Mahalaxmi Kitchens,Hyderabad,Hospitality,accounts@mahalaxmikitchens.example.com,2025-03-03
0332,Rainbow Provisions,Noida,Retail,accounts@rainbowprovisions.example.com,2020-11-19
0333,Modern Provisions,Mumbai,Retail,accounts@modernprovisions.example.com,2022-09-16
0334,United Emporium,MUMBAI,Retail,accounts@unitedemporium.example.com,2020-02-26
0335,Sunrise Home Needs,Gurgaon,Retail,accounts@sunrisehomeneeds.example.com,19/10/2024
0336,Golden Packaging,Kolkata,Wholesale,accounts@goldenpackaging.example.com,2022-09-09
0337,Laxmi Provisions,Hyderabad,Retail,accounts@laxmiprovisions.example.com,2021-03-04
0338,Golden Cafe,Bhubaneswar,Hospitality,accounts@goldencafe.example.com,2025-03-10
0339,Om Caterers,Hyderabad,Hospitality,accounts@omcaterers.example.com,2022-03-03
0340,Prime Inn,Thiruvananthapuram,Hospitality,accounts@primeinn.example.com,2025-05-18
0341,Bharat Kitchenware,delhi,Retail,,2022-03-03
0342,Lake View Traders,Kanpur,Retail,accounts.lakeviewtraders.example.com,2022-02-19
0343,Vijay Emporium Thiruvananthapuram,Thiruvananthapuram,Retail,accounts@vijayemporiumthiruvanant.example.com,2025-02-01
0344,City Home Needs,Surat,Retail,accounts@cityhomeneeds.example.com,11/02/2024
0345,Silver Traders,Vadodara,Retail,accounts@silvertraders.example.com,2023-04-09
0346,Urban Foods,Mumbai,Hospitality,accounts@urbanfoods.example.com,2020-10-03
0347,Coastal Kitchens,Bhubaneswar,Hospitality,accounts@coastalkitchens.example.com,2022-08-19
0348,Royal Logistics,Ahmedabad,Wholesale,accounts@royallogistics.example.com,2021-07-05
0349,New Kitchenware Pune,Pune,retail,accounts@newkitchenwarepune.example.com,2022-04-17
0350,Sunrise Provisions Nashik,Nashik,Retail,accounts@sunriseprovisionsnashik.example.com,2022-11-27
0351,Urban Emporium,Thane,Retail,accounts@urbanemporium.example.com,2021-03-23
0352,Blue Bazaar,Chandigarh,Retail ,accounts@bluebazaar.example.com,2022-01-17
0353,Metro Emporium Ahmedabad,Ahmedabad,Retail,accounts@metroemporiumahmedabad.example.com,2022-05-29
0354,Crystal Foods Bhubaneswar,Bhubaneswar,Hospitality,accounts@crystalfoodsbhubaneswar.example.com,2022-02-10
0355,Krishna Wholesale,Bhubaneswar,Wholesale,accounts@krishnawholesale.example.com,11/10/2020
0356,City Caterers,Chennai,Hospitality,accounts@citycaterers.example.com,2024-09-13
0357,Golden Banquets,Mysuru,Hospitality,accounts@goldenbanquets.example.com,2025-10-04
0358,Sapphire Cafe,Mysuru,Hospitality,accounts@sapphirecafe.example.com,2022-04-17
0359,Heritage Stores,Delhi,Retail ,accounts@heritagestores.example.com,2020-07-10
0360,Royal Supermarket,Lucknow,Retail,accounts@royalsupermarket.example.com,2024-10-01
0361,Blue Cafe Jaipur,Jaipur,Hospitality,accounts@bluecafejaipur.example.com,2021-01-20
0362,Pearl Exports,Bhubaneswar,wholesale,accounts@pearlexports.example.com,2022-12-26
0363,Orchid Enterprises,Raipur,Wholesale,accounts@orchidenterprises.example.com,15/02/2022
0364,Mahalaxmi Depot,Vadodara,Wholesale,accounts@mahalaxmidepot.example.com,2024-07-12
0365,Supreme Hotels Hyderabad,Hyderabad,Hospitality,accounts@supremehotelshyderabad.example.com,2021-08-24
0366,Orchid Restaurant Rajkot,Rajkot,Hospitality,accounts@orchidrestaurantrajkot.example.com,2024-10-10
0367,Blue Banquets,Surat,Hospitality,accounts@bluebanquets.example.com,2023-02-07
0368,River Side Caterers,Agra,Hospitality,accounts@riversidecaterers.example.com,2023-11-05
0369,Star Stores Chennai,Chennai,Retail,accounts@starstoreschennai.example.com,2021-09-24
0370,Krishna Provisions Goa,Goa,Retail,accounts@krishnaprovisionsgoa.example.com,24/11/2023
0371,Silk Route Depot Kochi,Kochi,Wholesale,accounts@silkroutedepotkochi.example.com,2022-03-04
0372,Sai Home Needs,Chennai,Retail,accounts@saihomeneeds.example.com,19/09/2023
0373,Urban General Store,Vadodara,Retail,accounts@urbangeneralstore.example.com,2023-09-17
0374,City Banquets,Rajkot,Hospitality,accounts@citybanquets.example.com,2025-09-03
0375,Crystal Traders,Hyderabad,Retail,accounts@crystaltraders.example.com,2024-10-17
0376,Sapphire Kitchenware,Coimbatore,Retail,accounts@sapphirekitchenware.example.com,2021-05-28
0377,Ganesh Bazaar Surat,Surat,Retail,accounts@ganeshbazaarsurat.example.com,25/05/2023
0378,Spice Garden Emporium,Udaipur,Retail,accounts@spicegardenemporium.example.com,2023-10-18
0379,Orchid Mart,Nashik,Retail,accounts@orchidmart.example.com,2024-05-28
0380,Star Packaging,Ahmedabad,Wholesale,accounts@starpackaging.example.com,2024-11-08
0381,Lake View Resorts,Chennai,Hospitality,accounts@lakeviewresorts.example.com,2024-07-10
0382,Galaxy Mart,Mysore,Retail,accounts@galaxymart.example.com,2020-10-26
0383,City Emporium,Patna,Retail,accounts.cityemporium.example.com,2025-03-29
0384,Palm Stores,Ludhiana,Retail,accounts@palmstores.example.com,2021-11-05
0385,Galaxy Tiffin Services,Jaipur,Hospitality,,2023-09-25
0386,River Side Inn,Ahmedabad,Hospitality,accounts@riversideinn.example.com,2025-06-23
0387,River Side Caterers Rajkot,Rajkot,Hospitality,accounts@riversidecaterersrajkot.example.com,2022-08-17
0388,Pearl Stores Hyderabad,Hyderabad,Retail,accounts@pearlstoreshyderabad.example.com,2024-05-03
0389,Lake View Kitchenware,Patna,Retail,accounts@lakeviewkitchenware.example.com,2022-02-17
0390,Coastal Depot,Dehradun,Wholesale,accounts@coastaldepot.example.com,2024-12-03
0391,Shree Kitchenware Bengaluru,Bengaluru,Retail,accounts@shreekitchenwarebengalur.example.com,15/02/2022
0392,Mahalaxmi General Store Mumbai,Mumbai,retail,accounts@mahalaxmigeneralstoremum.example.com,2022-02-07
0393,Spice Garden Resorts,Guwahati,Hospitality,accounts@spicegardenresorts.example.com,2025-10-01
0394,Sai Home Needs Ahmedabad,Ahmedabad,Retail,accounts@saihomeneedsahmedabad.example.com,2023-08-17
0395,Pearl Home Needs Aurangabad,Aurangabad,Retail,accounts@pearlhomeneedsaurangabad.example.com,2020-11-21
0396,Coastal Logistics,Ahmedabad,Wholesale,accounts@coastallogistics.example.com,2023-03-28
0397,Shree Emporium,Vadodara,Retail,accounts@shreeemporium.example.com,2023-01-18
0398,Jai Hind Traders Gurugram,Gurugram,RETAIL,accounts@jaihindtradersgurugram.example.com,2021-03-12
0399,Blue Supermarket,Delhi,Retail,,2020-08-27
0400,National Exports,Ludhiana,Wholesale,accounts@nationalexports.example.com,2023-03-11
0401,New Bazaar,Lucknow,Retail,accounts@newbazaar.example.com,2025-08-17
0402,Bharat Resorts,Udaipur,Hospitality,accounts@bharatresorts.example.com,2022-01-30
0403,Vijay Home Needs,Mumbai,RETAIL,accounts@vijayhomeneeds.example.com,2024-12-23
0404,Sunrise Resorts,Ranchi,HoReCa,accounts@sunriseresorts.example.com,2023-11-22
0405,Lake View Stores,Hyderabad,Retail,accounts@lakeviewstores.example.com,2020-10-18
0406,Sai Hotels,Kochi,Hospitality,accounts@saihotels.example.com,2021-01-21
0407,Sai Resorts,Madras,Hospitality,accounts@sairesorts.example.com,11/09/2025
0408,River Side Kitchens,Mangaluru,Hospitality,accounts@riversidekitchens.example.com,2025-11-04
0409,Orchid Banquets,chennai,Hospitality,accounts@orchidbanquets.example.com,2021-10-03
0410,Harbour Mart,Noida,Retail,accounts.harbourmart.example.com,2021-10-09
0411,Metro Mart Pune,Pune,Retail,accounts@metromartpune.example.com,2020-03-10
0412,Metro Bazaar,Mumbai,Retail,accounts@metrobazaar.example.com,2023-10-26
0413,Coastal Hotels Delhi,Delhi,Hospitality,accounts@coastalhotelsdelhi.example.com,2021-05-29
0414,Maple Emporium,Lucknow,Retail,accounts@mapleemporium.example.com,2024-03-13
0415,Mahalaxmi Foods,Raipur,Hotel/Restaurant,accounts@mahalaxmifoods.example.com,2023-01-19
0416,Prime Trading Co,Mumbai,Wholesale,accounts@primetradingco.example.com,2021-02-13
0417,Om Kitchens Jaipur,Jaipur,Hospitality,accounts@omkitchensjaipur.example.com,2023-06-08
0418,Saffron Caterers,Chennai,Hospitality,accounts@saffroncaterers.example.com,2022-03-12
0419,Sai Hotels Mangaluru,Mangaluru,Hospitality,accounts@saihotelsmangaluru.example.com,14/07/2021
0420,Jai Hind Enterprises,Bengaluru,Wholesale,accounts.jaihindenterprises.example.com,2020-04-04
0421,Jai Hind Resorts,Gurugram,Hospitality,accounts@jaihindresorts.example.com,2021-08-01
0422,Coastal Hotels Noida,Noida,HoReCa,accounts@coastalhotelsnoida.example.com,2021-10-25
0423,Tulsi Bazaar,Lucknow,Retail,accounts@tulsibazaar.example.com,2022-05-27
0424,Heritage Banquets,Patna,Hospitality,accounts@heritagebanquets.example.com,2025-09-09
0425,City Exports,Thiruvananthapuram,wholesale,accounts@cityexports.example.com,2021-03-06
0426,Krishna General Store,Raipur,Retail,accounts@krishnageneralstore.example.com,2022-03-07
0427,Harbour Stores,Ahmedabad,Retail,accounts@harbourstores.example.com,2024-08-24
0428,Heritage Restaurant,Mumbai,Hospitality,,2025-03-09
0429,Royal Resorts,Goa,Hospitality,accounts@royalresorts.example.com,2020-10-01
0430,Saffron Resorts,Nagpur,Hospitality,accounts@saffronresorts.example.com,2025-10-14
0431,Rainbow Restaurant,Patna,hospitality,accounts@rainbowrestaurant.example.com,2023-01-04
0432,Coconut Grove Inn,Bengaluru,Hospitality,accounts@coconutgroveinn.example.com,13/05/2025
0433,Supreme Bazaar Bengaluru,Bengaluru,Retail,accounts@supremebazaarbengaluru.example.com,2024-03-15
0434,Modern Inn Madurai,Madurai,Hospitality,accounts@moderninnmadurai.example.com,2024-02-15
0435,Galaxy Kitchenware,Thiruvananthapuram,RETAIL,accounts@galaxykitchenware.example.com,2022-06-25
0436,United Restaurant,Ahmedabad,Hospitality,accounts@unitedrestaurant.example.com,15/05/2025
0437,Pearl Supermarket Mumbai,Mumbai,Retail,accounts@pearlsupermarketmumbai.example.com,2023-05-17
0438,River Side Inn Visakhapatnam,Visakhapatnam,Hospitality,accounts@riversideinnvisakhapatna.example.com,2022-07-11
0439,Vijay Stores Bengaluru,Bengaluru,Retail,accounts@vijaystoresbengaluru.example.com,2025-05-25
0440,Maple Suppliers,Mumbai,Wholesale,accounts@maplesuppliers.example.com,2022-05-26
0441,United Emporium Dehradun,Dehradun,Retail,accounts@unitedemporiumdehradun.example.com,2021-09-16
0442,Pearl Exports Nashik,Nashik,Wholesale,accounts@pearlexportsnashik.example.com,2025-11-25
0443,New Home Needs,New Delhi,Retail,accounts@newhomeneeds.example.com,2024-05-21
0444,Supreme Traders,Patna,Retail,accounts@supremetraders.example.com,2024-04-17
0445,Lake View Restaurant,Thiruvananthapuram,Hospitality,accounts@lakeviewrestaurant.example.com,2022-06-14
0446,Prime Exports,Surat,Wholesale,accounts@primeexports.example.com,2020-02-17
0447,Silver Wholesale,Ranchi,Wholesale,accounts@silverwholesale.example.com,2024-02-05
0448,Om Supermarket,Kolkata,Retail,accounts@omsupermarket.example.com,2024-11-29
0449,Coastal Foods Ahmedabad,Ahmedabad,Hospitality,accounts@coastalfoodsahmedabad.example.com,2023-11-07
0450,Galaxy Stores,unknown,RETAIL,accounts@galaxystores.example.com,2023-12-25
0451,Om Emporium,Bengaluru,Retail,accounts@omemporium.example.com,2023-01-17
0452,Coastal Stores,Kolkata,Retail,accounts@coastalstores.example.com,2025-08-06
0453,Star Supermarket,chennai,Retail ,accounts@starsupermarket.example.com,2025-07-10
0454,Harbour Cafe,Pune,Hospitality,accounts@harbourcafe.example.com,2023-09-15
0455,Saffron Kitchens,Lucknow,Hospitality,accounts@saffronkitchens.example.com,2022-02-27
0456,Rainbow Emporium Chennai,Chennai,Retail ,accounts@rainbowemporiumchennai.example.com,2020-01-26
0457,River Side Tiffin Services Chandigarh,Chandigarh,Hospitality,,29/09/2024
0458,Prime Bazaar,Delhi,Retail ,accounts@primebazaar.example.com,2020-06-16
0459,Sunrise Banquets,Mumbai,Hospitality,accounts@sunrisebanquets.example.com,2023-10-21
0460,Jai Hind Caterers,Bengaluru,Hospitality,accounts@jaihindcaterers.example.com,05/11/2023
0461,Om General Store Ahmedabad,Ahmedabad,Retail,accounts@omgeneralstoreahmedabad.example.com,18/04/2025
0462,City Home Needs Thane,Thane,RETAIL,accounts@cityhomeneedsthane.example.com,2021-05-27
0463,National Stores,Chandigarh,Retail,accounts@nationalstores.example.com,2020-07-12
0464,Tulsi Resorts,Lucknow,Hospitality,accounts@tulsiresorts.example.com,25/02/2024
0465,Sunrise Stores,Goa,Retail,accounts@sunrisestores.example.com,2023-09-09
0466,Galaxy Mart Chandigarh,Chandigarh,Retail,accounts@galaxymartchandigarh.example.com,2025-05-08
0467,Coastal Stores Ahmedabad,Ahmedabad,Retail,accounts@coastalstoresahmedabad.example.com,2024-10-02
0468,Spice Garden General Store,Mumbai,Retail,accounts@spicegardengeneralstore.example.com,2021-03-15
0469,Modern Home Needs Mumbai,Mumbai,Retail,accounts@modernhomeneedsmumbai.example.com,2023-09-20
0470,Bharat Wholesale,Poona,Wholesale,accounts@bharatwholesale.example.com,2025-01-21
0471,Shree Supermarket,Visakhapatnam,Retail,accounts@shreesupermarket.example.com,2022-05-07
0472,Palm Caterers,Delhi,Hospitality,accounts@palmcaterers.example.com,2022-02-01
0473,National Logistics,Hyderabad,WHOLESALE,accounts@nationallogistics.example.com,2023-04-14
0474,Sunrise Mart,Hyderabad,Retail,accounts@sunrisemart.example.com,2023-12-22
0475,Modern Packaging Nashik,Nashik,Wholesale,accounts@modernpackagingnashik.example.com,2025-10-19
0476,Coconut Grove Resorts,Madurai,Hospitality,accounts@coconutgroveresorts.example.com,2022-10-23
0477,Silver Exports,Patna,Wholesale,accounts@silverexports.example.com,2025-06-12
0478,Crystal Supermarket,Jaipur,Retail,accounts@crystalsupermarket.example.com,2021-05-24
0479,Royal Emporium,Hyderabad,Retail,accounts@royalemporium.example.com,20/01/2021
0480,Galaxy Caterers,Kolkata,Hospitality,accounts@galaxycaterers.example.com,2024-12-22
0481,Coastal Stores Kanpur,Kanpur,Retail,,2024-10-31
0482,Krishna Resorts,Jaipur,Hospitality,accounts@krishnaresorts.example.com,2020-06-13
0483,City Kitchens,Goa,Hospitality,accounts@citykitchens.example.com,2020-06-19
0484,Silk Route Supermarket,Pune,Retail,accounts@silkroutesupermarket.example.com,2021-01-10
0485,Royal Wholesale,Coimbatore,Wholesale,accounts@royalwholesale.example.com,2020-04-19
0486,Nandi Traders,Mumbai,Retail,accounts@nanditraders.example.com,2020-05-09
0487,Star Supermarket Bengaluru,Bengaluru,Retail,accounts@starsupermarketbengaluru.example.com,2020-07-17
0488,Shree Home Needs Madurai,Madurai,Retail,accounts@shreehomeneedsmadurai.example.com,2023-08-02
0489,Spice Garden Kitchenware,Chennai,Retail,accounts@spicegardenkitchenware.example.com,19/02/2024
0490,Silk Route Cafe,Noida,Hotel/Restaurant,accounts@silkroutecafe.example.com,2020-05-15
0491,Coastal Banquets,Delhi,HoReCa,accounts@coastalbanquets.example.com,19/04/2025
0492,Blue Kitchenware Patna,Patna,retail,accounts@bluekitchenwarepatna.example.com,2022-02-21
0493,Coastal Agencies,Noida,Wholesale,accounts@coastalagencies.example.com,2024-07-13
0494,Sunrise Tiffin Services,Kanpur,Hospitality,accounts@sunrisetiffinservices.example.com,2022-05-08
0495,Lotus Cafe,Thiruvananthapuram,Hospitality,accounts@lotuscafe.example.com,2023-02-27
0496,Royal General Store,Udaipur,Retail,accounts@royalgeneralstore.example.com,2020-09-23
0497,River Side Banquets,Aurangabad,Hospitality,accounts@riversidebanquets.example.com,2024-08-12
0498,Rainbow Provisions Mumbai,Mumbai,Retail ,accounts@rainbowprovisionsmumbai.example.com,2024-03-12
0499,Classic Provisions,Chandigarh,RETAIL,accounts@classicprovisions.example.com,2021-11-01
0500,Golden Caterers,Vadodara,Hospitality,accounts@goldencaterers.example.com,2025-10-26
0501,Royal Caterers,Hyderabad,Hospitality,accounts@royalcaterers.example.com,2022-07-19
0502,Lotus Provisions Chandigarh,Chandigarh,Retail,accounts@lotusprovisionschandigar.example.com,2025-11-27
0503,Tulsi Stores,Mumbai,Retail,accounts@tulsistores.example.com,2020-02-04
0504,Bharat Suppliers,Ahmedabad,Wholesale,accounts@bharatsuppliers.example.com,2024-10-07
0505,United Tiffin Services,Chandigarh,Hospitality,accounts@unitedtiffinservices.example.com,2020-09-01
0506,Ganesh Cafe,Indore,Hospitality,accounts@ganeshcafe.example.com,24/09/2021
0507,Saffron Emporium Patna,Patna,Retail,,2020-08-23
0508,River Side Trading Co,Delhi,Wholesale,accounts@riversidetradingco.example.com,2022-06-15
0509,Green Enterprises,Pune,Wholesale,accounts@greenenterprises.example.com,2024-05-19
0510,Mahalaxmi Mart,Chennai,Retail,accounts@mahalaxmimart.example.com,2025-06-23
0511,Blue Emporium,Vadodara,Retail,accounts@blueemporium.example.com,23/06/2023
0512,Royal Mart,Kolkata,Retail,accounts@royalmart.example.com,20/04/2022
0513,Lake View Suppliers,Ahmedabad,Wholesale,accounts@lakeviewsuppliers.example.com,2023-01-08
0514,National Bazaar Chandigarh,Chandigarh,Retail,accounts@nationalbazaarchandigarh.example.com,2024-08-28
0515,Sai Kitchens,New Delhi,Hospitality,accounts@saikitchens.example.com,2023-08-04
0516,Modern Supermarket,Delhi,Retail,accounts@modernsupermarket.example.com,2023-08-23
0517,Sunrise Home Needs Kolkata,Kolkata,Retail,accounts@sunrisehomeneedskolkata.example.com,2021-11-21
0518,Vijay Stores Delhi,Delhi,Retail,accounts@vijaystoresdelhi.example.com,2022-09-01
0519,Bharat Trading Co,Madurai,Wholesale,accounts@bharattradingco.example.com,2022-10-26
0520,Silver Supermarket,,Retail,accounts@silversupermarket.example.com,2022-07-26
0521,Orchid Resorts,chennai,Hospitality,accounts@orchidresorts.example.com,2023-01-07
0522,Supreme Suppliers,Bangalore,Wholesale,accounts@supremesuppliers.example.com,2021-09-11
0523,Maple Mart Coimbatore,Coimbatore,Retail,accounts@maplemartcoimbatore.example.com,2024-06-24
0524,Saffron Provisions Ludhiana,Ludhiana,Retail,accounts@saffronprovisionsludhian.example.com,2025-05-23
0525,Galaxy Home Needs Lucknow,Lucknow,Retail,accounts@galaxyhomeneedslucknow.example.com,2021-04-01
0526,United Restaurant Mumbai,Mumbai,Hospitality,accounts@unitedrestaurantmumbai.example.com,2022-10-27
0527,Saffron Kitchens Ranchi,Ranchi,Hospitality,accounts@saffronkitchensranchi.example.com,2022-01-04
0528,Sunrise Kitchenware,Aurangabad,Retail ,accounts@sunrisekitchenware.example.com,11/04/2023
0529,Heritage Provisions Bengaluru,NULL,Retail,accounts@heritageprovisionsbengal.example.com,2022-11-01
0530,Jai Hind Foods,Delhi,Hotel/Restaurant,,04/05/2022
0531,Royal Stores,Noida,Retail,accounts@royalstores.example.com,2025-04-18
0532,Royal Cafe,Mumbai,Hospitality,accounts@royalcafe.example.com,2022-07-28
0533,Lake View Enterprises,Mumbai,WHOLESALE,accounts@lakeviewenterprises.example.com,15/01/2020
0534,Prime Bazaar Bengaluru,Bengaluru,Retail,accounts@primebazaarbengaluru.example.com,2025-04-02
0535,Ganesh Emporium,Visakhapatnam,Retail,accounts@ganeshemporium.example.com,2022-02-04
0536,Hill View General Store,Hyderabad,Retail,accounts@hillviewgeneralstore.example.com,2023-11-10
0537,Golden Tiffin Services Aurangabad,Aurangabad,Hospitality,accounts@goldentiffinservicesaura.example.com,2022-03-20
0538,Evergreen Banquets,Bhubaneswar,Hospitality,accounts@evergreenbanquets.example.com,2023-08-30
0539,Green Stores,Guwahati,Retail,accounts@greenstores.example.com,2023-12-27
0540,Blue Hotels Visakhapatnam,Visakhapatnam,Hospitality,accounts@bluehotelsvisakhapatnam.example.com,2025-10-03
0541,Lotus Supermarket,Jaipur,Retail,accounts@lotussupermarket.example.com,2021-10-25
0542,River Side Mart Dehradun,Dehradun,Retail,accounts@riversidemartdehradun.example.com,2022-10-01
0543,Tulsi Traders Chennai,Chennai,Retail,accounts@tulsitraderschennai.example.com,2025-10-01
0544,United Provisions,Hyderabad,Retail,,2022-11-28
0545,Sai Mart,Kolkata,Retail,accounts@saimart.example.com,2023-12-15
0546,Metro Banquets Delhi,Delhi,Hospitality,accounts@metrobanquetsdelhi.example.com,2025-01-03
0547,Silk Route Provisions Kanpur,Kanpur,Retail,accounts@silkrouteprovisionskanpu.example.com,2023-10-29
0548,Coconut Grove Traders,Hyderabad,Retail,accounts@coconutgrovetraders.example.com,2025-08-21
0549,River Side Agencies,Nagpur,Wholesale,accounts@riversideagencies.example.com,2024-01-21
0550,Star Emporium,Ludhiana,Retail,accounts@staremporium.example.com,2023-06-18
0551,Om Foods Madurai,Madurai,Hospitality,accounts@omfoodsmadurai.example.com,15/02/2022
0552,Modern Banquets,Kolkata,HoReCa,accounts@modernbanquets.example.com,2020-08-27
0553,Sapphire Home Needs,Trivandrum,Retail,accounts@sapphirehomeneeds.example.com,2024-10-11
0554,Coconut Grove Logistics Indore,Indore,Wholesale,accounts@coconutgrovelogisticsind.example.com,2022-05-18
0555,Pearl Mart,Delhi,Retail,accounts@pearlmart.example.com,2024-01-12
0556,Mahalaxmi Suppliers,Hyderabad,wholesale,accounts@mahalaxmisuppliers.example.com,05/06/2021
0557,Lake View Restaurant Hyderabad,Hyderabad,Hospitality,accounts@lakeviewrestauranthydera.example.com,2023-04-04
0558,Star Caterers,Goa,Hospitality,accounts@starcaterers.example.com,2022-11-25
0559,Maple Supermarket Bengaluru,bengaluru,Retail,accounts@maplesupermarketbengalur.example.com,2025-09-27
0560,Shree Emporium Nashik,Nashik,Retail,accounts@shreeemporiumnashik.example.com,2024-09-28
0561,Silver Home Needs,Mumbai,Retail,accounts@silverhomeneeds.example.com,2024-03-09
0562,Shree Kitchens Thiruvananthapuram,Thiruvananthapuram,Hospitality,accounts@shreekitchensthiruvanant.example.com,2021-05-03
0563,New Supermarket,Chennai,Retail,accounts@newsupermarket.example.com,2022-07-02
0564,River Side General Store,Bengaluru,Retail,accounts@riversidegeneralstore.example.com,2023-09-26
0565,Silver Kitchenware,Mangaluru,Retail,accounts@silverkitchenware.example.com,2021-09-14
0566,Sapphire Provisions,Surat,Retail,,2021-05-19
0567,Balaji Provisions,Bengaluru,Retail,accounts@balajiprovisions.example.com,2021-01-24
0568,Blue Home Needs Delhi,Delhi,Retail,accounts@bluehomeneedsdelhi.example.com,2023-05-20
0569,Vijay Provisions,Chennai,retail,accounts@vijayprovisions.example.com,2020-02-05
0570,Lake View Supermarket,Agra,Retail,accounts@lakeviewsupermarket.example.com,2023-07-05
0571,Pearl Emporium,Mumbai,Retail,accounts@pearlemporium.example.com,2024-05-31
0572,Vijay Home Needs Coimbatore,Coimbatore,Retail,accounts@vijayhomeneedscoimbatore.example.com,2025-03-22
0573,Mahalaxmi Stores,Kanpur,Retail,accounts@mahalaxmistores.example.com,2020-08-25
0574,Jai Hind Supermarket,Guwahati,Retail,accounts@jaihindsupermarket.example.com,2021-08-02
0575,Silver Traders Jaipur,Jaipur,Retail,accounts@silvertradersjaipur.example.com,2024-06-13
0576,Sunrise Provisions Delhi,Delhi,Retail,accounts@sunriseprovisionsdelhi.example.com,2022-07-20
0577,Bharat Provisions,Mumbai,Retail,accounts@bharatprovisions.example.com,2024-01-06
0578,Lake View Kitchenware Visakhapatnam,Vizag,Retail,accounts@lakeviewkitchenwarevisak.example.com,2021-02-12
0579,Royal Provisions,Hyderabad ,Retail,accounts@royalprovisions.example.com,2022-03-13
0580,Bharat Bazaar,Indore,Retail,accounts@bharatbazaar.example.com,2024-02-03
0581,Metro Provisions,Kolkata,Retail,accounts@metroprovisions.example.com,2024-03-04
0582,River Side Hotels,Bengaluru,Hospitality,accounts@riversidehotels.example.com,2024-02-29
0583,Vijay Hotels,Aurangabad,Hospitality,accounts@vijayhotels.example.com,2023-09-12
0584,Harbour Hotels Pune,Pune,HoReCa,accounts@harbourhotelspune.example.com,12/01/2023
0585,Palm Wholesale,Hyderabad,Wholesale,accounts@palmwholesale.example.com,2021-11-02
0586,United Trading Co,Hyderabad,Wholesale,accounts@unitedtradingco.example.com,2022-12-23
0587,Mahalaxmi Stores Bengaluru,-,Retail,accounts@mahalaxmistoresbengaluru.example.com,2022-10-07
0588,Coconut Grove Banquets,Kanpur,Hospitality,accounts@coconutgrovebanquets.example.com,2021-03-30
0589,National Trading Co,Dehradun,Wholesale,accounts@nationaltradingco.example.com,2020-01-10
0590,Nandi General Store,Nashik,Retail,accounts@nandigeneralstore.example.com,2020-07-07
0591,Laxmi Kitchens,Rajkot,Hospitality,accounts@laxmikitchens.example.com,2024-12-05
0592,Silk Route Enterprises,bengaluru,Wholesale,accounts@silkrouteenterprises.example.com,2024-09-30
0593,Green Inn,Udaipur,Hospitality,accounts@greeninn.example.com,01/10/2025
0594,Heritage Mart,Nagpur,RETAIL,accounts@heritagemart.example.com,2024-02-04
0595,Galaxy Restaurant Delhi,Delhi,Hospitality,accounts@galaxyrestaurantdelhi.example.com,2022-07-19
0596,Harbour Tiffin Services,Indore,Hospitality,accounts@harbourtiffinservices.example.com,2021-11-24
0597,Ganesh Inn Visakhapatnam,Visakhapatnam,Hospitality,accounts@ganeshinnvisakhapatnam.example.com,2020-08-17
0598,Shree Stores Bengaluru,bengaluru,Retail,accounts@shreestoresbengaluru.example.com,2021-07-14
0599,Lake View Cafe,Guwahati,Hospitality,accounts@lakeviewcafe.example.com,2024-11-02
0600,Bharat Tiffin Services Hyderabad,Hyderabad,Hospitality,accounts@bharattiffinserviceshyde.example.com,2022-12-08
0601,Orchid Hotels,Ahmedabad,Hospitality,accounts@orchidhotels.example.com,2024-12-13
0602,Royal Tiffin Services,hyderabad,Hospitality,accounts@royaltiffinservices.example.com,2025-10-30
0603,Sapphire Traders Madurai,Madurai,Retail,accounts@sapphiretradersmadurai.example.com,2023-05-25
0604,New Home Needs Nashik,Nashik,retail,accounts@newhomeneedsnashik.example.com,08/02/2023
0605,Star Kitchens,Bengaluru ,Hospitality,accounts@starkitchens.example.com,2020-08-17
0606,Classic Inn,Chennai,Hospitality,accounts@classicinn.example.com,2023-03-22
0607,Modern Stores,-,Retail,accounts@modernstores.example.com,2023-06-29
0608,Nandi Provisions Coimbatore,Coimbatore,Retail,accounts@nandiprovisionscoimbator.example.com,2022-02-08
0609,New Traders Mumbai,Mumbai,Retail,accounts@newtradersmumbai.example.com,2021-05-25
0610,Bharat Banquets,Bhubaneswar,Hospitality,accounts@bharatbanquets.example.com,2021-07-30
0611,Saffron Wholesale,Mumbai,Wholesale,accounts@saffronwholesale.example.com,2022-05-22
0612,Heritage Home Needs,Chennai,Retail,accounts@heritagehomeneeds.example.com,2025-11-14
0613,Palm Cafe Kolkata,Kolkata,Hospitality,accounts@palmcafekolkata.example.com,2024-01-08
0614,Modern Tiffin Services,Indore,Hospitality,accounts@moderntiffinservices.example.com,2020-12-12
0615,Silk Route Traders Bengaluru,Bengaluru,Retail,accounts@silkroutetradersbengalur.example.com,15/03/2021
0616,Lake View Inn,Kolkata,Hospitality,accounts@lakeviewinn.example.com,2023-10-26
0617,Star Cafe Thane,Thane,Hospitality,accounts@starcafethane.example.com,2025-02-12
0618,Nandi Logistics,Agra,Wholesale,accounts@nandilogistics.example.com,2022-01-15
0619,River Side Kitchenware Vadodara,Vadodara,Retail,accounts@riversidekitchenwarevado.example.com,03/02/2024
0620,United Resorts,kolkata,Hospitality,,2023-12-22
0621,Urban Inn,Bengaluru,Hospitality,accounts@urbaninn.example.com,2020-05-01
0622,Spice Garden Provisions,Chennai,Retail,accounts@spicegardenprovisions.example.com,2023-12-09
0623,Maple Wholesale,mumbai,Wholesale,accounts@maplewholesale.example.com,2020-04-22
0624,Sapphire Logistics,Mumbai,Wholesale,accounts@sapphirelogistics.example.com,2023-06-03
0625,City Inn,Delhi,Hospitality,accounts@cityinn.example.com,2024-01-12
0626,Sunrise Kitchenware Delhi,Delhi,Retail,accounts@sunrisekitchenwaredelhi.example.com,2023-07-12
0627,Metro Hotels Thane,Thane,Hospitality,accounts@metrohotelsthane.example.com,2022-09-19
0628,Lotus Inn,Indore,Hospitality,accounts@lotusinn.example.com,2025-07-28
0629,Crystal Hotels,Thiruvananthapuram,Hospitality,accounts@crystalhotels.example.com,2025-05-26
0630,Green Enterprises Thane,Thane,Wholesale,accounts@greenenterprisesthane.example.com,2024-02-21
0631,Galaxy Banquets,Mysuru,Hospitality,accounts@galaxybanquets.example.com,2022-08-11
0632,Laxmi Bazaar,Ahmedabad,Retail,accounts@laxmibazaar.example.com,2023-03-17
0633,Laxmi Supermarket Delhi,Delhi,Retail,accounts@laxmisupermarketdelhi.example.com,2025-02-09
0634,Om Trading Co,Visakhapatnam,Wholesale,accounts@omtradingco.example.com,2021-05-16
0635,Maple Trading Co,Ahmedabad,Wholesale,accounts@mapletradingco.example.com,2020-03-08
0636,Saffron Stores,Surat,Retail,accounts@saffronstores.example.com,2021-11-28
0637,Golden Stores,Patna,Retail,accounts@goldenstores.example.com,2021-12-30
0638,Jai Hind Provisions Nagpur,Nagpur,Retail,accounts@jaihindprovisionsnagpur.example.com,2025-02-16
0639,Crystal Agencies,Goa,Wholesale,accounts@crystalagencies.example.com,2025-11-14
0640,Vijay Provisions Patna,Patna,Retail,accounts@vijayprovisionspatna.example.com,2024-02-05
0641,Laxmi Tiffin Services,Surat,Hospitality,accounts@laxmitiffinservices.example.com,20/05/2020
0642,Lake View General Store,Jaipur,Retail,accounts@lakeviewgeneralstore.example.com,19/03/2022
0643,Crystal Agencies Aurangabad,Aurangabad,Wholesale,accounts@crystalagenciesaurangaba.example.com,05/11/2025
0644,Hill View Mart,Indore,Retail,accounts@hillviewmart.example.com,2020-04-10
0645,Crystal Home Needs,Ranchi,Retail,accounts@crystalhomeneeds.example.com,10/04/2023
0646,Krishna Inn,Surat,Hospitality,accounts@krishnainn.example.com,2023-07-29
0647,Silk Route Home Needs,Hyderabad,Retail,accounts@silkroutehomeneeds.example.com,02/08/2024
0648,Rainbow Kitchens,Jaipur,Hospitality,,14/06/2025
0649,Harbour Mart Gurugram,Gurugram,Retail,accounts@harbourmartgurugram.example.com,2023-09-08
0650,Ganesh Packaging,Kanpur,Wholesale,accounts@ganeshpackaging.example.com,2021-06-07
0651,Orchid Mart Goa,Goa,Retail,accounts@orchidmartgoa.example.com,2022-10-31
0652,Supreme Logistics,Ranchi,Wholesale,accounts@supremelogistics.example.com,2021-06-03
0653,Krishna Traders,Mumbai,Retail,accounts@krishnatraders.example.com,16/02/2021
0654,Silver Banquets,Hyderabad,Hospitality,accounts@silverbanquets.example.com,2023-02-11
0655,Spice Garden Stores,Indore,Retail ,accounts@spicegardenstores.example.com,2023-01-24
0656,Palm Traders,Kochi,Retail,accounts@palmtraders.example.com,2020-12-08
0657,Sapphire Kitchens,Thane,Hospitality,accounts@sapphirekitchens.example.com,2020-09-13
0658,Lake View Mart,Delhi,Retail,accounts@lakeviewmart.example.com,2023-12-20
0659,Palm Agencies,Mysuru,Wholesale,accounts@palmagencies.example.com,08/08/2022
0660,Crystal Provisions,pune,Retail,accounts@crystalprovisions.example.com,2023-03-27
0661,Blue Agencies,Ranchi,Wholesale,accounts@blueagencies.example.com,2024-03-09
0662,Silver Emporium,Dehradun,Retail,accounts@silveremporium.example.com,2023-09-03
0663,Metro Kitchenware Chennai,Chennai,Retail,accounts@metrokitchenwarechennai.example.com,25/03/2024
0664,United Restaurant Hyderabad,Hyderabad,Hospitality,accounts@unitedrestauranthyderaba.example.com,2024-02-07
0665,Heritage Home Needs Nashik,Nashik,Retail,accounts@heritagehomeneedsnashik.example.com,2025-02-01
0666,Star Supermarket Surat,Surat,Retail,accounts@starsupermarketsurat.example.com,14/11/2023
0667,Spice Garden Inn,Nashik,Hospitality,accounts@spicegardeninn.example.com,2021-09-13
0668,Laxmi Foods,-,Hospitality,accounts@laxmifoods.example.com,2024-06-24
0669,Galaxy Mart Ahmedabad,Ahmedabad,Retail,accounts@galaxymartahmedabad.example.com,2022-03-24
0670,Galaxy Supermarket,Hyderabad,Retail,accounts@galaxysupermarket.example.com,2025-10-24
0671,New Trading Co,Chennai,WHOLESALE,accounts@newtradingco.example.com,2021-04-27
0672,Urban Traders Mumbai,Mumbai,Retail,accounts@urbantradersmumbai.example.com,2021-12-04
0673,Coconut Grove General Store Mumbai,Mumbai,Retail,accounts@coconutgrovegeneralstore.example.com,2022-10-17
0674,Jai Hind Provisions Lucknow,Lucknow,Retail,accounts@jaihindprovisionslucknow.example.com,2025-03-04
0675,Crystal General Store,Lucknow,Retail,accounts@crystalgeneralstore.example.com,2024-03-12
0676,Harbour Mart Thiruvananthapuram,Trivandrum,RETAIL,accounts@harbourmartthiruvanantha.example.com,2025-05-21
0677,Sapphire Packaging,Chandigarh,Wholesale,accounts@sapphirepackaging.example.com,2020-10-11
0678,Modern Stores Surat,Surat,Retail ,accounts@modernstoressurat.example.com,2025-01-13
0679,Crystal Hotels Guwahati,Guwahati,Hotel/Restaurant,accounts@crystalhotelsguwahati.example.com,2020-08-25
0680,Bharat Supermarket Jaipur,Jaipur,Retail,accounts@bharatsupermarketjaipur.example.com,2020-08-30
0681,Jai Hind General Store,mumbai,Retail,accounts@jaihindgeneralstore.example.com,2021-12-04
0682,Evergreen Stores Gurugram,Gurugram,Retail,accounts@evergreenstoresgurugram.example.com,2025-04-25
0683,National Stores Noida,Noida,Retail,accounts@nationalstoresnoida.example.com,2025-04-28
0684,Krishna Mart,Poona,Retail,accounts@krishnamart.example.com,2020-01-26
0685,Supreme Packaging,Thiruvananthapuram,Wholesale,accounts@supremepackaging.example.com,2025-11-06
0686,Urban Home Needs,Ahmedabad,Retail,,2020-12-31
0687,Bharat Traders,Pune,Retail,accounts@bharattraders.example.com,2024-12-21
0688,Green Mart,Ahmedabad,Retail,accounts@greenmart.example.com,2024-03-30
0689,Blue Kitchenware Pune,Pune,Retail,accounts@bluekitchenwarepune.example.com,2020-10-26
0690,Star Home Needs,Mumbai,Retail,accounts@starhomeneeds.example.com,2021-12-24
0691,Coastal Restaurant,Vadodara,Hospitality,accounts@coastalrestaurant.example.com,2025-01-19
0692,Blue Emporium Mysuru,Mysore,Retail,accounts@blueemporiummysuru.example.com,2023-09-28
0693,Supreme Restaurant,Guwahati,Hospitality,accounts@supremerestaurant.example.com,2025-09-23
0694,Ganesh Cafe Agra,Agra,Hotel/Restaurant,accounts@ganeshcafeagra.example.com,2023-11-21
0695,Nandi General Store Mangaluru,Mangaluru,Retail,accounts@nandigeneralstoremangalu.example.com,2024-04-10
0696,Evergreen Supermarket,Nagpur,Retail,accounts@evergreensupermarket.example.com,2021-11-01
0697,Royal Hotels,Udaipur,Hospitality,accounts@royalhotels.example.com,24/08/2024
0698,Jai Hind Traders Mumbai,Mumbai,Retail,accounts@jaihindtradersmumbai.example.com,2022-02-25
0699,Rainbow Sai Tiffin Services,Bengaluru,Hospitality,accounts@rainbowsaitiffinservices.example.com,2024-05-18
0700,Silk Route Depot Bengaluru,,Wholesale,accounts@silkroutedepotbengaluru.example.com,2023-04-29
0701,Harbour Stores Bengaluru,Bengaluru,Retail,accounts@harbourstoresbengaluru.example.com,06/06/2023
0702,Silver Distributors,Nagpur,Wholesale,accounts@silverdistributors.example.com,2024-11-29
0703,Urban Restaurant,Nagpur,Hospitality,accounts@urbanrestaurant.example.com,2023-08-11
0704,Silver Banquets Vadodara,Vadodara,Hospitality,accounts@silverbanquetsvadodara.example.com,2021-06-12
0705,Star Mart Surat,Surat,Retail,accounts@starmartsurat.example.com,2022-10-18
0706,Rainbow Home Needs Kochi,Kochi,Retail,accounts@rainbowhomeneedskochi.example.com,2021-02-21
0707,Sunrise Home Needs Aurangabad,Aurangabad,Retail,accounts@sunrisehomeneedsaurangab.example.com,2021-02-14
0708,Balaji Kitchenware,Hyderabad,Retail,accounts@balajikitchenware.example.com,2024-11-04
0709,Orchid Foods,Bengaluru,Hospitality,accounts@orchidfoods.example.com,2020-04-24
0710,Coconut Grove Resorts Pune,Pune,Hospitality,accounts@coconutgroveresortspune.example.com,2023-07-30
0711,Sai Bazaar,Bhubaneswar,Retail,accounts@saibazaar.example.com,2023-12-01
0712,Jai Hind Logistics,Nashik,Distributor,accounts@jaihindlogistics.example.com,20/01/2022
0713,Jai Hind General Store Hyderabad,hyderabad,RETAIL,accounts@jaihindgeneralstorehyder.example.com,2022-04-20
0714,Mahalaxmi Agencies,Guwahati,Wholesale,accounts@mahalaxmiagencies.example.com,2025-01-21
0715,Nandi Emporium,Mumbai,Retail,,2020-08-22
0716,Krishna Cafe,Mumbai,Hospitality,,2024-07-26
0717,Supreme Bazaar Ahmedabad,Ahmedabad,Retail,accounts@supremebazaarahmedabad.example.com,29/04/2021
0718,Golden Emporium Hyderabad,hyderabad,Retail,accounts@goldenemporiumhyderabad.example.com,2021-05-27
0719,Urban Tiffin Services,Mumbai,Hospitality,accounts@urbantiffinservices.example.com,2025-03-09
0720,Heritage Tiffin Services,Lucknow,Hospitality,accounts@heritagetiffinservices.example.com,2022-08-22
0721,Urban Mart,Chennai,Retail,accounts@urbanmart.example.com,2024-11-27
0722,Heritage Resorts,Jaipur,Hospitality,accounts@heritageresorts.example.com,2024-01-05
0723,Nandi Agencies,Goa,Wholesale,accounts@nandiagencies.example.com,2023-12-19
0724,Spice Garden Mart,Delhi,Retail,accounts@spicegardenmart.example.com,2021-09-30
0725,Lake View Bazaar,Thane,Retail,accounts@lakeviewbazaar.example.com,2023-07-05
0726,Galaxy Inn,Kochi,Hospitality,accounts@galaxyinn.example.com,2021-11-23
0727,Om Supermarket Gurugram,Gurgaon,Retail,accounts@omsupermarketgurugram.example.com,2024-05-02
0728,Maple Resorts Visakhapatnam,Vizag,Hospitality,accounts@mapleresortsvisakhapatna.example.com,2020-05-22
0729,Evergreen Traders,Ludhiana,Retail,accounts@evergreentraders.example.com,2021-10-04
0730,Sunrise Mart Aurangabad,Aurangabad,Retail,,2025-11-01
0731,Laxmi Foods Vadodara,Vadodara,Hospitality,accounts@laxmifoodsvadodara.example.com,2020-10-09
0732,River Side Home Needs Delhi,delhi,Retail,accounts@riversidehomeneedsdelhi.example.com,2023-03-26
0733,Star Supermarket Raipur,Raipur,Retail,accounts@starsupermarketraipur.example.com,2021-12-06
0734,Silk Route Kitchenware,Mumbai,Retail,accounts@silkroutekitchenware.example.com,2025-10-20
0735,Lotus Depot,Pune,Wholesale,accounts@lotusdepot.example.com,2025-10-20
0736,Om Kitchens Pune,Poona,Hospitality,accounts@omkitchenspune.example.com,2021-07-11
0737,Sai Bazaar Kanpur,Kanpur,Retail,accounts@saibazaarkanpur.example.com,2023-05-08
0738,Orchid Restaurant Hyderabad,Hyderabad ,hospitality,accounts@orchidrestauranthyderaba.example.com,2023-07-14
0739,Golden Provisions,Bengaluru,retail,accounts@goldenprovisions.example.com,2020-10-07
0740,Shree Kitchenware Pune,Poona,Retail,accounts@shreekitchenwarepune.example.com,2021-04-07
0741,Nandi Bazaar,Delhi,Retail,accounts@nandibazaar.example.com,2022-07-11
0742,Silver Hotels Bengaluru,Bengaluru,Hospitality,accounts@silverhotelsbengaluru.example.com,2021-05-07
0743,Crystal Home Needs Mumbai,Mumbai,Retail ,accounts@crystalhomeneedsmumbai.example.com,2020-04-27
0744,Evergreen Home Needs,Vadodara,Retail,accounts@evergreenhomeneeds.example.com,2021-09-30
0745,Balaji Cafe,Indore,Hospitality,accounts@balajicafe.example.com,2021-01-11
0746,Galaxy Home Needs Delhi,Delhi,Retail,accounts@galaxyhomeneedsdelhi.example.com,2020-02-24
0747,Urban Home Needs Delhi,Delhi,Retail,accounts@urbanhomeneedsdelhi.example.com,2025-04-10
0748,Sapphire Hotels,Dehradun,Hospitality,accounts@sapphirehotels.example.com,2024-02-05
0749,Shree Traders,Chennai,Retail,accounts@shreetraders.example.com,2020-10-18
0750,Sai Kitchens Raipur,-,Hospitality,accounts@saikitchensraipur.example.com,2025-03-20
0751,Lake View Exports Delhi,Delhi,Wholesale,accounts@lakeviewexportsdelhi.example.com,2021-07-24
0752,River Side Provisions,Bengaluru,Retail,accounts@riversideprovisions.example.com,2020-05-02
0753,Balaji Trading Co,Mumbai ,Wholesale,accounts@balajitradingco.example.com,2023-04-12
0754,Balaji Traders,Delhi,Retail,accounts@balajitraders.example.com,2025-11-30
0755,Coconut Grove Bazaar Lucknow,Lucknow,Retail,accounts@coconutgrovebazaarluckno.example.com,2022-06-19
0756,Ganesh Kitchens,Ludhiana,Hospitality,accounts@ganeshkitchens.example.com,2020-12-20
0757,Sapphire Cafe Agra,Agra,Hospitality,,2022-11-10
0758,Star Home Needs Madurai,Madurai,Retail,accounts@starhomeneedsmadurai.example.com,2020-02-29
0759,Mahalaxmi Supermarket,Rajkot,Retail,accounts@mahalaxmisupermarket.example.com,2020-11-20
0760,Classic Inn Lucknow,Lucknow,Hospitality,accounts@classicinnlucknow.example.com,2021-02-09
0761,Sunrise Cafe,Indore,Hospitality,accounts@sunrisecafe.example.com,2021-09-30
0762,United Home Needs,Pune,Retail,accounts@unitedhomeneeds.example.com,2024-12-10
0763,Green Home Needs Jaipur,Jaipur,Retail,accounts@greenhomeneedsjaipur.example.com,2021-02-16
0764,Vijay Wholesale,Mumbai,Wholesale,accounts@vijaywholesale.example.com,2023-07-13
0765,Silk Route Mart Pune,Pune,Retail,accounts@silkroutemartpune.example.com,2024-07-02
0766,Hill View Traders,Nashik,Retail,accounts@hillviewtraders.example.com,2024-08-17
0767,New Bazaar Goa,Goa,Retail,accounts@newbazaargoa.example.com,2025-10-03
0768,Mahalaxmi Bazaar,Pune,Retail,accounts@mahalaxmibazaar.example.com,2022-04-18
0769,Jai Hind Inn,Chandigarh,Hospitality,accounts@jaihindinn.example.com,2025-10-17
0770,Sapphire Stores,Thiruvananthapuram,Retail,accounts@sapphirestores.example.com,2020-06-25
0771,Classic Home Needs,Poona,RETAIL,accounts@classichomeneeds.example.com,2022-10-27
0772,Ganesh Supermarket Bhubaneswar,Bhubaneswar,Retail,accounts@ganeshsupermarketbhubane.example.com,2060-05-03
0773,Maple Distributors,Nashik,Wholesale,accounts@mapledistributors.example.com,2021-03-26
0774,Pearl Hotels,Pune,Hospitality,accounts@pearlhotels.example.com,2020-01-27
0775,Evergreen Emporium,Ahmedabad,Retail,accounts@evergreenemporium.example.com,2021-09-24
0776,Laxmi Distributors,Mumbai,Wholesale,accounts@laxmidistributors.example.com,2022-08-07
0777,Pearl Restaurant Mumbai,Mumbai,Hospitality,accounts@pearlrestaurantmumbai.example.com,2024-10-15
0778,Tulsi Supermarket,Goa,Retail,accounts@tulsisupermarket.example.com,2023-02-20
0779,Saffron Banquets,Nashik,Hospitality,accounts@saffronbanquets.example.com,2021-07-05
0780,New Foods,Jaipur,Hospitality,accounts@newfoods.example.com,2024-12-25
0781,River Side Mart Pune,Pune,Retail,accounts@riversidemartpune.example.com,2024-10-29
0782,Harbour Wholesale,Noida,Wholesale,accounts@harbourwholesale.example.com,2022-04-20
0783,Green Caterers,Patna,Hospitality,accounts@greencaterers.example.com,2023-02-07
0784,River Side Agencies Mumbai,Mumbai,WHOLESALE,accounts@riversideagenciesmumbai.example.com,2024-04-08
0785,Coconut Grove General Store Vadodara,Vadodara,Retail,accounts@coconutgrovegeneralstore.example.com,2023-10-30
0786,Golden Provisions Aurangabad,Aurangabad,Retail,accounts@goldenprovisionsaurangab.example.com,2022-05-03
0787,Saffron Emporium Madurai,Madurai,retail,accounts@saffronemporiummadurai.example.com,2023-08-16
0788,Palm Tiffin Services,Madras,Hospitality,accounts@palmtiffinservices.example.com,2021-08-07
0789,Jai Hind Hotels,NULL,Hospitality,accounts@jaihindhotels.example.com,2025-10-19
0790,City Stores,Nashik,Retail,accounts@citystores.example.com,2020-02-03
0791,Balaji Emporium,Mumbai,retail,accounts@balajiemporium.example.com,2022-03-02
0792,River Side Supermarket Mysuru,Mysuru,Retail,accounts@riversidesupermarketmysu.example.com,19/12/2021
0793,Lotus Mart Bengaluru,Bengaluru ,Retail,accounts@lotusmartbengaluru.example.com,2025-11-04
0794,Golden General Store,Chennai,Retail,accounts@goldengeneralstore.example.com,2025-10-10
0795,Sapphire Cafe Nagpur,Nagpur,Hospitality,accounts@sapphirecafenagpur.example.com,2024-05-12
0796,Silk Route Provisions Chennai,Chennai,Retail,accounts@silkrouteprovisionschenn.example.com,2024-09-22
0797,Silver Emporium Chennai,Chennai,Retail,accounts@silveremporiumchennai.example.com,2024-08-05
0798,Golden Kitchenware,Mysore,Retail,accounts@goldenkitchenware.example.com,2025-07-16
0799,Jai Hind Caterers Ludhiana,Ludhiana,Hospitality,accounts@jaihindcaterersludhiana.example.com,2020-03-20
0800,Maple Trading Co Bengaluru,Bengaluru,Wholesale,accounts@mapletradingcobengaluru.example.com,2021-05-10
0801,Pearl Kitchenware,Kanpur,Retail,accounts@pearlkitchenware.example.com,2024-12-31
0802,Maple Banquets,Aurangabad,Hospitality,accounts@maplebanquets.example.com,2023-09-01
0803,Laxmi Enterprises Ahmedabad,Ahmedabad,Wholesale,accounts@laxmienterprisesahmedaba.example.com,2023-01-11
0804,Crystal Resorts,Goa,Hospitality,accounts@crystalresorts.example.com,2020-08-05
0805,Sunrise Mart Mangaluru,Mangaluru,Retail,accounts@sunrisemartmangaluru.example.com,2025-03-06
0806,Evergreen Provisions,Kolkata,Retail,accounts.evergreenprovisions.example.com,2021-09-13
0807,Sapphire Traders Bengaluru,Bengaluru,Retail,accounts@sapphiretradersbengaluru.example.com,2023-04-30
0808,Lotus Caterers,Noida,Hospitality,,2025-04-21
0809,Mahalaxmi Home Needs Madurai,Madurai,Retail,accounts@mahalaxmihomeneedsmadura.example.com,2022-03-07
0810,Silk Route Traders Gurugram,Gurgaon,Retail,accounts@silkroutetradersgurugram.example.com,2024-09-21
0811,Modern Cafe Coimbatore,Coimbatore,Hospitality,accounts@moderncafecoimbatore.example.com,2023-02-14
0812,Spice Garden Foods,Kolkata,Hospitality,accounts@spicegardenfoods.example.com,2025-05-09
0813,Mahalaxmi Tiffin Services,Jaipur,Hospitality,accounts@mahalaxmitiffinservices.example.com,2024-03-05
0814,Modern Tiffin Services Mumbai,Mumbai,Hospitality,accounts@moderntiffinservicesmumb.example.com,2023-07-10
0815,Star Caterers Chandigarh,Chandigarh,Hospitality,accounts@starcatererschandigarh.example.com,2022-10-03
0816,National Bazaar Jaipur,Jaipur,Retail,accounts@nationalbazaarjaipur.example.com,2023-05-20
0817,Galaxy Agencies,Thane,Wholesale,accounts@galaxyagencies.example.com,2025-06-09
0818,Royal Banquets Pune,Pune,Hospitality,accounts@royalbanquetspune.example.com,2025-06-02
0819,Green Banquets Delhi,Delhi,Hospitality,accounts@greenbanquetsdelhi.example.com,2023-02-17
0820,Crystal Traders Bengaluru,Bengaluru,Retail,accounts@crystaltradersbengaluru.example.com,2024-07-05
0821,Classic Traders,Calcutta,Retail,accounts@classictraders.example.com,2022-09-02
0822,Ganesh Caterers Surat,Surat,Hospitality,accounts@ganeshcatererssurat.example.com,2025-01-27
0823,Harbour Trading Co,Pune,Wholesale,accounts@harbourtradingco.example.com,2024-11-09
0824,Sapphire Agencies,Bengaluru,Wholesale,accounts@sapphireagencies.example.com,2023-09-19
0825,Ganesh Stores,Delhi,Retail,accounts@ganeshstores.example.com,2021-05-05
0826,Saffron Traders,Udaipur,Retail,accounts@saffrontraders.example.com,2023-06-21
0827,Supreme Home Needs Vadodara,Vadodara,Retail,accounts@supremehomeneedsvadodara.example.com,2021-12-24
0828,New Kitchenware Chennai,Chennai,Retail,accounts@newkitchenwarechennai.example.com,2020-03-13
0829,Vijay Cafe,Mumbai,Hospitality,accounts@vijaycafe.example.com,2021-12-11
0830,Lotus Home Needs,Delhi,Retail,accounts@lotushomeneeds.example.com,2021-07-26
0831,Galaxy General Store Bhubaneswar,Bhubaneswar,Retail,accounts.galaxygeneralstorebhuban.example.com,2022-08-15
0832,Modern Kitchenware,Nagpur,Retail,accounts@modernkitchenware.example.com,2023-06-20
0833,National Exports Nashik,Nashik,Wholesale,accounts@nationalexportsnashik.example.com,2021-11-15
0834,Urban Restaurant Madurai,Madurai,Hospitality,accounts@urbanrestaurantmadurai.example.com,2022-02-05
0835,Krishna Emporium,Hyderabad,Retail,accounts@krishnaemporium.example.com,2020-01-27
0836,Krishna Agencies,Hyderabad,wholesale,accounts@krishnaagencies.example.com,2023-08-05
0837,Sai Provisions Delhi,Delhi,Retail,accounts@saiprovisionsdelhi.example.com,2024-04-24
0838,Classic Depot,Indore,Wholesale,accounts@classicdepot.example.com,2023-08-09
0839,Royal Caterers Visakhapatnam,Visakhapatnam,hospitality,accounts@royalcaterersvisakhapatn.example.com,2025-05-12
0840,Lake View Home Needs,Visakhapatnam,Retail,accounts@lakeviewhomeneeds.example.com,2025-09-10
0841,Prime Emporium,Rajkot,Retail,accounts@primeemporium.example.com,2021-04-15
0842,Supreme Restaurant Agra,Agra,Hospitality,accounts@supremerestaurantagra.example.com,2023-05-20
0843,Prime Provisions,Ahmedabad,Retail,accounts@primeprovisions.example.com,2021-02-26
0844,Sapphire Agencies Lucknow,Lucknow,Wholesale,accounts@sapphireagencieslucknow.example.com,2024-12-02
0845,Sai General Store,Chandigarh,Retail,accounts@saigeneralstore.example.com,2020-05-18
0846,Metro General Store,Kanpur,Retail ,accounts@metrogeneralstore.example.com,2024-07-16
0847,Metro Home Needs,Bhubaneswar,Retail,accounts@metrohomeneeds.example.com,2024-10-06
0848,Prime Banquets,New Delhi,Hospitality,accounts@primebanquets.example.com,2025-07-17
0849,Classic Mart,Kolkata,Retail,accounts@classicmart.example.com,2020-06-19
0850,Star General Store Mumbai,Mumbai,Retail,accounts@stargeneralstoremumbai.example.com,2024-11-21
0851,Tulsi Agencies,hyderabad,Wholesale,accounts@tulsiagencies.example.com,2021-12-27
0852,Sapphire Emporium,Thiruvananthapuram,Retail,accounts@sapphireemporium.example.com,2020-04-30
0853,Coconut Grove Foods,Aurangabad,Hospitality,accounts@coconutgrovefoods.example.com,2024-01-10
0854,Krishna Provisions Coimbatore,Coimbatore,Retail,,2022-07-29
0855,Pearl Kitchenware Ranchi,Ranchi,Retail,accounts@pearlkitchenwareranchi.example.com,2021-02-11
0856,Rainbow Mart Nagpur,Nagpur,Retail ,accounts@rainbowmartnagpur.example.com,2023-11-26
0857,Galaxy Bazaar Thane,Thane,Retail,accounts@galaxybazaarthane.example.com,2021-06-11
0858,Prime Cafe,Kolkata,Hospitality,accounts@primecafe.example.com,2023-03-13
0859,City Tiffin Services Kanpur,Kanpur,Hospitality,accounts@citytiffinserviceskanpur.example.com,2022-09-10
0860,Royal Emporium Chennai,chennai,Retail,accounts@royalemporiumchennai.example.com,2023-05-23
0861,Sai Enterprises,Thiruvananthapuram,Wholesale,accounts@saienterprises.example.com,2024-11-26
0862,City Depot Kolkata,Kolkata,Wholesale,accounts@citydepotkolkata.example.com,2023-05-11
0863,Royal Caterers Agra,Agra,Hospitality,accounts@royalcaterersagra.example.com,2020-02-16
0864,Golden Provisions Hyderabad,Hyderabad,Retail,accounts@goldenprovisionshyderaba.example.com,2021-08-16
0865,Rainbow Emporium Kolkata,Kolkata,Retail,accounts@rainbowemporiumkolkata.example.com,2020-08-10
0866,Heritage Provisions Goa,Goa,Retail,accounts@heritageprovisionsgoa.example.com,2024-08-17
0867,Coastal Resorts,Kanpur,Hospitality,accounts@coastalresorts.example.com,2022-12-21
0868,Prime Wholesale Jaipur,Jaipur,Wholesale,accounts@primewholesalejaipur.example.com,2021-01-14
0869,Laxmi Inn,Chennai,Hospitality,accounts@laxmiinn.example.com,2020-05-14
0870,Shree Home Needs Nagpur,Nagpur,Retail,accounts@shreehomeneedsnagpur.example.com,2022-05-17
0871,Blue Supermarket Gurugram,Gurugram,Retail,,06/11/2025
0872,Crystal Wholesale,Mumbai,wholesale,accounts@crystalwholesale.example.com,2021-01-09
0873,Metro Traders,Vadodara,RETAIL,accounts@metrotraders.example.com,2022-05-08
0874,Evergreen Stores Hyderabad,Hyderabad ,Retail,accounts@evergreenstoreshyderabad.example.com,2025-06-09
0875,Orchid Logistics,Udaipur,Wholesale,accounts@orchidlogistics.example.com,2022-03-05
0876,Crystal Foods Chandigarh,Chandigarh,Hospitality,accounts@crystalfoodschandigarh.example.com,2022-04-28
0877,Spice Garden Emporium Delhi,Delhi,Retail,accounts@spicegardenemporiumdelhi.example.com,2024-09-22
0878,Sunrise Tiffin Services Hyderabad,Hyderabad,Hospitality,accounts@sunrisetiffinserviceshyd.example.com,2023-07-07
0879,Sai Home Needs Delhi,Delhi,Retail,accounts@saihomeneedsdelhi.example.com,2025-08-23
0880,Metro Mart Ranchi,Ranchi,Retail,accounts@metromartranchi.example.com,24/08/2020
0881,United Traders Bhubaneswar,Bhubaneswar,Retail,accounts@unitedtradersbhubaneswar.example.com,2020-07-06
0882,Lotus Provisions Vadodara,Vadodara,Retail,accounts@lotusprovisionsvadodara.example.com,2025-09-23
0883,Vijay Supermarket,Agra,RETAIL,accounts@vijaysupermarket.example.com,2020-10-14
0884,National Mart,Bengaluru,Retail ,accounts@nationalmart.example.com,2020-01-16
0885,Orchid Provisions,Delhi,Retail,accounts@orchidprovisions.example.com,2021-03-21
0886,Shree Supermarket Raipur,Raipur,Retail,accounts@shreesupermarketraipur.example.com,2022-05-07
0887,Pearl Home Needs Madurai,Madurai,Retail,accounts@pearlhomeneedsmadurai.example.com,2020-09-23
0888,Rainbow Caterers,Mysore,Hospitality,accounts@rainbowcaterers.example.com,2025-06-08
0889,Royal Exports,Chennai,Wholesale,accounts@royalexports.example.com,2020-08-20
0890,Om Kitchens Nagpur,Nagpur,Hospitality,accounts@omkitchensnagpur.example.com,2024-03-20
0891,Shree Traders Pune,Pune,Retail,accounts@shreetraderspune.example.com,2021-12-15
0892,Krishna Traders Ranchi,Ranchi,Retail,accounts@krishnatradersranchi.example.com,2023-10-04
0893,Ganesh Home Needs,Mumbai,Retail,accounts@ganeshhomeneeds.example.com,02/10/2025
0894,River Side Supermarket Mumbai,Mumbai,Retail,accounts@riversidesupermarketmumb.example.com,2021-03-27
0895,Ganesh Supermarket Chennai,Madras,Retail ,accounts@ganeshsupermarketchennai.example.com,2025-11-21
0896,Mahalaxmi Tiffin Services Mumbai,Mumbai ,Hospitality,accounts@mahalaxmitiffinservicesm.example.com,2023-02-01
0897,Lotus Hotels,Chennai,hospitality,accounts@lotushotels.example.com,2021-09-23
0898,Jai Hind Inn Bengaluru,Bengaluru,Hospitality,accounts@jaihindinnbengaluru.example.com,2022-08-01
0899,Silver Caterers,Mangaluru,Hospitality,accounts@silvercaterers.example.com,01/07/2021
0900,Harbour Provisions,Aurangabad,Retail,accounts@harbourprovisions.example.com,2024-03-01
0901,Pearl Stores Udaipur,Udaipur,Retail,accounts@pearlstoresudaipur.example.com,09/02/2025
0902,Urban Emporium Thane,Thane,Retail,accounts@urbanemporiumthane.example.com,2024-04-24
0903,Supreme Foods,Pune,Hospitality,accounts@supremefoods.example.com,2021-07-07
0904,Shree Banquets,Nashik,Hospitality,accounts@shreebanquets.example.com,2023-12-09
0905,National Suppliers,Ahmedabad,Wholesale,accounts@nationalsuppliers.example.com,2020-04-03
0906,New Stores,Udaipur,Retail,accounts@newstores.example.com,2024-08-24
0907,River Side Exports,Kanpur,Wholesale,accounts@riversideexports.example.com,2024-06-17
0908,Blue Restaurant Thiruvananthapuram,Thiruvananthapuram,Hospitality,accounts@bluerestaurantthiruvanan.example.com,2025-09-27
0909,Metro Supermarket Chennai,Chennai,Retail,accounts@metrosupermarketchennai.example.com,2022-12-29
0910,Green Stores Visakhapatnam,Vizag,Retail,accounts@greenstoresvisakhapatnam.example.com,2025-01-02
0911,Heritage Emporium Bhubaneswar,Bhubaneswar,Retail,accounts@heritageemporiumbhubanes.example.com,2020-08-05
0912,Rainbow Inn,Gurugram,Hospitality,accounts@rainbowinn.example.com,2024-07-14
0913,Spice Garden Home Needs Hyderabad,Hyderabad,Retail,accounts@spicegardenhomeneedshyde.example.com,2020-03-06
0914,Hill View Stores,Pune,Retail,accounts@hillviewstores.example.com,2021-02-02
0915,City Supermarket,Chennai,Retail,accounts@citysupermarket.example.com,2023-03-31
0916,Star Caterers Aurangabad,,Hospitality,accounts@starcaterersaurangabad.example.com,2022-03-19
0917,River Side Caterers Bengaluru,Bengaluru,Hospitality,accounts@riversidecaterersbengalu.example.com,2025-01-02
0918,Galaxy Kitchenware Vadodara,Vadodara,Retail,accounts@galaxykitchenwarevadodar.example.com,2023-05-26
0919,Palm Caterers Patna,Patna,Hospitality,accounts@palmcatererspatna.example.com,2025-01-06
0920,Tulsi Kitchens,Lucknow,Hospitality,,2020-05-24
0921,Royal Cafe Hyderabad,Hyderabad,Hospitality,accounts@royalcafehyderabad.example.com,2020-08-11
0922,Prime Logistics,chennai,Wholesale,accounts@primelogistics.example.com,2022-05-09
0923,Maple Hotels,Ahmedabad,Hospitality,accounts@maplehotels.example.com,2020-04-01
0924,Palm Enterprises,Vadodara,Wholesale,accounts@palmenterprises.example.com,2022-06-20
0925,Saffron Bazaar,Ranchi,Retail,accounts@saffronbazaar.example.com,2020-01-26
0926,Sapphire Hotels Madurai,Madurai,Hospitality,accounts@sapphirehotelsmadurai.example.com,2022-09-05
0927,Laxmi Home Needs,Indore,Retail,accounts@laxmihomeneeds.example.com,2020-01-19
0928,Krishna Bazaar,Udaipur,Retail,accounts@krishnabazaar.example.com,2021-05-26
0929,National Emporium,Jaipur,Retail,accounts@nationalemporium.example.com,2021-07-01
0930,Crystal Caterers,NULL,Hospitality,accounts@crystalcaterers.example.com,2024-05-09
0931,Jai Hind Home Needs,Hyderabad,Retail ,accounts@jaihindhomeneeds.example.com,10/05/2021
0932,Palm Restaurant,Goa,Hospitality,accounts@palmrestaurant.example.com,2022-03-06
0933,Palm Home Needs Pune,Pune,Retail,accounts@palmhomeneedspune.example.com,2021-07-23
0934,Royal Bazaar Bhubaneswar,Bhubaneswar,Retail,accounts@royalbazaarbhubaneswar.example.com,2025-10-12
0935,Hill View Resorts Ahmedabad,Ahmedabad,Hospitality,accounts@hillviewresortsahmedabad.example.com,2024-06-22
0936,Shree Traders Ahmedabad,Ahmedabad,Retail,accounts@shreetradersahmedabad.example.com,2025-03-21
0937,Shree Resorts,Raipur,Hospitality,accounts@shreeresorts.example.com,2023-08-06
0938,Prime Hotels,Jaipur,Hospitality,accounts@primehotels.example.com,2024-10-16
0939,Balaji Resorts,Delhi,Hospitality,accounts@balajiresorts.example.com,2024-03-04
0940,Shree Provisions,Hyderabad,Retail,accounts@shreeprovisions.example.com,2023-06-15
0941,Crystal Hotels Madurai,Madurai,Hospitality,accounts@crystalhotelsmadurai.example.com,2024-07-22
0942,Golden Trading Co,Ahmedabad,Wholesale,accounts@goldentradingco.example.com,2021-01-14
0943,Ganesh Kitchenware,Kochi,Retail,accounts@ganeshkitchenware.example.com,30/08/2021
0944,Sunrise General Store,Aurangabad,Retail,accounts@sunrisegeneralstore.example.com,2024-04-23
0945,Shree Cafe Ahmedabad,Ahmedabad,Hospitality,accounts@shreecafeahmedabad.example.com,2020-01-22
0946,Silk Route Cafe Udaipur,Udaipur,Hospitality,accounts@silkroutecafeudaipur.example.com,2021-03-13
0947,Palm Inn,Vadodara,Hospitality,accounts@palminn.example.com,2023-06-04
0948,Maple Bazaar,Rajkot,Retail,accounts@maplebazaar.example.com,2021-10-26
0949,Royal Trading Co,Coimbatore,Wholesale,accounts@royaltradingco.example.com,2024-09-19
0950,Silver Exports Raipur,Raipur,Wholesale,accounts@silverexportsraipur.example.com,2020-10-03
0951,Vijay Inn,Kochi,Hospitality,accounts@vijayinn.example.com,2024-09-29
0952,Classic Emporium,Raipur,Retail,accounts@classicemporium.example.com,2023-08-29
0953,Bharat Tiffin Services Ahmedabad,Ahmedabad,Hospitality,accounts@bharattiffinservicesahme.example.com,2023-03-18
0954,Golden Tiffin Services Chandigarh,Chandigarh,Hospitality,accounts@goldentiffinserviceschan.example.com,2022-07-25
0955,Harbour Packaging,Noida,Wholesale,accounts@harbourpackaging.example.com,2023-04-13
0956,Nandi Bazaar Pune,Pune,Retail,accounts@nandibazaarpune.example.com,2025-01-10
0957,Lake View Hotels,Aurangabad,Hospitality,accounts@lakeviewhotels.example.com,17/07/2022
0958,River Side Mart Kolkata,Kolkata,Retail,accounts@riversidemartkolkata.example.com,2024-06-16
0959,Classic Caterers Aurangabad,Aurangabad,Hospitality,accounts@classiccaterersaurangaba.example.com,22/10/2022
0960,Silk Route Home Needs Vadodara,Vadodara,Retail,accounts@silkroutehomeneedsvadoda.example.com,2020-10-23
0961,Golden Inn,Aurangabad,hospitality,accounts@goldeninn.example.com,2023-03-31
0962,Golden Distributors,Ahmedabad,Wholesale,accounts@goldendistributors.example.com,2021-05-21
0963,Bharat Logistics,Rajkot,Wholesale,accounts@bharatlogistics.example.com,2025-02-02
0964,Rainbow Provisions Pune,Pune,Retail,accounts@rainbowprovisionspune.example.com,06/02/2024
0965,Hill View Distributors,Nashik,Wholesale,accounts@hillviewdistributors.example.com,2023-01-12
0966,River Side Exports Gurugram,Gurugram,Wholesale,accounts@riversideexportsgurugram.example.com,2024-02-21
0967,Harbour Traders Lucknow,Lucknow,Retail,accounts@harbourtraderslucknow.example.com,2020-11-05
0968,Royal Kitchenware,Surat,Retail,accounts@royalkitchenware.example.com,2024-05-29
0969,Green Home Needs Ranchi,Ranchi,RETAIL,accounts@greenhomeneedsranchi.example.com,21/05/2020
0970,Maple Emporium Rajkot,Rajkot,Retail,accounts@mapleemporiumrajkot.example.com,2024-01-30
0971,Star Hotels,delhi,Hospitality,accounts@starhotels.example.com,2024-09-12
0972,Lake View Kitchens,Surat,Hospitality,accounts@lakeviewkitchens.example.com,2021-04-05
0973,Spice Garden Provisions Nagpur,Nagpur,Retail,accounts@spicegardenprovisionsnag.example.com,2024-07-21
0974,Sai Provisions Chennai,Chennai,Retail,accounts@saiprovisionschennai.example.com,2024-09-19
0975,Krishna Hotels,Mumbai,Hotel/Restaurant,accounts@krishnahotels.example.com,06/11/2022
0976,Pearl Resorts,Raipur,Hospitality,accounts@pearlresorts.example.com,2022-10-28
0977,Krishna Logistics,Kolkata,Wholesale,accounts@krishnalogistics.example.com,2021-03-17
0978,New Mart,Nagpur,Retail,accounts@newmart.example.com,04/08/2024
0979,Vijay Provisions Chennai,Madras,Retail,accounts@vijayprovisionschennai.example.com,2022-06-25
0980,Vijay Traders,Kolkata,Retail,accounts@vijaytraders.example.com,2023-01-14
0981,City Bazaar Pune,Pune,retail,accounts@citybazaarpune.example.com,2025-02-20
0982,Balaji General Store,Delhi,Retail,accounts@balajigeneralstore.example.com,2020-03-02
0983,Heritage Mart Kochi,Kochi,Retail,accounts@heritagemartkochi.example.com,2021-03-04
0984,River Side Caterers Vadodara,Vadodara,Hospitality,accounts@riversidecaterersvadodar.example.com,2023-03-12
0985,Silk Route Hotels,Indore,Hospitality,accounts@silkroutehotels.example.com,2025-10-26
0986,Shree Traders Indore,Indore,Retail,accounts@shreetradersindore.example.com,2020-08-26
0987,Bharat Caterers,Delhi,Hospitality,accounts@bharatcaterers.example.com,2024-08-03
0988,Royal Inn,Raipur,hospitality,accounts@royalinn.example.com,2023-11-17
0989,Ganesh Traders,Kolkata,Retail ,accounts@ganeshtraders.example.com,2024-03-21
0990,Nandi Resorts Ahmedabad,Ahmedabad,Hospitality,accounts@nandiresortsahmedabad.example.com,2024-04-28
0991,Bharat Home Needs,Raipur,Retail ,accounts@bharathomeneeds.example.com,2024-08-04
0992,Heritage Wholesale,Pune,Wholesale,accounts@heritagewholesale.example.com,2024-11-18
0993,New Traders Patna,Patna,Retail,,2022-06-10
0994,Harbour General Store,Bengaluru,Retail,accounts@harbourgeneralstore.example.com,2023-08-23
0995,Sai Mart Thane,Thane,Retail,accounts@saimartthane.example.com,2021-10-14
0996,Laxmi Resorts,Indore,Hospitality,accounts@laxmiresorts.example.com,2021-06-09
0997,Sunrise Mart Mysuru,Mysuru,Retail,accounts@sunrisemartmysuru.example.com,2025-04-12
0998,Krishna Provisions Bhubaneswar,Bhubaneswar,Retail,accounts@krishnaprovisionsbhubane.example.com,2022-12-08
0999,Shree Hotels,Bengaluru,Hospitality,accounts@shreehotels.example.com,2024-06-03
1000,Lotus Traders Thiruvananthapuram,Thiruvananthapuram,Retail,accounts@lotustradersthiruvananth.example.com,2025-09-14
1001,Harbour Mart Bengaluru,Bengaluru,Retail,accounts@harbourmartbengaluru.example.com,2020-01-22
1002,Sunrise Provisions Thiruvananthapuram,Trivandrum,Retail,accounts@sunriseprovisionsthiruva.example.com,2020-07-25
1003,Evergreen Exports,Mumbai,Wholesale,accounts@evergreenexports.example.com,2024-04-09
1004,Maple General Store,Agra,Retail,accounts@maplegeneralstore.example.com,2025-08-02
1005,Sai Traders,Pune,Retail,accounts@saitraders.example.com,2022-03-23
1006,Modern Banquets Gurugram,Gurugram,Hospitality,accounts@modernbanquetsgurugram.example.com,2023-02-14
1007,Heritage Resorts Bengaluru,Bengaluru,Hospitality,accounts@heritageresortsbengaluru.example.com,2022-10-22
1008,Modern Emporium,Kolkata,Retail,accounts@modernemporium.example.com,28/12/2024
1009,Hill View Tiffin Services,mumbai,Hospitality,accounts@hillviewtiffinservices.example.com,2025-04-01
1010,Lake View General Store Kolkata,Kolkata,Retail,accounts@lakeviewgeneralstorekolk.example.com,2020-11-06
1011,Maple General Store Chennai,Chennai,Retail,accounts@maplegeneralstorechennai.example.com,2025-07-31
1012,River Side Caterers Ludhiana,Ludhiana,Hospitality,accounts@riversidecaterersludhian.example.com,2025-05-27
1013,Shree Supermarket Chandigarh,Chandigarh,Retail,accounts@shreesupermarketchandiga.example.com,2022-06-11
1014,Krishna Mart Kolkata,Kolkata,Retail,accounts@krishnamartkolkata.example.com,2022-09-24
1015,Sunrise Resorts Surat,Surat,Hospitality,accounts@sunriseresortssurat.example.com,2021-06-13
1016,Nandi Bazaar Thiruvananthapuram,Thiruvananthapuram,retail,accounts@nandibazaarthiruvanantha.example.com,2025-11-03
1017,Laxmi Enterprises Gurugram,Gurugram,Wholesale,accounts@laxmienterprisesgurugram.example.com,2023-06-16
1018,Coastal Suppliers,delhi,Wholesale,accounts@coastalsuppliers.example.com,2022-03-30
1019,Hill View Mart Thiruvananthapuram,Thiruvananthapuram,Retail,accounts@hillviewmartthiruvananth.example.com,2021-03-20
1020,Coconut Grove Supermarket Patna,Patna,Retail,accounts@coconutgrovesupermarketp.example.com,2021-02-24
1021,Golden Foods,Visakhapatnam,Hospitality,accounts@goldenfoods.example.com,2023-02-12
1022,Bharat Bazaar Coimbatore,Coimbatore,Retail,,2023-11-25
1023,Saffron Traders Ahmedabad,Ahmedabad,Retail,accounts@saffrontradersahmedabad.example.com,03/04/2020
1024,Palm Mart,Rajkot,Retail,accounts@palmmart.example.com,2024-09-29
1025,Rainbow Enterprises,Delhi,Wholesale,accounts@rainbowenterprises.example.com,2021-07-04
1026,Krishna Resorts Mumbai,Mumbai,Hospitality,accounts@krishnaresortsmumbai.example.com,2023-03-05
1027,Galaxy Kitchens Madurai,Madurai,Hospitality,accounts@galaxykitchensmadurai.example.com,2021-04-28
1028,Saffron Logistics,Kochi,Wholesale,accounts@saffronlogistics.example.com,2023-08-26
1029,Spice Garden General Store Ahmedabad,Ahmedabad,Retail,accounts@spicegardengeneralstorea.example.com,2020-05-02
1030,City Kitchens Bengaluru,Bengaluru,Hospitality,accounts@citykitchensbengaluru.example.com,03/01/2020
1031,Silver Kitchenware Kolkata,Calcutta,Retail,accounts@silverkitchenwarekolkata.example.com,2021-09-04
1032,Sapphire Restaurant,Hyderabad,Hospitality,,2022-05-22
1033,Sapphire Agencies Guwahati,Guwahati,Wholesale,accounts@sapphireagenciesguwahati.example.com,2021-05-02
1034,Coastal Trading Co,Raipur,Wholesale,accounts@coastaltradingco.example.com,2022-03-07
1035,Shree Provisions Kolkata,Kolkata,Retail,accounts@shreeprovisionskolkata.example.com,2024-05-30
1036,Lotus Restaurant Coimbatore,Coimbatore,Hospitality,accounts@lotusrestaurantcoimbator.example.com,2021-10-07
1037,Blue Supermarket Bengaluru,Bengaluru,Retail,accounts@bluesupermarketbengaluru.example.com,2022-10-31
1038,Sunrise Kitchenware Chennai,Madras,Retail,accounts@sunrisekitchenwarechenna.example.com,2021-02-11
1039,Jai Hind Restaurant,Ahmedabad,Hospitality,accounts@jaihindrestaurant.example.com,2025-04-18
1040,Om Mart Hyderabad,hyderabad,Retail,accounts@ommarthyderabad.example.com,2022-05-04
1041,Blue Bazaar Hyderabad,,Retail,accounts@bluebazaarhyderabad.example.com,2021-11-24
1042,Sunrise Tiffin Services Kochi,Kochi,Hospitality,accounts@sunrisetiffinserviceskoc.example.com,2020-10-29
1043,Golden Traders,Guwahati,Retail,accounts@goldentraders.example.com,2024-06-21
1044,Saffron Emporium Delhi,Delhi,Retail,accounts@saffronemporiumdelhi.example.com,2022-09-29
1045,Metro Stores,Thiruvananthapuram,Retail,accounts@metrostores.example.com,2020-09-23
1046,Palm Stores Mysuru,Mysore,Retail,accounts@palmstoresmysuru.example.com,2024-12-11
1047,Palm Restaurant Kolkata,Kolkata,Hospitality,accounts@palmrestaurantkolkata.example.com,2021-11-08
1048,City Bazaar Kolkata,Kolkata,Retail,accounts@citybazaarkolkata.example.com,2025-10-10
1049,Orchid Inn,Jaipur,Hospitality,accounts@orchidinn.example.com,2021-01-30
1050,New Supermarket Aurangabad,Aurangabad,Retail,accounts@newsupermarketaurangabad.example.com,2023-08-08
1051,Urban Provisions,Raipur,Retail,accounts@urbanprovisions.example.com,2023-07-30
1052,Saffron Bazaar Mumbai,unknown,Retail,accounts@saffronbazaarmumbai.example.com,2020-01-26
1053,Lotus Banquets,Hyderabad,Hospitality,accounts@lotusbanquets.example.com,2022-01-29
1054,Evergreen Home Needs Mumbai,Mumbai,Retail,accounts@evergreenhomeneedsmumbai.example.com,2022-12-04
1055,Green Restaurant,Delhi,hospitality,accounts@greenrestaurant.example.com,2024-01-31
1056,Balaji Bazaar Chennai,Chennai,Retail,accounts@balajibazaarchennai.example.com,2025-02-19
1057,Spice Garden Resorts Chandigarh,Chandigarh,Hospitality,accounts@spicegardenresortschandi.example.com,2021-12-31
1058,City Mart Jaipur,Jaipur,Retail,accounts@citymartjaipur.example.com,2023-01-25
1059,Rainbow Restaurant Raipur,Raipur,Hospitality,accounts@rainbowrestaurantraipur.example.com,2024-12-23
1060,Saffron Bazaar Bengaluru,Bengaluru,Retail,accounts@saffronbazaarbengaluru.example.com,2024-03-11
1061,Urban General Store Bengaluru,Bengaluru ,Retail,accounts@urbangeneralstorebengalu.example.com,2022-04-25
1062,Palm Suppliers Jaipur,Jaipur,Wholesale,accounts@palmsuppliersjaipur.example.com,2021-05-18
1063,Ganesh Suppliers,Madras,wholesale,accounts@ganeshsuppliers.example.com,2020-12-27
1064,Laxmi Emporium,Delhi,Retail,accounts@laxmiemporium.example.com,2022-01-30
1065,Green Caterers Mumbai,Mumbai,Hospitality,accounts@greencaterersmumbai.example.com,2021-11-27
1066,Silver Mart Goa,Goa,Retail,accounts@silvermartgoa.example.com,2020-01-22
1067,Sapphire General Store,Thane,Retail,accounts@sapphiregeneralstore.example.com,2022-09-29
1068,Crystal Foods Bengaluru,Bengaluru,Hospitality,accounts@crystalfoodsbengaluru.example.com,27/06/2022
1069,Blue Supermarket Hyderabad,Hyderabad,Retail,accounts@bluesupermarkethyderabad.example.com,2024-04-21
1070,Evergreen Kitchens Mumbai,Mumbai,Hospitality,accounts@evergreenkitchensmumbai.example.com,2024-08-24
1071,Coconut Grove Restaurant,Kanpur,Hospitality,accounts@coconutgroverestaurant.example.com,2023-07-20
1072,Prime Banquets Mysuru,Mysuru,Hospitality,accounts@primebanquetsmysuru.example.com,2024-03-23
1073,Tulsi Kitchens Bhubaneswar,Bhubaneswar,Hospitality,accounts@tulsikitchensbhubaneswar.example.com,2023-11-12
1074,Metro Bazaar Chandigarh,Chandigarh,Retail,accounts@metrobazaarchandigarh.example.com,2020-05-11
1075,Palm Hotels,N/A,Hospitality,accounts@palmhotels.example.com,2024-05-07
1076,Pearl Provisions,Kanpur,Retail,accounts@pearlprovisions.example.com,2024-12-18
1077,New Provisions,Delhi,Retail,accounts@newprovisions.example.com,2020-09-30
1078,Om Provisions,Delhi,Retail,accounts@omprovisions.example.com,2023-10-11
1079,Metro Kitchenware Delhi,Delhi,Retail,accounts@metrokitchenwaredelhi.example.com,2022-07-17
1080,New General Store Bhubaneswar,Bhubaneswar,Retail ,accounts@newgeneralstorebhubanesw.example.com,2025-03-12
1081,Ganesh Cafe Mangaluru,Mangaluru,Hospitality,accounts@ganeshcafemangaluru.example.com,2023-04-24
1082,Saffron Inn,Patna,Hospitality,accounts@saffroninn.example.com,2023-08-04
1083,Bharat Home Needs Ludhiana,Ludhiana,Retail,accounts@bharathomeneedsludhiana.example.com,2020-04-19
1084,Crystal Logistics,Delhi,Wholesale,accounts@crystallogistics.example.com,13/05/2025
1085,Classic Packaging,Gurugram,Wholesale,accounts@classicpackaging.example.com,2021-10-20
1086,Modern Tiffin Services Guwahati,Guwahati,Hospitality,accounts@moderntiffinservicesguwa.example.com,2021-12-23
1087,Jai Hind Mart,Pune,Retail,accounts@jaihindmart.example.com,2024-02-11
1088,Galaxy Foods,Vadodara,Hospitality,,2024-08-08
1089,Silk Route Logistics,Udaipur,Wholesale,accounts@silkroutelogistics.example.com,2023-09-23
1090,Maple Resorts Udaipur,Udaipur,Hospitality,accounts@mapleresortsudaipur.example.com,2024-07-12
1091,River Side Home Needs Dehradun,Dehradun,Retail,accounts@riversidehomeneedsdehrad.example.com,14/09/2021
1092,Metro Kitchenware Madurai,Madurai,Retail,accounts@metrokitchenwaremadurai.example.com,2022-12-23
1093,Coconut Grove Mart Kolkata,Kolkata,Retail,accounts@coconutgrovemartkolkata.example.com,2024-12-20
1094,Coconut Grove Suppliers,Coimbatore,Wholesale,accounts@coconutgrovesuppliers.example.com,2023-09-28
1095,Jai Hind Supermarket Pune,Pune,Retail,accounts@jaihindsupermarketpune.example.com,2025-01-21
1096,Mahalaxmi Provisions Mumbai,mumbai,Retail,accounts@mahalaxmiprovisionsmumba.example.com,2024-04-27
1097,Mahalaxmi Supermarket Vadodara,Vadodara,Retail,accounts@mahalaxmisupermarketvado.example.com,2023-02-11
1098,Evergreen Cafe,Mumbai,Hospitality,accounts@evergreencafe.example.com,2020-09-16
1099,Lotus Traders Bengaluru,Bengaluru,Retail,accounts@lotustradersbengaluru.example.com,2020-04-28
1100,Silk Route Stores,Nagpur,Retail,accounts@silkroutestores.example.com,2022-01-31
1101,Prime Suppliers,Chandigarh,Wholesale,accounts@primesuppliers.example.com,2023-05-29
1102,Royal Home Needs,Delhi,Retail,accounts@royalhomeneeds.example.com,2023-11-01
1103,Coastal Bazaar,Ludhiana,Retail,accounts@coastalbazaar.example.com,2022-06-12
1104,Sai Tiffin Services,Bangalore,Hospitality,accounts@saitiffinservices.example.com,2021-02-12
1105,Urban Provisions Kanpur,Kanpur,Retail,accounts@urbanprovisionskanpur.example.com,2020-06-04
1106,Silk Route Mart Indore,Indore,Retail ,accounts@silkroutemartindore.example.com,2023-02-23
1107,Prime Traders,Bhubaneswar,Retail,accounts@primetraders.example.com,30/09/2025
1108,Vijay Provisions Mumbai,Mumbai,Retail,accounts@vijayprovisionsmumbai.example.com,2020-09-27
1109,Sapphire Exports,Bengaluru,Wholesale,accounts@sapphireexports.example.com,2022-03-29
1110,Silver Kitchenware Dehradun,Dehradun,Retail,accounts@silverkitchenwaredehradu.example.com,2021-03-04
1111,Mahalaxmi Supermarket Goa,Goa,Retail,accounts@mahalaxmisupermarketgoa.example.com,2021-07-11
1112,Evergreen Stores Madurai,Madurai,Retail,accounts@evergreenstoresmadurai.example.com,2022-12-12
1113,Silk Route Kitchenware Ahmedabad,Ahmedabad,Retail,accounts@silkroutekitchenwareahme.example.com,2021-06-19
1114,Saffron Inn Gurugram,Gurugram,Hospitality,accounts@saffroninngurugram.example.com,2024-09-28
1115,New Home Needs Pune,Pune,Retail,accounts@newhomeneedspune.example.com,2020-05-27
1116,Hill View Exports,Mumbai,Wholesale,accounts@hillviewexports.example.com,2025-07-17
1117,National Kitchenware,Hyderabad,Retail,accounts@nationalkitchenware.example.com,2022-09-29
1118,Royal Provisions Surat,Surat,Retail,accounts@royalprovisionssurat.example.com,2021-09-18
1119,Balaji Packaging,Ahmedabad,Wholesale,accounts@balajipackaging.example.com,2023-12-10
1120,Urban Resorts,Surat,hospitality,accounts@urbanresorts.example.com,2023-01-07
1121,Jai Hind Cafe,Noida,Hospitality,,2023-04-11
1122,Golden Traders Chennai,Chennai,Retail,accounts@goldentraderschennai.example.com,2023-08-14
1123,Palm Foods,Nagpur,Hospitality,accounts@palmfoods.example.com,2023-04-25
1124,Ganesh Distributors,Goa,Wholesale,accounts@ganeshdistributors.example.com,2020-10-30
1125,Om Provisions Coimbatore,Coimbatore,Retail,accounts@omprovisionscoimbatore.example.com,2020-08-20
1126,Star Kitchenware,Mumbai,Retail,accounts@starkitchenware.example.com,2023-08-20
1127,Crystal Kitchenware,Surat,Retail,accounts@crystalkitchenware.example.com,2023-02-25
1128,Spice Garden Bazaar,Lucknow,Retail,accounts@spicegardenbazaar.example.com,2022-09-14
1129,Jai Hind Stores,Raipur,retail,accounts@jaihindstores.example.com,2024-07-15
1130,Balaji Agencies Delhi,Delhi,Wholesale,accounts@balajiagenciesdelhi.example.com,2020-11-28
1131,Sunrise Distributors Delhi,Delhi,Wholesale,accounts@sunrisedistributorsdelhi.example.com,2025-04-12
1132,Royal Wholesale Jaipur,Jaipur,Wholesale,accounts@royalwholesalejaipur.example.com,20/10/2023
1133,Golden Agencies,Ahmedabad,Wholesale,accounts@goldenagencies.example.com,2022-02-02
1134,Balaji Hotels,Visakhapatnam,Hospitality,accounts@balajihotels.example.com,2024-04-01
1135,Heritage Agencies,Agra,Wholesale,accounts@heritageagencies.example.com,2021-11-03
1136,Ganesh Provisions,Dehradun,Retail,accounts@ganeshprovisions.example.com,2024-11-04
1137,River Side Distributors,Chennai,Wholesale,accounts@riversidedistributors.example.com,2020-04-05
1138,Sai Emporium,Mumbai,Retail,accounts@saiemporium.example.com,2024-06-26
1139,Evergreen Suppliers,Visakhapatnam,Wholesale,accounts@evergreensuppliers.example.com,2022-08-05
1140,Hill View Home Needs,Surat,Retail,accounts@hillviewhomeneeds.example.com,2022-07-29
1141,Crystal Foods Indore,Indore,Hospitality,accounts@crystalfoodsindore.example.com,2021-06-27
1142,Tulsi Depot,Nagpur,Wholesale,accounts@tulsidepot.example.com,2022-04-06
1143,Evergreen Bazaar Bengaluru,Bengaluru,retail,accounts@evergreenbazaarbengaluru.example.com,2020-11-17
1144,Harbour Emporium Hyderabad,hyderabad,Retail,accounts@harbouremporiumhyderabad.example.com,2023-11-18
1145,Sai Mart Dehradun,Dehradun,Retail,accounts@saimartdehradun.example.com,2021-08-06
1146,Supreme Inn,Visakhapatnam,Hospitality,accounts.supremeinn.example.com,2022-09-04
1147,Blue Foods Ranchi,Ranchi,Hospitality,accounts@bluefoodsranchi.example.com,2023-05-03
1148,Prime Mart,Guwahati,Retail,accounts@primemart.example.com,2025-11-06
1149,Tulsi Mart,Mumbai,Retail,accounts@tulsimart.example.com,2023-04-02
1150,Coconut Grove Resorts Mumbai,Mumbai,Hospitality,accounts@coconutgroveresortsmumba.example.com,2023-11-02
1151,Bharat General Store Coimbatore,Coimbatore,Retail,accounts@bharatgeneralstorecoimba.example.com,2025-06-14
1152,Shree Stores Goa,Goa,Retail,accounts@shreestoresgoa.example.com,2020-06-05
1153,Jai Hind Restaurant Chandigarh,Chandigarh,Hospitality,accounts@jaihindrestaurantchandig.example.com,2023-10-13
1154,Spice Garden Logistics,Chennai,Wholesale,accounts@spicegardenlogistics.example.com,2023-03-13
1155,City Foods,Kolkata,Hospitality,accounts@cityfoods.example.com,2022-08-07
1156,Harbour Supermarket,Mumbai,Retail,accounts@harboursupermarket.example.com,2024-04-18
1157,Hill View Suppliers,Ahmedabad,Wholesale,accounts@hillviewsuppliers.example.com,2020-01-02
1158,Om Mart Dehradun,Dehradun,Retail,accounts@ommartdehradun.example.com,2020-09-22
1159,Metro Packaging,Udaipur,Wholesale,accounts@metropackaging.example.com,2022-11-21
1160,Maple Traders,Delhi,Retail,accounts@mapletraders.example.com,2022-02-27
1161,Sapphire Evergreen Supermarket,Pune,Retail,accounts@sapphireevergreensuperma.example.com,2021-01-21
1162,Silk Route Supermarket Chandigarh,Chandigarh,Retail,accounts@silkroutesupermarketchan.example.com,2021-08-18
1163,Pearl Exports Patna,Patna,Wholesale,accounts@pearlexportspatna.example.com,2025-10-25
1164,Silk Route Inn Nashik,Nashik,Hospitality,accounts@silkrouteinnnashik.example.com,2023-08-28
1165,Royal Restaurant,New Delhi,Hospitality,accounts@royalrestaurant.example.com,27/10/2024
1166,New Traders Pune,Pune,Retail,accounts.newtraderspune.example.com,2025-10-03
1167,Golden Bazaar Mumbai,MUMBAI,Retail,accounts@goldenbazaarmumbai.example.com,2023-06-14
1168,Spice Garden Caterers,Bengaluru,Hospitality,accounts@spicegardencaterers.example.com,2021-05-23
1169,Heritage General Store Ahmedabad,Ahmedabad,Retail,accounts@heritagegeneralstoreahme.example.com,2020-07-19
1170,Royal Provisions Ahmedabad,Ahmedabad,Retail,,2022-04-16
1171,Golden Kitchens,Agra,Hospitality,accounts@goldenkitchens.example.com,2025-01-12
1172,Coconut Grove Kitchenware,Bengaluru,Retail,accounts@coconutgrovekitchenware.example.com,2022-01-24
1173,Coconut Grove Restaurant Mangaluru,Mangaluru,Hospitality,accounts@coconutgroverestaurantma.example.com,2023-06-05
1174,Prime Banquets Mangaluru,Mangaluru,Hospitality,accounts@primebanquetsmangaluru.example.com,2022-08-19
1175,Laxmi Bazaar Hyderabad,Hyderabad,Retail,accounts@laxmibazaarhyderabad.example.com,2020-05-07
1176,Urban Foods Jaipur,Jaipur,Hospitality,accounts@urbanfoodsjaipur.example.com,2023-06-09
1177,Mahalaxmi Supermarket Gurugram,Gurugram,Retail,accounts@mahalaxmisupermarketguru.example.com,2021-05-04
1178,Galaxy Supermarket Raipur,Raipur,Retail,accounts@galaxysupermarketraipur.example.com,2024-07-23
1179,Silk Route Trading Co,Ahmedabad,Wholesale,accounts@silkroutetradingco.example.com,21/02/2022
1180,Lotus Kitchenware,Ahmedabad,Retail,accounts@lotuskitchenware.example.com,2021-02-28
1181,Tulsi Bazaar Kolkata,Kolkata,RETAIL,accounts@tulsibazaarkolkata.example.com,2025-01-01
1182,Classic Logistics,Mumbai,Wholesale,accounts@classiclogistics.example.com,2025-04-15
1183,Silk Route Provisions Bhubaneswar,Bhubaneswar,Retail,accounts@silkrouteprovisionsbhuba.example.com,05/09/2021
1184,City Kitchenware,Chandigarh,Retail,accounts@citykitchenware.example.com,2020-11-04
1185,Rainbow Traders,Patna,Retail,accounts@rainbowtraders.example.com,2024-08-10
1186,Silver Tiffin Services,Kanpur,Hospitality,accounts@silvertiffinservices.example.com,2022-03-22
1187,United Agencies,Chandigarh,Wholesale,,2023-02-05
1188,National Provisions Ranchi,Ranchi,Retail,accounts@nationalprovisionsranchi.example.com,2021-03-21
1189,City Packaging,Udaipur,Wholesale,accounts@citypackaging.example.com,2024-08-23
1190,Rainbow Emporium Delhi,Delhi,Retail,accounts@rainbowemporiumdelhi.example.com,2024-07-25
1191,Jai Hind General Store Chennai,Chennai,Retail,,2025-08-06
1192,Star Exports,Pune,Wholesale,accounts@starexports.example.com,2021-09-05
1193,Heritage Mart Chennai,Chennai,Retail,accounts@heritagemartchennai.example.com,25/12/2023
1194,Orchid Banquets Patna,Patna,Hospitality,accounts@orchidbanquetspatna.example.com,2025-08-19
1195,Galaxy Foods Guwahati,Guwahati,Hospitality,accounts@galaxyfoodsguwahati.example.com,2024-04-25
1196,City Stores Thane,Thane,Retail,accounts@citystoresthane.example.com,2024-11-16
1197,Royal Supermarket Delhi,Delhi,Retail,accounts@royalsupermarketdelhi.example.com,23/01/2021
1198,Tulsi Traders Pune,Pune,Retail,accounts@tulsitraderspune.example.com,2023-09-27
1199,Heritage Suppliers,Delhi,Wholesale,accounts@heritagesuppliers.example.com,07/07/2025
1200,Galaxy Logistics Ahmedabad,Ahmedabad,Wholesale,accounts@galaxylogisticsahmedabad.example.com,2021-11-06
1201,Tulsi Suppliers,Delhi,Wholesale,accounts@tulsisuppliers.example.com,10/04/2022
1202,Green Bazaar,Ahmedabad,Retail,accounts@greenbazaar.example.com,2020-05-22
1203,Blue Enterprises,Coimbatore,Wholesale,accounts@blueenterprises.example.com,2021-12-07
1204,Sai Provisions Mumbai,Mumbai,Retail,accounts@saiprovisionsmumbai.example.com,2025-09-27
1205,Palm Tiffin Services Delhi,Delhi,Hospitality,accounts@palmtiffinservicesdelhi.example.com,2025-05-09
1206,Crystal General Store Noida,Noida,Retail,accounts@crystalgeneralstorenoida.example.com,2023-11-04
1207,Coconut Grove Mart Guwahati,Guwahati,Retail,accounts@coconutgrovemartguwahati.example.com,2021-09-10
1208,New Emporium,Thiruvananthapuram,Retail,accounts@newemporium.example.com,2024-01-29
1209,United Kitchenware,Ranchi,Retail,accounts@unitedkitchenware.example.com,2021-11-29
1210,Jai Hind Resorts Kanpur,Kanpur,Hospitality,accounts@jaihindresortskanpur.example.com,2020-01-13
1211,Rainbow Emporium Aurangabad,Aurangabad,Retail,accounts@rainbowemporiumaurangaba.example.com,2021-01-30
1212,Laxmi Enterprises Kochi,Kochi,Wholesale,accounts@laxmienterpriseskochi.example.com,2020-12-11
1213,Mahalaxmi Stores Raipur,Raipur,Retail,accounts@mahalaxmistoresraipur.example.com,2022-05-20
1214,Supreme Emporium,Chennai,retail,accounts@supremeemporium.example.com,2021-04-14
1215,Coastal Kitchenware Bengaluru,Bengaluru,Retail,accounts@coastalkitchenwarebengal.example.com,09/06/2020
1216,Hill View Logistics,Kochi,Wholesale,accounts@hillviewlogistics.example.com,2021-06-27
1217,Krishna Depot,Madurai,Wholesale,accounts@krishnadepot.example.com,2024-04-02
1218,Hill View Traders Bengaluru,Bengaluru,Retail,accounts@hillviewtradersbengaluru.example.com,2020-10-21
1219,Pearl Mart Hyderabad,Hyderabad,Retail,accounts@pearlmarthyderabad.example.com,2020-11-24
1220,Krishna General Store Mumbai,Mumbai,Retail,accounts@krishnageneralstoremumba.example.com,2025-03-17
1221,Urban General Store Mumbai,Mumbai,Retail,accounts@urbangeneralstoremumbai.example.com,2020-11-15
1222,Pearl Caterers,Indore,Hospitality,accounts@pearlcaterers.example.com,2020-10-21
1223,Crystal Kitchenware Lucknow,Lucknow,Retail,accounts@crystalkitchenwareluckno.example.com,2022-11-14
1224,Harbour Provisions Kolkata,Kolkata,Retail,accounts@harbourprovisionskolkata.example.com,2020-04-15
1225,Saffron Maple Provisions,Bengaluru,Retail,accounts@saffronmapleprovisions.example.com,2020-09-16
1226,Rainbow Kitchenware,Bengaluru ,Retail,accounts@rainbowkitchenware.example.com,2021-12-05
1227,Saffron Agencies,Ahmedabad,Wholesale,accounts.saffronagencies.example.com,2024-07-31
1228,Jai Hind Provisions Hyderabad,Hyderabad,retail,accounts@jaihindprovisionshyderab.example.com,2061-08-22
1229,Royal Home Needs Indore,Indore,Retail,accounts@royalhomeneedsindore.example.com,2024-01-12
1230,Krishna Kitchens,Hyderabad,Hospitality,accounts@krishnakitchens.example.com,2020-10-22
1231,Lotus Supermarket Mumbai,Mumbai,Retail,accounts@lotussupermarketmumbai.example.com,2023-07-20
1232,Krishna Bazaar Jaipur,Jaipur,Retail,accounts@krishnabazaarjaipur.example.com,07/06/2021
1233,Green Inn Thiruvananthapuram,Thiruvananthapuram,Hospitality,accounts@greeninnthiruvananthapur.example.com,2021-11-24
1234,Sunrise Home Needs Chandigarh,Chandigarh,Retail,accounts@sunrisehomeneedschandiga.example.com,2025-11-29
1235,Metro Provisions Bengaluru,Bengaluru,Retail,accounts@metroprovisionsbengaluru.example.com,2024-02-04
1236,Silver Distributors Goa,Goa,Wholesale,,2022-04-02
1237,Sai Inn,Coimbatore,Hospitality,accounts@saiinn.example.com,2021-09-21
1238,Laxmi Packaging,Bengaluru,Wholesale,accounts@laxmipackaging.example.com,2020-10-19
1239,Laxmi Resorts Kanpur,Kanpur,Hospitality,accounts@laxmiresortskanpur.example.com,2023-06-20
1240,Laxmi Traders Kanpur,Kanpur,Retail,accounts@laxmitraderskanpur.example.com,03/01/2023
1241,Balaji Emporium Hyderabad,hyderabad,RETAIL,accounts@balajiemporiumhyderabad.example.com,2022-11-11
1242,Prime Depot Bengaluru,Bengaluru,Wholesale,accounts@primedepotbengaluru.example.com,2025-08-17
1243,Shree Mart Kolkata,Calcutta,Retail,accounts@shreemartkolkata.example.com,2021-09-18
1244,Krishna Mart Pune,Pune,Retail,accounts@krishnamartpune.example.com,2023-08-03
1245,Prime Supermarket Ahmedabad,Ahmedabad,Retail,,20/06/2021
1246,Urban Kitchens,Hyderabad,Hospitality,accounts.urbankitchens.example.com,2021-11-25
1247,Orchid Resorts Ranchi,Ranchi,Hospitality,accounts@orchidresortsranchi.example.com,2022-12-05
1248,Palm General Store Nagpur,Nagpur,Retail,accounts@palmgeneralstorenagpur.example.com,11/01/2023
1249,Coastal Distributors,Agra,Wholesale,,2020-09-17
1250,Nandi Stores,Chandigarh,Retail,accounts@nandistores.example.com,2024-11-19
1251,Classic Kitchenware,Madurai,Retail,accounts@classickitchenware.example.com,2020-04-01
1252,Urban Bazaar,Mumbai,Retail,accounts@urbanbazaar.example.com,2020-08-16
1253,Mahalaxmi Emporium Thane,Thane,Retail,accounts@mahalaxmiemporiumthane.example.com,2024-07-11
1254,Silver Supermarket Indore,Indore,Retail,accounts@silversupermarketindore.example.com,2025-11-16
1255,Hill View Mart Visakhapatnam,Visakhapatnam,Retail,accounts@hillviewmartvisakhapatna.example.com,2020-01-25
1256,Tulsi Cafe,Ahmedabad,Hospitality,accounts@tulsicafe.example.com,2024-06-08
1257,Pearl Distributors,hyderabad,Wholesale,accounts@pearldistributors.example.com,2021-09-19
1258,Krishna Cafe Raipur,Raipur,Hospitality,accounts@krishnacaferaipur.example.com,2020-01-14
1259,Sapphire Inn,Pune,Hospitality,accounts@sapphireinn.example.com,2020-12-29
1260,Lotus Kitchens Nashik,Nashik,Hospitality,accounts@lotuskitchensnashik.example.com,2023-10-15
1261,National Kitchens,Thiruvananthapuram,Hospitality,accounts@nationalkitchens.example.com,2023-03-20
1262,Jai Hind Resorts Mumbai,Mumbai,Hospitality,accounts@jaihindresortsmumbai.example.com,2020-11-04
1263,Silver Bazaar Lucknow,Lucknow,Retail,accounts@silverbazaarlucknow.example.com,2024-01-10
1264,Modern Restaurant,Ranchi,Hospitality,accounts@modernrestaurant.example.com,2020-11-24
1265,Lotus Stores,Vadodara,Retail,accounts@lotusstores.example.com,2023-12-23
1266,Laxmi Provisions Jaipur,Jaipur,Retail,accounts@laxmiprovisionsjaipur.example.com,2020-01-02
1267,Shree General Store Jaipur,Jaipur,retail,accounts@shreegeneralstorejaipur.example.com,2023-07-27
1268,Crystal Supermarket Bengaluru,Bengaluru,Retail,accounts@crystalsupermarketbengal.example.com,2022-06-08
1269,Ganesh Restaurant Delhi,Delhi,Hospitality,accounts@ganeshrestaurantdelhi.example.com,2025-11-28
1270,Om Trading Co Pune,Pune,Wholesale,accounts@omtradingcopune.example.com,2024-10-09
1271,Modern Mart,Noida,Retail,accounts@modernmart.example.com,2021-06-23
1272,Blue Bazaar Ludhiana,Ludhiana,Retail,accounts@bluebazaarludhiana.example.com,2024-03-05
1273,Green Provisions Mumbai,Mumbai,Retail,accounts@greenprovisionsmumbai.example.com,2023-06-05
1274,Galaxy Provisions,Chennai,Retail,accounts@galaxyprovisions.example.com,2024-09-30
1275,Jai Hind Bazaar Mumbai,Mumbai,Retail,accounts@jaihindbazaarmumbai.example.com,2025-10-08
1276,Vijay Kitchens,Udaipur,Hospitality,accounts@vijaykitchens.example.com,2025-10-17
1277,Saffron Hotels Rajkot,Rajkot,Hospitality,accounts@saffronhotelsrajkot.example.com,2024-03-08
1278,Evergreen Logistics,Chennai,Wholesale,accounts@evergreenlogistics.example.com,2025-07-07
1279,Saffron Kitchenware Vadodara,Vadodara,Retail,accounts@saffronkitchenwarevadoda.example.com,2021-02-20
1280,Palm Provisions,Aurangabad,Retail,accounts@palmprovisions.example.com,2022-10-31
1281,Star Traders,Chennai,Retail,accounts@startraders.example.com,2021-11-18
1282,Urban Emporium Chennai,Chennai,Retail,accounts@urbanemporiumchennai.example.com,23/12/2021
1283,Palm General Store Kolkata,Kolkata,Retail,accounts@palmgeneralstorekolkata.example.com,2025-06-11
1284,Spice Garden Emporium Ranchi,Ranchi,Retail,accounts@spicegardenemporiumranch.example.com,2021-03-22
1285,Modern Agencies,Thane,Wholesale,accounts@modernagencies.example.com,2022-02-10
1286,Krishna Inn Vadodara,Vadodara,Hospitality,accounts@krishnainnvadodara.example.com,2025-08-01
1287,Urban Exports,Surat,Wholesale,accounts@urbanexports.example.com,2024-03-14
1288,Supreme General Store,Hyderabad,Retail,accounts@supremegeneralstore.example.com,13/10/2022
1289,Coastal Home Needs,Raipur,RETAIL,accounts@coastalhomeneeds.example.com,2020-07-23
1290,Shree Saffron Provisions,Nashik,Retail,accounts@shreesaffronprovisions.example.com,2020-08-05
1291,Galaxy Stores Delhi,Delhi,RETAIL,accounts@galaxystoresdelhi.example.com,2021-10-17
1292,Metro Distributors,Jaipur,Wholesale,accounts@metrodistributors.example.com,2024-09-15
1293,Mahalaxmi Provisions Goa,Goa,Retail,accounts@mahalaxmiprovisionsgoa.example.com,2021-07-11
1294,Lake View Restaurant Aurangabad,Aurangabad,Hospitality,accounts@lakeviewrestaurantaurang.example.com,2023-12-07
1295,Urban Supermarket,Visakhapatnam,Retail,accounts@urbansupermarket.example.com,2023-04-14
1296,Silver Tiffin Services Pune,Pune,Hospitality,accounts@silvertiffinservicespune.example.com,2020-01-19
1297,Prime Kitchenware,Pune,Retail,accounts@primekitchenware.example.com,2021-04-30
1298,Spice Garden Emporium Gurugram,Gurugram,Retail,accounts@spicegardenemporiumgurug.example.com,2020-06-15
1299,City Inn Nashik,Nashik,Hospitality,accounts@cityinnnashik.example.com,2024-05-15
1300,Heritage Home Needs Noida,Noida,Retail,,17/06/2020
1301,Harbour Restaurant,Chandigarh,Hospitality,accounts@harbourrestaurant.example.com,2021-10-14
1302,Saffron Cafe,Raipur,Hospitality,accounts@saffroncafe.example.com,2021-05-02
1303,Heritage Provisions Nagpur,Nagpur,Retail,accounts@heritageprovisionsnagpur.example.com,2021-03-17
1304,United Suppliers,Dehradun,Wholesale,accounts@unitedsuppliers.example.com,2022-07-22
1305,Bharat Supermarket Visakhapatnam,Visakhapatnam,Retail,accounts@bharatsupermarketvisakha.example.com,2023-10-29
1306,Rainbow Bazaar,Ranchi,Retail,accounts@rainbowbazaar.example.com,2022-08-27
1307,Nandi Mart,Chennai,RETAIL,accounts@nandimart.example.com,2023-03-09
1308,Ganesh Agencies,Noida,Wholesale,accounts@ganeshagencies.example.com,2021-03-05
1309,Sapphire Stores Mumbai,MUMBAI,Retail,accounts@sapphirestoresmumbai.example.com,2021-09-01
1310,City Mart Ahmedabad,Ahmedabad,retail,accounts@citymartahmedabad.example.com,2020-09-30
1311,Metro Resorts Nashik,Nashik,Hospitality,accounts@metroresortsnashik.example.com,2022-10-23
1312,Blue Suppliers,Madurai,Wholesale,accounts@bluesuppliers.example.com,2025-03-08
1313,Heritage Home Needs Mumbai,-,Retail,accounts@heritagehomeneedsmumbai.example.com,2022-03-30
1314,Coastal Distributors Kolkata,Calcutta,wholesale,accounts@coastaldistributorskolka.example.com,04/04/2024
1315,Crystal Mart,Chennai,RETAIL,accounts@crystalmart.example.com,2020-10-08
1316,River Side Traders,Ahmedabad,Retail,accounts@riversidetraders.example.com,2021-08-01
1317,Spice Garden Mart Guwahati,Guwahati,Retail,accounts@spicegardenmartguwahati.example.com,2022-06-06
1318,Harbour Distributors,Udaipur,Wholesale,accounts@harbourdistributors.example.com,2023-06-08
1319,Sunrise Supermarket,Poona,Retail,accounts@sunrisesupermarket.example.com,2021-10-12
1320,Balaji Emporium Mysuru,Mysuru,Retail,accounts@balajiemporiummysuru.example.com,2022-12-17
1321,Coastal Cafe,Kolkata,Hospitality,accounts@coastalcafe.example.com,2022-10-28
1322,Saffron General Store,Bhubaneswar,Retail,accounts@saffrongeneralstore.example.com,2020-11-25
1323,Golden Kitchens Chennai,Chennai,Hospitality,accounts@goldenkitchenschennai.example.com,2020-08-30
1324,Coconut Grove Stores,New Delhi,Retail,accounts@coconutgrovestores.example.com,2021-07-07
1325,Jai Hind Agencies,Goa,Wholesale,accounts.jaihindagencies.example.com,2022-10-31
1326,Coconut Grove Provisions,Udaipur,Retail,accounts@coconutgroveprovisions.example.com,2022-03-13
1327,Heritage General Store Ranchi,Ranchi,Retail,accounts@heritagegeneralstoreranc.example.com,2022-05-21
1328,Galaxy Kitchenware Chennai,Madras,Retail,accounts@galaxykitchenwarechennai.example.com,02/02/2024
1329,Vijay Tulsi Traders,Delhi,Retail,accounts@vijaytulsitraders.example.com,2022-05-12
1330,Ganesh Provisions Patna,Patna,Retail,accounts@ganeshprovisionspatna.example.com,2020-08-25
1331,Shree Wholesale,Surat,Wholesale,accounts@shreewholesale.example.com,2023-02-11
1332,Mahalaxmi Supermarket Patna,Patna,Retail,accounts@mahalaxmisupermarketpatn.example.com,12/07/2023
1333,Sai Stores,Chennai,Retail,accounts@saistores.example.com,2023-09-30
1334,Om Wholesale,Delhi,Wholesale,accounts@omwholesale.example.com,2025-04-24
1335,Laxmi Emporium Delhi,Delhi,Retail,accounts@laxmiemporiumdelhi.example.com,2024-03-20
1336,Jai Hind Traders Chennai,Chennai,Retail,accounts@jaihindtraderschennai.example.com,2023-11-04
1337,Rainbow Mart Madurai,Madurai,Retail,accounts@rainbowmartmadurai.example.com,2023-09-03
1338,Coastal Home Needs Kolkata,Kolkata,Retail,accounts@coastalhomeneedskolkata.example.com,2024-02-07
1339,United Foods,Indore,Hospitality,accounts@unitedfoods.example.com,2023-12-24
1340,Ganesh General Store,Rajkot,Retail,accounts@ganeshgeneralstore.example.com,2022-12-30
1341,River Side General Store Ranchi,Ranchi,Retail,accounts@riversidegeneralstoreran.example.com,2024-09-16
1342,Shree Traders Agra,Agra,Retail ,accounts@shreetradersagra.example.com,2022-03-23
1343,New Banquets,Aurangabad,Hospitality,accounts@newbanquets.example.com,2025-11-03
1344,Rainbow Bazaar Bhubaneswar,Bhubaneswar,Retail,accounts@rainbowbazaarbhubaneswar.example.com,2025-07-30
1345,Bharat Suppliers Kolkata,Kolkata,Wholesale,accounts@bharatsupplierskolkata.example.com,2023-05-18
1346,Krishna Stores,Trivandrum,Retail,accounts@krishnastores.example.com,2022-07-23
1347,Modern Provisions Mumbai,Mumbai,Retail,accounts@modernprovisionsmumbai.example.com,2025-02-19
1348,Classic Home Needs Chennai,Chennai,Retail ,accounts@classichomeneedschennai.example.com,01/04/2024
1349,Royal General Store Bengaluru,Bengaluru,Retail,accounts@royalgeneralstorebengalu.example.com,2023-10-31
1350,Pearl Exports Aurangabad,Aurangabad,Wholesale,accounts@pearlexportsaurangabad.example.com,2025-06-26
1351,Om Logistics,Kolkata,Wholesale,accounts@omlogistics.example.com,2020-12-31
1352,New Home Needs Patna,Patna,Retail,accounts@newhomeneedspatna.example.com,2024-01-16
1353,United Provisions Ludhiana,Ludhiana,Retail,accounts@unitedprovisionsludhiana.example.com,2024-09-13
1354,Laxmi Provisions Ahmedabad,Ahmedabad,Retail,accounts@laxmiprovisionsahmedabad.example.com,2023-06-07
1355,Balaji Traders Delhi,Delhi,Retail,accounts@balajitradersdelhi.example.com,2021-09-02
1356,Palm Inn Mumbai,Mumbai,Hospitality,accounts@palminnmumbai.example.com,2020-08-29
1357,Jai Hind Hotels Delhi,Delhi,Hospitality,accounts@jaihindhotelsdelhi.example.com,2020-01-05
1358,Rainbow Distributors Mysuru,Mysuru,Wholesale,accounts@rainbowdistributorsmysur.example.com,2022-11-18
1359,New Provisions Mangaluru,N/A,Retail ,accounts@newprovisionsmangaluru.example.com,2020-03-28
1360,Tulsi Packaging,Mumbai,Wholesale,accounts@tulsipackaging.example.com,2023-10-15
1361,Silver Supermarket Noida,Noida,Retail,accounts@silversupermarketnoida.example.com,2022-05-24
1362,Rainbow Mart Goa,Goa,Retail,accounts@rainbowmartgoa.example.com,2020-08-03
1363,Hill View Hotels,Poona,Hospitality,accounts@hillviewhotels.example.com,2023-12-31
1364,Balaji Logistics,Kolkata,Wholesale,,2020-07-21
1365,Nandi Resorts Chennai,Chennai,Hospitality,accounts@nandiresortschennai.example.com,2025-03-11
1366,Crystal Provisions Ahmedabad,Ahmedabad,Retail,accounts@crystalprovisionsahmedab.example.com,2025-05-10
1367,Lotus Supermarket Ahmedabad,Ahmedabad,Retail,accounts@lotussupermarketahmedaba.example.com,2021-11-06
1368,Crystal Caterers Ahmedabad,Ahmedabad,Hospitality,accounts@crystalcaterersahmedabad.example.com,2024-01-25
1369,Supreme Traders Noida,Noida,RETAIL,accounts@supremetradersnoida.example.com,2021-01-08
1370,Krishna Cafe Dehradun,Dehradun,Hospitality,accounts@krishnacafedehradun.example.com,2023-09-14
1371,Silk Route Mart Bengaluru,Bengaluru,Retail,accounts@silkroutemartbengaluru.example.com,20/08/2025
1372,New Kitchenware Kanpur,Kanpur,Retail,accounts@newkitchenwarekanpur.example.com,2025-05-24
1373,Om Home Needs Chennai,Chennai,Retail,accounts@omhomeneedschennai.example.com,2024-05-13
1374,Shree Stores Kochi,Kochi,Retail,accounts@shreestoreskochi.example.com,2021-09-16
1375,Coastal Agencies Lucknow,Lucknow,Wholesale,accounts@coastalagencieslucknow.example.com,2025-05-13
1376,Shree Tiffin Services,Aurangabad,Hospitality,accounts@shreetiffinservices.example.com,2024-08-13
1377,Nandi Restaurant Ludhiana,Ludhiana,Hospitality,accounts@nandirestaurantludhiana.example.com,2020-10-25
1378,Coastal United Kitchens,Mumbai,Hospitality,accounts@coastalunitedkitchens.example.com,2024-10-27
1379,Spice Garden Suppliers,Pune,Wholesale,accounts@spicegardensuppliers.example.com,2021-01-08
1380,Nandi Bazaar Gurugram,Gurugram,Retail,accounts@nandibazaargurugram.example.com,2064-02-25
1381,Rainbow General Store,Mumbai,Retail,accounts@rainbowgeneralstore.example.com,2024-04-10
1382,Modern Traders,Thane,Retail,accounts@moderntraders.example.com,2021-04-30
1383,Supreme Provisions Mumbai,Bombay,Retail,accounts@supremeprovisionsmumbai.example.com,2024-03-29
1384,Lotus Stores Udaipur,Udaipur,Retail,accounts@lotusstoresudaipur.example.com,2024-01-14
1385,National Emporium Hyderabad,Hyderabad,Retail,accounts@nationalemporiumhyderaba.example.com,2024-10-10
1386,Maple Depot,Coimbatore,Wholesale,accounts@mapledepot.example.com,2023-08-07
1387,Urban Restaurant Delhi,Delhi,Hospitality,accounts@urbanrestaurantdelhi.example.com,2024-03-02
1388,Spice Garden Mart Ahmedabad,Ahmedabad,Retail,accounts.spicegardenmartahmedabad.example.com,2021-08-29
1389,Sapphire Suppliers,Kochi,Wholesale,accounts@sapphiresuppliers.example.com,2023-09-11
1390,Lake View Resorts Jaipur,Jaipur,Hospitality,accounts@lakeviewresortsjaipur.example.com,2022-08-09
1391,Orchid Kitchenware Pune,Pune,Retail,accounts@orchidkitchenwarepune.example.com,2023-12-19
1392,Sapphire Enterprises,Dehradun,Wholesale,accounts@sapphireenterprises.example.com,2020-04-05
1393,Nandi Bazaar Mysuru,Mysore,Retail,accounts@nandibazaarmysuru.example.com,2020-04-23
1394,Nandi Inn,Ranchi,Hospitality,accounts@nandiinn.example.com,2024-02-02
1395,Coastal Inn,Bengaluru,Hospitality,accounts@coastalinn.example.com,2024-11-24
1396,Star Traders Visakhapatnam,Visakhapatnam,Retail ,accounts@startradersvisakhapatnam.example.com,27/02/2021
1397,Laxmi Tiffin Services Mumbai,Mumbai,Hospitality,accounts@laxmitiffinservicesmumba.example.com,2023-05-19
1398,Green Nandi Foods,Guwahati,Hospitality,accounts@greennandifoods.example.com,2020-04-12
1399,Sapphire Provisions Kanpur,Kanpur,Retail,accounts@sapphireprovisionskanpur.example.com,2025-05-14
1400,Om Depot,Mumbai,Wholesale,accounts@omdepot.example.com,2025-03-26
1401,Heritage Mart Vadodara,Vadodara,Retail,accounts@heritagemartvadodara.example.com,23/04/2024
1402,Golden Enterprises,Chennai,Wholesale,accounts@goldenenterprises.example.com,2022-07-03
1403,Bharat Hotels Udaipur,Udaipur,Hospitality,accounts@bharathotelsudaipur.example.com,2023-09-28
1404,Tulsi Bazaar Ludhiana,Ludhiana,Retail,accounts@tulsibazaarludhiana.example.com,2024-09-20
1405,Jai Hind Provisions Bengaluru,Bengaluru,Retail,accounts@jaihindprovisionsbengalu.example.com,2020-12-11
1406,Supreme Supermarket,Mumbai,Retail,accounts@supremesupermarket.example.com,2022-03-19
1407,Sapphire Supermarket,Thiruvananthapuram,Retail,accounts@sapphiresupermarket.example.com,2023-11-09
1408,Heritage Traders,Mangaluru,Retail,accounts@heritagetraders.example.com,16/06/2023
1409,Laxmi Kitchenware,Hyderabad,Retail,accounts@laxmikitchenware.example.com,2024-01-23
1410,Tulsi Provisions,Gurugram,Retail,accounts@tulsiprovisions.example.com,2022-01-08
1411,Urban Resorts Chennai,Chennai,HoReCa,accounts@urbanresortschennai.example.com,2022-09-22
1412,Sapphire Hotels Chennai,Chennai,Hospitality,accounts@sapphirehotelschennai.example.com,2023-09-11
1413,Jai Hind Kitchens Kolkata,Kolkata,Hospitality,accounts@jaihindkitchenskolkata.example.com,13/12/2021
1414,Maple Emporium Ahmedabad,Ahmedabad,Retail,accounts@mapleemporiumahmedabad.example.com,2020-11-04
1415,Vijay Cafe Bengaluru,Bengaluru,Hospitality,accounts@vijaycafebengaluru.example.com,2021-03-10
1416,United General Store,Chennai,Retail ,accounts@unitedgeneralstore.example.com,2020-11-10
1417,National Supermarket,Mysuru,Retail,accounts@nationalsupermarket.example.com,2021-03-06
1418,Silk Route Provisions Ahmedabad,Ahmedabad,Retail,accounts@silkrouteprovisionsahmed.example.com,01/09/2023
1419,Silk Route Kitchenware Chandigarh,Chandigarh,Retail,accounts@silkroutekitchenwarechan.example.com,2020-04-19
1420,Hill View Home Needs Delhi,Delhi,Retail,accounts@hillviewhomeneedsdelhi.example.com,2025-10-25
1421,Coastal Kitchens Mumbai,MUMBAI,Hospitality,accounts@coastalkitchensmumbai.example.com,20/10/2023
1422,Saffron Cafe Kolkata,Kolkata,Hospitality,accounts@saffroncafekolkata.example.com,2020-05-14
1423,Galaxy Logistics Patna,Patna,WHOLESALE,accounts@galaxylogisticspatna.example.com,2022-12-20
1424,Evergreen Caterers,Surat,Hospitality,accounts@evergreencaterers.example.com,2023-04-20
1425,Tulsi Emporium Jaipur,Jaipur,Retail,accounts@tulsiemporiumjaipur.example.com,2025-11-01
1426,Nandi Kitchens,Vadodara,Hospitality,accounts@nandikitchens.example.com,2025-07-16
1427,Coastal Bazaar Ahmedabad,Ahmedabad,Retail,accounts@coastalbazaarahmedabad.example.com,2022-08-09
1428,Evergreen Supermarket Raipur,Raipur,Retail,accounts@evergreensupermarketraip.example.com,06/09/2023
1429,Sai Home Needs Mumbai,Mumbai,Retail,accounts@saihomeneedsmumbai.example.com,21/12/2022
1430,Prime Provisions Chennai,Chennai,Retail,accounts.primeprovisionschennai.example.com,03/06/2025
1431,Lotus General Store Coimbatore,Coimbatore,Retail,accounts@lotusgeneralstorecoimbat.example.com,2020-10-23
1432,City Stores Ahmedabad,Ahmedabad,Retail,accounts@citystoresahmedabad.example.com,2020-01-14
1433,Golden Supermarket,Chennai,Retail,accounts@goldensupermarket.example.com,2022-01-22
1434,Palm Traders Kolkata,Kolkata,Retail,accounts@palmtraderskolkata.example.com,2025-04-24
1435,Prime General Store,Mysuru,Retail,accounts@primegeneralstore.example.com,2022-08-14
1436,Pearl Tiffin Services Delhi,Delhi,Hospitality,accounts@pearltiffinservicesdelhi.example.com,2020-09-24
1437,Coastal Traders,Agra,Retail,accounts@coastaltraders.example.com,2022-02-10
1438,Silver Mart Ahmedabad,Ahmedabad,Retail,accounts@silvermartahmedabad.example.com,2023-05-27
1439,City Bazaar Bhubaneswar,Bhubaneswar,Retail,accounts@citybazaarbhubaneswar.example.com,2021-06-17
1440,Harbour Emporium Delhi,Delhi,Retail,accounts@harbouremporiumdelhi.example.com,2023-10-31
1441,Evergreen Stores Pune,Pune,Retail,,2023-02-12
1442,City Kitchens Ahmedabad,Ahmedabad,Hospitality,accounts@citykitchensahmedabad.example.com,2022-10-27
1443,Ganesh Sunrise Home Needs,Hyderabad,Retail,accounts@ganeshsunrisehomeneeds.example.com,2022-07-18
1444,Rainbow Restaurant Hyderabad,Hyderabad,Hospitality,accounts@rainbowrestauranthyderab.example.com,2023-11-02
1445,Star Foods,Hyderabad,Hospitality,accounts@starfoods.example.com,2020-11-15
1446,Ganesh Mart,Madurai,Retail,accounts@ganeshmart.example.com,2023-08-28
1447,Classic General Store Madurai,Madurai,retail,accounts@classicgeneralstoremadur.example.com,2022-08-21
1448,Lotus Bazaar Hyderabad,Hyderabad,Retail ,accounts@lotusbazaarhyderabad.example.com,25/09/2021
1449,River Side Emporium Surat,Surat,Retail,accounts@riversideemporiumsurat.example.com,2024-05-08
1450,Modern Stores Aurangabad,Aurangabad,Retail,accounts@modernstoresaurangabad.example.com,2025-06-20
1451,Orchid Mart Agra,Agra,RETAIL,accounts@orchidmartagra.example.com,2020-09-29
1452,Prime Foods,Thiruvananthapuram,Hospitality,accounts@primefoods.example.com,2024-04-27
1453,Golden Hotels,mumbai,Hospitality,accounts@goldenhotels.example.com,2022-11-25
1454,Silk Route Supermarket Bhubaneswar,Bhubaneswar,Retail,accounts@silkroutesupermarketbhub.example.com,2020-03-22
1455,Balaji Supermarket,Thane,Retail,accounts@balajisupermarket.example.com,2020-05-01
1456,Krishna Hotels Mumbai,Mumbai,Hospitality,accounts@krishnahotelsmumbai.example.com,2024-06-02
1457,Mahalaxmi Caterers,Nagpur,Hospitality,accounts@mahalaxmicaterers.example.com,2025-07-12
1458,Hill View Home Needs Chennai,Chennai,Retail ,accounts@hillviewhomeneedschennai.example.com,2024-03-20
1459,Modern Traders Rajkot,Rajkot,Retail,accounts@moderntradersrajkot.example.com,03/11/2020
1460,Silver Traders Surat,Surat,Retail,accounts@silvertraderssurat.example.com,2022-09-09
1461,Silk Route Home Needs Mumbai,Mumbai,Retail,accounts@silkroutehomeneedsmumbai.example.com,29/05/2022
1462,Coconut Grove Emporium Visakhapatnam,Vizag,Retail,accounts@coconutgroveemporiumvisa.example.com,2020-03-13
1463,Star Resorts,Delhi,Hospitality,accounts@starresorts.example.com,2025-09-02
1464,Saffron Supermarket,Kanpur,Retail,accounts@saffronsupermarket.example.com,2024-05-09
1465,Laxmi Emporium Indore,Indore,Retail,accounts@laxmiemporiumindore.example.com,2025-10-10
1466,Balaji Mart,Chennai,Retail,accounts@balajimart.example.com,20/02/2023
1467,Rainbow Kitchens Patna,Patna,Hospitality,accounts@rainbowkitchenspatna.example.com,2025-01-10
1468,Palm Bazaar,Kolkata,Retail,accounts@palmbazaar.example.com,2023-01-22
1469,Modern Foods,Delhi,Hospitality,accounts@modernfoods.example.com,2021-05-11
1470,Sapphire Bazaar,Ahmedabad,Retail,accounts@sapphirebazaar.example.com,2023-09-16
1471,Harbour Banquets,New Delhi,Hospitality,accounts@harbourbanquets.example.com,2022-05-08
1472,Hill View Caterers Mumbai,Mumbai,Hospitality,accounts@hillviewcaterersmumbai.example.com,2024-08-14
1473,Spice Garden Tiffin Services,Chandigarh,Hospitality,accounts@spicegardentiffinservice.example.com,2022-12-02
1474,Bharat Provisions Bhubaneswar,Bhubaneswar,Retail ,accounts@bharatprovisionsbhubanes.example.com,2021-04-22
1475,Balaji Trading Co Thiruvananthapuram,Thiruvananthapuram,Wholesale,accounts@balajitradingcothiruvana.example.com,2024-03-31
1476,Sai Restaurant,Nashik,Hospitality,accounts@sairestaurant.example.com,2024-01-24
1477,Hill View Bazaar,Hyderabad,retail,accounts@hillviewbazaar.example.com,2020-08-08
1478,Ganesh Bazaar Mysuru,Mysuru,Retail,accounts@ganeshbazaarmysuru.example.com,2023-07-11
1479,Royal Restaurant Mangaluru,Mangaluru,Hospitality,accounts@royalrestaurantmangaluru.example.com,2023-04-01
1480,Heritage Bazaar,Visakhapatnam,Retail,accounts@heritagebazaar.example.com,2025-11-20
1481,Maple Supermarket Nagpur,Nagpur,Retail,accounts@maplesupermarketnagpur.example.com,2025-04-23
1482,Nandi Restaurant Thane,Thane,Hospitality,accounts@nandirestaurantthane.example.com,2022-06-15
1483,Maple Kitchenware Chennai,Chennai,Retail,accounts@maplekitchenwarechennai.example.com,2024-09-23
1484,Crystal Home Needs Thiruvananthapuram,Thiruvananthapuram,retail,accounts@crystalhomeneedsthiruvan.example.com,2024-05-02
1485,Harbour Resorts,Pune,Hotel/Restaurant,accounts@harbourresorts.example.com,2022-02-09
1486,Coastal Caterers,Chandigarh,Hospitality,accounts@coastalcaterers.example.com,2025-03-22
1487,Harbour Banquets Mysuru,Mysuru,Hospitality,accounts@harbourbanquetsmysuru.example.com,2024-06-13
1488,Crystal Banquets,Goa,HoReCa,accounts@crystalbanquets.example.com,2020-10-12
1489,Maple Tiffin Services,Udaipur,Hospitality,accounts@mapletiffinservices.example.com,2025-09-30
1490,Silk Route Kitchenware Mumbai,Mumbai,Retail,accounts@silkroutekitchenwaremumb.example.com,05/07/2021
1491,National Agencies,Thane,Wholesale,accounts@nationalagencies.example.com,2024-12-17
1492,Heritage Supermarket,Delhi,Retail,accounts@heritagesupermarket.example.com,2025-05-27
1493,United Mart Chennai,Chennai,Retail,accounts@unitedmartchennai.example.com,2025-10-07
1494,Royal Mart Bhubaneswar,Bhubaneswar,Retail,accounts@royalmartbhubaneswar.example.com,2024-06-18
1495,Pearl Packaging,Delhi,Wholesale,accounts@pearlpackaging.example.com,2021-11-18
1496,Royal Tiffin Services Patna,Patna,Hospitality,,2020-12-06
1497,Balaji Kitchenware Bhubaneswar,Bhubaneswar,Retail,accounts@balajikitchenwarebhubane.example.com,2024-01-11
1498,Saffron Suppliers,Bengaluru,Wholesale,accounts@saffronsuppliers.example.com,2021-02-20
1499,Sunrise Depot,Mumbai,Wholesale,accounts@sunrisedepot.example.com,2020-05-08
1500,Sapphire Hotels Pune,Pune,Hospitality,accounts@sapphirehotelspune.example.com,2020-11-03
1501,Saffron Caterers Coimbatore,Coimbatore,Hospitality,accounts@saffroncatererscoimbator.example.com,2020-01-07
1502,Laxmi Packaging Delhi,Delhi,Wholesale,accounts@laxmipackagingdelhi.example.com,2020-10-20
1503,Krishna Wholesale Delhi,Delhi,Wholesale,accounts@krishnawholesaledelhi.example.com,2024-06-18
1504,City Cafe Chandigarh,Chandigarh,Hospitality,accounts@citycafechandigarh.example.com,2023-03-20
1505,Ganesh Supermarket Ahmedabad,Ahmedabad,Retail,accounts@ganeshsupermarketahmedab.example.com,2023-08-13
1506,National Banquets,Mangaluru,Hospitality,accounts@nationalbanquets.example.com,2022-08-27
1507,Sunrise Exports,Hyderabad,WHOLESALE,accounts@sunriseexports.example.com,2022-08-26
1508,Star Inn,Chennai,Hospitality,accounts@starinn.example.com,2020-08-09
1509,Galaxy Balaji Kitchenware,Delhi,Retail,accounts@galaxybalajikitchenware.example.com,2020-07-24
1510,Silk Route Foods,Mumbai,Hospitality,accounts@silkroutefoods.example.com,2022-03-18
1511,Star Exports Nashik,unknown,Wholesale,accounts@starexportsnashik.example.com,2022-10-10
1512,Laxmi Mart,Nashik,Retail,accounts@laxmimart.example.com,09/09/2023
1513,Classic Emporium Pune,pune,Retail,accounts@classicemporiumpune.example.com,2023-10-12
1514,Sunrise General Store Thane,Thane,Retail,accounts@sunrisegeneralstorethane.example.com,2025-06-07
1515,Silver Caterers Thiruvananthapuram,Thiruvananthapuram,Hospitality,accounts@silvercaterersthiruvanan.example.com,28/05/2025
1516,Spice Garden Supermarket Delhi,Delhi,Retail,accounts@spicegardensupermarketde.example.com,2020-03-16
1517,New Distributors,Delhi,Wholesale,accounts@newdistributors.example.com,2021-07-19
1518,Coastal Kitchenware Nashik,Nashik,Retail,accounts@coastalkitchenwarenashik.example.com,2021-03-27
1519,New Inn,Delhi,Hospitality,accounts@newinn.example.com,2021-08-19
1520,Spice Garden Provisions Lucknow,Lucknow,Retail,accounts.spicegardenprovisionsluc.example.com,2024-06-07
1521,Urban Cafe,Mumbai,Hospitality,accounts@urbancafe.example.com,30/06/2022
1522,Prime Trading Co Mumbai,Mumbai,Wholesale,accounts@primetradingcomumbai.example.com,2021-08-15
1523,Spice Garden Foods Delhi,Delhi,Hospitality,accounts@spicegardenfoodsdelhi.example.com,2020-08-01
1524,Galaxy Tiffin Services Mumbai,Mumbai,hospitality,accounts@galaxytiffinservicesmumb.example.com,2023-09-05
1525,United Kitchens,Mumbai,Hospitality,accounts@unitedkitchens.example.com,2021-08-28
1526,Galaxy Foods Kolkata,Kolkata,Hospitality,accounts@galaxyfoodskolkata.example.com,2020-10-25
1527,Spice Garden Kitchens,Mumbai,Hospitality,accounts@spicegardenkitchens.example.com,2020-05-18
1528,Sunrise Inn,Indore,Hospitality,accounts@sunriseinn.example.com,2022-02-21
1529,Crystal Hotels Aurangabad,Aurangabad,Hospitality,accounts@crystalhotelsaurangabad.example.com,2022-07-23
1530,United Kitchens Delhi,Delhi,Hospitality,accounts@unitedkitchensdelhi.example.com,2021-06-21
1531,Ganesh General Store Thiruvananthapuram,Thiruvananthapuram,Retail,accounts@ganeshgeneralstorethiruv.example.com,15/05/2020
1532,Pearl Kitchens,Thane,Hospitality,accounts@pearlkitchens.example.com,2025-01-11
1533,Ganesh Provisions Bengaluru,Bengaluru,Retail,accounts@ganeshprovisionsbengalur.example.com,2022-02-04
1534,Spice Garden Exports,Hyderabad,Wholesale,accounts@spicegardenexports.example.com,2023-05-31
1535,Coconut Grove Mart Dehradun,Dehradun,Retail,accounts@coconutgrovemartdehradun.example.com,2023-10-10
1536,Ganesh Trading Co Raipur,Raipur,Wholesale,accounts@ganeshtradingcoraipur.example.com,2025-04-17
1537,Nandi Cafe Bengaluru,,Hospitality,accounts@nandicafebengaluru.example.com,2022-08-25
1538,Sapphire Stores Delhi,Delhi,Retail,accounts@sapphirestoresdelhi.example.com,2021-06-21
1539,Sai Kitchens Visakhapatnam,Visakhapatnam,Hospitality,accounts@saikitchensvisakhapatnam.example.com,2024-12-03
1540,Ganesh Resorts,Patna,hospitality,accounts@ganeshresorts.example.com,2020-06-07
1541,Prime Agencies,Nagpur,Wholesale,accounts@primeagencies.example.com,27/09/2025
1542,Royal Kitchens,Chennai,Hospitality,accounts.royalkitchens.example.com,2024-06-13
1543,Bharat Foods,Chandigarh,Hospitality,accounts@bharatfoods.example.com,2022-08-20
1544,Vijay Enterprises,Jaipur,Wholesale,accounts@vijayenterprises.example.com,2020-03-17
1545,Nandi Home Needs,Raipur,Retail,accounts@nandihomeneeds.example.com,2023-02-03
1546,Shree Supermarket Kolkata,Kolkata,Retail,accounts@shreesupermarketkolkata.example.com,2021-12-01
1547,Nandi Bazaar Bengaluru,Bangalore,retail,accounts@nandibazaarbengaluru.example.com,2020-09-01
1548,Mahalaxmi Traders,Mumbai,Retail,accounts@mahalaxmitraders.example.com,2024-01-31
1549,Modern Provisions Bengaluru,Bengaluru,Retail ,accounts@modernprovisionsbengalur.example.com,2023-04-07
1550,Saffron Packaging,Coimbatore,Wholesale,accounts@saffronpackaging.example.com,2022-11-29
1551,Classic Provisions Pune,Pune,retail,accounts@classicprovisionspune.example.com,14/03/2020
1552,National Traders,Mumbai,Retail,accounts@nationaltraders.example.com,2020-04-12
1553,Rainbow Exports,Aurangabad,wholesale,accounts@rainbowexports.example.com,2025-06-15
1554,Laxmi Caterers,Ludhiana,Hospitality,accounts@laxmicaterers.example.com,2024-12-06
1555,Bharat Wholesale Agra,Agra,Wholesale,accounts@bharatwholesaleagra.example.com,2020-07-04
1556,Heritage Restaurant Mumbai,Mumbai,Hospitality,accounts@heritagerestaurantmumbai.example.com,2021-07-23
1557,Hill View Suppliers Ludhiana,Ludhiana,Wholesale,accounts@hillviewsuppliersludhian.example.com,01/05/2021
1558,Coconut Grove Kitchens,Kochi,Hospitality,accounts@coconutgrovekitchens.example.com,2021-12-19
1559,Saffron Kitchenware Guwahati,Guwahati,Retail,accounts@saffronkitchenwareguwaha.example.com,2023-12-29
1560,Harbour Supermarket Pune,Pune,Retail,accounts@harboursupermarketpune.example.com,2025-03-02
1561,Shree Agencies,Kolkata,Wholesale,accounts@shreeagencies.example.com,2020-12-09
1562,Tulsi Exports,Chandigarh,Distributor,accounts@tulsiexports.example.com,2025-02-13
1563,Silk Route Kitchenware Delhi,Delhi,retail,accounts@silkroutekitchenwaredelh.example.com,2025-01-22
1564,Coconut Grove Cafe,Chennai,Hospitality,accounts@coconutgrovecafe.example.com,2020-10-15
1565,Jai Hind Kitchens Nashik,Nashik,Hospitality,accounts@jaihindkitchensnashik.example.com,2021-09-29
1566,Coastal Cafe Mangaluru,Mangaluru,Hospitality,accounts@coastalcafemangaluru.example.com,2023-10-12
1567,Harbour Caterers Bengaluru,Bengaluru,Hospitality,accounts@harbourcaterersbengaluru.example.com,2023-10-12
1568,Metro Bazaar Vadodara,Vadodara,Retail,accounts@metrobazaarvadodara.example.com,2021-04-21
1569,Harbour Trading Co Nashik,Nashik,Wholesale,accounts@harbourtradingconashik.example.com,2021-12-16
1570,Metro General Store Goa,Goa,Retail,accounts@metrogeneralstoregoa.example.com,2023-03-13
1571,Golden Cafe Mysuru,Mysuru,Hospitality,accounts@goldencafemysuru.example.com,2021-04-24
1572,Bharat Kitchenware Vadodara,Vadodara,retail,accounts@bharatkitchenwarevadodar.example.com,2025-03-01
1573,Crystal Kitchenware Thiruvananthapuram,Thiruvananthapuram,Retail,accounts@crystalkitchenwarethiruv.example.com,2021-12-30
1574,Hill View Bazaar Bhubaneswar,Bhubaneswar,Retail,accounts@hillviewbazaarbhubaneswa.example.com,2025-11-10
1575,Classic Supermarket,Bhubaneswar,Retail,accounts@classicsupermarket.example.com,2023-09-16
1576,Crystal Foods Chennai,Chennai,Hospitality,accounts@crystalfoodschennai.example.com,2024-02-12
1577,Sunrise Exports Noida,Noida,Wholesale,accounts@sunriseexportsnoida.example.com,2024-07-27
1578,New Restaurant,Chandigarh,Hospitality,accounts@newrestaurant.example.com,2025-03-31
1579,Coastal Foods Patna,Patna,Hospitality,accounts@coastalfoodspatna.example.com,2024-01-27
1580,Nandi Packaging,Visakhapatnam,Wholesale,accounts@nandipackaging.example.com,2022-06-26
1581,Silver Resorts,Lucknow,Hospitality,accounts@silverresorts.example.com,06/06/2025
1582,Sai Banquets,Aurangabad,Hospitality,accounts@saibanquets.example.com,2022-06-14
1583,Supreme Suppliers Thiruvananthapuram,Thiruvananthapuram,Distributor,accounts@supremesuppliersthiruvan.example.com,2021-08-18
1584,Royal Mart Delhi,Delhi,Retail,accounts@royalmartdelhi.example.com,2021-05-11
1585,Bharat Stores,Ludhiana,Retail,accounts@bharatstores.example.com,2025-08-05
1586,Bharat Supermarket Mumbai,Mumbai,retail,accounts@bharatsupermarketmumbai.example.com,2021-11-02
1587,Mahalaxmi Agencies Delhi,Delhi,Wholesale,accounts@mahalaxmiagenciesdelhi.example.com,2023-09-27
1588,Metro Banquets Visakhapatnam,Vizag,Hospitality,accounts@metrobanquetsvisakhapatn.example.com,2024-08-03
1589,Jai Hind Stores Thiruvananthapuram,Thiruvananthapuram,Retail,accounts@jaihindstoresthiruvanant.example.com,19/11/2023
1590,Pearl Foods,Goa,Hospitality,accounts@pearlfoods.example.com,2023-06-08
1591,Balaji Home Needs,New Delhi,Retail,accounts@balajihomeneeds.example.com,2023-12-15
1592,Rainbow Inn Vadodara,Vadodara,Hospitality,accounts@rainbowinnvadodara.example.com,2025-08-29
1593,Maple Cafe,Bengaluru,Hospitality,accounts@maplecafe.example.com,2020-11-26
1594,Lake View Foods,Pune,Hospitality,accounts@lakeviewfoods.example.com,2024-05-19
1595,City Traders,Guwahati,Retail,accounts@citytraders.example.com,2022-10-09
1596,Galaxy Bazaar Pune,,Retail,accounts@galaxybazaarpune.example.com,2023-12-30
1597,Balaji Caterers Raipur,Raipur,Hospitality,accounts@balajicaterersraipur.example.com,2020-12-02
1598,Silver Home Needs Rajkot,Rajkot,Retail,accounts@silverhomeneedsrajkot.example.com,2023-03-07
1599,Harbour Supermarket Noida,Noida,Retail,accounts@harboursupermarketnoida.example.com,2021-01-03
1600,Pearl Provisions Mumbai,Mumbai,Retail,accounts@pearlprovisionsmumbai.example.com,2025-07-30
1601,Sai Logistics Pune,Pune,Wholesale,accounts@sailogisticspune.example.com,2020-12-14
1602,Coconut Grove Cafe Nashik,Nashik,Hospitality,accounts.coconutgrovecafenashik.example.com,2020-09-22
1603,Shree Cafe Kolkata,Kolkata,HoReCa,accounts@shreecafekolkata.example.com,2022-12-24
1604,Vijay Emporium Delhi,Delhi,Retail,accounts@vijayemporiumdelhi.example.com,2024-10-04
1605,Laxmi Supermarket Guwahati,NULL,Retail,accounts@laxmisupermarketguwahati.example.com,2025-11-07
1606,Silver Resorts Mumbai,Mumbai,Hospitality,accounts@silverresortsmumbai.example.com,2022-07-13
1607,Spice Garden Resorts Delhi,Delhi,Hospitality,accounts@spicegardenresortsdelhi.example.com,2025-11-17
1608,Rainbow Banquets Delhi,Delhi,Hospitality,accounts@rainbowbanquetsdelhi.example.com,2021-07-17
1609,Sapphire Caterers,Ahmedabad,Hospitality,accounts@sapphirecaterers.example.com,2024-02-02
1610,Jai Hind Emporium,Ahmedabad,Retail,accounts@jaihindemporium.example.com,2023-07-26
1611,Hill View Kitchens Dehradun,Dehradun,Hospitality,accounts@hillviewkitchensdehradun.example.com,2024-07-27
1612,Sai Banquets Chennai,Chennai,Hospitality,accounts@saibanquetschennai.example.com,2024-12-11
1613,New Kitchens,Surat,Hospitality,accounts@newkitchens.example.com,2022-06-14
1614,Urban Mart Indore,Indore,Retail,accounts@urbanmartindore.example.com,2020-03-21
1615,Om Packaging,Mysuru,Wholesale,accounts@ompackaging.example.com,2024-05-04
1616,Sapphire Restaurant Delhi,Delhi,Hospitality,accounts@sapphirerestaurantdelhi.example.com,2020-12-17
1617,Sapphire Foods,Bhubaneswar,Hospitality,accounts@sapphirefoods.example.com,2025-06-22
1618,Rainbow Mart Hyderabad,Hyderabad,Retail,accounts@rainbowmarthyderabad.example.com,2024-08-12
1619,Green Restaurant Chennai,Chennai,Hospitality,accounts@greenrestaurantchennai.example.com,2023-10-30
1620,Bharat General Store Thane,Thane,Retail,accounts@bharatgeneralstorethane.example.com,2024-12-27
1621,Crystal Star Bazaar,Ahmedabad,Retail,accounts@crystalstarbazaar.example.com,2021-03-09
1622,Evergreen Tiffin Services,Mumbai,Hotel/Restaurant,accounts@evergreentiffinservices.example.com,2021-04-13
1623,Evergreen Wholesale,Goa,Wholesale,accounts@evergreenwholesale.example.com,2024-05-01
1624,Lotus Stores Raipur,Raipur,Retail,accounts@lotusstoresraipur.example.com,2025-09-12
1625,National Kitchens Mysuru,Mysuru,Hospitality,accounts@nationalkitchensmysuru.example.com,20/11/2025
1626,Classic Stores,Kanpur,Retail,accounts@classicstores.example.com,2025-05-30
1627,City Packaging Delhi,Delhi,wholesale,accounts@citypackagingdelhi.example.com,2021-06-10
1628,Harbour Home Needs,Bengaluru,Retail,,2020-10-27
1629,Sai Emporium Pune,pune,Retail,accounts@saiemporiumpune.example.com,2024-08-10
1630,City Banquets Nagpur,Nagpur,Hospitality,accounts@citybanquetsnagpur.example.com,29/04/2021
1631,Green Home Needs Delhi,Delhi,Retail,accounts@greenhomeneedsdelhi.example.com,2025-04-14
1632,Lotus Emporium,Mangaluru,Retail,accounts@lotusemporium.example.com,2023-07-05
1633,Bharat Kitchens,Bhubaneswar,Hospitality,accounts@bharatkitchens.example.com,2021-01-04
1634,Urban Provisions Dehradun,Dehradun,Retail,accounts@urbanprovisionsdehradun.example.com,2021-04-12
1635,Coconut Grove Emporium Delhi,Delhi,RETAIL,accounts@coconutgroveemporiumdelh.example.com,2025-01-13
1636,Golden Kitchenware Pune,Pune,Retail,accounts@goldenkitchenwarepune.example.com,2024-11-05
1637,Krishna Tiffin Services Agra,Agra,Hospitality,accounts@krishnatiffinservicesagr.example.com,2024-05-08
1638,Royal Home Needs Raipur,N/A,Retail,accounts@royalhomeneedsraipur.example.com,2021-07-06
1639,Green Restaurant Ranchi,Ranchi,HoReCa,accounts@greenrestaurantranchi.example.com,2021-01-07
1640,Urban Tiffin Services Jaipur,Jaipur,hospitality,,2025-11-18
1641,Saffron Bazaar Kochi,Kochi,retail,accounts@saffronbazaarkochi.example.com,2024-06-13
1642,Maple Cafe Chennai,Chennai,hospitality,accounts@maplecafechennai.example.com,2020-01-16
1643,Harbour Suppliers,Hyderabad,Wholesale,,2021-04-17
1644,Balaji Mart Coimbatore,Coimbatore,Retail,accounts@balajimartcoimbatore.example.com,2024-04-19
1645,Sai Exports,Rajkot,Wholesale,accounts@saiexports.example.com,2021-07-19
1646,Rainbow Exports Gurugram,Gurugram,Wholesale,accounts@rainbowexportsgurugram.example.com,2020-01-17
1647,Evergreen General Store Dehradun,Dehradun,Retail,accounts@evergreengeneralstoredeh.example.com,2020-03-01
1648,Heritage Enterprises,Pune,Wholesale,accounts@heritageenterprises.example.com,2020-04-06
1649,Crystal General Store Ludhiana,Ludhiana,Retail,accounts@crystalgeneralstoreludhi.example.com,2022-10-02
1650,New Cafe,Goa,Hospitality,accounts@newcafe.example.com,2022-06-05
1651,Saffron Home Needs,Noida,Retail,accounts@saffronhomeneeds.example.com,2024-05-06
1652,Urban Logistics,Chandigarh,Wholesale,accounts@urbanlogistics.example.com,2023-07-12
1653,Blue Home Needs Aurangabad,Aurangabad,Retail,accounts@bluehomeneedsaurangabad.example.com,2023-04-22
1654,Silver Bazaar Nagpur,Nagpur,Retail,accounts@silverbazaarnagpur.example.com,2020-07-18
1655,Lake View Depot,Vadodara,Wholesale,accounts@lakeviewdepot.example.com,2022-01-25
1656,Pearl Provisions Hyderabad,Hyderabad,Retail,accounts@pearlprovisionshyderabad.example.com,2021-04-09
1657,Om Traders,Coimbatore,Retail,accounts@omtraders.example.com,2022-06-01
1658,City Inn Ahmedabad,Ahmedabad,Hospitality,accounts@cityinnahmedabad.example.com,2021-11-12
1659,Star Emporium Surat,Surat,Retail,accounts@staremporiumsurat.example.com,26/12/2023
1660,Saffron Home Needs Delhi,Delhi,Retail,accounts@saffronhomeneedsdelhi.example.com,2024-12-31
1661,Crystal Stores,Thane,Retail ,accounts@crystalstores.example.com,2020-04-19
1662,Mahalaxmi Kitchenware Hyderabad,Hyderabad,Retail,accounts.mahalaxmikitchenwarehyde.example.com,2022-05-22
1663,Rainbow Distributors Chennai,chennai,Wholesale,accounts@rainbowdistributorschenn.example.com,2023-09-05
1664,Sai Resorts Mumbai,Mumbai,Hospitality,accounts@sairesortsmumbai.example.com,2020-06-27
1665,Jai Hind Kitchens Jaipur,Jaipur,Hospitality,accounts@jaihindkitchensjaipur.example.com,2024-05-28
1666,Balaji Packaging Vadodara,Vadodara,Wholesale,accounts@balajipackagingvadodara.example.com,2021-12-23
1667,Modern Mart Bengaluru,Bengaluru,retail,accounts@modernmartbengaluru.example.com,2023-01-06
1668,City General Store,Hyderabad,Retail,accounts@citygeneralstore.example.com,2024-08-31
1669,Rainbow Hotels,Kochi,Hospitality,accounts@rainbowhotels.example.com,2025-05-28
1670,Spice Garden General Store Nashik,Nashik,Retail,,07/05/2025
1671,Pearl Emporium Ranchi,Ranchi,Retail,accounts@pearlemporiumranchi.example.com,2023-08-28
1672,Palm Trading Co,Mangaluru,Wholesale,accounts@palmtradingco.example.com,2021-03-29
1673,Palm General Store Delhi,Delhi,Retail,accounts@palmgeneralstoredelhi.example.com,2020-01-23
1674,Shree Stores Kolkata,Kolkata,Retail,accounts@shreestoreskolkata.example.com,12/09/2021
1675,Royal Resorts Agra,Agra,Hospitality,accounts@royalresortsagra.example.com,2022-09-30
1676,United Hotels Kanpur,Kanpur,Hospitality,accounts@unitedhotelskanpur.example.com,2022-04-11
1677,Hill View Mart Guwahati,Guwahati,Retail,accounts@hillviewmartguwahati.example.com,2021-09-06
1678,Krishna Agencies Vadodara,Vadodara,Wholesale,accounts@krishnaagenciesvadodara.example.com,2022-02-19
1679,Sai Foods,Nagpur,Hospitality,accounts@saifoods.example.com,2020-03-31
1680,Vijay Inn Pune,Pune,Hospitality,accounts@vijayinnpune.example.com,04/05/2020
1681,Modern General Store,Kochi,Retail,accounts@moderngeneralstore.example.com,2020-10-05
1682,New Foods Lucknow,Lucknow,Hospitality,accounts@newfoodslucknow.example.com,2023-06-06
1683,Saffron Mart,Mysore,Retail,accounts@saffronmart.example.com,2025-10-15
1684,Supreme Inn Patna,Patna,Hospitality,accounts@supremeinnpatna.example.com,2022-02-17
1685,United Restaurant Thane,Thane,Hospitality,accounts.unitedrestaurantthane.example.com,2020-07-22
1686,New Provisions Vadodara,Vadodara,RETAIL,accounts@newprovisionsvadodara.example.com,2022-10-10
1687,Harbour Foods Delhi,Delhi,Hospitality,accounts@harbourfoodsdelhi.example.com,2024-01-08
1688,Saffron General Store Ludhiana,Ludhiana,retail,accounts@saffrongeneralstoreludhi.example.com,2023-11-03
1689,Pearl Home Needs Patna,Patna,Retail,accounts@pearlhomeneedspatna.example.com,2020-11-19
1690,National Traders Mumbai,Mumbai,Retail,accounts@nationaltradersmumbai.example.com,02/06/2025
1691,Vijay Caterers,Hyderabad,Hospitality,accounts@vijaycaterers.example.com,2023-05-30
1692,Mahalaxmi Foods Lucknow,Lucknow,Hospitality,accounts@mahalaxmifoodslucknow.example.com,2020-01-28
1693,Green Enterprises Udaipur,Udaipur,wholesale,accounts@greenenterprisesudaipur.example.com,01/10/2022
1694,Galaxy Traders,Raipur,Retail,accounts@galaxytraders.example.com,2021-12-04
1695,Maple Distributors Pune,Pune,Wholesale,accounts@mapledistributorspune.example.com,2022-03-24
1696,Galaxy Home Needs Hyderabad,Hyderabad,Retail,accounts@galaxyhomeneedshyderabad.example.com,2024-01-18
1697,Lake View General Store Mysuru,Mysuru,Retail,accounts@lakeviewgeneralstoremysu.example.com,2021-10-20
1698,Balaji Emporium Guwahati,Guwahati,Retail,accounts@balajiemporiumguwahati.example.com,2025-03-02
1699,Heritage Kitchens,Delhi,Hospitality,accounts@heritagekitchens.example.com,2020-07-16
1700,Silver Kitchens,Dehradun,Hospitality,accounts@silverkitchens.example.com,2020-05-18
1701,Green Kitchenware,Madurai,Retail,accounts@greenkitchenware.example.com,2020-10-04
1702,Orchid Cafe Kolkata,Kolkata,HoReCa,accounts@orchidcafekolkata.example.com,2022-10-03
1703,City Provisions Hyderabad,Hyderabad,Retail,accounts@cityprovisionshyderabad.example.com,2024-09-10
1704,Golden Kitchens Pune,Pune,hospitality,accounts@goldenkitchenspune.example.com,2024-08-03
1705,Vijay Logistics,Lucknow,Wholesale,accounts@vijaylogistics.example.com,04/09/2020
1706,Prime Mart Aurangabad,Aurangabad,Retail,accounts@primemartaurangabad.example.com,2020-11-05
1707,Golden Tiffin Services Mumbai,Mumbai,Hospitality,accounts@goldentiffinservicesmumb.example.com,2022-08-17
1708,Supreme Kitchenware,Thane,Retail,accounts@supremekitchenware.example.com,2020-11-19
1709,Lotus Logistics,Bengaluru,Wholesale,accounts@lotuslogistics.example.com,2022-02-09
1710,Sapphire Traders Pune,Pune,Retail,accounts@sapphiretraderspune.example.com,2021-11-05
1711,Harbour United Provisions,Pune,Retail,accounts@harbourunitedprovisions.example.com,2023-06-06
1712,Coastal Bazaar Noida,Noida,Retail,accounts@coastalbazaarnoida.example.com,2020-08-04
1713,Mahalaxmi Emporium Kolkata,Kolkata,Retail,accounts@mahalaxmiemporiumkolkata.example.com,2023-06-17
1714,United Provisions Madurai,Madurai,Retail,,27/01/2025
1715,Classic Wholesale,NULL,Wholesale,accounts@classicwholesale.example.com,2021-10-31
1716,Shree Emporium Madurai,Madurai,Retail ,accounts@shreeemporiummadurai.example.com,2022-07-14
1717,Tulsi Emporium Bhubaneswar,Bhubaneswar,Retail,accounts@tulsiemporiumbhubaneswar.example.com,2021-10-14
1718,Laxmi Kitchenware Goa,Goa,Retail,accounts@laxmikitchenwaregoa.example.com,2021-11-07
1719,Maple Resorts Ludhiana,Ludhiana,Hospitality,accounts@mapleresortsludhiana.example.com,2020-08-29
1720,Lotus Inn Visakhapatnam,Vizag,Hospitality,accounts@lotusinnvisakhapatnam.example.com,2022-04-24
1721,City Traders Delhi,Delhi,Retail,accounts@citytradersdelhi.example.com,23/10/2022
1722,Mahalaxmi Wholesale,Ranchi,Wholesale,accounts@mahalaxmiwholesale.example.com,2023-02-19
1723,Saffron Restaurant,Hyderabad,HoReCa,accounts@saffronrestaurant.example.com,2022-12-16
1724,River Side Trading Co Bengaluru,Bengaluru,Wholesale,accounts@riversidetradingcobengal.example.com,2023-10-29
1725,Classic Kitchenware Noida,Noida,Retail,accounts@classickitchenwarenoida.example.com,2022-02-19
1726,Rainbow Provisions Mysuru,Mysuru,Retail,accounts@rainbowprovisionsmysuru.example.com,2022-09-13
1727,Rainbow Bazaar Kochi,Kochi,Retail,accounts@rainbowbazaarkochi.example.com,2021-05-05
1728,Laxmi Restaurant Coimbatore,Coimbatore,Hospitality,accounts@laxmirestaurantcoimbator.example.com,2022-12-12
1729,Orchid General Store,Kolkata,Retail,accounts@orchidgeneralstore.example.com,2023-08-30
1730,Blue Emporium Pune,Pune,Retail,accounts@blueemporiumpune.example.com,2025-06-28
1731,Jai Hind Hotels Indore,Indore,Hospitality,accounts@jaihindhotelsindore.example.com,2024-03-18
1732,Laxmi Resorts Kochi,Kochi,Hospitality,accounts@laxmiresortskochi.example.com,2023-05-03
1733,Balaji Kitchenware Bengaluru,Bengaluru,Retail,accounts@balajikitchenwarebengalu.example.com,2025-03-16
1734,Sunrise Traders Chennai,Madras,Retail,accounts@sunrisetraderschennai.example.com,2022-06-06
1735,Sunrise Stores Coimbatore,Coimbatore,Retail,accounts@sunrisestorescoimbatore.example.com,2023-09-26
1736,New Kitchenware Patna,Patna,Retail,accounts@newkitchenwarepatna.example.com,2020-05-11
1737,City Emporium Nashik,Nashik,Retail,accounts@cityemporiumnashik.example.com,2021-09-20
1738,Harbour Emporium Mangaluru,Mangaluru,Retail,,2025-02-08
1739,Pearl Supermarket Nashik,Nashik,Retail,accounts@pearlsupermarketnashik.example.com,2024-01-31
1740,Lotus Bazaar Ranchi,Ranchi,Retail,accounts@lotusbazaarranchi.example.com,26/05/2025
1741,Prime Inn Surat,Surat,Hospitality,accounts@primeinnsurat.example.com,2022-01-29
1742,Ganesh Cafe Mumbai,Mumbai,Hospitality,accounts@ganeshcafemumbai.example.com,2021-06-03
1743,Crystal Mart Delhi,Delhi,Retail,accounts@crystalmartdelhi.example.com,2020-05-16
1744,Coconut Grove Suppliers Surat,Surat,Wholesale,accounts@coconutgrovesupplierssur.example.com,2022-12-13
1745,Coastal Banquets Raipur,Raipur,Hospitality,accounts@coastalbanquetsraipur.example.com,2022-08-11
1746,Green Hotels,unknown,Hospitality,accounts@greenhotels.example.com,2024-10-02
1747,Krishna Caterers Bengaluru,Bengaluru,Hospitality,accounts@krishnacaterersbengaluru.example.com,2021-07-10
1748,Laxmi Bazaar Raipur,Raipur,RETAIL,accounts@laxmibazaarraipur.example.com,2022-05-05
1749,Ganesh Stores Gurugram,Gurugram,Retail,accounts@ganeshstoresgurugram.example.com,2025-07-16
1750,Spice Garden Kitchenware Delhi,Delhi,Retail,accounts@spicegardenkitchenwarede.example.com,14/01/2021
1751,Pearl General Store Nagpur,N/A,Retail,accounts@pearlgeneralstorenagpur.example.com,2025-01-05
1752,Palm Resorts,Kochi,Hospitality,accounts@palmresorts.example.com,2021-01-28
1753,Crystal Wholesale Raipur,Raipur,Wholesale,accounts@crystalwholesaleraipur.example.com,2024-05-13
1754,Metro United Home Needs,Chennai,Retail,accounts@metrounitedhomeneeds.example.com,2020-10-09
1755,Galaxy Mart Delhi,Delhi,Retail ,accounts@galaxymartdelhi.example.com,2025-02-20
1756,Balaji Inn,Delhi,HoReCa,accounts@balajiinn.example.com,2021-02-02
1757,Lake View Bazaar Nashik,Nashik,Retail,accounts@lakeviewbazaarnashik.example.com,2023-09-08
1758,River Side Provisions Ahmedabad,Ahmedabad,Retail,accounts@riversideprovisionsahmed.example.com,2024-05-06
1759,Bharat General Store Mumbai,Mumbai,Retail,accounts@bharatgeneralstoremumbai.example.com,2024-08-22
1760,Silver Mart Delhi,Delhi,Retail ,accounts.silvermartdelhi.example.com,2025-07-02
1761,Rainbow Bazaar Chennai,Chennai,Retail,accounts@rainbowbazaarchennai.example.com,2022-02-17
1762,Sai Kitchenware,Mysuru,Retail,accounts@saikitchenware.example.com,2025-07-31
1763,Prime Tiffin Services,Chennai,Hospitality,accounts@primetiffinservices.example.com,2023-06-13
1764,Prime Provisions Visakhapatnam,Visakhapatnam,Retail,accounts@primeprovisionsvisakhapa.example.com,2021-02-26
1765,New Stores Raipur,Raipur,Retail,accounts@newstoresraipur.example.com,2025-05-28
1766,Silk Route Supermarket Goa,Goa,Retail,accounts@silkroutesupermarketgoa.example.com,2024-09-22
1767,Nandi Inn Chennai,Chennai,Hospitality,accounts@nandiinnchennai.example.com,2020-06-19
1768,Urban Bazaar Pune,Pune,Retail,accounts@urbanbazaarpune.example.com,2022-03-19
1769,United Restaurant Patna,Patna,Hospitality,accounts@unitedrestaurantpatna.example.com,2022-04-17
1770,Coastal Mart Aurangabad,Aurangabad,Retail,accounts@coastalmartaurangabad.example.com,2023-05-10
1771,Sapphire Hotels Thiruvananthapuram,Thiruvananthapuram,Hospitality,accounts@sapphirehotelsthiruvanan.example.com,2025-04-28
1772,City Kitchens Delhi,Delhi,HoReCa,accounts@citykitchensdelhi.example.com,2022-08-24
1773,Tulsi Tiffin Services,Patna,Hospitality,accounts@tulsitiffinservices.example.com,2023-11-13
1774,Vijay Traders Chennai,Chennai,Retail,accounts@vijaytraderschennai.example.com,2025-10-11
1775,Orchid Banquets Madurai,Madurai,Hospitality,accounts@orchidbanquetsmadurai.example.com,2021-12-20
1776,Sunrise Mart Thiruvananthapuram,Thiruvananthapuram,Retail,accounts@sunrisemartthiruvanantha.example.com,2023-12-24
1777,River Side Distributors Bhubaneswar,Bhubaneswar,Wholesale,accounts@riversidedistributorsbhu.example.com,2022-08-04
1778,Saffron Kitchenware Raipur,Raipur,Retail,accounts@saffronkitchenwareraipur.example.com,2020-03-06
1779,Shree Cafe Delhi,Delhi,Hospitality,accounts@shreecafedelhi.example.com,2022-09-20
1780,Spice Garden Provisions Delhi,Delhi,Retail,accounts@spicegardenprovisionsdel.example.com,15/02/2023
1781,River Side Supermarket Indore,Indore,Retail,accounts@riversidesupermarketindo.example.com,2020-03-14
1782,Vijay Distributors,Madurai,Distributor,accounts@vijaydistributors.example.com,2020-01-30
1783,Laxmi Stores,Mumbai,Retail,accounts@laxmistores.example.com,2021-09-29
1784,Hill View Restaurant,Bombay,Hotel/Restaurant,accounts@hillviewrestaurant.example.com,2023-04-07
1785,Ganesh Kitchenware Gurugram,Gurugram,Retail,,04/10/2022
1786,Galaxy Trading Co,Hyderabad,Wholesale,accounts@galaxytradingco.example.com,2020-01-06
1787,Palm Exports Pune,Pune,Wholesale,accounts@palmexportspune.example.com,2021-12-06
1788,Coastal Packaging,Madurai,Wholesale,accounts@coastalpackaging.example.com,2024-04-12
1789,New Hotels,Ludhiana,hospitality,accounts@newhotels.example.com,2024-07-26
1790,United Cafe,Hyderabad,Hospitality,accounts@unitedcafe.example.com,2024-04-08
1791,Mahalaxmi Logistics,Mumbai,Wholesale,accounts@mahalaxmilogistics.example.com,2020-06-27
1792,Prime Caterers,Nagpur,Hospitality,,2020-01-16
1793,Harbour Provisions Raipur,-,Retail,accounts@harbourprovisionsraipur.example.com,2021-10-22
1794,Nandi Supermarket Bhubaneswar,Bhubaneswar,Retail,accounts@nandisupermarketbhubanes.example.com,2023-04-17
1795,Lake View Restaurant Kolkata,Kolkata,Hospitality,accounts@lakeviewrestaurantkolkat.example.com,2024-02-01
1796,United Wholesale,Gurugram,Wholesale,accounts@unitedwholesale.example.com,2021-08-13
1797,Maple Caterers,Thane,Hospitality,accounts@maplecaterers.example.com,2023-12-31
1798,Laxmi Traders Ahmedabad,Ahmedabad,Retail,accounts@laxmitradersahmedabad.example.com,2021-05-07
1799,Silver Traders Mangaluru,Mangaluru,Retail,,2021-11-04
1800,Galaxy Enterprises,Mumbai,Wholesale,accounts@galaxyenterprises.example.com,2023-06-17
1801,Lotus Supermarket Delhi,Delhi,Retail,accounts@lotussupermarketdelhi.example.com,2023-03-16
1802,Shree Hotels Nagpur,Nagpur,Hospitality,accounts@shreehotelsnagpur.example.com,2024-08-04
1803,Star Bazaar,unknown,Retail ,accounts@starbazaar.example.com,2020-04-16
1804,Tulsi Mart Jaipur,Jaipur,Retail,accounts@tulsimartjaipur.example.com,2023-04-10
1805,Laxmi Cafe,Hyderabad,Hospitality,accounts@laxmicafe.example.com,2022-05-04
1806,Urban Logistics Noida,Noida,Wholesale,accounts@urbanlogisticsnoida.example.com,2022-10-08
1807,Om Star Provisions,Delhi,Retail,accounts@omstarprovisions.example.com,2020-04-17
1808,Royal Emporium Visakhapatnam,Visakhapatnam,Retail,accounts@royalemporiumvisakhapatn.example.com,2023-09-24
1809,Saffron Kitchenware Mysuru,Mysuru,Retail,accounts@saffronkitchenwaremysuru.example.com,2020-08-01
1810,Krishna Traders Chennai,Chennai,Retail,accounts@krishnatraderschennai.example.com,2024-07-18
1811,Urban Supermarket Coimbatore,Coimbatore,Retail,accounts@urbansupermarketcoimbato.example.com,09/01/2021
1812,Prime Caterers Bhubaneswar,Bhubaneswar,Hospitality,accounts@primecaterersbhubaneswar.example.com,16/01/2024
1813,Metro Emporium Indore,Indore,Retail,accounts@metroemporiumindore.example.com,2023-05-03
1814,Hill View Stores Chandigarh,Chandigarh,Retail,accounts@hillviewstoreschandigarh.example.com,2024-12-30
1815,Hill View Depot,Dehradun,Wholesale,accounts@hillviewdepot.example.com,2022-07-22
1816,Jai Hind Traders Pune,NULL,Retail,accounts@jaihindtraderspune.example.com,2021-07-21
1817,Royal Kitchens Chennai,Chennai,Hospitality,accounts@royalkitchenschennai.example.com,2024-01-08
1818,Balaji Caterers Delhi,Delhi,Hospitality,accounts@balajicaterersdelhi.example.com,2025-09-24
1819,United Banquets,Udaipur,Hospitality,accounts@unitedbanquets.example.com,2020-05-30
1820,Coconut Grove Provisions Hyderabad,Hyderabad,Retail,accounts@coconutgroveprovisionshy.example.com,2021-08-03
1821,Golden Stores Bengaluru,Bengaluru,Retail,accounts@goldenstoresbengaluru.example.com,2022-04-26
1822,Urban Kitchenware,Ahmedabad,Retail,accounts@urbankitchenware.example.com,22/05/2022
1823,Galaxy Bazaar Bengaluru,Bengaluru,Retail,accounts@galaxybazaarbengaluru.example.com,30/01/2022
1824,Harbour Depot,Hyderabad,Wholesale,accounts@harbourdepot.example.com,2024-10-06
1825,Golden General Store Noida,Noida,Retail,accounts@goldengeneralstorenoida.example.com,2024-09-30
1826,Blue Stores,Ahmedabad,Retail,accounts@bluestores.example.com,2021-06-01
1827,Sai Hotels Pune,Pune,Hospitality,accounts@saihotelspune.example.com,2022-03-16
1828,Coconut Grove Traders Nashik,Nashik,Retail,accounts@coconutgrovetradersnashi.example.com,2024-06-01
1829,Coastal Home Needs Mumbai,Mumbai,Retail,accounts@coastalhomeneedsmumbai.example.com,2021-07-24
1830,City Mart Nagpur,Nagpur,Retail,accounts@citymartnagpur.example.com,2021-02-22
1831,Classic Home Needs Delhi,Delhi,Retail,accounts@classichomeneedsdelhi.example.com,2024-08-13
1832,Silver Supermarket Kanpur,Kanpur,Retail,accounts@silversupermarketkanpur.example.com,2024-03-02
1833,Sunrise Tiffin Services Udaipur,Udaipur,HoReCa,accounts@sunrisetiffinservicesuda.example.com,2022-12-24
1834,Coconut Grove Stores Bhubaneswar,Bhubaneswar,Retail,accounts@coconutgrovestoresbhuban.example.com,2020-06-19
1835,Silk Route Supermarket Mumbai,Bombay,Retail,accounts@silkroutesupermarketmumb.example.com,2024-11-25
1836,Maple Kitchenware Chandigarh,Chandigarh,Retail,accounts@maplekitchenwarechandiga.example.com,2023-09-25
1837,Blue Crystal Provisions,Pune,Retail,accounts@bluecrystalprovisions.example.com,2025-09-29
1838,Silk Route Emporium Delhi,Delhi,Retail,accounts@silkrouteemporiumdelhi.example.com,2025-01-05
1839,Jai Hind Bazaar Chennai,Chennai,Retail,accounts@jaihindbazaarchennai.example.com,08/01/2021
1840,Ganesh Supermarket Bengaluru,Bangalore,Retail,accounts@ganeshsupermarketbengalu.example.com,2024-06-25
1841,New Bazaar Thane,Thane,Retail,accounts@newbazaarthane.example.com,2024-12-21
1842,Modern Kitchens Dehradun,Dehradun,Hospitality,accounts@modernkitchensdehradun.example.com,2025-10-23
1843,Lake View Hotels Chandigarh,Chandigarh,Hospitality,accounts@lakeviewhotelschandigarh.example.com,2022-01-12
1844,Jai Hind General Store Vadodara,Vadodara,Retail,accounts@jaihindgeneralstorevadod.example.com,2022-04-06
1845,Orchid Supermarket Ranchi,Ranchi,Retail,accounts@orchidsupermarketranchi.example.com,2020-07-02
1846,Om Home Needs Rajkot,Rajkot,Retail,accounts@omhomeneedsrajkot.example.com,2022-05-03
1847,Metro Supermarket Delhi,Delhi,Retail,accounts@metrosupermarketdelhi.example.com,2020-06-26
1848,Ganesh Home Needs Mumbai,Mumbai,Retail,accounts@ganeshhomeneedsmumbai.example.com,2025-09-06
1849,Ganesh Emporium Ludhiana,Ludhiana,Retail,accounts@ganeshemporiumludhiana.example.com,2024-05-08
1850,River Side Traders Chandigarh,Chandigarh,Retail,accounts@riversidetraderschandiga.example.com,2024-12-10
1851,New Hotels Noida,N/A,Hospitality,accounts@newhotelsnoida.example.com,2020-09-19
1852,New Emporium Mumbai,Mumbai,Retail,accounts@newemporiummumbai.example.com,2020-12-11
1853,Prime Inn Bhubaneswar,Bhubaneswar,Hospitality,accounts@primeinnbhubaneswar.example.com,2023-08-07
1854,Coconut Grove General Store Visakhapatnam,Visakhapatnam,Retail,accounts@coconutgrovegeneralstore.example.com,2022-12-23
1855,Maple Tiffin Services Delhi,Delhi,Hospitality,accounts@mapletiffinservicesdelhi.example.com,2022-11-22
1856,Ganesh Traders Delhi,Delhi,Retail,accounts@ganeshtradersdelhi.example.com,2024-09-08
1857,Silk Route Supermarket Hyderabad,Hyderabad,Retail,accounts@silkroutesupermarkethyde.example.com,2024-06-22
1858,Jai Hind Inn Mumbai,Bombay,Hospitality,accounts@jaihindinnmumbai.example.com,2020-12-13
1859,Crystal Mart Visakhapatnam,Vizag,Retail ,accounts@crystalmartvisakhapatnam.example.com,2022-12-15
1860,Laxmi Bazaar Bengaluru,Bengaluru,Retail,accounts@laxmibazaarbengaluru.example.com,2024-03-27
1861,Balaji Inn Goa,Goa,Hospitality,accounts@balajiinngoa.example.com,2021-10-16
1862,Supreme Cafe,Ahmedabad,Hospitality,accounts@supremecafe.example.com,2021-11-09
1863,Shree Supermarket Chennai,chennai,Retail,accounts@shreesupermarketchennai.example.com,2024-07-16
1864,Prime Banquets Delhi,New Delhi,Hospitality,accounts@primebanquetsdelhi.example.com,2023-12-23
1865,Ganesh Cafe Patna,Patna,Hospitality,accounts@ganeshcafepatna.example.com,2023-08-19
1866,Jai Hind Emporium Mumbai,Mumbai,Retail,accounts@jaihindemporiummumbai.example.com,2022-07-19
1867,City Bazaar Ranchi,Ranchi,retail,accounts@citybazaarranchi.example.com,2022-07-16
1868,Sai General Store Rajkot,Rajkot,Retail,accounts@saigeneralstorerajkot.example.com,2025-11-04
1869,Mahalaxmi Cafe,Chennai,Hospitality,accounts@mahalaxmicafe.example.com,2021-02-17
1870,Mahalaxmi Hotels Surat,Surat,Hospitality,accounts@mahalaxmihotelssurat.example.com,2024-07-27
1871,Harbour Banquets Chennai,Chennai,Hospitality,accounts@harbourbanquetschennai.example.com,2024-11-02
1872,Rainbow Traders Rajkot,Rajkot,Retail,accounts@rainbowtradersrajkot.example.com,2023-10-14
1873,Metro Mart Vadodara,Vadodara,Retail,accounts@metromartvadodara.example.com,2022-11-07
1874,New Resorts,N/A,Hospitality,accounts@newresorts.example.com,2025-01-08
1875,Orchid Kitchenware Rajkot,Rajkot,Retail,accounts@orchidkitchenwarerajkot.example.com,2021-01-29
1876,Vijay General Store,Bengaluru ,Retail,accounts@vijaygeneralstore.example.com,2022-09-06
1877,Metro Exports,Bengaluru,Wholesale,accounts@metroexports.example.com,2025-03-27
1878,Palm Caterers Ludhiana,Ludhiana,Hotel/Restaurant,accounts@palmcaterersludhiana.example.com,2021-09-15
1879,National General Store Hyderabad,Hyderabad,Retail,accounts@nationalgeneralstorehyde.example.com,2023-05-28
1880,Urban Home Needs Thiruvananthapuram,Trivandrum,Retail,accounts@urbanhomeneedsthiruvanan.example.com,04/10/2023
1881,Crystal Home Needs Pune,Pune,Retail,accounts@crystalhomeneedspune.example.com,2023-06-05
1882,Rainbow Kitchens Rajkot,Rajkot,Hospitality,,2021-12-02
1883,Silk Route Logistics Mumbai,Mumbai,Wholesale,accounts.silkroutelogisticsmumbai.example.com,2023-12-04
1884,Orchid Bazaar,Udaipur,Retail,accounts@orchidbazaar.example.com,22/12/2020
1885,Ganesh Emporium Ahmedabad,Ahmedabad,Retail,accounts@ganeshemporiumahmedabad.example.com,2024-05-21
1886,Pearl Emporium Bengaluru,Bengaluru,RETAIL,accounts@pearlemporiumbengaluru.example.com,2020-05-12
1887,United Caterers,Bhubaneswar,Hospitality,accounts@unitedcaterers.example.com,2023-04-24
1888,Rainbow Stores Ahmedabad,Ahmedabad,Retail,accounts@rainbowstoresahmedabad.example.com,2020-04-20
1889,Krishna Mart Mysuru,Mysuru,Retail,accounts@krishnamartmysuru.example.com,2020-03-08
1890,Orchid Restaurant Ranchi,Ranchi,Hospitality,accounts@orchidrestaurantranchi.example.com,2023-06-05
1891,Spice Garden Stores Udaipur,Udaipur,Retail,accounts@spicegardenstoresudaipur.example.com,08/11/2024
1892,Krishna Mart Chandigarh,Chandigarh,Retail,accounts@krishnamartchandigarh.example.com,2020-04-30
1893,Shree General Store Kolkata,kolkata,Retail,accounts@shreegeneralstorekolkata.example.com,2025-06-07
1894,City Foods Chennai,Chennai,Hospitality,accounts@cityfoodschennai.example.com,11/01/2025
1895,Shree Emporium Thane,Thane,Retail,accounts@shreeemporiumthane.example.com,2020-04-29
1896,Silver Logistics,Pune,Wholesale,accounts@silverlogistics.example.com,2020-03-01
1897,Ganesh Hotels,Mysuru,Hospitality,accounts@ganeshhotels.example.com,2020-11-02
1898,River Side Stores,Ranchi,Retail,accounts@riversidestores.example.com,2020-01-28
1899,Harbour Resorts Aurangabad,Aurangabad,Hospitality,accounts@harbourresortsaurangabad.example.com,2024-09-13
1900,Green Trading Co Guwahati,Guwahati,Wholesale,accounts@greentradingcoguwahati.example.com,20/10/2024
1901,Classic Banquets Chandigarh,Chandigarh,Hospitality,,2020-12-27
1902,Modern Traders Chennai,Chennai,Retail,accounts@moderntraderschennai.example.com,2022-10-24
1903,Krishna Kitchenware,Mumbai,Retail,accounts@krishnakitchenware.example.com,2025-07-03
1904,Modern Provisions Gurugram,Gurugram,Retail,accounts@modernprovisionsgurugram.example.com,2020-04-08
1905,Pearl Kitchenware Hyderabad,Hyderabad,Retail,accounts@pearlkitchenwarehyderaba.example.com,2021-10-16
1906,River Side Distributors Hyderabad,Hyderabad,Wholesale,accounts@riversidedistributorshyd.example.com,2024-07-26
1907,Prime Caterers Bengaluru,Bengaluru,Hospitality,accounts@primecaterersbengaluru.example.com,2024-02-24
1908,Lake View Shree Supermarket,Guwahati,Retail,accounts@lakeviewshreesupermarket.example.com,2025-06-29
1909,Laxmi Kitchenware Thiruvananthapuram,Trivandrum,Retail ,accounts@laxmikitchenwarethiruvan.example.com,2024-06-13
1910,Bharat Home Needs Hyderabad,Hyderabad,Retail,accounts@bharathomeneedshyderabad.example.com,2023-11-30
1911,Heritage Wholesale Pune,Pune,Wholesale,,2024-02-16
1912,Heritage Home Needs Indore,Indore,RETAIL,accounts@heritagehomeneedsindore.example.com,2020-06-18
1913,Sai Trading Co,Thiruvananthapuram,Wholesale,accounts@saitradingco.example.com,2021-04-04
1914,Classic General Store Vadodara,Vadodara,Retail,accounts@classicgeneralstorevadod.example.com,25/12/2024
1915,Jai Hind Supermarket Delhi,N/A,Retail,accounts@jaihindsupermarketdelhi.example.com,05/05/2024
1916,National Supermarket Indore,Indore,Retail ,accounts@nationalsupermarketindor.example.com,2023-08-21
1917,Lotus Resorts Hyderabad,Hyderabad,hospitality,accounts@lotusresortshyderabad.example.com,2024-11-15
1918,Urban Provisions Ahmedabad,Ahmedabad,Retail,accounts@urbanprovisionsahmedabad.example.com,2023-03-12
1919,Coconut Grove Agencies,Delhi,Wholesale,accounts@coconutgroveagencies.example.com,2022-02-21
1920,Lotus Home Needs Mangaluru,Mangaluru,Retail,accounts@lotushomeneedsmangaluru.example.com,2023-01-06
1921,New Provisions Pune,Pune,Retail,accounts@newprovisionspune.example.com,2025-08-30
1922,Krishna Mart Delhi,Delhi,Retail,accounts@krishnamartdelhi.example.com,2022-06-25
1923,Urban General Store Aurangabad,Aurangabad,RETAIL,accounts@urbangeneralstoreauranga.example.com,2020-05-23
1924,Sai Inn Ahmedabad,Ahmedabad,Hospitality,accounts@saiinnahmedabad.example.com,09/03/2023
1925,Evergreen Traders Dehradun,Dehradun,Retail,accounts@evergreentradersdehradun.example.com,2023-06-04
1926,Coastal Emporium,Madras,Retail,accounts@coastalemporium.example.com,2024-04-09
1927,City Exports Kanpur,Kanpur,Wholesale,accounts@cityexportskanpur.example.com,2021-08-31
1928,Om Provisions Bengaluru,Bengaluru,Retail,accounts@omprovisionsbengaluru.example.com,20/03/2022
1929,Pearl Suppliers,Kanpur,Wholesale,accounts@pearlsuppliers.example.com,2022-08-26
1930,River Side Banquets Nashik,Nashik,Hotel/Restaurant,accounts@riversidebanquetsnashik.example.com,2024-02-11
1931,Balaji General Store Madurai,Madurai,Retail,accounts@balajigeneralstoremadura.example.com,2024-11-01
1932,Coconut Grove Exports,Nashik,Wholesale,accounts@coconutgroveexports.example.com,2021-12-22
1933,Om Home Needs Bengaluru,Bengaluru,Retail,accounts@omhomeneedsbengaluru.example.com,2020-10-03
1934,New Traders Coimbatore,-,Retail,accounts@newtraderscoimbatore.example.com,2020-08-13
1935,Heritage Distributors,Ahmedabad,Wholesale,,2022-06-04
1936,New Mart Mumbai,Mumbai,Retail,accounts@newmartmumbai.example.com,2022-12-09
1937,Lotus Stores Chennai,Chennai,Retail,accounts@lotusstoreschennai.example.com,2023-01-18
1938,Spice Garden Exports Bengaluru,Bengaluru,Wholesale,accounts@spicegardenexportsbengal.example.com,22/02/2020
1939,Evergreen Emporium Mumbai,Mumbai ,Retail,accounts@evergreenemporiummumbai.example.com,2021-09-17
1940,Rainbow Kitchenware Pune,Pune,Retail,accounts@rainbowkitchenwarepune.example.com,2022-07-17
1941,Urban Emporium Thiruvananthapuram,Trivandrum,Retail,accounts@urbanemporiumthiruvanant.example.com,2021-03-12
1942,Lotus Banquets Nagpur,Nagpur,hospitality,accounts@lotusbanquetsnagpur.example.com,2025-08-28
1943,Om Supermarket Delhi,Delhi,RETAIL,accounts@omsupermarketdelhi.example.com,2022-09-27
1944,River Side Supermarket Mangaluru,Mangaluru,Retail,accounts@riversidesupermarketmang.example.com,2023-06-04
1945,Coastal Provisions Mumbai,Mumbai,Retail,accounts@coastalprovisionsmumbai.example.com,2020-11-04
1946,Harbour Caterers Mumbai,Mumbai,Hospitality,accounts@harbourcaterersmumbai.example.com,2022-07-24
1947,Rainbow Caterers Dehradun,Dehradun,Hospitality,accounts@rainbowcaterersdehradun.example.com,2024-05-28
1948,Metro Mart Ludhiana,Ludhiana,RETAIL,accounts@metromartludhiana.example.com,2025-09-23
1949,Shree Supermarket Ludhiana,Ludhiana,Retail,accounts@shreesupermarketludhiana.example.com,2023-12-14
1950,Balaji Inn Delhi,Delhi,Hospitality,accounts@balajiinndelhi.example.com,2023-09-10
1951,Orchid Emporium,Udaipur,Retail,accounts@orchidemporium.example.com,2022-06-26
1952,Krishna Traders Guwahati,Guwahati,RETAIL,accounts@krishnatradersguwahati.example.com,2023-10-29
1953,Sunrise Provisions Mumbai,mumbai,Retail,accounts@sunriseprovisionsmumbai.example.com,2023-01-14
1954,Silver Supermarket Kolkata,Kolkata,Retail,accounts@silversupermarketkolkata.example.com,2020-03-07
1955,City Resorts,Patna,Hospitality,accounts@cityresorts.example.com,2024-11-06
1956,Classic National Mart,Hyderabad,retail,accounts@classicnationalmart.example.com,2020-01-26
1957,Laxmi Resorts Delhi,Delhi,Hospitality,accounts@laxmiresortsdelhi.example.com,2023-08-11
1958,Om Provisions Surat,Surat,Retail,accounts.omprovisionssurat.example.com,2020-03-18
1959,Lake View General Store Chandigarh,Chandigarh,Retail,accounts@lakeviewgeneralstorechan.example.com,2021-01-29
1960,Ganesh Packaging Madurai,Madurai,Distributor,accounts.ganeshpackagingmadurai.example.com,2024-08-23
1961,National Kitchenware Rajkot,Rajkot,Retail,accounts@nationalkitchenwarerajko.example.com,2020-10-26
1962,Supreme Trading Co,Mangaluru,Wholesale,,2024-06-24
1963,Galaxy Restaurant Nagpur,Nagpur,Hospitality,accounts@galaxyrestaurantnagpur.example.com,2021-01-10
1964,United Stores,Goa,Retail,accounts@unitedstores.example.com,2023-07-14
1965,Vijay Traders Ranchi,Ranchi,Retail,accounts@vijaytradersranchi.example.com,2021-01-14
1966,Krishna Kitchens Indore,Indore,Hospitality,accounts@krishnakitchensindore.example.com,2021-02-09
1967,Vijay Provisions Bengaluru,Bengaluru,Retail,accounts@vijayprovisionsbengaluru.example.com,2025-10-16
1968,Lotus Hotels Coimbatore,Coimbatore,Hospitality,accounts@lotushotelscoimbatore.example.com,2022-12-02
1969,Heritage Inn,Ahmedabad,Hospitality,accounts@heritageinn.example.com,2022-01-23
1970,Sunrise Tiffin Services Bengaluru,Bengaluru,Hospitality,accounts@sunrisetiffinservicesben.example.com,16/09/2020
1971,Prime Stores Thiruvananthapuram,Thiruvananthapuram,Retail,accounts@primestoresthiruvanantha.example.com,2023-03-27
1972,Mahalaxmi Kitchens Jaipur,Jaipur,Hospitality,accounts@mahalaxmikitchensjaipur.example.com,2021-02-19
1973,Rainbow Hotels Kanpur,Kanpur,Hospitality,accounts@rainbowhotelskanpur.example.com,2024-01-09
1974,River Side Emporium Bengaluru,Bengaluru,Retail,accounts@riversideemporiumbengalu.example.com,2022-06-10
1975,Urban Home Needs Thane,Thane,Retail,accounts@urbanhomeneedsthane.example.com,2021-08-07
1976,Royal Stores Bengaluru,Bengaluru,Retail,accounts@royalstoresbengaluru.example.com,2022-04-15
1977,Star Bazaar Lucknow,Lucknow,Retail,accounts@starbazaarlucknow.example.com,2021-09-26
1978,Lotus Stores Noida,Noida,Retail,accounts@lotusstoresnoida.example.com,2020-01-19
1979,River Side Caterers Delhi,Delhi,Hospitality,accounts@riversidecaterersdelhi.example.com,2025-01-21
1980,Blue Provisions Indore,Indore,Retail ,accounts@blueprovisionsindore.example.com,2021-03-15
1981,Saffron Banquets Kolkata,Kolkata,Hospitality,accounts@saffronbanquetskolkata.example.com,2022-02-09
1982,Nandi Logistics Mumbai,Mumbai,Wholesale,accounts@nandilogisticsmumbai.example.com,2023-04-30
1983,Rainbow General Store Thiruvananthapuram,Thiruvananthapuram,Retail,accounts@rainbowgeneralstorethiru.example.com,2025-06-02
1984,Orchid Caterers,Kochi,Hospitality,accounts@orchidcaterers.example.com,2023-03-18
1985,Harbour Traders Kolkata,NULL,Retail,accounts@harbourtraderskolkata.example.com,2023-11-28
1986,Mahalaxmi Foods Mumbai,Mumbai,Hotel/Restaurant,accounts@mahalaxmifoodsmumbai.example.com,2021-05-17
1987,Orchid Kitchenware Thiruvananthapuram,Thiruvananthapuram,Retail,accounts@orchidkitchenwarethiruva.example.com,2024-01-05
1988,Krishna Kitchenware Delhi,Delhi,Retail,accounts@krishnakitchenwaredelhi.example.com,2025-03-20
1989,Coastal Traders Goa,Goa,Retail,accounts@coastaltradersgoa.example.com,2024-08-30
1990,Jai Hind Emporium Bengaluru,Bengaluru,Retail,accounts@jaihindemporiumbengaluru.example.com,2023-12-01
1991,Hill View Home Needs Kolkata,Kolkata,Retail,accounts@hillviewhomeneedskolkata.example.com,21/11/2023
1992,Krishna Stores Surat,Surat,Retail,accounts@krishnastoressurat.example.com,2024-05-06
1993,Silver Stores,Hyderabad,Retail,accounts@silverstores.example.com,2023-05-09
1994,Bharat General Store Surat,Surat,Retail,accounts@bharatgeneralstoresurat.example.com,2021-12-29
1995,New Provisions Mumbai,Mumbai,Retail,accounts@newprovisionsmumbai.example.com,2025-01-30
1996,Jai Hind Kitchenware Pune,Pune,Retail,accounts@jaihindkitchenwarepune.example.com,12/04/2024
1997,Galaxy Ganesh General Store,Hyderabad,Retail,accounts@galaxyganeshgeneralstore.example.com,2024-07-13
1998,Laxmi Bazaar Pune,Pune,retail,accounts@laxmibazaarpune.example.com,2024-03-07
1999,Crystal Hotels Hyderabad,Hyderabad,Hospitality,accounts@crystalhotelshyderabad.example.com,2021-08-31
2000,Om Provisions Delhi,Delhi,Retail,accounts@omprovisionsdelhi.example.com,2022-12-25
2001,Heritage Supermarket Bengaluru,Bengaluru,Retail,accounts@heritagesupermarketbenga.example.com,2021-08-18
2002,Evergreen Inn,Mumbai,Hospitality,accounts@evergreeninn.example.com,2025-07-20
2003,Heritage Home Needs Mangaluru,Mangaluru,Retail,accounts@heritagehomeneedsmangalu.example.com,2022-07-02
2004,City Restaurant,Mumbai,Hospitality,accounts@cityrestaurant.example.com,2023-12-13
2005,Hill View Hotels Aurangabad,Aurangabad,Hospitality,accounts@hillviewhotelsaurangabad.example.com,2020-12-23
2006,Rainbow Foods,Mumbai,Hospitality,accounts@rainbowfoods.example.com,2021-02-11
2007,Silver Home Needs Pune,Pune,Retail,accounts@silverhomeneedspune.example.com,2025-05-31
2008,Shree Packaging,Goa,Wholesale,accounts@shreepackaging.example.com,2021-04-28
2009,Bharat Restaurant,Bengaluru,Hospitality,accounts@bharatrestaurant.example.com,2021-07-31
2010,Coconut Grove Emporium Raipur,Raipur,Retail,accounts@coconutgroveemporiumraip.example.com,2025-07-28
2011,Spice Garden Foods Guwahati,Guwahati,Hospitality,accounts@spicegardenfoodsguwahati.example.com,2022-08-27
2012,Om Kitchens Kolkata,Kolkata,HoReCa,accounts@omkitchenskolkata.example.com,2023-01-07
2013,Mahalaxmi Foods Pune,Pune,Hospitality,accounts@mahalaxmifoodspune.example.com,2023-04-15
2014,Jai Hind Emporium Visakhapatnam,Visakhapatnam,Retail,accounts@jaihindemporiumvisakhapa.example.com,2021-10-24
2015,River Side Bazaar,Gurugram,Retail,accounts@riversidebazaar.example.com,2021-12-31
2016,Golden Banquets Gurugram,Gurgaon,Hospitality,accounts@goldenbanquetsgurugram.example.com,2024-10-18
2017,Classic Kitchens,Indore,Hospitality,accounts@classickitchens.example.com,2023-07-30
2018,Shree Enterprises,Delhi,Wholesale,accounts@shreeenterprises.example.com,2023-06-27
2019,Blue Emporium Mumbai,Mumbai,Retail,accounts@blueemporiummumbai.example.com,2022-07-30
2020,Blue General Store,Delhi,Retail,accounts@bluegeneralstore.example.com,2024-09-07
2021,Modern Traders Coimbatore,Coimbatore,Retail,accounts@moderntraderscoimbatore.example.com,2020-12-26
2022,Harbour Stores Mumbai,Mumbai,Retail,accounts@harbourstoresmumbai.example.com,08/04/2024
2023,Classic Stores Ahmedabad,Ahmedabad,Retail,accounts@classicstoresahmedabad.example.com,2025-07-13
2024,Silk Route Restaurant,Kolkata,Hospitality,accounts@silkrouterestaurant.example.com,2022-03-08
2025,Palm Blue Emporium,Mumbai,Retail,accounts@palmblueemporium.example.com,18/12/2022
2026,Silk Route General Store,Mumbai,Retail,accounts@silkroutegeneralstore.example.com,2024-07-22
2027,Palm Emporium,Delhi,Retail,accounts@palmemporium.example.com,2024-03-09
2028,City Exports Pune,Pune,Wholesale,accounts@cityexportspune.example.com,2021-09-30
2029,Lake View Mart Agra,Agra,Retail,accounts@lakeviewmartagra.example.com,2023-11-13
2030,Lake View Home Needs Delhi,Delhi,Retail,accounts@lakeviewhomeneedsdelhi.example.com,2024-09-12
2031,Modern Cafe Pune,Pune,Hospitality,accounts@moderncafepune.example.com,2022-03-05
2032,Metro Wholesale,Delhi,Wholesale,accounts@metrowholesale.example.com,2025-12-01
2033,Hill View Provisions Udaipur,Udaipur,Retail,accounts@hillviewprovisionsudaipu.example.com,31/08/2023
2034,Silk Route Home Needs Chennai,Chennai,Retail,accounts@silkroutehomeneedschenna.example.com,2022-01-16
2035,Palm Provisions Thane,Thane,Retail,accounts@palmprovisionsthane.example.com,2021-05-21
2036,Shree Bazaar,Bengaluru,Retail,accounts@shreebazaar.example.com,2024-05-19
2037,Blue Supermarket Mumbai,Mumbai,Retail,accounts@bluesupermarketmumbai.example.com,2021-09-23
2038,Shree General Store Pune,Pune,Retail,accounts@shreegeneralstorepune.example.com,2024-09-05
2039,Spice Garden Emporium Hyderabad,Hyderabad,Retail,accounts@spicegardenemporiumhyder.example.com,2025-08-24
2040,Silk Route Caterers,Udaipur,Hospitality,accounts@silkroutecaterers.example.com,2022-02-23
2041,Star Kitchenware Lucknow,Lucknow,Retail,accounts@starkitchenwarelucknow.example.com,2022-02-09
2042,Pearl Mart Pune,Pune,Retail,accounts@pearlmartpune.example.com,2024-11-25
2043,Vijay Home Needs Ludhiana,Ludhiana,Retail,accounts@vijayhomeneedsludhiana.example.com,2022-12-19
2044,Modern Supermarket Jaipur,Jaipur,Retail,accounts@modernsupermarketjaipur.example.com,2025-02-19
2045,Harbour Caterers Madurai,Madurai,Hospitality,accounts@harbourcaterersmadurai.example.com,2024-04-26
2046,Coconut Grove Stores Nagpur,Nagpur,Retail,accounts@coconutgrovestoresnagpur.example.com,2025-10-21
2047,Metro Bazaar Hyderabad,Hyderabad,Retail,accounts@metrobazaarhyderabad.example.com,2023-09-14
2048,Lotus Supermarket Dehradun,Dehradun,Retail,accounts@lotussupermarketdehradun.example.com,2023-07-09
2049,River Side Restaurant,Udaipur,Hospitality,accounts@riversiderestaurant.example.com,02/06/2022
2050,River Side Packaging,Delhi,Wholesale,accounts@riversidepackaging.example.com,2020-08-15
2051,Prime Lake View Supermarket,Ranchi,Retail,accounts@primelakeviewsupermarket.example.com,2022-02-20
2052,United Rainbow Home Needs,Mumbai,RETAIL,accounts@unitedrainbowhomeneeds.example.com,2021-04-28
2053,Supreme Kitchens,Bengaluru,Hospitality,accounts@supremekitchens.example.com,2022-08-27
2054,River Side Kitchenware Chandigarh,Chandigarh,Retail,accounts@riversidekitchenwarechan.example.com,2022-12-18
2055,Maple Emporium Coimbatore,Coimbatore,Retail,accounts@mapleemporiumcoimbatore.example.com,2023-08-21
2056,Ganesh Traders Kolkata,Calcutta,Retail,accounts@ganeshtraderskolkata.example.com,2024-03-03
2057,Nandi Restaurant Guwahati,Guwahati,Hospitality,accounts@nandirestaurantguwahati.example.com,2024-04-26
2058,Hill View Kitchens Goa,Goa,Hospitality,accounts@hillviewkitchensgoa.example.com,2022-12-05
2059,Palm Supermarket,Delhi,Retail,accounts@palmsupermarket.example.com,2022-09-06
2060,Laxmi Bazaar Chandigarh,Chandigarh,Retail,accounts@laxmibazaarchandigarh.example.com,2021-09-06
2061,Star Kitchenware Mumbai,Mumbai,Retail,accounts@starkitchenwaremumbai.example.com,2022-05-27
2062,Rainbow Suppliers,Mumbai ,Wholesale,accounts@rainbowsuppliers.example.com,2020-04-28
2063,Supreme General Store Mysuru,NULL,Retail,accounts@supremegeneralstoremysur.example.com,2024-10-04
2064,Balaji Depot,Ludhiana,Wholesale,accounts@balajidepot.example.com,2025-07-21
2065,Bharat Tiffin Services Mumbai,Mumbai,Hospitality,accounts@bharattiffinservicesmumb.example.com,2023-11-03
2066,Rainbow Kitchens Ahmedabad,Ahmedabad,Hospitality,accounts@rainbowkitchensahmedabad.example.com,2022-11-07
2067,Evergreen Restaurant,,hospitality,accounts@evergreenrestaurant.example.com,2024-12-15
2068,Prime Cafe Mumbai,Mumbai,Hospitality,accounts@primecafemumbai.example.com,2022-01-28
2069,Modern Restaurant Bhubaneswar,Bhubaneswar,Hospitality,accounts@modernrestaurantbhubanes.example.com,18/02/2023
2070,Sai Resorts Chandigarh,Chandigarh,Hospitality,accounts@sairesortschandigarh.example.com,2025-09-26
2071,Silver Provisions,Patna,Retail,accounts@silverprovisions.example.com,2025-09-02
2072,Golden Traders Ludhiana,Ludhiana,Retail,accounts@goldentradersludhiana.example.com,2022-08-15
2073,Silver Foods Goa,Goa,Hospitality,accounts@silverfoodsgoa.example.com,2024-08-21
2074,Sunrise Mart Lucknow,Lucknow,Retail,accounts@sunrisemartlucknow.example.com,2022-06-27
2075,Lotus Restaurant Udaipur,Udaipur,Hospitality,accounts@lotusrestaurantudaipur.example.com,2023-01-18
2076,Silk Route Kitchenware Lucknow,Lucknow,Retail,accounts@silkroutekitchenwareluck.example.com,2024-07-16
2077,River Side General Store Bengaluru,Bengaluru,Retail,accounts@riversidegeneralstoreben.example.com,2024-02-04
2078,Star Banquets,Chennai,Hospitality,accounts@starbanquets.example.com,2025-05-25
2079,Classic Inn Patna,Patna,Hospitality,accounts@classicinnpatna.example.com,2022-10-29
2080,Rainbow Foods Ahmedabad,Ahmedabad,Hospitality,accounts@rainbowfoodsahmedabad.example.com,2024-03-04
2081,Evergreen Home Needs Surat,Surat,Retail,accounts@evergreenhomeneedssurat.example.com,2025-10-24
2082,Prime Depot Delhi,Delhi,Wholesale,accounts@primedepotdelhi.example.com,2021-09-12
2083,Green General Store,Gurugram,Retail,accounts@greengeneralstore.example.com,2021-02-27
2084,Lotus Hotels Ahmedabad,Ahmedabad,Hospitality,accounts@lotushotelsahmedabad.example.com,2024-03-15
2085,Lake View Packaging,NULL,Wholesale,accounts@lakeviewpackaging.example.com,2020-09-20
2086,Tulsi Wholesale,Udaipur,Wholesale,accounts@tulsiwholesale.example.com,25/12/2024
2087,Ganesh Resorts Aurangabad,Aurangabad,Hospitality,accounts@ganeshresortsaurangabad.example.com,2023-01-26
2088,Balaji Supermarket Kochi,Kochi,Retail,accounts@balajisupermarketkochi.example.com,2022-08-22
2089,Hill View Cafe,Mumbai,Hospitality,accounts@hillviewcafe.example.com,2024-03-08
2090,Shree Wholesale Nashik,Nashik,Wholesale,accounts@shreewholesalenashik.example.com,2023-08-06
2091,Laxmi Inn Raipur,Raipur,Hospitality,accounts@laxmiinnraipur.example.com,2020-02-06
2092,Coastal Packaging Bengaluru,Bengaluru,Wholesale,accounts@coastalpackagingbengalur.example.com,2023-03-08
2093,Om Traders Pune,pune,Retail,accounts@omtraderspune.example.com,2023-08-22
2094,Pearl Supermarket Visakhapatnam,Visakhapatnam,Retail,accounts@pearlsupermarketvisakhap.example.com,2025-11-10
2095,Heritage Restaurant Nashik,Nashik,Hospitality,accounts@heritagerestaurantnashik.example.com,2021-01-06
2096,Prime Kitchenware Mysuru,Mysore,Retail,accounts@primekitchenwaremysuru.example.com,2025-03-03
2097,Crystal Supermarket Mumbai,Mumbai,Retail,accounts@crystalsupermarketmumbai.example.com,2022-09-23
2098,Om Cafe,Nashik,Hospitality,accounts@omcafe.example.com,2023-01-08
2099,Saffron Caterers Patna,Patna,Hospitality,accounts@saffroncatererspatna.example.com,2024-09-29
2100,Urban Bazaar Mangaluru,Mangaluru,Retail,accounts@urbanbazaarmangaluru.example.com,2024-10-14
2101,Heritage Mart Jaipur,Jaipur,Retail,accounts@heritagemartjaipur.example.com,2025-04-13
2102,Silk Route Supermarket Chennai,Madras,Retail,accounts@silkroutesupermarketchen.example.com,2022-04-10
2103,Classic Supermarket Gurugram,Gurgaon,Retail,accounts@classicsupermarketgurugr.example.com,2023-01-26
2104,Galaxy Banquets Delhi,Delhi,Hospitality,accounts@galaxybanquetsdelhi.example.com,2020-04-28
2105,Sapphire Wholesale,Delhi,Wholesale,accounts@sapphirewholesale.example.com,2023-06-18
2106,Rainbow Restaurant Pune,Pune,Hotel/Restaurant,accounts@rainbowrestaurantpune.example.com,11/11/2024
2107,Sapphire Home Needs Bengaluru,Bengaluru,Retail,accounts@sapphirehomeneedsbengalu.example.com,2021-06-16
2108,Crystal Kitchenware Hyderabad,Hyderabad,Retail,accounts@crystalkitchenwarehydera.example.com,2025-07-14
2109,Bharat Kitchens Gurugram,Gurgaon,Hospitality,accounts@bharatkitchensgurugram.example.com,2020-05-25
2110,Balaji Logistics Chennai,Chennai,Wholesale,accounts@balajilogisticschennai.example.com,2025-05-07
2111,Nandi Supermarket Bengaluru,Bengaluru,Retail,accounts@nandisupermarketbengalur.example.com,2024-11-13
2112,Vijay Supermarket Lucknow,Lucknow,Retail,accounts@vijaysupermarketlucknow.example.com,2025-06-30
2113,Blue Caterers,Chandigarh,Hospitality,accounts@bluecaterers.example.com,2025-10-26
2114,Sai Supermarket,Thiruvananthapuram,Retail,accounts@saisupermarket.example.com,2024-07-30
2115,Krishna Hotels Visakhapatnam,Visakhapatnam,Hospitality,accounts@krishnahotelsvisakhapatn.example.com,2024-09-26
2116,Palm Kitchenware,Agra,Retail,accounts@palmkitchenware.example.com,2023-08-27
2117,Modern Cafe Chennai,Chennai,Hospitality,accounts@moderncafechennai.example.com,2024-01-20
2118,Classic Stores Hyderabad,Hyderabad,Retail,accounts@classicstoreshyderabad.example.com,2024-10-29
2119,Evergreen Foods,Kochi,Hospitality,accounts@evergreenfoods.example.com,2024-03-13
2120,Krishna Hotels Aurangabad,Aurangabad,Hospitality,accounts@krishnahotelsaurangabad.example.com,2022-01-19
2121,Galaxy Logistics Kolkata,Kolkata,Wholesale,accounts@galaxylogisticskolkata.example.com,2024-03-28
2122,Om Bazaar,Lucknow,Retail,accounts@ombazaar.example.com,2022-05-19
2123,New Hotels Udaipur,Udaipur,HoReCa,accounts@newhotelsudaipur.example.com,2020-11-14
2124,River Side Supermarket Kolkata,Kolkata,Retail,accounts@riversidesupermarketkolk.example.com,2022-09-14
2125,Bharat Provisions Noida,Noida,Retail,accounts@bharatprovisionsnoida.example.com,2023-09-11
2126,Sapphire Mart,Pune,Retail,accounts@sapphiremart.example.com,2021-06-07
2127,Green Distributors,chennai,Wholesale,accounts@greendistributors.example.com,2021-04-23
2128,Nandi General Store Raipur,Raipur,Retail ,accounts@nandigeneralstoreraipur.example.com,2025-02-02
2129,Crystal Home Needs Chennai,Chennai,Retail ,accounts@crystalhomeneedschennai.example.com,2020-09-08
2130,River Side Banquets Delhi,Delhi,Hospitality,accounts@riversidebanquetsdelhi.example.com,27/12/2021
2131,Crystal Bazaar Kolkata,Kolkata,Retail,accounts@crystalbazaarkolkata.example.com,15/07/2023
2132,Evergreen Stores Ranchi,Ranchi,Retail,accounts@evergreenstoresranchi.example.com,2025-03-09
2133,Saffron Bazaar Bhubaneswar,Bhubaneswar,Retail,accounts@saffronbazaarbhubaneswar.example.com,2023-07-21
2134,Nandi Mart Delhi,New Delhi,Retail,accounts@nandimartdelhi.example.com,2021-02-01
2135,Om Provisions Kochi,Kochi,Retail,accounts@omprovisionskochi.example.com,27/07/2025
2136,Coconut Grove Resorts Ludhiana,Ludhiana,Hospitality,accounts.coconutgroveresortsludhi.example.com,2024-05-31
2137,City Banquets Udaipur,Udaipur,Hospitality,,2023-04-20
2138,Royal Trading Co Dehradun,Dehradun,Wholesale,accounts@royaltradingcodehradun.example.com,2021-04-27
2139,Palm Kitchens Chennai,Chennai,Hospitality,accounts@palmkitchenschennai.example.com,2025-04-26
2140,Lotus Hotels Mangaluru,Mangaluru,Hospitality,accounts@lotushotelsmangaluru.example.com,2025-03-29
2141,Royal Exports Kolkata,Kolkata,Wholesale,accounts@royalexportskolkata.example.com,2025-02-23
2142,Maple Provisions,Bangalore,Retail,accounts@mapleprovisions.example.com,2025-08-10
2143,Maple Home Needs Pune,Pune,Retail,accounts@maplehomeneedspune.example.com,2021-08-04
2144,Sunrise Provisions Indore,Indore,Retail,accounts@sunriseprovisionsindore.example.com,2021-06-13
2145,Krishna Home Needs,Mumbai,Retail,accounts@krishnahomeneeds.example.com,2025-03-05
2146,Sunrise Restaurant,Mysuru,Hospitality,accounts@sunriserestaurant.example.com,2023-11-04
2147,Krishna Emporium Nagpur,Nagpur,Retail,accounts@krishnaemporiumnagpur.example.com,2025-04-22
2148,Krishna Suppliers,Bengaluru,Wholesale,accounts@krishnasuppliers.example.com,2020-11-20
2149,Modern Bazaar,Pune,Retail,accounts@modernbazaar.example.com,29/06/2025
2150,Crystal Bazaar Delhi,Delhi,Retail,accounts@crystalbazaardelhi.example.com,2021-02-02
2151,Mahalaxmi Provisions Coimbatore,Coimbatore,Retail,accounts@mahalaxmiprovisionscoimb.example.com,2020-05-15
2152,Pearl General Store Ahmedabad,Ahmedabad,Retail,accounts@pearlgeneralstoreahmedab.example.com,2021-09-09
2153,Bharat Stores Agra,Agra,Retail,accounts@bharatstoresagra.example.com,2025-03-18
2154,Ganesh Hotels Agra,Agra,Hospitality,accounts@ganeshhotelsagra.example.com,2023-12-02
2155,Urban Caterers,Vadodara,Hospitality,accounts@urbancaterers.example.com,2021-03-01
2156,Krishna Mart Thiruvananthapuram,Thiruvananthapuram,Retail,accounts@krishnamartthiruvanantha.example.com,2020-08-21
2157,Prime Kitchens,Chandigarh,Hospitality,accounts@primekitchens.example.com,2025-06-01
2158,Galaxy Suppliers,N/A,Wholesale,accounts@galaxysuppliers.example.com,2020-11-08
2159,Maple Stores Mangaluru,Mangaluru,Retail,accounts@maplestoresmangaluru.example.com,2023-06-21
2160,Rainbow Provisions Kolkata,Kolkata,Retail,accounts@rainbowprovisionskolkata.example.com,2020-07-18
2161,Green Inn Chennai,Chennai,Hospitality,accounts@greeninnchennai.example.com,2024-06-09
2162,Saffron Agencies Ranchi,Ranchi,Wholesale,accounts@saffronagenciesranchi.example.com,2024-02-15
2163,Bharat Traders Raipur,Raipur,Retail,accounts@bharattradersraipur.example.com,2023-03-10
2164,Prime Packaging Bengaluru,Bengaluru,Wholesale,accounts@primepackagingbengaluru.example.com,2025-08-27
2165,Mahalaxmi Hotels Bengaluru,Bengaluru,Hospitality,accounts@mahalaxmihotelsbengaluru.example.com,30/07/2024
2166,Evergreen Agencies,Udaipur,Wholesale,accounts@evergreenagencies.example.com,2021-01-30
2167,Pearl Mart Madurai,Madurai,Retail,accounts@pearlmartmadurai.example.com,2022-01-11
2168,Sapphire Stores Pune,Pune,Retail,accounts@sapphirestorespune.example.com,2021-05-26
2169,Mahalaxmi Bazaar Noida,Noida,Retail,accounts@mahalaxmibazaarnoida.example.com,2023-12-19
2170,Jai Hind Traders Aurangabad,Aurangabad,Retail,accounts@jaihindtradersaurangabad.example.com,2025-09-17
2171,Star Bazaar Coimbatore,Coimbatore,Retail,accounts@starbazaarcoimbatore.example.com,2020-10-23
2172,Sai Kitchenware Goa,Goa,Retail,accounts.saikitchenwaregoa.example.com,2025-05-07
2173,Sapphire Agencies Ahmedabad,Ahmedabad,Wholesale,accounts@sapphireagenciesahmedaba.example.com,2022-07-05
2174,Spice Garden Trading Co,Pune,Wholesale,accounts@spicegardentradingco.example.com,2025-04-06
2175,Mahalaxmi Bazaar Bhubaneswar,Bhubaneswar,Retail,accounts@mahalaxmibazaarbhubanesw.example.com,2021-02-25
2176,Crystal Emporium,Chennai,Retail,accounts@crystalemporium.example.com,25/09/2022
2177,Sunrise Supermarket Guwahati,Guwahati,Retail,accounts@sunrisesupermarketguwaha.example.com,2021-11-18
2178,Prime Banquets Kolkata,kolkata,Hospitality,accounts@primebanquetskolkata.example.com,2022-06-08
2179,Classic Packaging Kolkata,Kolkata,Wholesale,accounts@classicpackagingkolkata.example.com,2021-01-21
2180,Coastal Stores Mumbai,Mumbai,Retail,accounts@coastalstoresmumbai.example.com,2022-03-15
2181,Metro Bazaar Raipur,Raipur,Retail,accounts@metrobazaarraipur.example.com,2021-12-04
2182,Golden Emporium Ahmedabad,Ahmedabad,Retail,accounts@goldenemporiumahmedabad.example.com,2023-05-28
2183,Krishna Stores Bhubaneswar,Bhubaneswar,Retail,accounts@krishnastoresbhubaneswar.example.com,2021-09-11
2184,Star Home Needs Mysuru,Mysuru,Retail,accounts@starhomeneedsmysuru.example.com,2024-04-30
2185,Green Caterers Hyderabad,Hyderabad,Hospitality,accounts@greencaterershyderabad.example.com,2023-12-06
2186,River Side Emporium Coimbatore,Coimbatore,Retail,accounts@riversideemporiumcoimbat.example.com,02/12/2024
2187,Coconut Grove Stores Rajkot,Rajkot,Retail,accounts@coconutgrovestoresrajkot.example.com,2023-08-19
2188,Blue Inn Chennai,Madras,Hospitality,accounts@blueinnchennai.example.com,2020-01-20
2189,Krishna Kitchens Delhi,Delhi,Hospitality,accounts@krishnakitchensdelhi.example.com,2025-08-07
2190,Evergreen Supermarket Goa,Goa,retail,accounts@evergreensupermarketgoa.example.com,2022-09-27
2191,Pearl Stores Chennai,Chennai,Retail,accounts@pearlstoreschennai.example.com,2022-05-09
2192,Laxmi Bazaar Delhi,Delhi,Retail,,07/04/2020
2193,Maple Banquets Hyderabad,Hyderabad,Hospitality,accounts@maplebanquetshyderabad.example.com,20/08/2024
2194,Modern Suppliers Visakhapatnam,Visakhapatnam,Wholesale,accounts@modernsuppliersvisakhapa.example.com,2020-10-21
2195,Bharat Inn,Coimbatore,Hospitality,accounts@bharatinn.example.com,2024-11-16
2196,Sunrise Suppliers,Chennai,Wholesale,accounts@sunrisesuppliers.example.com,2024-12-12
2197,Evergreen Resorts,Ranchi,Hospitality,accounts@evergreenresorts.example.com,28/12/2020
2198,River Side Supermarket Lucknow,Lucknow,Retail,accounts@riversidesupermarketluck.example.com,2021-01-11
2199,Tulsi General Store Visakhapatnam,Visakhapatnam,Retail,accounts@tulsigeneralstorevisakha.example.com,2022-06-28
2200,Pearl Kitchens Guwahati,Guwahati,Hospitality,accounts@pearlkitchensguwahati.example.com,2024-06-09
2201,Urban Home Needs Patna,Patna,Retail,accounts@urbanhomeneedspatna.example.com,2025-06-30
2202,National Kitchenware Mumbai,Mumbai,Retail,accounts@nationalkitchenwaremumba.example.com,2025-01-07
2203,Sapphire Traders Kochi,Kochi,Retail ,accounts@sapphiretraderskochi.example.com,2021-04-05
2204,Coconut Grove Depot,Noida,Wholesale,accounts@coconutgrovedepot.example.com,16/12/2023
2205,Crystal Stores Bengaluru,Bengaluru,Retail,accounts@crystalstoresbengaluru.example.com,2022-02-16
2206,Saffron Foods,Thane,Hospitality,accounts@saffronfoods.example.com,08/09/2022
2207,Vijay Kitchenware,Delhi,Retail,accounts@vijaykitchenware.example.com,2021-08-02
2208,Vijay Tiffin Services,Ahmedabad,Hospitality,accounts@vijaytiffinservices.example.com,2023-08-19
2209,Shree Home Needs Mumbai,Mumbai,Retail,accounts@shreehomeneedsmumbai.example.com,2025-08-07
2210,River Side Inn Kolkata,Kolkata,Hospitality,accounts@riversideinnkolkata.example.com,2020-08-05
2211,Tulsi Suppliers Nagpur,Nagpur,Wholesale,accounts@tulsisuppliersnagpur.example.com,2022-07-25
2212,National Mart Mumbai,Mumbai,Retail,accounts@nationalmartmumbai.example.com,08/10/2020
2213,New Restaurant Nagpur,Nagpur,Hospitality,accounts@newrestaurantnagpur.example.com,2021-10-01
2214,Heritage Stores Coimbatore,Coimbatore,RETAIL,accounts@heritagestorescoimbatore.example.com,2021-10-26
2215,Galaxy General Store Ahmedabad,Ahmedabad,Retail,accounts@galaxygeneralstoreahmeda.example.com,2025-11-08
2216,Nandi Provisions Indore,Indore,Retail,accounts@nandiprovisionsindore.example.com,2022-12-04
2217,Maple City Kitchens,Bengaluru ,Hospitality,accounts@maplecitykitchens.example.com,2025-06-16
2218,Sapphire Emporium Mumbai,Mumbai,Retail,accounts@sapphireemporiummumbai.example.com,2020-08-14
2219,Sapphire Emporium Patna,Patna,Retail,accounts@sapphireemporiumpatna.example.com,2022-07-18
2220,Silk Route Kitchenware Bhubaneswar,Bhubaneswar,Retail,accounts@silkroutekitchenwarebhub.example.com,2024-10-06
2221,Coastal Bazaar Visakhapatnam,Vizag,Retail,accounts@coastalbazaarvisakhapatn.example.com,2021-11-15
2222,Spice Garden Stores Guwahati,Guwahati,Retail,accounts@spicegardenstoresguwahat.example.com,2025-09-03
2223,Lake View Depot Kolkata,-,Wholesale,accounts@lakeviewdepotkolkata.example.com,2024-10-02
2224,Rainbow Provisions Raipur,Raipur,Retail,accounts@rainbowprovisionsraipur.example.com,19/05/2024
2225,New Hotels Kolkata,Kolkata,Hospitality,accounts@newhotelskolkata.example.com,2022-12-31
2226,Tulsi Kitchens Delhi,Delhi,Hospitality,accounts@tulsikitchensdelhi.example.com,2022-04-17
2227,Laxmi Tiffin Services Chandigarh,Chandigarh,Hospitality,accounts@laxmitiffinserviceschand.example.com,2020-09-30
2228,Galaxy Cafe,Guwahati,Hospitality,accounts@galaxycafe.example.com,2021-01-17
2229,Sapphire Suppliers Raipur,Raipur,Wholesale,accounts@sapphiresuppliersraipur.example.com,2024-10-26
2230,Jai Hind Traders Hyderabad,Hyderabad,Retail,accounts@jaihindtradershyderabad.example.com,2024-12-09
2231,Hill View Supermarket Chennai,Chennai,Retail,accounts@hillviewsupermarketchenn.example.com,2024-10-07
2232,Balaji Stores Pune,Pune,Retail,accounts@balajistorespune.example.com,2023-12-29
2233,Classic Traders Bengaluru,Bengaluru,Retail,accounts@classictradersbengaluru.example.com,2022-05-09
2234,River Side Emporium Pune,Pune,Retail,,2024-04-13
2235,Urban Foods Dehradun,Dehradun,Hospitality,accounts@urbanfoodsdehradun.example.com,2021-12-24
2236,Maple Provisions Delhi,Delhi,retail,accounts@mapleprovisionsdelhi.example.com,2022-05-07
2237,Harbour Enterprises,Delhi,Wholesale,accounts@harbourenterprises.example.com,2021-07-15
2238,National Restaurant,Guwahati,Hospitality,accounts@nationalrestaurant.example.com,2021-10-24
2239,Golden Traders Guwahati,Guwahati,Retail,accounts@goldentradersguwahati.example.com,2022-07-14
2240,Heritage Provisions Indore,Indore,Retail,accounts@heritageprovisionsindore.example.com,2024-12-12
2241,Balaji Kitchenware Noida,Noida,Retail,accounts.balajikitchenwarenoida.example.com,2023-12-05
2242,Krishna Packaging,Raipur,wholesale,accounts@krishnapackaging.example.com,2022-07-25
2243,Supreme Home Needs Mysuru,Mysuru,Retail,accounts@supremehomeneedsmysuru.example.com,2021-03-21
2244,Maple Bazaar Mumbai,Mumbai,Retail,accounts@maplebazaarmumbai.example.com,2021-05-27
2245,Maple Banquets Gurugram,Gurugram,Hospitality,accounts@maplebanquetsgurugram.example.com,2024-05-19
2246,Metro Kitchens,Pune,Hospitality,accounts@metrokitchens.example.com,2025-01-13
2247,Shree Supermarket Pune,Pune,Retail,accounts@shreesupermarketpune.example.com,2021-12-17
2248,Silver General Store Mumbai,mumbai,RETAIL,accounts@silvergeneralstoremumbai.example.com,2022-09-25
2249,Royal Tiffin Services Ranchi,Ranchi,Hospitality,accounts@royaltiffinservicesranch.example.com,2023-07-07
2250,Maple Bazaar Nagpur,Nagpur,RETAIL,accounts@maplebazaarnagpur.example.com,2020-07-09
2251,Harbour General Store Goa,Goa,retail,accounts@harbourgeneralstoregoa.example.com,2020-09-17
2252,United Traders Delhi,Delhi,Retail,accounts@unitedtradersdelhi.example.com,2021-04-30
2253,Sapphire Home Needs Mysuru,Mysuru,Retail,accounts@sapphirehomeneedsmysuru.example.com,2022-09-03
2254,Vijay Provisions Lucknow,Lucknow,Retail,accounts@vijayprovisionslucknow.example.com,2024-06-10
2255,Sai Stores Bengaluru,Bengaluru,Retail,accounts@saistoresbengaluru.example.com,2024-05-16
2256,Laxmi Home Needs Hyderabad,hyderabad,Retail,accounts@laxmihomeneedshyderabad.example.com,2021-03-18
2257,Coconut Grove Emporium Guwahati,Guwahati,Retail,accounts@coconutgroveemporiumguwa.example.com,2023-03-15
2258,River Side Kitchenware Pune,Pune,Retail,accounts@riversidekitchenwarepune.example.com,2023-02-14
2259,Hill View Supermarket Bengaluru,Bengaluru,Retail,accounts@hillviewsupermarketbenga.example.com,07/12/2022
2260,Sapphire Distributors,Nagpur,WHOLESALE,accounts@sapphiredistributors.example.com,2021-09-13
2261,Saffron Restaurant Kolkata,Kolkata,Hospitality,accounts@saffronrestaurantkolkata.example.com,2022-10-30
2262,Om Traders Kolkata,Kolkata,Retail,accounts@omtraderskolkata.example.com,2023-12-12
2263,Balaji Agencies Pune,Pune,Wholesale,accounts@balajiagenciespune.example.com,2021-05-21
2264,Jai Hind Kitchenware Hyderabad,Hyderabad,Retail,accounts@jaihindkitchenwarehydera.example.com,2024-04-29
2265,Tulsi Home Needs,Bengaluru,Retail,accounts@tulsihomeneeds.example.com,2024-06-04
2266,Saffron Traders Kolkata,Kolkata,Retail,accounts@saffrontraderskolkata.example.com,2021-08-27
2267,Krishna Mart Bengaluru,Bengaluru,Retail,accounts@krishnamartbengaluru.example.com,2023-07-19
2268,Golden Home Needs Hyderabad,Hyderabad,retail,accounts@goldenhomeneedshyderabad.example.com,2023-04-25
2269,Galaxy Palm Supermarket,Bengaluru ,Retail,accounts@galaxypalmsupermarket.example.com,2022-11-16
2270,Jai Hind Bazaar Hyderabad,Hyderabad,Retail,accounts@jaihindbazaarhyderabad.example.com,2025-02-19
2271,Green Caterers Bengaluru,Bangalore,Hospitality,accounts@greencaterersbengaluru.example.com,2024-04-02
2272,National Distributors,Gurgaon,Wholesale,accounts@nationaldistributors.example.com,2020-02-25
2273,Laxmi Banquets,Delhi,hospitality,,2022-07-25
2274,Urban Depot,-,Wholesale,accounts@urbandepot.example.com,30/03/2021
2275,Metro Inn,Pune,Hospitality,accounts@metroinn.example.com,2024-02-29
2276,Golden Foods Kochi,Kochi,hospitality,accounts@goldenfoodskochi.example.com,2021-02-22
2277,Rainbow Banquets Bengaluru,Bengaluru,Hospitality,accounts@rainbowbanquetsbengaluru.example.com,2022-11-17
2278,Balaji Distributors,Delhi,Wholesale,accounts@balajidistributors.example.com,2024-06-17
2279,Evergreen Emporium Lucknow,Lucknow,Retail,accounts@evergreenemporiumlucknow.example.com,2024-06-12
2280,Mahalaxmi Mart Madurai,Madurai,Retail,accounts@mahalaxmimartmadurai.example.com,2025-03-07
2281,Tulsi Stores Madurai,Madurai,Retail,accounts@tulsistoresmadurai.example.com,2020-09-05
2282,Silk Route Cafe Pune,Pune,Hospitality,accounts@silkroutecafepune.example.com,2022-03-26
2283,Coconut Grove Provisions Dehradun,Dehradun,Retail,accounts@coconutgroveprovisionsde.example.com,2020-01-26
2284,New Cafe Coimbatore,Coimbatore,Hospitality,accounts@newcafecoimbatore.example.com,05/03/2025
2285,Classic Bazaar Raipur,Raipur,Retail,accounts@classicbazaarraipur.example.com,08/08/2025
2286,Prime Kitchens Thiruvananthapuram,Thiruvananthapuram,Hospitality,accounts@primekitchensthiruvanant.example.com,2024-03-10
2287,City Kitchens Mumbai,Mumbai,Hospitality,accounts@citykitchensmumbai.example.com,2024-09-01
2288,Metro Mart Hyderabad,Hyderabad,Retail,accounts@metromarthyderabad.example.com,17/04/2021
2289,Metro Kitchenware Mumbai,Mumbai,Retail,accounts@metrokitchenwaremumbai.example.com,2024-11-07
2290,Prime Provisions Indore,Indore,Retail,accounts@primeprovisionsindore.example.com,2025-10-10
2291,Saffron Mart Chennai,Chennai,Retail,accounts@saffronmartchennai.example.com,2021-01-20
2292,Vijay Mart Kochi,Kochi,Retail,accounts@vijaymartkochi.example.com,2023-03-21
2293,Spice Garden Stores Bhubaneswar,Bhubaneswar,Retail,accounts@spicegardenstoresbhubane.example.com,2023-10-30
2294,Tulsi Restaurant Bengaluru,Bengaluru,Hospitality,accounts@tulsirestaurantbengaluru.example.com,2023-12-20
2295,Lake View Traders Pune,Pune,Retail ,accounts@lakeviewtraderspune.example.com,2023-05-27
2296,Coconut Grove Traders Delhi,Delhi,Retail,accounts@coconutgrovetradersdelhi.example.com,2024-08-24
2297,Metro General Store Chennai,Chennai,Retail,accounts@metrogeneralstorechennai.example.com,2025-04-04
2298,Pearl Provisions Kolkata,Kolkata,Retail,accounts@pearlprovisionskolkata.example.com,14/09/2023
2299,Orchid Caterers Gurugram,Gurugram,Hospitality,accounts@orchidcaterersgurugram.example.com,2021-10-24
2300,City Kitchens Chennai,Chennai,HoReCa,accounts@citykitchenschennai.example.com,2023-03-12
2301,Hill View Hotels Bengaluru,Bengaluru,Hospitality,accounts@hillviewhotelsbengaluru.example.com,2022-06-12
2302,Jai Hind Resorts Nashik,Nashik,Hospitality,accounts@jaihindresortsnashik.example.com,2023-09-14
2303,Laxmi Trading Co,Mysuru,wholesale,accounts@laxmitradingco.example.com,2021-05-28
2304,Royal Bazaar Ahmedabad,Ahmedabad,Retail,accounts@royalbazaarahmedabad.example.com,07/03/2021
2305,Modern Provisions Surat,Surat,Retail,accounts@modernprovisionssurat.example.com,25/12/2021
2306,Heritage Shree Bazaar,Mumbai,Retail,accounts@heritageshreebazaar.example.com,2020-10-08
2307,Metro Tiffin Services,Delhi,Hospitality,accounts@metrotiffinservices.example.com,2023-08-07
2308,Silk Route Supermarket Jaipur,-,Retail,accounts@silkroutesupermarketjaip.example.com,2023-07-19
2309,Lake View Banquets,Jaipur,Hospitality,accounts@lakeviewbanquets.example.com,2025-03-11
2310,Coastal General Store,Pune,Retail,accounts@coastalgeneralstore.example.com,2023-09-11
2311,Blue Coastal Caterers,Delhi,HoReCa,,2022-05-14
2312,Mahalaxmi Supermarket Pune,Pune,Retail,accounts@mahalaxmisupermarketpune.example.com,2024-02-10
2313,City Kitchenware Bhubaneswar,Bhubaneswar,Retail,accounts@citykitchenwarebhubanesw.example.com,2023-01-12
2314,Star Wholesale,Pune,Wholesale,accounts@starwholesale.example.com,2024-03-25
2315,City Banquets Mumbai,Mumbai,Hospitality,accounts@citybanquetsmumbai.example.com,2020-06-20
2316,Lake View Foods Ahmedabad,Ahmedabad,Hospitality,accounts@lakeviewfoodsahmedabad.example.com,2025-02-23
2317,Blue Emporium Aurangabad,Aurangabad,Retail,accounts@blueemporiumaurangabad.example.com,2022-09-29
2318,Modern Tiffin Services Bengaluru,Bengaluru,Hospitality,accounts@moderntiffinservicesbeng.example.com,2024-04-09
2319,Om Supermarket Chennai,chennai,Retail,accounts@omsupermarketchennai.example.com,2023-06-21
2320,Bharat Home Needs Mumbai,Mumbai,RETAIL,accounts@bharathomeneedsmumbai.example.com,2021-04-19
2321,Saffron General Store Raipur,Raipur,Retail,accounts@saffrongeneralstoreraipu.example.com,2023-04-10
2322,Nandi Packaging Mumbai,Mumbai,Distributor,accounts@nandipackagingmumbai.example.com,2025-02-01
2323,Spice Garden Kitchens Bengaluru,Bengaluru,Hospitality,accounts@spicegardenkitchensbenga.example.com,2022-12-22
2324,Green Foods Delhi,Delhi,Hospitality,accounts@greenfoodsdelhi.example.com,2024-10-06
2325,Harbour Resorts Kolkata,Kolkata,Hospitality,accounts@harbourresortskolkata.example.com,2020-07-26
2326,Sai Foods Mangaluru,Mangaluru,Hospitality,accounts@saifoodsmangaluru.example.com,2020-10-22
2327,Sai Emporium Mumbai,Mumbai,Retail,accounts@saiemporiummumbai.example.com,2025-07-18
2328,Saffron Banquets Hyderabad,Hyderabad,Hospitality,accounts@saffronbanquetshyderabad.example.com,2022-02-26
2329,Rainbow Home Needs Aurangabad,Aurangabad,Retail,accounts@rainbowhomeneedsaurangab.example.com,2024-02-21
2330,Galaxy Provisions Delhi,Delhi,Retail,accounts@galaxyprovisionsdelhi.example.com,2021-07-01
2331,Mahalaxmi Cafe Bengaluru,Bengaluru,Hospitality,accounts@mahalaxmicafebengaluru.example.com,2024-06-08
2332,Lotus Stores Delhi,delhi,Retail,accounts@lotusstoresdelhi.example.com,2021-09-21
2333,United Home Needs Mangaluru,Mangaluru,Retail,accounts@unitedhomeneedsmangaluru.example.com,2021-09-17
2334,Lotus Exports,Bengaluru,Wholesale,accounts@lotusexports.example.com,2021-10-23
2335,Jai Hind General Store Pune,Pune,Retail,accounts@jaihindgeneralstorepune.example.com,2021-11-13
2336,Supreme Kitchenware Raipur,Raipur,Retail,accounts@supremekitchenwareraipur.example.com,2021-03-23
2337,Rainbow Agencies,Vadodara,Wholesale,accounts@rainbowagencies.example.com,2025-11-10
2338,Galaxy Stores Mumbai,Mumbai,Retail,accounts@galaxystoresmumbai.example.com,09/05/2022
2339,Jai Hind Agencies Hyderabad,Hyderabad,Wholesale,accounts@jaihindagencieshyderabad.example.com,2021-10-17
2340,United Hotels Chennai,Chennai,Hospitality,accounts@unitedhotelschennai.example.com,2020-12-27
2341,Orchid Traders,Ahmedabad,Retail,accounts@orchidtraders.example.com,2025-10-22
2342,Coconut Grove General Store Kanpur,Kanpur,Retail,accounts@coconutgrovegeneralstore.example.com,2023-03-22
2343,Sunrise Supermarket Dehradun,Dehradun,Retail,accounts@sunrisesupermarketdehrad.example.com,2022-09-26
2344,City Restaurant Gurugram,Gurugram,Hospitality,accounts@cityrestaurantgurugram.example.com,21/12/2021
2345,Metro Green Mart,Hyderabad,Retail,accounts@metrogreenmart.example.com,16/02/2023
2346,Silk Route Trading Co Bengaluru,,Wholesale,accounts@silkroutetradingcobengal.example.com,2025-11-21
2347,Ganesh General Store Nashik,Nashik,Retail ,accounts@ganeshgeneralstorenashik.example.com,2025-02-08
2348,Nandi Mart Chandigarh,Chandigarh,Retail,accounts@nandimartchandigarh.example.com,16/06/2023
2349,Balaji Home Needs Jaipur,Jaipur,Retail,accounts@balajihomeneedsjaipur.example.com,2021-05-03
2350,Heritage Provisions Delhi,Delhi,Retail,,2023-05-01
2351,Prime Provisions Noida,Noida,Retail,accounts@primeprovisionsnoida.example.com,2023-06-21
2352,Rainbow Foods Mumbai,Mumbai,Hospitality,accounts@rainbowfoodsmumbai.example.com,2024-08-29
2353,Vijay Traders Thiruvananthapuram,Thiruvananthapuram,Retail,accounts@vijaytradersthiruvananth.example.com,20/03/2025
2354,Galaxy Stores Gurugram,Gurugram,Retail,accounts@galaxystoresgurugram.example.com,2023-07-22
2355,Laxmi Provisions Coimbatore,Coimbatore,Retail,accounts@laxmiprovisionscoimbator.example.com,2022-12-28
2356,Bharat Kitchens Lucknow,Lucknow,Hospitality,accounts@bharatkitchenslucknow.example.com,2025-11-25
2357,Blue Provisions Kanpur,Kanpur,Retail,accounts@blueprovisionskanpur.example.com,2024-11-30
2358,Heritage Caterers,Hyderabad,hospitality,accounts@heritagecaterers.example.com,18/09/2021
2359,Ganesh Kitchens Bengaluru,Bengaluru,hospitality,accounts@ganeshkitchensbengaluru.example.com,2024-03-10
2360,Maple Foods,Ahmedabad,Hospitality,accounts@maplefoods.example.com,18/10/2024
2361,Supreme Mart,Nashik,Retail,accounts@suprememart.example.com,2023-02-06
2362,Crystal General Store Delhi,New Delhi,Retail,accounts.crystalgeneralstoredelhi.example.com,2024-10-07
2363,Lake View Trading Co,Aurangabad,Wholesale,accounts@lakeviewtradingco.example.com,2025-07-05
2364,Sai Tiffin Services Vadodara,Vadodara,Hospitality,,2022-06-27
2365,Ganesh Restaurant Mumbai,Mumbai,Hospitality,accounts@ganeshrestaurantmumbai.example.com,2024-02-13
2366,Royal Logistics Rajkot,Rajkot,Wholesale,accounts@royallogisticsrajkot.example.com,2020-12-26
2367,Tulsi Supermarket Kolkata,Kolkata,Retail,accounts@tulsisupermarketkolkata.example.com,2022-07-20
2368,Coastal Restaurant Ahmedabad,Ahmedabad,Hospitality,accounts@coastalrestaurantahmedab.example.com,2023-08-04
2369,Coastal Traders Pune,Pune,Retail,accounts@coastaltraderspune.example.com,2024-07-07
2370,Palm Depot,Udaipur,Wholesale,accounts@palmdepot.example.com,2025-09-04
2371,Classic Stores Mumbai,Mumbai,Retail,accounts@classicstoresmumbai.example.com,2020-10-20
2372,Balaji Emporium Chennai,Chennai,Retail,accounts@balajiemporiumchennai.example.com,2024-02-18
2373,Urban Packaging,unknown,wholesale,accounts@urbanpackaging.example.com,2024-06-30
2374,Pearl Emporium Jaipur,Jaipur,Retail,accounts@pearlemporiumjaipur.example.com,2024-06-10
2375,Star Stores Mumbai,Mumbai,Retail,accounts@starstoresmumbai.example.com,2023-09-19
2376,Silver Inn,Mangaluru,Hospitality,accounts@silverinn.example.com,2025-05-01
2377,New Trading Co Jaipur,Jaipur,Wholesale,accounts@newtradingcojaipur.example.com,2021-10-20
2378,Lotus Kitchens Kolkata,Kolkata,Hospitality,accounts@lotuskitchenskolkata.example.com,2023-05-28
2379,Modern Cafe Mysuru,Mysuru,Hospitality,accounts@moderncafemysuru.example.com,2025-07-01
2380,Sapphire Tiffin Services,Agra,Hospitality,accounts@sapphiretiffinservices.example.com,2021-02-12
2381,Sapphire Kitchenware Kolkata,Kolkata,RETAIL,accounts@sapphirekitchenwarekolka.example.com,2022-01-01
2382,Golden Kitchens Jaipur,Jaipur,Hospitality,accounts@goldenkitchensjaipur.example.com,2022-04-16
2383,Crystal Distributors,Udaipur,Wholesale,accounts@crystaldistributors.example.com,2025-07-29
2384,Orchid Stores Delhi,Delhi,Retail,accounts@orchidstoresdelhi.example.com,2025-03-09
2385,Harbour Traders Madurai,Madurai,Retail,accounts@harbourtradersmadurai.example.com,2021-04-21
2386,Supreme Mart Mumbai,Mumbai,Retail,accounts@suprememartmumbai.example.com,2022-12-07
2387,Lotus Enterprises,Visakhapatnam,Wholesale,accounts@lotusenterprises.example.com,2023-02-21
2388,Metro Banquets Agra,NULL,Hospitality,accounts@metrobanquetsagra.example.com,2024-11-21
2389,National Home Needs,Bengaluru,Retail,accounts@nationalhomeneeds.example.com,2024-02-18
2390,Saffron Home Needs Ranchi,Ranchi,Retail,accounts@saffronhomeneedsranchi.example.com,2025-03-16
2391,Coastal Resorts Mumbai,Mumbai ,Hospitality,accounts@coastalresortsmumbai.example.com,2023-07-05
2392,Sai Hotels Thiruvananthapuram,Thiruvananthapuram,Hospitality,accounts@saihotelsthiruvananthapu.example.com,2025-10-10
2393,Saffron Provisions Bengaluru,Bengaluru,Retail,accounts@saffronprovisionsbengalu.example.com,2023-10-13
2394,Nandi Kitchenware,Visakhapatnam,Retail,accounts@nandikitchenware.example.com,2022-01-28
2395,Evergreen Emporium Coimbatore,Coimbatore,Retail,,2023-09-15
2396,Jai Hind Restaurant Kolkata,Calcutta,Hospitality,accounts@jaihindrestaurantkolkata.example.com,2021-05-12
2397,Classic Logistics Delhi,Delhi,Wholesale,accounts@classiclogisticsdelhi.example.com,2023-02-27
2398,Tulsi Bazaar Coimbatore,Coimbatore,Retail,accounts@tulsibazaarcoimbatore.example.com,2023-01-04
2399,Saffron Provisions Chandigarh,Chandigarh,Retail ,accounts@saffronprovisionschandig.example.com,2023-04-12
2400,Prime Stores Bengaluru,Bengaluru,Retail,accounts@primestoresbengaluru.example.com,2020-09-05
2401,Hill View Emporium,Kochi,Retail ,accounts@hillviewemporium.example.com,2023-01-03
2402,Nandi Stores Gurugram,Gurugram,Retail,accounts@nandistoresgurugram.example.com,2025-06-01
2403,Sapphire Provisions Gurugram,Gurugram,Retail,accounts@sapphireprovisionsgurugr.example.com,2025-07-04
2404,Sapphire Bazaar Patna,Patna,Retail,accounts@sapphirebazaarpatna.example.com,2023-08-08
2405,Evergreen Suppliers Ahmedabad,Ahmedabad,Wholesale,,2021-10-16
2406,Lake View Wholesale,Agra,Wholesale,accounts@lakeviewwholesale.example.com,2022-02-23
2407,Silver Mart Pune,pune,Retail,accounts@silvermartpune.example.com,2022-07-24
2408,Royal Trading Co Kochi,Kochi,Wholesale,accounts@royaltradingcokochi.example.com,2024-06-25
2409,Harbour Emporium Guwahati,Guwahati,retail,accounts@harbouremporiumguwahati.example.com,2020-01-06
2410,Sapphire Emporium Chandigarh,Chandigarh,Retail,accounts@sapphireemporiumchandiga.example.com,2023-06-23
2411,Hill View Orchid Provisions,Hyderabad,Retail,accounts@hillvieworchidprovisions.example.com,2024-08-14
2412,River Side Kitchens Mumbai,Mumbai,Hospitality,accounts@riversidekitchensmumbai.example.com,2021-04-20
2413,New Kitchenware Agra,Agra,Retail,accounts@newkitchenwareagra.example.com,2023-09-01
2414,Bharat Caterers Kolkata,Kolkata,Hospitality,accounts@bharatcatererskolkata.example.com,2022-01-20
2415,Heritage Bazaar Ahmedabad,Ahmedabad,Retail,accounts@heritagebazaarahmedabad.example.com,20/11/2024
2416,Tulsi Emporium Delhi,Delhi,Retail,accounts@tulsiemporiumdelhi.example.com,2023-11-29
2417,Heritage Depot,,Wholesale,accounts.heritagedepot.example.com,2023-03-20
2418,Royal Caterers Hyderabad,Hyderabad,Hospitality,accounts@royalcaterershyderabad.example.com,2021-03-24
2419,Urban Supermarket Mumbai,Bombay,Retail,accounts@urbansupermarketmumbai.example.com,2022-05-26
2420,Laxmi Urban Provisions,Bengaluru ,Retail,accounts@laxmiurbanprovisions.example.com,2025-07-18
2421,Krishna Banquets,Mysore,Hospitality,accounts@krishnabanquets.example.com,2022-04-14
2422,Hill View Trading Co,Nashik,Wholesale,accounts@hillviewtradingco.example.com,2022-08-12
2423,Maple Mart Lucknow,Lucknow,Retail,accounts@maplemartlucknow.example.com,2021-01-27
2424,Silk Route Tiffin Services,-,Hospitality,accounts@silkroutetiffinservices.example.com,2023-03-11
2425,Lake View Trading Co Mumbai,Mumbai,Wholesale,accounts@lakeviewtradingcomumbai.example.com,2025-09-30
2426,Royal Supermarket Chennai,Chennai,Retail,accounts@royalsupermarketchennai.example.com,2025-06-05
2427,Saffron Mart Bengaluru,NULL,Retail,accounts@saffronmartbengaluru.example.com,2024-04-30
2428,Blue Kitchens,Noida,Hospitality,accounts@bluekitchens.example.com,2020-06-02
2429,Sunrise Resorts Vadodara,Vadodara,Hotel/Restaurant,accounts@sunriseresortsvadodara.example.com,2024-12-31
2430,Rainbow Traders Bhubaneswar,Bhubaneswar,Retail,accounts@rainbowtradersbhubaneswa.example.com,2021-07-25
2431,Laxmi Traders Thane,Thane,Retail,accounts@laxmitradersthane.example.com,2020-06-29
2432,Sai Caterers,Guwahati,Hospitality,accounts@saicaterers.example.com,2020-04-14
2433,Spice Garden Suppliers Bengaluru,Bengaluru,Wholesale,accounts@spicegardensuppliersbeng.example.com,2020-01-27
2434,Supreme Mart Kolkata,Kolkata,Retail,accounts@suprememartkolkata.example.com,2021-08-04
2435,Krishna Mart Rajkot,Rajkot,Retail,accounts@krishnamartrajkot.example.com,2020-07-26
2436,Prime Sunrise Stores,MUMBAI,Retail,accounts@primesunrisestores.example.com,2022-07-29
2437,Sunrise Bazaar,pune,Retail,accounts@sunrisebazaar.example.com,2024-09-21
2438,New Evergreen Provisions,Delhi,Retail,accounts@newevergreenprovisions.example.com,2020-06-08
2439,Pearl Exports Ahmedabad,Ahmedabad,Wholesale,accounts@pearlexportsahmedabad.example.com,2022-04-13
2440,Harbour Inn,Bengaluru,Hospitality,accounts@harbourinn.example.com,2023-10-29
2441,Prime Kitchens Kanpur,Kanpur,Hospitality,accounts@primekitchenskanpur.example.com,06/06/2022
2442,Coastal Supermarket Pune,Pune,Retail,accounts@coastalsupermarketpune.example.com,2022-11-28
2443,Bharat Bazaar Hyderabad,Hyderabad,Retail,accounts@bharatbazaarhyderabad.example.com,2025-10-09
2444,Bharat Supermarket Dehradun,N/A,Retail,accounts@bharatsupermarketdehradu.example.com,2023-10-21
2445,Om Enterprises,Delhi,Wholesale,accounts@omenterprises.example.com,2025-08-05
2446,Classic Suppliers,Agra,WHOLESALE,accounts@classicsuppliers.example.com,2024-06-01
2447,Palm Bazaar Chennai,Chennai,Retail,accounts@palmbazaarchennai.example.com,29/05/2022
2448,Orchid Cafe Kochi,Kochi,Hospitality,accounts@orchidcafekochi.example.com,2021-01-12
2449,Rainbow Inn Udaipur,Udaipur,Hospitality,accounts@rainbowinnudaipur.example.com,2025-02-04
2450,Silk Route Bazaar,Jaipur,Retail,accounts@silkroutebazaar.example.com,2021-01-28
2451,Vijay Stores Thiruvananthapuram,Thiruvananthapuram,retail,accounts@vijaystoresthiruvanantha.example.com,2025-03-10
2452,Sai Wholesale,Indore,Wholesale,accounts@saiwholesale.example.com,2024-10-09
2453,Vijay Caterers Mumbai,Mumbai,Hospitality,,2022-01-10
2454,Lake View Foods Rajkot,Rajkot,Hospitality,accounts@lakeviewfoodsrajkot.example.com,2020-09-16
2455,Harbour Kitchenware,New Delhi,Retail,accounts@harbourkitchenware.example.com,2023-11-10
2456,Pearl Home Needs Kolkata,Kolkata,Retail,accounts@pearlhomeneedskolkata.example.com,24/09/2020
2457,Galaxy Caterers Rajkot,Rajkot,Hospitality,accounts@galaxycaterersrajkot.example.com,28/05/2024
2458,Royal Kitchenware Surat,Surat,Retail,accounts@royalkitchenwaresurat.example.com,2021-06-11
2459,Om Coconut Grove Exports,Delhi,Wholesale,accounts@omcoconutgroveexports.example.com,2025-07-23
2460,Ganesh Banquets Delhi,Delhi,Hospitality,accounts@ganeshbanquetsdelhi.example.com,2020-05-21
2461,Classic Tiffin Services,Ludhiana,Hospitality,accounts@classictiffinservices.example.com,2020-02-26
2462,Lotus General Store Kochi,Kochi,Retail,accounts@lotusgeneralstorekochi.example.com,2023-02-03
2463,United Emporium Madurai,Madurai,Retail,accounts@unitedemporiummadurai.example.com,2023-09-01
2464,Royal Tiffin Services Delhi,delhi,Hospitality,accounts@royaltiffinservicesdelhi.example.com,2023-12-19
2465,Bharat Traders Chennai,Madras,RETAIL,accounts@bharattraderschennai.example.com,2025-05-07
2466,Classic Mart Aurangabad,Aurangabad,retail,accounts@classicmartaurangabad.example.com,2022-09-28
2467,Urban Crystal Emporium,Delhi,Retail,accounts@urbancrystalemporium.example.com,2021-09-21
2468,Spice Garden Tiffin Services Kolkata,Kolkata,Hospitality,accounts@spicegardentiffinservice.example.com,2021-02-13
2469,Golden Mart,Nashik,Retail,accounts@goldenmart.example.com,2020-11-19
2470,Lotus Wholesale,Lucknow,Wholesale,accounts@lotuswholesale.example.com,2020-01-25
2471,Sai Logistics Hyderabad,Hyderabad,Wholesale,accounts@sailogisticshyderabad.example.com,2023-11-16
2472,Evergreen Trading Co,Thane,Distributor,accounts@evergreentradingco.example.com,24/09/2023
2473,Galaxy Spice Garden Provisions,Chennai,Retail,accounts@galaxyspicegardenprovisi.example.com,2024-12-12
2474,Maple Suppliers Mumbai,Mumbai,Wholesale,accounts@maplesuppliersmumbai.example.com,2023-05-15
2475,Green Stores Mangaluru,Mangaluru,Retail,accounts@greenstoresmangaluru.example.com,08/09/2021
2476,Evergreen Supermarket Kochi,Kochi,Retail,accounts@evergreensupermarketkoch.example.com,2023-02-05
2477,Lotus Resorts Vadodara,Vadodara,Hospitality,accounts@lotusresortsvadodara.example.com,2025-08-30
2478,Om Restaurant,Delhi,Hospitality,accounts@omrestaurant.example.com,2021-08-07
2479,Star Banquets Kochi,unknown,Hospitality,accounts@starbanquetskochi.example.com,2025-10-10
2480,City General Store Kanpur,Kanpur,Retail,accounts@citygeneralstorekanpur.example.com,25/02/2024
2481,Shree Home Needs Guwahati,Guwahati,Retail,accounts@shreehomeneedsguwahati.example.com,2024-08-30
2482,Golden General Store Bengaluru,Bengaluru,Retail,accounts@goldengeneralstorebengal.example.com,2025-08-22
2483,Coconut Grove Banquets Chennai,Chennai,Hospitality,accounts@coconutgrovebanquetschen.example.com,2025-06-09
2484,Sunrise Tiffin Services Mumbai,Mumbai,Hospitality,accounts@sunrisetiffinservicesmum.example.com,2025-03-09
2485,Silk Route Caterers Goa,Goa,Hospitality,accounts@silkroutecaterersgoa.example.com,2021-01-28
2486,Tulsi Balaji Provisions,hyderabad,Retail,accounts@tulsibalajiprovisions.example.com,2021-06-07
2487,Mahalaxmi Hotels Hyderabad,Hyderabad,Hospitality,accounts@mahalaxmihotelshyderabad.example.com,2020-11-03
2488,Coconut Grove Home Needs,Jaipur,Retail,accounts@coconutgrovehomeneeds.example.com,2020-08-01
2489,Green Caterers Kanpur,Kanpur,Hospitality,,2023-12-19
2490,Jai Hind Emporium Hyderabad,Hyderabad,Retail,accounts@jaihindemporiumhyderabad.example.com,2024-07-08
2491,Pearl General Store Kochi,Kochi,Retail,accounts@pearlgeneralstorekochi.example.com,2023-04-01
2492,Silk Route Trading Co Pune,Pune,Wholesale,accounts@silkroutetradingcopune.example.com,2020-12-14
2493,Orchid Suppliers,Mumbai,Wholesale,accounts@orchidsuppliers.example.com,2021-11-10
2494,Vijay Supermarket Ludhiana,Ludhiana,Retail,accounts@vijaysupermarketludhiana.example.com,2023-09-28
2495,Rainbow Hotels Delhi,Delhi,Hospitality,accounts@rainbowhotelsdelhi.example.com,2020-05-16
2496,Sai Wholesale Pune,Pune,Wholesale,accounts@saiwholesalepune.example.com,2020-02-14
2497,Metro Kitchenware Aurangabad,Aurangabad,Retail ,accounts@metrokitchenwareaurangab.example.com,05/05/2023
2498,New Distributors Ludhiana,Ludhiana,Wholesale,accounts@newdistributorsludhiana.example.com,2025-03-21
2499,Lotus Palm Kitchenware,Pune,Retail,accounts@lotuspalmkitchenware.example.com,02/07/2022
2500,Sunrise Laxmi Kitchenware,bengaluru,Retail,accounts@sunriselaxmikitchenware.example.com,2022-12-18
2501,Silver Enterprises,Chandigarh,Wholesale,accounts@silverenterprises.example.com,2025-08-08
2502,Spice Garden Kitchenware Mangaluru,Mangaluru,Retail,accounts@spicegardenkitchenwarema.example.com,2024-10-20
2503,National Home Needs Chennai,Chennai,Retail,accounts@nationalhomeneedschennai.example.com,2023-08-31
2504,Royal Provisions Nashik,-,Retail,accounts@royalprovisionsnashik.example.com,2021-12-19
2505,Green Tiffin Services,Jaipur,Hospitality,accounts@greentiffinservices.example.com,2021-03-08
2506,Golden Wholesale,Mumbai,Wholesale,,2022-05-18
2507,Mahalaxmi Cafe Hyderabad,Hyderabad,Hospitality,accounts@mahalaxmicafehyderabad.example.com,2022-06-28
2508,Coconut Grove Traders Bengaluru,Bengaluru,Retail,,2025-05-07
2509,Lotus Supermarket Vadodara,Vadodara,Retail,accounts@lotussupermarketvadodara.example.com,15/03/2024
2510,Tulsi Bazaar Chennai,Chennai,Retail,accounts@tulsibazaarchennai.example.com,2023-04-03
2511,Coconut Grove Packaging,Mangaluru,Wholesale,accounts@coconutgrovepackaging.example.com,06/10/2023
2512,Lotus Inn Pune,Pune,Hospitality,accounts@lotusinnpune.example.com,2022-08-08
2513,Classic Provisions Nagpur,Nagpur,Retail,accounts@classicprovisionsnagpur.example.com,2024-02-04
2514,Tulsi Cafe Lucknow,N/A,Hospitality,accounts@tulsicafelucknow.example.com,2022-11-16
2515,Laxmi Emporium Bengaluru,Bengaluru,Retail,accounts@laxmiemporiumbengaluru.example.com,2023-04-20
2516,Blue Mart,Thane,Retail,accounts@bluemart.example.com,2024-10-15
2517,United Hotels Noida,Noida,Hospitality,accounts@unitedhotelsnoida.example.com,2024-09-27
2518,National General Store Rajkot,Rajkot,Retail,accounts@nationalgeneralstorerajk.example.com,2022-02-04
2519,Pearl Trading Co,Bengaluru ,Wholesale,accounts@pearltradingco.example.com,2023-03-28
2520,Classic Distributors,Udaipur,Wholesale,accounts@classicdistributors.example.com,2025-07-20
2521,Prime General Store Rajkot,Rajkot,Retail ,accounts@primegeneralstorerajkot.example.com,2024-12-22
2522,Royal General Store Bhubaneswar,Bhubaneswar,Retail,accounts@royalgeneralstorebhubane.example.com,2023-02-17
2523,Star Hotels Pune,Pune,Hospitality,accounts@starhotelspune.example.com,2020-02-20
2524,Om Home Needs Aurangabad,Aurangabad,Retail,accounts@omhomeneedsaurangabad.example.com,2024-07-16
2525,Lake View General Store Delhi,New Delhi,Retail,accounts@lakeviewgeneralstoredelh.example.com,2022-02-16
2526,Sunrise Home Needs Dehradun,Dehradun,Retail,,2024-11-10
2527,Krishna Provisions Hyderabad,Hyderabad,Retail,accounts@krishnaprovisionshyderab.example.com,25/09/2020
2528,Galaxy Distributors,Mangaluru,wholesale,accounts@galaxydistributors.example.com,2025-04-18
2529,Green Provisions Nagpur,Nagpur,Retail,accounts@greenprovisionsnagpur.example.com,2024-07-23
2530,Classic Supermarket Coimbatore,Coimbatore,Retail,accounts@classicsupermarketcoimba.example.com,2022-11-13
2531,Harbour Caterers Mangaluru,Mangaluru,Hospitality,accounts@harbourcaterersmangaluru.example.com,2025-08-14
2532,Maple Provisions Bengaluru,Bengaluru,Retail,accounts@mapleprovisionsbengaluru.example.com,2023-07-14
2533,Harbour Emporium Kanpur,Kanpur,Retail,accounts@harbouremporiumkanpur.example.com,2024-11-23
2534,City Banquets Ranchi,Ranchi,Hospitality,accounts@citybanquetsranchi.example.com,2023-02-27
2535,Coastal Provisions Thiruvananthapuram,Thiruvananthapuram,Retail ,accounts@coastalprovisionsthiruva.example.com,2024-11-28
2536,Krishna Caterers Visakhapatnam,Vizag,Hospitality,accounts@krishnacaterersvisakhapa.example.com,2022-10-28
2537,Coconut Grove Kitchens Mysuru,Mysuru,Hospitality,accounts@coconutgrovekitchensmysu.example.com,2023-10-06
2538,Supreme Resorts,Mangaluru,Hospitality,accounts@supremeresorts.example.com,2021-03-12
2539,Orchid Provisions Pune,Pune,Retail,accounts@orchidprovisionspune.example.com,2022-07-26
2540,Jai Hind Cafe Delhi,delhi,Hospitality,accounts.jaihindcafedelhi.example.com,2025-07-18
2541,Nandi Banquets,Patna,Hospitality,,2020-01-24
2542,Laxmi Foods Ludhiana,Ludhiana,Hospitality,accounts@laxmifoodsludhiana.example.com,2022-11-03
2543,Laxmi Provisions Agra,Agra,Retail,accounts@laxmiprovisionsagra.example.com,2022-09-18
2544,Metro Hotels Indore,Indore,Hospitality,accounts@metrohotelsindore.example.com,2022-10-09
2545,Classic Foods,Ranchi,Hospitality,accounts@classicfoods.example.com,2020-04-20
2546,National Cafe,Ahmedabad,Hospitality,accounts@nationalcafe.example.com,2024-03-06
2547,City Exports Indore,Indore,Wholesale,accounts@cityexportsindore.example.com,2022-03-24
2548,Galaxy Packaging,Pune,Wholesale,accounts@galaxypackaging.example.com,2020-05-09
2549,Modern General Store Hyderabad,Hyderabad ,Retail,accounts@moderngeneralstorehydera.example.com,2025-10-30
2550,Pearl Emporium Lucknow,Lucknow,Retail,accounts@pearlemporiumlucknow.example.com,2020-06-17
2551,Modern Home Needs Coimbatore,Coimbatore,Retail,accounts@modernhomeneedscoimbator.example.com,2021-11-06
2552,Om Banquets,Guwahati,Hospitality,accounts@ombanquets.example.com,2023-06-24
2553,National Home Needs Chandigarh,Chandigarh,Retail,accounts@nationalhomeneedschandig.example.com,2025-09-01
2554,Vijay Kitchenware Mumbai,Mumbai,Retail,accounts@vijaykitchenwaremumbai.example.com,2020-12-12
2555,Classic General Store Goa,Goa,Retail,accounts@classicgeneralstoregoa.example.com,2024-10-24
2556,National Trading Co Ahmedabad,Ahmedabad,Wholesale,accounts@nationaltradingcoahmedab.example.com,2021-04-02
2557,Tulsi Packaging Kolkata,Kolkata,Wholesale,accounts@tulsipackagingkolkata.example.com,2025-04-07
2558,Classic Banquets Nashik,Nashik,Hospitality,accounts@classicbanquetsnashik.example.com,2021-11-28
2559,Royal Distributors,Chennai,Wholesale,accounts@royaldistributors.example.com,2024-06-30
2560,Sunrise Packaging,Aurangabad,Wholesale,accounts@sunrisepackaging.example.com,2022-11-05
2561,Hill View Supermarket Indore,Indore,Retail,accounts@hillviewsupermarketindor.example.com,2024-11-07
2562,Jai Hind Traders Bengaluru,Bengaluru,Retail,accounts@jaihindtradersbengaluru.example.com,2024-09-22
2563,Saffron Mart Kolkata,Kolkata,Retail,accounts@saffronmartkolkata.example.com,2023-11-27
2564,Ganesh Kitchenware Coimbatore,Coimbatore,Retail ,,2022-05-05
2565,City Restaurant Raipur,Raipur,Hospitality,accounts@cityrestaurantraipur.example.com,2020-12-29
2566,Heritage Packaging,Chandigarh,Wholesale,accounts@heritagepackaging.example.com,2025-11-16
2567,City Stores Rajkot,Rajkot,Retail,accounts@citystoresrajkot.example.com,2024-06-17
2568,Ganesh Inn Lucknow,Lucknow,Hospitality,accounts@ganeshinnlucknow.example.com,2025-08-26
2569,Balaji Trading Co Rajkot,Rajkot,Wholesale,accounts@balajitradingcorajkot.example.com,2025-11-06
2570,Sai Star Mart,Mumbai,Retail,accounts@saistarmart.example.com,17/06/2025
2571,Classic Provisions Mumbai,mumbai,retail,accounts@classicprovisionsmumbai.example.com,2022-10-21
2572,Green Mart Aurangabad,Aurangabad,Retail,accounts@greenmartaurangabad.example.com,2025-09-14
2573,Royal Stores Mumbai,Mumbai,Retail,,2023-02-06
2574,Blue Stores Mumbai,Mumbai,RETAIL,accounts@bluestoresmumbai.example.com,2022-09-27
2575,Orchid Kitchenware Hyderabad,Hyderabad,Retail,accounts@orchidkitchenwarehyderab.example.com,2020-04-14
2576,Saffron Caterers Mangaluru,Mangaluru,Hospitality,accounts@saffroncaterersmangaluru.example.com,2024-12-06
2577,Modern Exports,Chennai,Wholesale,accounts@modernexports.example.com,2020-11-28
2578,Classic Kitchens Chennai,chennai,Hospitality,accounts@classickitchenschennai.example.com,2024-02-24
2579,Galaxy Foods Bengaluru,Bengaluru,Hospitality,accounts@galaxyfoodsbengaluru.example.com,2020-10-22
2580,Mahalaxmi Hotels Udaipur,Udaipur,Hospitality,accounts@mahalaxmihotelsudaipur.example.com,2025-08-12
2581,Supreme General Store Bengaluru,Bengaluru,Retail,accounts@supremegeneralstorebenga.example.com,2023-12-07
2582,Coastal Inn Hyderabad,Hyderabad,Hospitality,accounts@coastalinnhyderabad.example.com,2020-02-26
2583,Ganesh Kitchenware Surat,Surat,Retail,accounts@ganeshkitchenwaresurat.example.com,2023-12-10
2584,Sunrise Bazaar Thiruvananthapuram,Thiruvananthapuram,Retail,accounts@sunrisebazaarthiruvanant.example.com,2020-04-08
2585,Coastal Enterprises,Mumbai,Wholesale,,2024-07-11
2586,Blue Restaurant Hyderabad,Hyderabad,Hospitality,accounts@bluerestauranthyderabad.example.com,2024-05-12
2587,Shree Mart Bengaluru,Bengaluru,Retail,accounts@shreemartbengaluru.example.com,2022-02-01
2588,Krishna Emporium Chennai,Chennai,Retail,accounts@krishnaemporiumchennai.example.com,2023-04-23
2589,Supreme Foods Agra,Agra,Hospitality,accounts@supremefoodsagra.example.com,2020-06-06
2590,Star Supermarket Mumbai,Mumbai,Retail,accounts@starsupermarketmumbai.example.com,2023-12-04
2591,Sunrise Stores Aurangabad,Aurangabad,Retail,accounts@sunrisestoresaurangabad.example.com,2023-10-17
2592,Vijay Kitchenware Nashik,Nashik,Retail,accounts@vijaykitchenwarenashik.example.com,2023-03-15
2593,Heritage Packaging Mumbai,Mumbai,Wholesale,accounts@heritagepackagingmumbai.example.com,2025-06-21
2594,Star Traders Mumbai,Mumbai,Retail,accounts@startradersmumbai.example.com,2020-11-20
2595,Star Banquets Visakhapatnam,Visakhapatnam,Hospitality,accounts@starbanquetsvisakhapatna.example.com,2023-02-04
2596,Mahalaxmi Caterers Bengaluru,Bengaluru,Hospitality,accounts@mahalaxmicaterersbengalu.example.com,2024-08-22
2597,Lotus Banquets Udaipur,Udaipur,Hospitality,accounts@lotusbanquetsudaipur.example.com,2023-12-19
2598,Blue Supermarket Nashik,Nashik,Retail,accounts@bluesupermarketnashik.example.com,2025-11-22
2599,Spice Garden Star Provisions,Mumbai,Retail,accounts@spicegardenstarprovision.example.com,2025-06-28
2600,Green Mart Guwahati,Guwahati,Retail,accounts@greenmartguwahati.example.com,2022-07-30
2601,United Kitchens Hyderabad,hyderabad,Hospitality,accounts@unitedkitchenshyderabad.example.com,2025-11-30
2602,Shree Restaurant Rajkot,Rajkot,Hospitality,accounts@shreerestaurantrajkot.example.com,2024-04-20
2603,Prime Traders Mumbai,MUMBAI,Retail,accounts@primetradersmumbai.example.com,2021-01-16
2604,Sunrise Stores Thane,Thane,Retail,accounts@sunrisestoresthane.example.com,2024-06-14
2605,River Side Trading Co Mumbai,Mumbai,Wholesale,accounts@riversidetradingcomumbai.example.com,2022-11-07
2606,Mahalaxmi Hotels Pune,Poona,Hospitality,accounts@mahalaxmihotelspune.example.com,2021-02-11
2607,Pearl Stores Guwahati,Guwahati,Retail,accounts@pearlstoresguwahati.example.com,2020-06-04
2608,Evergreen Traders Nashik,Nashik,Retail,accounts@evergreentradersnashik.example.com,2024-05-19
2609,Metro Traders Chennai,Chennai,Retail,accounts@metrotraderschennai.example.com,2022-08-12
2610,Pearl Resorts Thane,Thane,Hospitality,accounts@pearlresortsthane.example.com,2022-08-28
2611,Crystal Bazaar Pune,Pune,Retail,accounts@crystalbazaarpune.example.com,2023-09-02
2612,Golden Restaurant,Mumbai,Hospitality,accounts@goldenrestaurant.example.com,2021-11-22
2613,Balaji Supermarket Bengaluru,Bengaluru,Retail,accounts@balajisupermarketbengalu.example.com,2020-10-19
2614,Heritage Tiffin Services Mumbai,Mumbai,Hospitality,accounts@heritagetiffinservicesmu.example.com,2025-06-16
2615,Orchid Caterers Chennai,chennai,Hospitality,accounts@orchidcatererschennai.example.com,2023-03-27
2616,United Emporium Rajkot,Rajkot,Retail,accounts@unitedemporiumrajkot.example.com,2023-04-10
2617,United Supermarket,Madurai,Retail,accounts@unitedsupermarket.example.com,2020-09-08
2618,Golden Supermarket Bengaluru,Bengaluru,Retail,accounts@goldensupermarketbengalu.example.com,21/11/2023
2619,Royal Hotels Goa,Goa,Hospitality,accounts@royalhotelsgoa.example.com,2023-03-28
2620,Lake View Foods Madurai,Madurai,HoReCa,accounts@lakeviewfoodsmadurai.example.com,2021-01-02
2621,Tulsi Emporium Ahmedabad,Ahmedabad,Retail,accounts@tulsiemporiumahmedabad.example.com,2024-06-29
2622,Evergreen Restaurant Ahmedabad,Ahmedabad,hospitality,accounts@evergreenrestaurantahmed.example.com,28/08/2023
2623,Classic Logistics Raipur,Raipur,Wholesale,accounts@classiclogisticsraipur.example.com,2023-10-31
2624,Hill View Provisions Visakhapatnam,,Retail,accounts@hillviewprovisionsvisakh.example.com,2020-12-21
2625,National Supermarket Noida,Noida,Retail,accounts@nationalsupermarketnoida.example.com,2023-02-24
2626,Galaxy Banquets Chennai,Chennai,Hospitality,accounts@galaxybanquetschennai.example.com,26/01/2025
2627,Pearl Silver Resorts,chennai,Hospitality,accounts@pearlsilverresorts.example.com,22/09/2022
2628,Nandi General Store Bhubaneswar,Bhubaneswar,Retail,accounts@nandigeneralstorebhubane.example.com,2024-02-22
2629,City Resorts Mumbai,-,Hospitality,accounts@cityresortsmumbai.example.com,2023-06-10
2630,Krishna Foods Ahmedabad,Ahmedabad,Hospitality,accounts@krishnafoodsahmedabad.example.com,2021-03-04
2631,Balaji Traders Nashik,Nashik,Retail,accounts@balajitradersnashik.example.com,2023-04-25
2632,United Kitchenware Delhi,Delhi,Retail,accounts@unitedkitchenwaredelhi.example.com,2023-02-18
2633,Pearl Home Needs Bhubaneswar,Bhubaneswar,Retail,accounts@pearlhomeneedsbhubaneswa.example.com,2023-12-22
2634,Jai Hind Wholesale,Patna,Wholesale,accounts@jaihindwholesale.example.com,2025-08-25
2635,Classic Supermarket Kanpur,Kanpur,Retail,accounts@classicsupermarketkanpur.example.com,2020-02-06
2636,Classic Tiffin Services Thiruvananthapuram,Thiruvananthapuram,Hospitality,accounts@classictiffinservicesthi.example.com,2024-02-01
2637,Laxmi Stores Patna,Patna,Retail,accounts@laxmistorespatna.example.com,2024-06-29
2638,Royal Kitchens Hyderabad,Hyderabad,Hospitality,accounts@royalkitchenshyderabad.example.com,2022-01-05
2639,Laxmi Suppliers,Lucknow,Wholesale,accounts@laxmisuppliers.example.com,2023-08-31
2640,Sai New Provisions,Kolkata,Retail,accounts@sainewprovisions.example.com,2022-03-01
2641,Shree Provisions Goa,Goa,Retail,accounts@shreeprovisionsgoa.example.com,2020-11-29
2642,Pearl Resorts Ludhiana,Ludhiana,Hospitality,accounts@pearlresortsludhiana.example.com,2021-04-21
2643,New Mart Bengaluru,Bengaluru,retail,accounts@newmartbengaluru.example.com,2020-06-12
2644,Lotus Supermarket Kochi,Kochi,Retail,accounts@lotussupermarketkochi.example.com,2021-05-23
2645,Galaxy Stores Bengaluru,Bengaluru,Retail,accounts.galaxystoresbengaluru.example.com,2025-08-29
2646,United Hotels Delhi,Delhi,Hospitality,accounts@unitedhotelsdelhi.example.com,2022-04-10
2647,River Side Caterers Chandigarh,Chandigarh,Hospitality,accounts@riversidecatererschandig.example.com,2025-07-27
2648,Tulsi General Store Kolkata,Kolkata,Retail,accounts@tulsigeneralstorekolkata.example.com,2023-11-19
2649,Pearl General Store Udaipur,Udaipur,Retail,accounts@pearlgeneralstoreudaipur.example.com,2023-02-26
2650,Rainbow Supermarket,Aurangabad,Retail,accounts@rainbowsupermarket.example.com,2021-10-30
2651,Balaji Exports,Nagpur,Wholesale,,2024-09-27
2652,National Provisions Jaipur,Jaipur,Retail,accounts@nationalprovisionsjaipur.example.com,2020-03-05
2653,Star Suppliers,Mumbai,Wholesale,accounts@starsuppliers.example.com,2024-08-14
2654,New Home Needs Bengaluru,Bengaluru,Retail,accounts@newhomeneedsbengaluru.example.com,2024-06-19
2655,Shree Distributors,Mumbai,Wholesale,accounts@shreedistributors.example.com,2021-06-04
2656,Om Distributors,Chennai,wholesale,accounts@omdistributors.example.com,2022-09-01
2657,Evergreen Inn Dehradun,Dehradun,Hospitality,accounts@evergreeninndehradun.example.com,2020-10-20
2658,Krishna Emporium Agra,Agra,Retail,accounts@krishnaemporiumagra.example.com,2024-03-21
2659,Bharat Caterers Visakhapatnam,Visakhapatnam,Hospitality,accounts@bharatcaterersvisakhapat.example.com,2025-01-19
2660,Lotus Inn Patna,Patna,Hospitality,accounts@lotusinnpatna.example.com,2023-08-13
2661,Prime Supermarket Mumbai,Mumbai,Retail,accounts@primesupermarketmumbai.example.com,2021-05-29
2662,Sai Enterprises Ludhiana,Ludhiana,Wholesale,accounts@saienterprisesludhiana.example.com,2020-05-16
2663,Pearl Mart Delhi,Delhi,Retail,accounts@pearlmartdelhi.example.com,2025-11-08
2664,Silver Kitchens Kolkata,Kolkata,Hospitality,accounts@silverkitchenskolkata.example.com,28/11/2020
2665,Urban Bazaar Surat,Surat,Retail ,accounts@urbanbazaarsurat.example.com,2022-03-03
2666,Sunrise Supermarket Bengaluru,Bengaluru,Retail,accounts@sunrisesupermarketbengal.example.com,2020-07-04
2667,Spice Garden Home Needs Mumbai,Mumbai,Retail,accounts@spicegardenhomeneedsmumb.example.com,2021-01-22
2668,Silver Inn Goa,Goa,Hospitality,accounts@silverinngoa.example.com,2021-01-25
2669,United Provisions Mumbai,Mumbai,Retail,accounts@unitedprovisionsmumbai.example.com,2024-05-31
2670,Metro Resorts Pune,Pune,Hospitality,accounts@metroresortspune.example.com,2025-06-10
2671,Palm Stores Delhi,Delhi,Retail,accounts@palmstoresdelhi.example.com,2020-11-11
2672,Orchid Bazaar Delhi,Delhi,Retail,accounts@orchidbazaardelhi.example.com,08/05/2021
2673,Ganesh Supermarket Vadodara,Vadodara,Retail,accounts@ganeshsupermarketvadodar.example.com,2022-10-10
2674,Orchid Restaurant Goa,Goa,Hospitality,accounts@orchidrestaurantgoa.example.com,2025-10-22
2675,Classic Suppliers Kolkata,Kolkata,Wholesale,accounts@classicsupplierskolkata.example.com,2020-05-28
2676,Vijay Cafe Surat,Surat,Hospitality,accounts@vijaycafesurat.example.com,2023-07-07
2677,Urban Supermarket Madurai,Madurai,Retail,accounts@urbansupermarketmadurai.example.com,2024-03-15
2678,Silver Supermarket Dehradun,Dehradun,Retail,accounts@silversupermarketdehradu.example.com,2025-08-24
2679,Sunrise Enterprises,Agra,Wholesale,accounts@sunriseenterprises.example.com,2020-07-19
2680,Maple Supermarket Kolkata,Kolkata,Retail,accounts@maplesupermarketkolkata.example.com,15/12/2023
2681,Tulsi Depot Pune,Pune,Wholesale,accounts@tulsidepotpune.example.com,2024-04-25
2682,River Side Inn Mumbai,Mumbai,Hospitality,accounts@riversideinnmumbai.example.com,2022-06-07
2683,Harbour Inn Chennai,Chennai,Hospitality,accounts@harbourinnchennai.example.com,2021-12-12
2684,Golden Supermarket Mangaluru,Mangaluru,Retail,accounts@goldensupermarketmangalu.example.com,2024-11-12
2685,Krishna Resorts Bengaluru,Bengaluru,Hospitality,accounts@krishnaresortsbengaluru.example.com,2021-06-03
2686,Hill View Provisions Noida,Noida,Retail,accounts@hillviewprovisionsnoida.example.com,2021-06-16
2687,Palm Bazaar Ranchi,Ranchi,Retail,accounts@palmbazaarranchi.example.com,2023-02-02
2688,Hill View Emporium Indore,Indore,Retail,accounts@hillviewemporiumindore.example.com,2020-08-23
2689,Heritage Mart Delhi,Delhi,Retail,accounts@heritagemartdelhi.example.com,26/02/2022
2690,Saffron Cafe Rajkot,Rajkot,Hospitality,accounts@saffroncaferajkot.example.com,2021-07-03
2691,Classic Traders Udaipur,Udaipur,Retail,accounts@classictradersudaipur.example.com,2023-05-28
2692,Green Agencies,Kanpur,Wholesale,accounts@greenagencies.example.com,2021-05-07
2693,Om Supermarket Kolkata,Kolkata,Retail,,2022-12-11
2694,Silver Provisions Nashik,Nashik,Retail ,accounts@silverprovisionsnashik.example.com,2020-11-21
2695,Harbour Kitchens,Noida,Hospitality,accounts@harbourkitchens.example.com,2023-02-04
2696,Krishna Mart Coimbatore,Coimbatore,Retail,accounts@krishnamartcoimbatore.example.com,2024-10-23
2697,Sai General Store Madurai,Madurai,Retail,accounts@saigeneralstoremadurai.example.com,2023-05-16
2698,Tulsi Banquets,Bengaluru,Hotel/Restaurant,accounts@tulsibanquets.example.com,2022-06-25
2699,Lake View Exports Mumbai,Mumbai,wholesale,accounts@lakeviewexportsmumbai.example.com,2023-08-28
2700,Evergreen Stores Dehradun,Dehradun,Retail,accounts@evergreenstoresdehradun.example.com,2023-08-24
2701,Lake View Bazaar Pune,Pune,Retail,accounts@lakeviewbazaarpune.example.com,2022-05-24
2702,Jai Hind Lake View Kitchenware,Chennai,RETAIL,accounts@jaihindlakeviewkitchenwa.example.com,2022-05-25
2703,Metro Kitchens Vadodara,Vadodara,Hospitality,accounts.metrokitchensvadodara.example.com,2024-11-13
2704,Jai Hind Kitchenware Kolkata,Kolkata,Retail,accounts@jaihindkitchenwarekolkat.example.com,2020-12-23
2705,Crystal Logistics Delhi,Delhi,Wholesale,accounts@crystallogisticsdelhi.example.com,2022-12-22
2706,Shree General Store Visakhapatnam,Visakhapatnam,Retail,accounts@shreegeneralstorevisakha.example.com,2020-05-12
2707,Hill View Distributors Patna,Patna,Wholesale,accounts@hillviewdistributorspatn.example.com,2024-09-15
2708,National Depot,Ranchi,Wholesale,accounts@nationaldepot.example.com,2021-04-19
2709,Bharat Traders Pune,pune,Retail,accounts@bharattraderspune.example.com,2023-03-07
2710,Om Foods Dehradun,Dehradun,Hospitality,accounts@omfoodsdehradun.example.com,2021-07-07
2711,Supreme Caterers,Mumbai ,Hospitality,accounts@supremecaterers.example.com,18/04/2024
2712,Sai Distributors,Vadodara,Wholesale,accounts@saidistributors.example.com,2023-09-01
2713,Silk Route Traders Madurai,Madurai,Retail,accounts@silkroutetradersmadurai.example.com,2025-09-03
2714,Ganesh Caterers Guwahati,Guwahati,Hospitality,accounts@ganeshcaterersguwahati.example.com,2020-10-27
2715,Sunrise Caterers Nagpur,Nagpur,Hospitality,accounts.sunrisecaterersnagpur.example.com,2025-02-25
2716,Coastal Hotels Ahmedabad,Ahmedabad,Hospitality,accounts@coastalhotelsahmedabad.example.com,2021-09-27
2717,Bharat Resorts Thiruvananthapuram,Thiruvananthapuram,Hospitality,accounts@bharatresortsthiruvanant.example.com,2023-01-01
2718,Royal Caterers Mumbai,Mumbai,Hospitality,accounts@royalcaterersmumbai.example.com,2022-03-25
2719,Evergreen Home Needs Udaipur,Udaipur,Retail,accounts@evergreenhomeneedsudaipu.example.com,2020-12-19
2720,River Side Inn Surat,Surat,Hospitality,accounts@riversideinnsurat.example.com,2023-11-02
2721,Rainbow Stores Bengaluru,Bengaluru,Retail,accounts@rainbowstoresbengaluru.example.com,2024-10-14
2722,New Caterers,Coimbatore,Hospitality,accounts@newcaterers.example.com,2020-11-11
2723,Blue Mart Chennai,Chennai,Retail,accounts@bluemartchennai.example.com,2020-10-10
2724,Sai Stores Thiruvananthapuram,Thiruvananthapuram,Retail,accounts@saistoresthiruvananthapu.example.com,2020-01-15
2725,Spice Garden Trading Co Patna,Patna,WHOLESALE,accounts@spicegardentradingcopatn.example.com,2025-05-20
2726,Jai Hind Banquets,Agra,Hospitality,accounts@jaihindbanquets.example.com,28/03/2020
2727,Coconut Grove Stores Coimbatore,Coimbatore,Retail,accounts@coconutgrovestorescoimba.example.com,2024-02-07
2728,Jai Hind Supermarket Raipur,Raipur,Retail,accounts@jaihindsupermarketraipur.example.com,2021-02-24
2729,National Kitchenware Lucknow,Lucknow,Retail,accounts.nationalkitchenwareluckn.example.com,2020-02-01
2730,Prime Cafe Mangaluru,Mangaluru,Hospitality,accounts@primecafemangaluru.example.com,2021-07-10
2731,Hill View Tiffin Services Mysuru,Mysuru,HoReCa,accounts@hillviewtiffinservicesmy.example.com,2025-06-28
2732,Crystal Foods Raipur,Raipur,Hospitality,accounts@crystalfoodsraipur.example.com,2023-12-01
2733,Palm Provisions Aurangabad,Aurangabad,Retail,accounts@palmprovisionsaurangabad.example.com,2024-02-27
2734,Spice Garden Emporium Mangaluru,Mangaluru,Retail,accounts@spicegardenemporiummanga.example.com,2025-06-21
2735,Lake View Packaging Kanpur,Kanpur,Wholesale,accounts@lakeviewpackagingkanpur.example.com,2024-07-18
2736,Silk Route Emporium Kolkata,Kolkata,Retail,accounts@silkrouteemporiumkolkata.example.com,2022-05-04
2737,Urban Wholesale,Pune,Wholesale,accounts@urbanwholesale.example.com,2025-06-24
2738,Green Kitchens,Lucknow,Hospitality,accounts@greenkitchens.example.com,2024-08-09
2739,Silver Suppliers,Indore,Wholesale,accounts@silversuppliers.example.com,2025-07-15
2740,Green Enterprises Lucknow,Lucknow,Wholesale,accounts@greenenterpriseslucknow.example.com,2023-12-14
2741,Royal Kitchens Pune,Pune,Hospitality,accounts@royalkitchenspune.example.com,25/08/2021
2742,Maple Logistics,Lucknow,Wholesale,accounts@maplelogistics.example.com,2021-12-04
2743,Orchid Traders Surat,Surat,Retail,accounts@orchidtraderssurat.example.com,2025-09-11
2744,Pearl Supermarket Coimbatore,Coimbatore,Retail,accounts@pearlsupermarketcoimbato.example.com,2020-11-19
2745,Pearl Supermarket Raipur,Raipur,Retail,accounts@pearlsupermarketraipur.example.com,2025-07-21
2746,Tulsi Stores Gurugram,Gurugram,Retail,accounts@tulsistoresgurugram.example.com,2021-05-03
2747,Spice Garden Banquets,Ahmedabad,Hospitality,accounts@spicegardenbanquets.example.com,2021-10-29
2748,Classic Caterers Pune,Poona,Hospitality,accounts@classiccatererspune.example.com,2021-03-30
2749,Om Kitchenware,Mumbai,Retail,accounts@omkitchenware.example.com,2025-03-19
2750,Balaji Silver Banquets,Raipur,Hospitality,accounts@balajisilverbanquets.example.com,2023-10-26
2751,Maple Home Needs Chandigarh,Chandigarh,Retail,accounts@maplehomeneedschandigarh.example.com,2021-11-25
2752,Maple Logistics Indore,Indore,Wholesale,accounts@maplelogisticsindore.example.com,2024-05-11
2753,Pearl General Store Coimbatore,Coimbatore,Retail,accounts@pearlgeneralstorecoimbat.example.com,2021-02-07
2754,City Exports Nagpur,Nagpur,Wholesale,accounts@cityexportsnagpur.example.com,2023-09-27
2755,Lake View Galaxy Traders,Bengaluru,Retail,accounts@lakeviewgalaxytraders.example.com,19/02/2023
2756,Galaxy Provisions Pune,Pune,Retail,,2022-08-19
2757,Heritage General Store Surat,Surat,Retail,accounts@heritagegeneralstoresura.example.com,2025-08-28
2758,Sunrise Hotels,Pune,Hospitality,accounts@sunrisehotels.example.com,2020-09-10
2759,Modern Supermarket Coimbatore,Coimbatore,Retail,accounts@modernsupermarketcoimbat.example.com,2021-02-16
2760,Hill View General Store Bengaluru,Bengaluru,Retail,accounts@hillviewgeneralstorebeng.example.com,2024-04-15
2761,Supreme Bazaar Jaipur,Jaipur,Retail,accounts@supremebazaarjaipur.example.com,2023-04-12
2762,Silver Supermarket Udaipur,Udaipur,Retail,accounts@silversupermarketudaipur.example.com,2023-06-13
2763,Balaji Logistics Thiruvananthapuram,Thiruvananthapuram,Wholesale,accounts@balajilogisticsthiruvana.example.com,2020-10-12
2764,Balaji Home Needs Rajkot,Rajkot,Retail,accounts@balajihomeneedsrajkot.example.com,2024-02-08
2765,Silver Kitchenware Pune,Pune,Retail,accounts@silverkitchenwarepune.example.com,24/09/2022
2766,Mahalaxmi Home Needs Delhi,New Delhi,Retail,accounts@mahalaxmihomeneedsdelhi.example.com,2024-08-09
2767,New Restaurant Thane,Thane,Hospitality,accounts@newrestaurantthane.example.com,2020-07-24
2768,Om Banquets Coimbatore,Coimbatore,Hospitality,accounts@ombanquetscoimbatore.example.com,2024-02-27
2769,Silk Route Traders Udaipur,Udaipur,Retail,accounts@silkroutetradersudaipur.example.com,2025-06-11
2770,Metro Enterprises,Agra,Wholesale,accounts@metroenterprises.example.com,2024-04-19
2771,Balaji Tiffin Services,Udaipur,Hospitality,accounts@balajitiffinservices.example.com,2025-07-13
2772,Crystal Restaurant,Mumbai,Hospitality,accounts@crystalrestaurant.example.com,2024-10-31
2773,Evergreen Jai Hind Provisions,Chandigarh,RETAIL,accounts@evergreenjaihindprovisio.example.com,2024-03-17
2774,Ganesh Restaurant Chennai,Chennai,Hospitality,,2023-06-18
2775,Krishna Supermarket,Ranchi,Retail,accounts@krishnasupermarket.example.com,2024-05-08
2776,Silver Kitchens Chennai,Chennai,Hospitality,accounts@silverkitchenschennai.example.com,2024-04-29
2777,Orchid General Store Delhi,Delhi,Retail,accounts@orchidgeneralstoredelhi.example.com,2022-06-10
2778,Balaji Hotels Ranchi,Ranchi,Hospitality,accounts@balajihotelsranchi.example.com,2020-07-06
2779,Om Logistics Gurugram,Gurugram,Wholesale,accounts@omlogisticsgurugram.example.com,01/03/2022
2780,Spice Garden Emporium Mumbai,Mumbai,Retail,accounts@spicegardenemporiummumba.example.com,2024-12-11
2781,Lotus Provisions Noida,Noida,Retail,accounts@lotusprovisionsnoida.example.com,2024-01-12
2782,Heritage Logistics,Pune,Wholesale,accounts@heritagelogistics.example.com,2023-02-19
2783,Coastal Kitchenware Mysuru,Mysuru,Retail,accounts@coastalkitchenwaremysuru.example.com,2025-08-17
2784,Orchid Wholesale,delhi,Wholesale,accounts@orchidwholesale.example.com,2025-04-10
2785,City Depot Indore,Indore,Wholesale,accounts@citydepotindore.example.com,2024-10-14
2786,Sunrise Home Needs Rajkot,Rajkot,Retail,accounts@sunrisehomeneedsrajkot.example.com,2021-11-27
2787,New Exports,Surat,Wholesale,accounts@newexports.example.com,2023-07-29
2788,Rainbow Inn Delhi,Delhi,Hospitality,accounts@rainbowinndelhi.example.com,2021-05-12
2789,Tulsi Mart Thane,Thane,Retail,accounts@tulsimartthane.example.com,2024-12-08
2790,Harbour Banquets Mumbai,Mumbai,Hospitality,accounts@harbourbanquetsmumbai.example.com,2025-08-05
2791,Tulsi Tiffin Services Delhi,Delhi,Hospitality,accounts@tulsitiffinservicesdelhi.example.com,2021-02-07
2792,Pearl Provisions Ahmedabad,Ahmedabad,Retail,accounts@pearlprovisionsahmedabad.example.com,2024-03-16
2793,Green Restaurant Nagpur,Nagpur,Hospitality,accounts@greenrestaurantnagpur.example.com,2023-06-23
2794,Prime Mart Thane,Thane,Retail,accounts@primemartthane.example.com,2020-03-24
2795,Heritage Traders Thane,Thane,Retail,accounts@heritagetradersthane.example.com,2023-08-29
2796,Modern Hotels,Raipur,Hospitality,accounts@modernhotels.example.com,2023-05-02
2797,Spice Garden Wholesale,Raipur,WHOLESALE,accounts@spicegardenwholesale.example.com,2022-08-12
2798,Heritage Enterprises Kolkata,Kolkata,Wholesale,accounts@heritageenterpriseskolka.example.com,2020-12-10
2799,Royal Resorts Kolkata,Calcutta,Hospitality,accounts@royalresortskolkata.example.com,2021-12-26
2800,Crystal Home Needs Ranchi,Ranchi,Retail,accounts@crystalhomeneedsranchi.example.com,2022-11-25
2801,Rainbow General Store Kolkata,Kolkata,Retail,accounts@rainbowgeneralstorekolka.example.com,2021-10-19
2802,Green Provisions Noida,Noida,Retail ,accounts@greenprovisionsnoida.example.com,2023-04-23
2803,Jai Hind Packaging,Coimbatore,Wholesale,accounts@jaihindpackaging.example.com,2023-06-22
2804,Sai General Store Coimbatore,Coimbatore,Retail,accounts@saigeneralstorecoimbator.example.com,2020-08-01
2805,Hill View Provisions Bengaluru,Bengaluru,Retail,accounts@hillviewprovisionsbengal.example.com,2020-03-18
2806,Shree Banquets Ahmedabad,Ahmedabad,Hospitality,accounts@shreebanquetsahmedabad.example.com,2025-02-01
2807,Hill View Stores Noida,Noida,Retail,accounts@hillviewstoresnoida.example.com,2021-06-14
2808,Prime Provisions Nagpur,Nagpur,Retail,accounts@primeprovisionsnagpur.example.com,2021-08-06
2809,Coastal Stores Bhubaneswar,Bhubaneswar,Retail,accounts@coastalstoresbhubaneswar.example.com,19/07/2022
2810,Om General Store Agra,Agra,Retail,accounts@omgeneralstoreagra.example.com,2023-09-24
2811,Bharat Bazaar Thiruvananthapuram,Thiruvananthapuram,Retail,accounts@bharatbazaarthiruvananth.example.com,2021-07-24
2812,Balaji Bazaar Visakhapatnam,Visakhapatnam,Retail,accounts@balajibazaarvisakhapatna.example.com,2025-10-11
2813,Rainbow General Store Mumbai,Mumbai,Retail,accounts@rainbowgeneralstoremumba.example.com,2023-07-24
2814,Orchid Hotels Dehradun,Dehradun,Hospitality,accounts@orchidhotelsdehradun.example.com,2020-03-04
2815,Prime Home Needs,Surat,Retail,accounts@primehomeneeds.example.com,2022-07-14
2816,New Inn Delhi,Delhi,Hospitality,accounts@newinndelhi.example.com,2020-10-08
2817,Pearl Wholesale,Chandigarh,Wholesale,accounts@pearlwholesale.example.com,2021-12-27
2818,Tulsi Enterprises,Coimbatore,Wholesale,accounts.tulsienterprises.example.com,22/10/2020
2819,Nandi Agencies Guwahati,Guwahati,Wholesale,accounts@nandiagenciesguwahati.example.com,2020-10-29
2820,Evergreen Provisions Delhi,Delhi,Retail,accounts@evergreenprovisionsdelhi.example.com,2025-04-06
2821,Heritage Stores Kanpur,Kanpur,Retail,accounts@heritagestoreskanpur.example.com,2023-03-16
2822,Hill View Tiffin Services Surat,Surat,Hospitality,accounts@hillviewtiffinservicessu.example.com,2020-12-20
2823,National Banquets Mumbai,Mumbai,Hospitality,accounts@nationalbanquetsmumbai.example.com,2024-11-05
2824,Royal Resorts Delhi,Delhi,Hospitality,accounts@royalresortsdelhi.example.com,27/05/2022
2825,Shree Metro Provisions,pune,Retail,accounts@shreemetroprovisions.example.com,2022-10-07
2826,City Mart Indore,Indore,Retail,accounts@citymartindore.example.com,2023-02-05
2827,Spice Garden Provisions Udaipur,Udaipur,Retail,accounts@spicegardenprovisionsuda.example.com,2023-12-03
2828,Mahalaxmi Foods Vadodara,Vadodara,Hospitality,accounts@mahalaxmifoodsvadodara.example.com,2021-05-20
2829,Pearl Mart Chennai,Madras,Retail,accounts@pearlmartchennai.example.com,2023-08-31
2830,Saffron Kitchenware Gurugram,Gurugram,Retail,accounts@saffronkitchenwaregurugr.example.com,2021-01-29
2831,Lotus Bazaar Delhi,Delhi,Retail,accounts@lotusbazaardelhi.example.com,2024-01-26
2832,Star Supermarket Gurugram,Gurgaon,Retail,accounts@starsupermarketgurugram.example.com,2025-08-07
2833,Hill View Supermarket Visakhapatnam,Visakhapatnam,Retail,accounts@hillviewsupermarketvisak.example.com,04/05/2021
2834,Vijay Supermarket Bhubaneswar,Bhubaneswar,Retail,accounts@vijaysupermarketbhubanes.example.com,2025-08-14
2835,Hill View Suppliers Nagpur,Nagpur,Wholesale,accounts@hillviewsuppliersnagpur.example.com,2021-06-02
2836,Blue Enterprises Jaipur,Jaipur,Wholesale,accounts@blueenterprisesjaipur.example.com,2025-11-29
2837,Heritage Emporium Kochi,Kochi,Retail,accounts@heritageemporiumkochi.example.com,2021-08-16
2838,Silver Supermarket Mumbai,Mumbai,Retail,accounts@silversupermarketmumbai.example.com,2023-10-13
2839,Supreme Provisions Goa,Goa,Retail,accounts@supremeprovisionsgoa.example.com,08/11/2022
2840,National Restaurant Chandigarh,Chandigarh,Hospitality,accounts@nationalrestaurantchandi.example.com,2022-11-04
2841,Classic Supermarket Indore,Indore,RETAIL,accounts@classicsupermarketindore.example.com,2021-11-05
2842,National Emporium Madurai,Madurai,Retail,accounts@nationalemporiummadurai.example.com,2023-12-04
2843,Vijay Supermarket Mangaluru,Mangaluru,Retail,accounts@vijaysupermarketmangalur.example.com,04/11/2022
2844,Silver Traders Chennai,Chennai,Retail,accounts@silvertraderschennai.example.com,18/07/2024
2845,Om Cafe Kolkata,Kolkata,Hospitality,accounts@omcafekolkata.example.com,2020-10-21
2846,Shree Kitchenware Guwahati,Guwahati,retail,accounts@shreekitchenwareguwahati.example.com,2024-04-23
2847,Nandi Emporium Rajkot,Rajkot,Retail,accounts@nandiemporiumrajkot.example.com,2025-10-15
2848,Sai Supermarket Surat,Surat,Retail,accounts@saisupermarketsurat.example.com,2021-01-18
2849,Modern Mart Chennai,Chennai,Retail,accounts@modernmartchennai.example.com,2023-11-13
2850,Coastal Emporium Madurai,Madurai,Retail,accounts@coastalemporiummadurai.example.com,2023-07-15
2851,Jai Hind Stores Coimbatore,Coimbatore,Retail,accounts@jaihindstorescoimbatore.example.com,2021-02-01
2852,Sai Stores Chandigarh,Chandigarh,Retail,accounts@saistoreschandigarh.example.com,2021-08-31
2853,Rainbow Cafe,Surat,Hospitality,accounts@rainbowcafe.example.com,2020-11-11
2854,Harbour General Store Bengaluru,Bengaluru,Retail,accounts@harbourgeneralstorebenga.example.com,2024-09-10
2855,Pearl Provisions Dehradun,Dehradun,Retail,accounts@pearlprovisionsdehradun.example.com,2020-07-24
2856,Coconut Grove Bazaar Rajkot,Rajkot,Retail,accounts@coconutgrovebazaarrajkot.example.com,2024-01-11
2857,Palm Mart Udaipur,Udaipur,RETAIL,accounts@palmmartudaipur.example.com,2020-03-19
2858,United Wholesale Lucknow,-,Wholesale,accounts@unitedwholesalelucknow.example.com,2024-01-12
2859,Nandi Tiffin Services,Delhi,Hospitality,accounts@nanditiffinservices.example.com,2024-04-05
2860,Coconut Grove Hotels,Pune,Hospitality,accounts@coconutgrovehotels.example.com,2020-10-17
2861,Green Enterprises Noida,Noida,Wholesale,accounts@greenenterprisesnoida.example.com,2021-02-25
2862,Jai Hind Kitchens Aurangabad,Aurangabad,Hospitality,accounts@jaihindkitchensaurangaba.example.com,2024-12-22
2863,Urban Emporium Patna,Patna,Retail,accounts@urbanemporiumpatna.example.com,2023-07-20
2864,Crystal Provisions Mumbai,Mumbai,Retail,accounts@crystalprovisionsmumbai.example.com,2021-06-27
2865,River Side Exports Ahmedabad,Ahmedabad,wholesale,accounts@riversideexportsahmedaba.example.com,2025-07-25
2866,Supreme Traders Hyderabad,hyderabad,Retail,accounts@supremetradershyderabad.example.com,2020-09-14
2867,Bharat General Store Kolkata,Kolkata,Retail,accounts@bharatgeneralstorekolkat.example.com,2024-07-12
2868,Nandi Emporium Kolkata,Kolkata,Retail,accounts@nandiemporiumkolkata.example.com,03/06/2025
2869,Sapphire Traders Noida,Noida,Retail,accounts@sapphiretradersnoida.example.com,2021-08-28
2870,Green Tiffin Services Kolkata,Kolkata,Hospitality,accounts@greentiffinserviceskolka.example.com,2024-11-07
2871,Lotus Restaurant Agra,Agra,Hospitality,accounts@lotusrestaurantagra.example.com,2024-11-07
2872,Supreme Mart Surat,Surat,Retail,accounts@suprememartsurat.example.com,2024-02-07
2873,Ganesh Kitchens Patna,Patna,Hospitality,accounts@ganeshkitchenspatna.example.com,2023-04-04
2874,Coconut Grove Provisions Mumbai,Mumbai,Retail,accounts@coconutgroveprovisionsmu.example.com,2021-03-09
2875,River Side Kitchenware Noida,Noida,Retail,accounts@riversidekitchenwarenoid.example.com,2024-12-14
2876,Nandi Mart Bengaluru,Bengaluru ,Retail,accounts@nandimartbengaluru.example.com,28/07/2024
2877,Pearl Home Needs Visakhapatnam,N/A,Retail,accounts@pearlhomeneedsvisakhapat.example.com,2023-02-02
2878,Sapphire Inn Hyderabad,Hyderabad,Hospitality,accounts@sapphireinnhyderabad.example.com,2023-04-30
2879,Hill View Kitchenware,,retail,accounts@hillviewkitchenware.example.com,2025-01-25
2880,Silk Route Orchid Traders,Chennai,Retail,accounts@silkrouteorchidtraders.example.com,2022-05-23
2881,Green Emporium,Mumbai,Retail,accounts@greenemporium.example.com,2020-04-26
2882,Crystal Hotels Lucknow,Lucknow,Hospitality,accounts@crystalhotelslucknow.example.com,2024-11-30
2883,Supreme Agencies,Thane,Wholesale,accounts@supremeagencies.example.com,2020-03-24
2884,Bharat Kitchenware Hyderabad,Hyderabad,Retail,accounts@bharatkitchenwarehyderab.example.com,2025-06-20
2885,Laxmi General Store Bengaluru,Bengaluru,Retail,accounts@laxmigeneralstorebengalu.example.com,2025-01-30
2886,Rainbow Exports Agra,Agra,Wholesale,accounts@rainbowexportsagra.example.com,2023-07-10
2887,Harbour Mart Ranchi,Ranchi,retail,accounts@harbourmartranchi.example.com,2021-09-04
2888,Evergreen Shree Caterers,Dehradun,hospitality,accounts@evergreenshreecaterers.example.com,2025-05-28
2889,Coastal Cafe Pune,Pune,Hospitality,accounts@coastalcafepune.example.com,2023-10-27
2890,Rainbow Bazaar Thane,Thane,Retail,accounts@rainbowbazaarthane.example.com,2024-09-22
2891,Mahalaxmi Kitchens Bengaluru,Bengaluru,Hospitality,accounts@mahalaxmikitchensbengalu.example.com,2023-02-09
2892,Lotus Traders Hyderabad,Hyderabad,Retail,accounts@lotustradershyderabad.example.com,2022-09-07
2893,Palm Kitchens Delhi,Delhi,Hospitality,accounts@palmkitchensdelhi.example.com,28/11/2021
2894,National General Store Thane,Thane,Retail,accounts@nationalgeneralstorethan.example.com,2022-03-15
2895,National Stores Delhi,Delhi,Retail,accounts.nationalstoresdelhi.example.com,2025-09-23
2896,Laxmi Supermarket Kolkata,Kolkata,Retail,accounts@laxmisupermarketkolkata.example.com,2023-04-02
2897,Harbour Cafe Delhi,Delhi,Hospitality,accounts@harbourcafedelhi.example.com,2023-10-26
2898,Hill View Caterers Ranchi,Ranchi,Hospitality,accounts@hillviewcaterersranchi.example.com,2023-01-12
2899,Hill View Banquets,Udaipur,Hospitality,accounts@hillviewbanquets.example.com,2024-01-05
2900,Palm Supermarket Ludhiana,Ludhiana,Retail,accounts@palmsupermarketludhiana.example.com,2021-06-05
2901,Modern General Store Udaipur,Udaipur,Retail,accounts@moderngeneralstoreudaipu.example.com,2023-09-04
2902,Laxmi Stores Mumbai,Mumbai,Retail,accounts.laxmistoresmumbai.example.com,2025-08-15
2903,Om Kitchenware Goa,Goa,Retail,accounts@omkitchenwaregoa.example.com,2024-04-22
2904,Nandi Emporium Patna,Patna,Retail,accounts@nandiemporiumpatna.example.com,2024-06-14
2905,Galaxy Traders Thane,Thane,Retail,accounts@galaxytradersthane.example.com,2022-08-27
2906,Sai Provisions Mangaluru,Mangaluru,Retail,accounts@saiprovisionsmangaluru.example.com,2022-01-08
2907,Jai Hind Kitchenware Ahmedabad,Ahmedabad,Retail,accounts@jaihindkitchenwareahmeda.example.com,15/03/2021
2908,Maple Stores Bhubaneswar,Bhubaneswar,Retail,accounts@maplestoresbhubaneswar.example.com,2022-10-29
2909,Star Home Needs Chandigarh,Chandigarh,Retail,accounts@starhomeneedschandigarh.example.com,2025-05-15
2910,Balaji Foods,Kolkata,Hospitality,accounts@balajifoods.example.com,2024-06-23
2911,Supreme Emporium Mysuru,Mysuru,Retail,accounts@supremeemporiummysuru.example.com,2020-12-31
2912,Blue Distributors,Mumbai,Wholesale,accounts@bluedistributors.example.com,2023-09-23
2913,Harbour Caterers Gurugram,Gurgaon,Hospitality,accounts@harbourcaterersgurugram.example.com,2022-06-24
2914,Star Home Needs Bengaluru,Bengaluru,Retail,accounts@starhomeneedsbengaluru.example.com,2023-10-25
2915,United General Store Hyderabad,Hyderabad,Retail,accounts@unitedgeneralstorehydera.example.com,2024-11-17
2916,Golden General Store Raipur,Raipur,Retail,,2020-05-25
2917,Star Bazaar Bengaluru,Bengaluru,Retail,accounts@starbazaarbengaluru.example.com,2020-11-28
2918,Orchid Mart Madurai,Madurai,Retail,accounts@orchidmartmadurai.example.com,2025-01-20
2919,Orchid Supermarket Delhi,Delhi,Retail,accounts@orchidsupermarketdelhi.example.com,2021-01-31
2920,Green Depot,Raipur,Wholesale,accounts@greendepot.example.com,2023-01-16
2921,Balaji General Store Nagpur,Nagpur,Retail,accounts@balajigeneralstorenagpur.example.com,19/07/2023
2922,Vijay Banquets,Bengaluru,Hospitality,accounts@vijaybanquets.example.com,2023-01-27
2923,New Restaurant Surat,Surat,hospitality,accounts@newrestaurantsurat.example.com,2023-10-06
2924,City Stores Kanpur,Kanpur,Retail,accounts@citystoreskanpur.example.com,09/04/2024
2925,Nandi Emporium Pune,Pune,retail,accounts.nandiemporiumpune.example.com,2025-07-24
2926,Hill View Depot Chennai,Chennai,Wholesale,accounts@hillviewdepotchennai.example.com,2022-08-31
2927,Lotus Kitchens Indore,Indore,Hospitality,accounts@lotuskitchensindore.example.com,2021-01-21
2928,Metro Provisions Hyderabad,Hyderabad,Retail,accounts@metroprovisionshyderabad.example.com,2022-11-22
2929,New Traders Chennai,Chennai,retail,accounts@newtraderschennai.example.com,2020-08-05
2930,Silk Route Stores Aurangabad,Aurangabad,Retail ,accounts@silkroutestoresaurangaba.example.com,2023-08-05
2931,Bharat Restaurant Thane,Thane,Hospitality,accounts@bharatrestaurantthane.example.com,2022-01-11
2932,Laxmi General Store Kolkata,Kolkata,Retail,accounts@laxmigeneralstorekolkata.example.com,2022-03-04
2933,Hill View Tiffin Services Madurai,Madurai,Hospitality,accounts@hillviewtiffinservicesma.example.com,23/09/2021
2934,New Supermarket Bengaluru,Bengaluru,Retail,accounts@newsupermarketbengaluru.example.com,2024-11-24
2935,New Emporium Mysuru,Mysuru,Retail,accounts@newemporiummysuru.example.com,28/10/2021
2936,Tulsi Stores Hyderabad,Hyderabad,Retail,accounts@tulsistoreshyderabad.example.com,2020-06-05
2937,National Supermarket Kolkata,Kolkata,Retail,accounts@nationalsupermarketkolka.example.com,2024-05-08
2938,Ganesh Home Needs Hyderabad,Hyderabad,Retail,accounts@ganeshhomeneedshyderabad.example.com,2024-11-16
2939,Pearl Traders,Chennai,Retail,accounts@pearltraders.example.com,15/03/2022
2940,Shree Kitchenware Delhi,delhi,Retail,accounts@shreekitchenwaredelhi.example.com,2024-07-25
2941,Om Inn,Bengaluru,Hospitality,accounts@ominn.example.com,2022-10-08
2942,Golden Tiffin Services Rajkot,Rajkot,Hospitality,accounts@goldentiffinservicesrajk.example.com,2022-03-08
2943,Silver General Store Hyderabad,Hyderabad,Retail,accounts@silvergeneralstorehydera.example.com,2024-08-16
2944,National Tiffin Services Thane,Thane,Hospitality,accounts@nationaltiffinservicesth.example.com,2021-12-27
2945,Prime Kitchens Vadodara,Vadodara,Hospitality,accounts@primekitchensvadodara.example.com,2023-02-07
2946,Spice Garden Harbour Traders,Mumbai,Retail,accounts@spicegardenharbourtrader.example.com,2022-01-20
2947,Balaji Metro Stores,New Delhi,RETAIL,accounts@balajimetrostores.example.com,2023-01-03
2948,Krishna Emporium Udaipur,Udaipur,Retail,accounts@krishnaemporiumudaipur.example.com,2025-08-02
2949,Royal Tiffin Services Jaipur,Jaipur,Hospitality,accounts@royaltiffinservicesjaipu.example.com,2020-04-08
2950,Evergreen Suppliers Pune,pune,Wholesale,accounts@evergreensupplierspune.example.com,2020-11-04
2951,Harbour Supermarket Mumbai,Mumbai,Retail,accounts@harboursupermarketmumbai.example.com,2024-04-25
2952,Royal Provisions Mysuru,Mysuru,Retail,accounts@royalprovisionsmysuru.example.com,2024-04-26
2953,Orchid Evergreen Supermarket,Mumbai,Retail,accounts@orchidevergreensupermark.example.com,2025-10-19
2954,Palm Kitchens Chandigarh,NULL,Hospitality,accounts@palmkitchenschandigarh.example.com,2024-01-02
2955,Blue Home Needs Rajkot,Rajkot,Retail,accounts@bluehomeneedsrajkot.example.com,2021-01-30
2956,Ganesh Restaurant Kolkata,Kolkata,Hospitality,accounts@ganeshrestaurantkolkata.example.com,2022-01-21
2957,Bharat Mahalaxmi Provisions,Mumbai,Retail,accounts@bharatmahalaxmiprovision.example.com,2022-09-01
2958,Green Mart Pune,Pune,Retail,accounts@greenmartpune.example.com,2022-03-20
2959,Laxmi Mart Delhi,Delhi,Retail,accounts@laxmimartdelhi.example.com,2023-06-22
2960,Sunrise Suppliers Vadodara,unknown,Wholesale,accounts@sunrisesuppliersvadodara.example.com,2023-11-04
2961,Laxmi Mart Noida,Noida,Retail,accounts@laxmimartnoida.example.com,2024-01-15
2962,Golden Wholesale Surat,Surat,Wholesale,accounts@goldenwholesalesurat.example.com,2023-02-10
2963,Palm Bazaar Kolkata,Kolkata,Retail,accounts@palmbazaarkolkata.example.com,2022-10-02
2964,Evergreen Provisions Hyderabad,Hyderabad,Retail,accounts@evergreenprovisionshyder.example.com,20/05/2022
2965,Om Tulsi Restaurant,Bengaluru,Hospitality,accounts@omtulsirestaurant.example.com,2021-07-27
2966,Silk Route Supermarket Kolkata,Kolkata,Retail,accounts@silkroutesupermarketkolk.example.com,2023-09-07
2967,City General Store Chandigarh,Chandigarh,Retail,accounts@citygeneralstorechandiga.example.com,2020-03-16
2968,Mahalaxmi Kitchens Guwahati,Guwahati,Hospitality,accounts@mahalaxmikitchensguwahat.example.com,2022-02-12
2969,Lotus Vijay Supermarket,Mumbai,Retail,accounts@lotusvijaysupermarket.example.com,2023-06-16
2970,Spice Garden Restaurant,Coimbatore,Hospitality,accounts@spicegardenrestaurant.example.com,2020-10-06
2971,Heritage Foods Delhi,Delhi,Hospitality,accounts@heritagefoodsdelhi.example.com,2022-12-01
2972,Palm Home Needs Mumbai,Mumbai,Retail,accounts@palmhomeneedsmumbai.example.com,2020-09-30
2973,Tulsi Provisions Patna,Patna,Retail,accounts@tulsiprovisionspatna.example.com,2024-07-01
2974,Star Hotels Guwahati,Guwahati,Hospitality,accounts@starhotelsguwahati.example.com,15/11/2024
2975,Modern Bazaar Bengaluru,Bengaluru,RETAIL,accounts@modernbazaarbengaluru.example.com,2024-03-19
2976,Golden Trading Co Lucknow,Lucknow,Wholesale,accounts@goldentradingcolucknow.example.com,2020-06-14
2977,Royal Traders,Pune,Retail,accounts@royaltraders.example.com,2023-04-07
2978,Shree Tiffin Services Lucknow,Lucknow,Hospitality,accounts@shreetiffinservicesluckn.example.com,2022-10-20
2979,Hill View Royal Stores,Poona,Retail,accounts.hillviewroyalstores.example.com,2021-09-23
2980,Orchid Caterers Coimbatore,Coimbatore,Hospitality,accounts@orchidcatererscoimbatore.example.com,2023-07-24
2981,Crystal Emporium Mumbai,Mumbai,Retail,accounts@crystalemporiummumbai.example.com,2020-12-03
2982,Silver Banquets Aurangabad,Aurangabad,Hospitality,accounts@silverbanquetsaurangabad.example.com,28/11/2023
2983,National Exports Ahmedabad,Ahmedabad,wholesale,accounts@nationalexportsahmedabad.example.com,2022-10-21
2984,Rainbow Mart Mumbai,Bombay,Retail,accounts@rainbowmartmumbai.example.com,2022-09-16
2985,Laxmi Spice Garden Bazaar,Chennai,Retail,accounts@laxmispicegardenbazaar.example.com,2022-11-16
2986,Bharat Inn Rajkot,Rajkot,Hospitality,accounts@bharatinnrajkot.example.com,2025-10-11
2987,River Side Provisions Patna,Patna,retail,accounts@riversideprovisionspatna.example.com,2021-07-20
2988,Laxmi Mart Ahmedabad,Ahmedabad,Retail,accounts@laxmimartahmedabad.example.com,2025-01-31
2989,National Logistics Goa,Goa,Wholesale,accounts@nationallogisticsgoa.example.com,2020-11-02
2990,Galaxy Provisions Hyderabad,Hyderabad,Retail,accounts@galaxyprovisionshyderaba.example.com,2020-12-02
2991,Balaji Bazaar Delhi,Delhi,Retail,accounts@balajibazaardelhi.example.com,2025-09-14
2992,Saffron Mart Raipur,Raipur,Retail,accounts@saffronmartraipur.example.com,2025-05-14
2993,Spice Garden General Store Ludhiana,Ludhiana,Retail,accounts@spicegardengeneralstorel.example.com,2025-02-19
2994,United Emporium Hyderabad,Hyderabad,Retail,accounts@unitedemporiumhyderabad.example.com,2020-07-25
2995,Mahalaxmi Cafe Mumbai,MUMBAI,Hospitality,accounts@mahalaxmicafemumbai.example.com,2025-06-14
2996,Sunrise Provisions Jaipur,Jaipur,Retail,accounts@sunriseprovisionsjaipur.example.com,2025-10-14
2997,Star Stores Bengaluru,Bengaluru,Retail,accounts@starstoresbengaluru.example.com,2022-06-02
2998,Crystal Suppliers,Noida,Wholesale,accounts@crystalsuppliers.example.com,2024-07-21
2999,Vijay General Store Ahmedabad,Ahmedabad,Retail,accounts@vijaygeneralstoreahmedab.example.com,2022-02-28
3000,Saffron Bazaar Delhi,Delhi,Retail,accounts@saffronbazaardelhi.example.com,2025-07-25
3001,Maple Mart Aurangabad,Aurangabad,Retail,accounts@maplemartaurangabad.example.com,2020-11-18
3002,Green Suppliers,Ludhiana,Wholesale,accounts@greensuppliers.example.com,2025-04-02
3003,Tulsi Traders Kochi,Kochi,Retail,accounts@tulsitraderskochi.example.com,2024-05-04
3004,Nandi Kitchenware Bengaluru,Bengaluru,Retail,accounts@nandikitchenwarebengalur.example.com,2023-09-01
3005,Bharat Emporium,Bengaluru,Retail,accounts@bharatemporium.example.com,2024-01-22
3006,Nandi Caterers,Kolkata,Hospitality,accounts@nandicaterers.example.com,2020-03-14
3007,Krishna Provisions Delhi,Delhi,retail,,2025-04-25
3008,Metro Restaurant,Bengaluru,Hospitality,,2025-07-13
3009,Om Tiffin Services,Surat,Hospitality,accounts@omtiffinservices.example.com,2020-01-11
3010,Galaxy Inn Chennai,Chennai,Hospitality,accounts@galaxyinnchennai.example.com,2021-08-29
3011,Tulsi Kitchenware,Lucknow,Retail,accounts@tulsikitchenware.example.com,2024-01-10
3012,Coastal Inn Mumbai,Mumbai,Hospitality,,2020-03-01
3013,Jai Hind Provisions Pune,Pune,Retail,accounts@jaihindprovisionspune.example.com,2023-09-02
3014,Sapphire Home Needs Noida,Noida,Retail,accounts@sapphirehomeneedsnoida.example.com,2024-08-07
3015,Prime Packaging Indore,Indore,Wholesale,accounts@primepackagingindore.example.com,2023-07-08
3016,Mahalaxmi Cafe Kochi,Kochi,Hospitality,accounts@mahalaxmicafekochi.example.com,2024-01-22
3017,Heritage Traders Surat,Surat,Retail,accounts@heritagetraderssurat.example.com,2025-08-23
3018,Evergreen Wholesale Vadodara,Vadodara,Wholesale,accounts@evergreenwholesalevadoda.example.com,2025-11-14
3019,Shree Banquets Lucknow,Lucknow,Hospitality,accounts@shreebanquetslucknow.example.com,2023-09-09
3020,Spice Garden Distributors,Visakhapatnam,Wholesale,accounts@spicegardendistributors.example.com,2023-06-22
3021,Spice Garden Bazaar Bengaluru,Bengaluru,Retail ,accounts@spicegardenbazaarbengalu.example.com,2024-12-21
3022,Palm Galaxy General Store,Delhi,Retail ,accounts@palmgalaxygeneralstore.example.com,2022-09-24
3023,Lake View Trading Co Pune,Pune,Wholesale,accounts@lakeviewtradingcopune.example.com,2022-06-25
3024,Prime Kitchenware Pune,Pune,Retail,accounts@primekitchenwarepune.example.com,01/10/2022
3025,Golden Emporium Ranchi,Ranchi,Retail,accounts@goldenemporiumranchi.example.com,2024-09-01
3026,Coconut Grove Packaging Noida,Noida,Wholesale,accounts@coconutgrovepackagingnoi.example.com,2024-03-29
3027,Palm Kitchenware Mumbai,Mumbai,Retail,accounts@palmkitchenwaremumbai.example.com,2023-03-25
3028,Prime Cafe Kolkata,Kolkata,Hospitality,accounts@primecafekolkata.example.com,2020-07-14
3029,National Banquets Chennai,Chennai,Hospitality,accounts@nationalbanquetschennai.example.com,2020-04-19
3030,Classic Bazaar Delhi,Delhi,retail,accounts@classicbazaardelhi.example.com,2022-09-25
3031,Mahalaxmi Emporium Dehradun,Dehradun,Retail,accounts@mahalaxmiemporiumdehradu.example.com,2022-05-18
3032,Sai General Store Nagpur,Nagpur,Retail,accounts@saigeneralstorenagpur.example.com,2025-11-01
3033,Hill View Exports Hyderabad,Hyderabad,Wholesale,accounts@hillviewexportshyderabad.example.com,2023-10-11
3034,Urban Exports Kochi,Kochi,Wholesale,accounts@urbanexportskochi.example.com,2024-02-25
3035,Green Enterprises Ahmedabad,Ahmedabad,Wholesale,accounts@greenenterprisesahmedaba.example.com,2020-07-15
3036,Laxmi Home Needs Pune,pune,Retail,accounts@laxmihomeneedspune.example.com,11/09/2022
3037,Royal Home Needs Mysuru,Mysuru,Retail,accounts@royalhomeneedsmysuru.example.com,2023-05-19
3038,Mahalaxmi Stores Gurugram,Gurugram,Retail,accounts@mahalaxmistoresgurugram.example.com,2024-12-11
3039,Royal Hotels Thiruvananthapuram,Thiruvananthapuram,Hospitality,accounts@royalhotelsthiruvanantha.example.com,2021-11-14
3040,Silk Route Supermarket Delhi,Delhi,Retail,accounts@silkroutesupermarketdelh.example.com,2022-04-22
3041,Supreme Sai Banquets,Kolkata,Hospitality,accounts@supremesaibanquets.example.com,2021-08-19
3042,Tulsi Inn,Gurugram,Hospitality,accounts@tulsiinn.example.com,2020-10-27
3043,Green Mart Thiruvananthapuram,Thiruvananthapuram,Retail,accounts@greenmartthiruvananthapu.example.com,2020-04-29
3044,Prime Bazaar Kolkata,Kolkata,Retail,accounts@primebazaarkolkata.example.com,2020-01-19
3045,Metro Agencies Mumbai,Mumbai,Wholesale,accounts@metroagenciesmumbai.example.com,2022-03-24
3046,Pearl Traders Delhi,Delhi,Retail,accounts@pearltradersdelhi.example.com,2022-08-09
3047,City Emporium Kolkata,Kolkata,Retail,accounts@cityemporiumkolkata.example.com,2020-06-05
3048,Galaxy Caterers Kolkata,Kolkata,Hospitality,accounts@galaxycatererskolkata.example.com,2025-01-07
3049,Shree Supermarket Hyderabad,Hyderabad,Retail,accounts@shreesupermarkethyderaba.example.com,2021-07-15
3050,Palm Traders Indore,Indore,Retail,accounts@palmtradersindore.example.com,06/11/2021
3051,Harbour Exports Nagpur,Nagpur,Wholesale,accounts@harbourexportsnagpur.example.com,2024-04-21
3052,Supreme Resorts Ludhiana,Ludhiana,Hospitality,accounts@supremeresortsludhiana.example.com,2021-04-02
3053,Silk Route Caterers Thiruvananthapuram,Thiruvananthapuram,Hospitality,accounts@silkroutecaterersthiruva.example.com,2025-09-26
3054,Vijay Inn Guwahati,Guwahati,Hospitality,accounts@vijayinnguwahati.example.com,2023-03-18
3055,Sapphire Kitchens Bengaluru,Bengaluru,Hospitality,accounts@sapphirekitchensbengalur.example.com,2025-06-09
3056,Shree Enterprises Kolkata,Kolkata,Wholesale,accounts@shreeenterpriseskolkata.example.com,02/02/2024
3057,Pearl Banquets,Pune,Hotel/Restaurant,accounts@pearlbanquets.example.com,2025-05-12
3058,Bharat Stores Kochi,Kochi,Retail,accounts@bharatstoreskochi.example.com,2065-01-21
3059,Orchid Resorts Chennai,Chennai,Hospitality,accounts@orchidresortschennai.example.com,2024-03-30
3060,River Side Emporium Ranchi,Ranchi,Retail,accounts@riversideemporiumranchi.example.com,2023-06-25
3061,Jai Hind Banquets Kolkata,Kolkata,Hospitality,accounts@jaihindbanquetskolkata.example.com,30/10/2020
3062,Tulsi General Store Nashik,Nashik,Retail,accounts@tulsigeneralstorenashik.example.com,2020-07-08
3063,Laxmi Depot,Bengaluru,Wholesale,accounts@laxmidepot.example.com,2024-06-26
3064,National Provisions Rajkot,Rajkot,Retail,accounts@nationalprovisionsrajkot.example.com,2025-03-21
3065,Galaxy Inn Bengaluru,Bengaluru,Hospitality,accounts@galaxyinnbengaluru.example.com,2020-10-20
3066,Sai Kitchenware Udaipur,Udaipur,Retail ,accounts@saikitchenwareudaipur.example.com,2024-04-05
3067,Classic General Store Chennai,Madras,Retail,accounts@classicgeneralstorechenn.example.com,2020-08-22
3068,Sai Emporium Thane,Thane,Retail,accounts@saiemporiumthane.example.com,2023-04-22
3069,Maple Emporium Indore,Indore,Retail,accounts@mapleemporiumindore.example.com,2021-11-02
3070,Tulsi Home Needs Gurugram,Gurugram,Retail,accounts@tulsihomeneedsgurugram.example.com,2023-09-18
3071,Coastal Emporium Mumbai,Mumbai,Retail,accounts@coastalemporiummumbai.example.com,2024-05-18
3072,Heritage Cafe,Chandigarh,Hospitality,accounts@heritagecafe.example.com,2023-09-23
3073,Coastal Resorts Ahmedabad,Ahmedabad,Hospitality,accounts@coastalresortsahmedabad.example.com,2021-05-05
3074,Nandi Bazaar Jaipur,Jaipur,Retail,accounts@nandibazaarjaipur.example.com,2023-04-25
3075,Classic Stores Delhi,Delhi,Retail,accounts@classicstoresdelhi.example.com,2020-02-06
3076,Maple Bazaar Bengaluru,Bengaluru,Retail,accounts@maplebazaarbengaluru.example.com,2023-04-17
3077,Maple Wholesale Pune,Pune,Wholesale,accounts@maplewholesalepune.example.com,2023-11-20
3078,Blue Tiffin Services,Chennai,Hospitality,accounts@bluetiffinservices.example.com,30/05/2020
3079,Om Mart Bengaluru,Bengaluru,retail,,2024-07-22
3080,Palm Supermarket Kolkata,Kolkata,Retail,accounts@palmsupermarketkolkata.example.com,2022-09-18
3081,Golden Supermarket Mumbai,mumbai,Retail,accounts@goldensupermarketmumbai.example.com,2020-11-05
3082,Modern Home Needs Chandigarh,Chandigarh,Retail,accounts@modernhomeneedschandigar.example.com,2023-09-05
3083,Shree Home Needs Pune,Pune,Retail,accounts@shreehomeneedspune.example.com,2020-11-07
3084,Sunrise General Store Vadodara,Vadodara,Retail,accounts@sunrisegeneralstorevadod.example.com,2023-02-15
3085,Pearl Traders Ahmedabad,Ahmedabad,retail,accounts@pearltradersahmedabad.example.com,2020-08-07
3086,Shree Tiffin Services Visakhapatnam,Visakhapatnam,Hospitality,accounts@shreetiffinservicesvisak.example.com,2025-06-09
3087,Silk Route General Store Mysuru,Mysore,Retail,accounts@silkroutegeneralstoremys.example.com,2023-02-05
3088,Crystal Bazaar Bengaluru,Bengaluru,Retail,accounts@crystalbazaarbengaluru.example.com,2020-01-25
3089,Orchid Caterers Kolkata,Kolkata,hospitality,accounts@orchidcatererskolkata.example.com,2023-11-12
3090,Star Emporium Lucknow,Lucknow,Retail,accounts@staremporiumlucknow.example.com,2023-12-19
3091,Hill View Emporium Nagpur,Nagpur,Retail,,2021-12-09
3092,Laxmi Emporium Ahmedabad,Ahmedabad,Retail,accounts@laxmiemporiumahmedabad.example.com,2024-09-06
3093,Modern Stores Mangaluru,Mangaluru,Retail,accounts@modernstoresmangaluru.example.com,2021-11-05
3094,Jai Hind Supermarket Gurugram,Gurgaon,Retail,accounts@jaihindsupermarketgurugr.example.com,2020-05-26
3095,Crystal Kitchens,Kanpur,hospitality,accounts@crystalkitchens.example.com,2021-10-11
3096,Silk Route Caterers Visakhapatnam,Vizag,Hospitality,accounts@silkroutecaterersvisakha.example.com,2024-12-11
3097,Mahalaxmi Provisions Patna,Patna,Retail,accounts@mahalaxmiprovisionspatna.example.com,11/12/2024
3098,Ganesh Supermarket Chandigarh,Chandigarh,retail,accounts@ganeshsupermarketchandig.example.com,2023-06-22
3099,Mahalaxmi Bazaar Madurai,Madurai,Retail,accounts@mahalaxmibazaarmadurai.example.com,2022-03-17
3100,Om Depot Delhi,Delhi,Wholesale,accounts@omdepotdelhi.example.com,2021-02-13
3101,Hill View Royal Provisions,Aurangabad,Retail,accounts@hillviewroyalprovisions.example.com,2025-11-04
3102,Bharat Depot,Ranchi,Wholesale,accounts@bharatdepot.example.com,2025-06-21
3103,Krishna Kitchenware Ahmedabad,Ahmedabad,Retail,,2020-08-08
3104,Harbour Restaurant Madurai,Madurai,Hospitality,accounts@harbourrestaurantmadurai.example.com,2024-12-17
3105,Blue Hotels Surat,Surat,Hospitality,accounts@bluehotelssurat.example.com,2022-11-26
3106,Krishna Emporium Madurai,Madurai,Retail,accounts@krishnaemporiummadurai.example.com,2021-02-04
3107,Palm Stores Nashik,Nashik,Retail,accounts@palmstoresnashik.example.com,2020-06-15
3108,Crystal Exports,Pune,Distributor,accounts@crystalexports.example.com,2022-04-02
3109,Sunrise Supermarket Ahmedabad,Ahmedabad,Retail,accounts@sunrisesupermarketahmeda.example.com,2024-03-11
3110,National Emporium Delhi,Delhi,Retail,accounts@nationalemporiumdelhi.example.com,2020-08-31
3111,Star Bazaar Guwahati,Guwahati,Retail ,accounts@starbazaarguwahati.example.com,2022-08-29
3112,Golden Home Needs Nashik,Nashik,Retail,accounts@goldenhomeneedsnashik.example.com,2020-04-03
3113,Ganesh Provisions Chennai,Madras,Retail,accounts@ganeshprovisionschennai.example.com,2022-04-05
3114,Palm Wholesale Nashik,Nashik,Wholesale,accounts@palmwholesalenashik.example.com,2023-11-21
3115,Saffron Depot,Pune,Wholesale,accounts@saffrondepot.example.com,2022-02-14
3116,Royal Bazaar Mumbai,Mumbai,Retail,accounts@royalbazaarmumbai.example.com,2024-04-30
3117,Star Wholesale Mumbai,Mumbai,Wholesale,accounts@starwholesalemumbai.example.com,2021-02-04
3118,Rainbow Depot,Gurugram,Wholesale,accounts@rainbowdepot.example.com,2023-05-01
3119,Urban General Store Thiruvananthapuram,Trivandrum,Retail,accounts@urbangeneralstorethiruva.example.com,2020-07-10
3120,Mahalaxmi Resorts,Agra,Hospitality,accounts@mahalaxmiresorts.example.com,2025-08-19
3121,Orchid Traders Thiruvananthapuram,Thiruvananthapuram,Retail,accounts@orchidtradersthiruvanant.example.com,2021-06-22
3122,Spice Garden Supermarket Pune,Poona,Retail,accounts@spicegardensupermarketpu.example.com,16/10/2022
3123,Orchid Stores Thiruvananthapuram,Trivandrum,Retail,accounts@orchidstoresthiruvananth.example.com,2020-04-21
3124,City Distributors,Chennai,Wholesale,accounts@citydistributors.example.com,2021-10-27
3125,Krishna Emporium Lucknow,Lucknow,Retail,accounts@krishnaemporiumlucknow.example.com,2021-06-17
3126,Supreme General Store Chennai,Chennai,Retail,accounts@supremegeneralstorechenn.example.com,2021-10-23
3127,Urban Stores,Kolkata,Retail,accounts@urbanstores.example.com,2022-06-01
3128,Galaxy Traders Nagpur,Nagpur,Retail,accounts@galaxytradersnagpur.example.com,2020-09-24
3129,Hill View Kitchens Indore,Indore,Hospitality,accounts@hillviewkitchensindore.example.com,2022-03-18
3130,Sapphire Mart Chandigarh,Chandigarh,Retail,accounts@sapphiremartchandigarh.example.com,2025-05-26
3131,Coconut Grove Caterers,Gurgaon,HoReCa,accounts@coconutgrovecaterers.example.com,2023-04-12
3132,Vijay Cafe Delhi,delhi,Hospitality,accounts@vijaycafedelhi.example.com,2020-10-29
3133,Harbour Mart Dehradun,Dehradun,Retail,accounts@harbourmartdehradun.example.com,2021-11-03
3134,Golden Stores Agra,Agra,Retail,accounts@goldenstoresagra.example.com,2021-05-25
3135,Tulsi Harbour Kitchenware,Mangaluru,Retail,accounts@tulsiharbourkitchenware.example.com,2025-08-27
3136,Spice Garden Jai Hind Kitchenware,Mumbai,Retail,accounts@spicegardenjaihindkitche.example.com,2023-12-05
3137,Sapphire Bazaar Goa,Goa,retail,accounts@sapphirebazaargoa.example.com,2020-06-23
3138,New Home Needs Kolkata,Kolkata,Retail,accounts@newhomeneedskolkata.example.com,2025-07-28
3139,Harbour Traders Coimbatore,Coimbatore,Retail,accounts@harbourtraderscoimbatore.example.com,2020-06-07
3140,Sai Provisions Gurugram,Gurugram,Retail,accounts@saiprovisionsgurugram.example.com,2023-01-22
3141,River Side Hotels Mumbai,Mumbai,Hospitality,accounts@riversidehotelsmumbai.example.com,2023-09-17
3142,Saffron Tiffin Services,Kochi,Hospitality,accounts@saffrontiffinservices.example.com,2021-11-09
3143,Sapphire Emporium Udaipur,Udaipur,Retail,accounts@sapphireemporiumudaipur.example.com,2023-08-15
3144,Palm Emporium Madurai,N/A,Retail,accounts@palmemporiummadurai.example.com,02/01/2022
3145,Bharat Kitchenware Rajkot,Rajkot,Retail,accounts@bharatkitchenwarerajkot.example.com,2025-07-22
3146,Hill View Tiffin Services Delhi,Delhi,Hospitality,accounts@hillviewtiffinservicesde.example.com,2020-06-26
3147,Balaji Caterers Chennai,Chennai,Hospitality,accounts@balajicatererschennai.example.com,2023-02-25
3148,River Side Distributors Mumbai,Mumbai,Wholesale,accounts@riversidedistributorsmum.example.com,2021-04-19
3149,Silver Enterprises Guwahati,Guwahati,Wholesale,accounts@silverenterprisesguwahat.example.com,2023-05-19
3150,Om Mart Guwahati,Guwahati,Retail,accounts@ommartguwahati.example.com,2023-12-09
3151,Golden Resorts,N/A,Hospitality,accounts@goldenresorts.example.com,2024-08-31
3152,Golden Provisions Mumbai,Mumbai,Retail,accounts@goldenprovisionsmumbai.example.com,2023-11-06
3153,River Side Banquets Madurai,Madurai,Hospitality,accounts@riversidebanquetsmadurai.example.com,2021-11-16
3154,Spice Garden Cafe,Indore,Hospitality,accounts@spicegardencafe.example.com,2022-01-22
3155,Supreme Supermarket Mumbai,Mumbai,Retail,accounts@supremesupermarketmumbai.example.com,2020-10-05
3156,Nandi Mart Madurai,Madurai,Retail,accounts@nandimartmadurai.example.com,2020-09-11
3157,Vijay Caterers Bhubaneswar,Bhubaneswar,Hospitality,accounts@vijaycaterersbhubaneswar.example.com,2022-04-14
3158,Star Distributors,Chandigarh,Wholesale,accounts@stardistributors.example.com,2021-10-25
3159,Golden Banquets Pune,Pune,Hospitality,accounts@goldenbanquetspune.example.com,2022-05-24
3160,Sapphire Evergreen Provisions,Kolkata,Retail,accounts@sapphireevergreenprovisi.example.com,2022-12-23
3161,Orchid Suppliers Lucknow,Lucknow,Wholesale,accounts@orchidsupplierslucknow.example.com,2025-04-03
3162,Royal Agencies,Dehradun,Wholesale,,2024-01-09
3163,Bharat Silk Route Mart,Ahmedabad,Retail,accounts@bharatsilkroutemart.example.com,2021-04-06
3164,Krishna Kitchenware Mumbai,mumbai,Retail,accounts@krishnakitchenwaremumbai.example.com,2020-10-05
3165,Metro Restaurant Hyderabad,Hyderabad,Hospitality,accounts@metrorestauranthyderabad.example.com,2025-11-26
3166,Sai Bazaar Ahmedabad,Ahmedabad,Retail,accounts@saibazaarahmedabad.example.com,2022-06-04
3167,Jai Hind General Store Delhi,delhi,Retail,accounts@jaihindgeneralstoredelhi.example.com,2021-11-05
3168,Crystal Agencies Mysuru,Mysuru,Wholesale,accounts@crystalagenciesmysuru.example.com,19/02/2024
3169,United Depot,Delhi,Wholesale,accounts@uniteddepot.example.com,17/11/2025
3170,Ganesh Emporium Agra,Agra,Retail,accounts@ganeshemporiumagra.example.com,2023-03-20
3171,Harbour Resorts Pune,Pune,HoReCa,accounts@harbourresortspune.example.com,2023-08-03
3172,Nandi Stores Aurangabad,Aurangabad,Retail,accounts@nandistoresaurangabad.example.com,2025-02-23
3173,Mahalaxmi Depot Mumbai,Mumbai,Wholesale,accounts@mahalaxmidepotmumbai.example.com,2024-07-31
3174,Galaxy Kitchens Thiruvananthapuram,Trivandrum,Hospitality,accounts@galaxykitchensthiruvanan.example.com,2022-06-17
3175,Supreme Caterers Guwahati,Guwahati,Hospitality,accounts@supremecaterersguwahati.example.com,2021-03-27
3176,Jai Hind Kitchenware Bengaluru,Bengaluru,Retail,accounts@jaihindkitchenwarebengal.example.com,2025-04-04
3177,Coastal Emporium Lucknow,Lucknow,Retail,accounts@coastalemporiumlucknow.example.com,2021-03-29
3178,New Emporium Aurangabad,Aurangabad,Retail,accounts@newemporiumaurangabad.example.com,2023-11-07
3179,Modern Supermarket Mumbai,Mumbai,Retail,accounts@modernsupermarketmumbai.example.com,2024-03-07
3180,Nandi Supermarket Ranchi,Ranchi,Retail,accounts@nandisupermarketranchi.example.com,2024-02-05
3181,Coastal Balaji Tiffin Services,Madurai,Hospitality,accounts@coastalbalajitiffinservi.example.com,2025-05-11
3182,Spice Garden Sai Caterers,Delhi,Hospitality,accounts@spicegardensaicaterers.example.com,2024-01-09
3183,Harbour Kitchens Thane,Thane,Hospitality,accounts@harbourkitchensthane.example.com,2020-03-18
3184,Sapphire Enterprises Coimbatore,Coimbatore,wholesale,accounts@sapphireenterprisescoimb.example.com,08/07/2024
3185,Modern Kitchens Bengaluru,Bengaluru,HoReCa,accounts@modernkitchensbengaluru.example.com,2022-04-11
3186,Om Distributors Mumbai,Mumbai,wholesale,accounts@omdistributorsmumbai.example.com,2020-08-31
3187,Bharat Provisions Aurangabad,Aurangabad,Retail,accounts@bharatprovisionsaurangab.example.com,2024-04-24
3188,Ganesh Bazaar Indore,Indore,Retail,accounts@ganeshbazaarindore.example.com,2020-02-29
3189,Spice Garden Bazaar Ranchi,Ranchi,Retail,accounts@spicegardenbazaarranchi.example.com,2025-05-25
3190,Lotus Cafe Chennai,-,Hotel/Restaurant,accounts@lotuscafechennai.example.com,2023-10-28
3191,Vijay Emporium Patna,Patna,Retail,accounts@vijayemporiumpatna.example.com,2023-04-11
3192,United Home Needs Chandigarh,Chandigarh,Retail,accounts@unitedhomeneedschandigar.example.com,2025-03-05
3193,United Kitchenware Surat,Surat,Retail,,2020-11-18
3194,Evergreen Mart Mumbai,Mumbai,Retail,accounts@evergreenmartmumbai.example.com,2020-08-29
3195,Orchid Distributors,Pune,Wholesale,accounts@orchiddistributors.example.com,2024-08-16
3196,Golden Caterers Rajkot,Rajkot,Hotel/Restaurant,accounts@goldencaterersrajkot.example.com,22/02/2022
3197,Green Traders,Jaipur,Retail,,2020-02-15
3198,Metro Kitchenware Nagpur,Nagpur,Retail,accounts@metrokitchenwarenagpur.example.com,2021-04-11
3199,Star General Store Delhi,Delhi,Retail,accounts@stargeneralstoredelhi.example.com,2023-04-27
3200,Golden Cafe Delhi,Delhi,Hospitality,accounts@goldencafedelhi.example.com,14/08/2022
3201,City Hotels,Vadodara,Hospitality,accounts@cityhotels.example.com,2020-06-27
3202,Maple General Store Patna,Patna,Retail,accounts@maplegeneralstorepatna.example.com,2020-07-12
3203,Prime Resorts,Nashik,Hospitality,accounts@primeresorts.example.com,2020-12-19
3204,National Home Needs Pune,unknown,Retail,accounts@nationalhomeneedspune.example.com,2022-02-06
3205,Lotus Traders Visakhapatnam,Visakhapatnam,retail,accounts@lotustradersvisakhapatna.example.com,2022-08-17
3206,Prime Stores Dehradun,Dehradun,Retail,accounts@primestoresdehradun.example.com,2021-10-27
3207,Metro Bazaar Goa,Goa,Retail,accounts@metrobazaargoa.example.com,2021-05-31
3208,New Stores Guwahati,Guwahati,Retail,accounts@newstoresguwahati.example.com,2023-07-14
3209,Urban Mart Raipur,Raipur,RETAIL,accounts@urbanmartraipur.example.com,2025-08-25
3210,Jai Hind Resorts Nagpur,Nagpur,Hospitality,accounts@jaihindresortsnagpur.example.com,2020-08-25
3211,Shree Golden Cafe,Delhi,Hospitality,accounts@shreegoldencafe.example.com,2023-07-05
3212,Silver Emporium Kochi,Kochi,Retail,accounts@silveremporiumkochi.example.com,2022-08-17
3213,Rainbow Emporium Goa,Goa,Retail,accounts@rainbowemporiumgoa.example.com,2024-05-31
3214,Palm Foods Udaipur,Udaipur,hospitality,accounts@palmfoodsudaipur.example.com,2022-05-01
3215,New General Store Hyderabad,Hyderabad,Retail,accounts@newgeneralstorehyderabad.example.com,2020-01-22
3216,United Restaurant Lucknow,Lucknow,Hospitality,accounts@unitedrestaurantlucknow.example.com,2025-06-19
3217,Ganesh Provisions Madurai,Madurai,Retail,accounts@ganeshprovisionsmadurai.example.com,2024-12-09
3218,Nandi Evergreen Stores,Hyderabad ,Retail,accounts@nandievergreenstores.example.com,2025-10-12
3219,Jai Hind Kitchenware Thiruvananthapuram,Trivandrum,Retail,accounts@jaihindkitchenwarethiruv.example.com,2025-03-11
3220,Laxmi Bazaar Coimbatore,Coimbatore,Retail,accounts@laxmibazaarcoimbatore.example.com,2021-08-20
3221,Palm Resorts Bhubaneswar,Bhubaneswar,Hospitality,accounts@palmresortsbhubaneswar.example.com,2024-02-21
3222,Silver Suppliers Madurai,Madurai,Wholesale,,2023-11-27
3223,Om Shree Provisions,unknown,Retail ,accounts@omshreeprovisions.example.com,2023-03-21
3224,City Exports Mumbai,Mumbai,Wholesale,accounts@cityexportsmumbai.example.com,31/10/2021
3225,Classic Home Needs Mumbai,Mumbai,Retail,accounts@classichomeneedsmumbai.example.com,2025-08-07
3226,Star New Mart,Hyderabad,Retail,accounts@starnewmart.example.com,2024-07-17
3227,Classic Tiffin Services Lucknow,Lucknow,Hospitality,,2023-06-08
3228,Mahalaxmi Kitchenware Mysuru,Mysore,Retail,accounts@mahalaxmikitchenwaremysu.example.com,2024-10-12
3229,Krishna Stores Mumbai,Mumbai,Retail,accounts@krishnastoresmumbai.example.com,2022-06-11
3230,National Distributors Patna,Patna,Wholesale,accounts@nationaldistributorspatn.example.com,2020-03-19
3231,Lotus Resorts Mumbai,Mumbai,Hospitality,accounts@lotusresortsmumbai.example.com,2021-08-12
3232,Balaji Mahalaxmi Kitchenware,Bengaluru,Retail,accounts@balajimahalaxmikitchenwa.example.com,2020-10-19
3233,Evergreen Tiffin Services Hyderabad,Hyderabad,Hospitality,accounts@evergreentiffinservicesh.example.com,28/11/2023
3234,City Provisions Mumbai,Mumbai,Retail,accounts@cityprovisionsmumbai.example.com,2021-08-06
3235,City Kitchens Lucknow,Lucknow,Hospitality,accounts@citykitchenslucknow.example.com,2023-01-30
3236,Evergreen Restaurant Mumbai,Bombay,Hospitality,accounts@evergreenrestaurantmumba.example.com,2025-02-24
3237,Rainbow Trading Co,Bengaluru,Wholesale,accounts@rainbowtradingco.example.com,2020-08-16
3238,Sunrise Resorts Pune,pune,Hospitality,accounts@sunriseresortspune.example.com,2024-03-07
3239,Ganesh Inn Jaipur,Jaipur,Hotel/Restaurant,accounts@ganeshinnjaipur.example.com,2022-04-11
3240,Blue Caterers Kolkata,Kolkata,Hospitality,accounts@bluecatererskolkata.example.com,2023-10-27
3241,National Bazaar Dehradun,Dehradun,Retail,accounts@nationalbazaardehradun.example.com,2023-03-03
3242,Nandi Enterprises,Bengaluru,Wholesale,accounts@nandienterprises.example.com,2024-03-15
3243,Classic Agencies,Mysuru,Wholesale,accounts.classicagencies.example.com,09/07/2021
3244,Galaxy Distributors Thiruvananthapuram,Thiruvananthapuram,Wholesale,accounts@galaxydistributorsthiruv.example.com,2024-08-11
3245,Nandi Supermarket Goa,Goa,Retail,accounts@nandisupermarketgoa.example.com,2021-11-23
3246,Lake View Mart Bengaluru,Bengaluru,Retail,accounts@lakeviewmartbengaluru.example.com,2021-03-28
3247,Bharat Resorts Ahmedabad,Ahmedabad,Hospitality,accounts@bharatresortsahmedabad.example.com,2024-12-24
3248,Sapphire Bazaar Hyderabad,Hyderabad,Retail,accounts@sapphirebazaarhyderabad.example.com,2024-03-04
3249,Evergreen Traders Mangaluru,Mangaluru,Retail,accounts@evergreentradersmangalur.example.com,2023-01-01
3250,Palm Stores Thane,Thane,Retail,accounts@palmstoresthane.example.com,2020-07-03
3251,Urban Suppliers,Agra,Wholesale,accounts@urbansuppliers.example.com,2024-09-13
3252,New Suppliers Bengaluru,Bengaluru,Wholesale,accounts@newsuppliersbengaluru.example.com,2022-06-14
3253,Star Trading Co,Mumbai,Wholesale,accounts@startradingco.example.com,2021-11-28
3254,Jai Hind Emporium Indore,Indore,Retail,accounts@jaihindemporiumindore.example.com,2025-07-16
3255,Saffron Trading Co,Mangaluru,WHOLESALE,accounts@saffrontradingco.example.com,2022-08-24
3256,Coastal Home Needs Rajkot,Rajkot,Retail,accounts@coastalhomeneedsrajkot.example.com,2024-05-17
3257,Om Home Needs Surat,Surat,retail,accounts@omhomeneedssurat.example.com,2024-12-03
3258,Sunrise Banquets Bengaluru,Bengaluru ,Hospitality,accounts@sunrisebanquetsbengaluru.example.com,2025-11-12
3259,Golden Stores Gurugram,Gurugram,Retail,accounts@goldenstoresgurugram.example.com,2023-09-24
3260,Rainbow Provisions Ludhiana,Ludhiana,Retail,accounts@rainbowprovisionsludhian.example.com,2025-06-29
3261,Blue Kitchenware Kolkata,Kolkata,Retail,accounts@bluekitchenwarekolkata.example.com,2023-05-12
3262,Nandi Hotels,Kolkata,Hospitality,accounts@nandihotels.example.com,2024-01-04
3263,Supreme Distributors,Thiruvananthapuram,Distributor,accounts@supremedistributors.example.com,2020-01-31
3264,Silk Route Stores Noida,Noida,Retail,,2022-07-18
3265,Modern Tiffin Services Pune,Pune,Hospitality,accounts@moderntiffinservicespune.example.com,2025-07-06
3266,Green Restaurant Jaipur,Jaipur,Hospitality,accounts@greenrestaurantjaipur.example.com,2020-10-24
3267,Sapphire Emporium Nagpur,Nagpur,Retail ,accounts@sapphireemporiumnagpur.example.com,2025-04-09
3268,Green Tiffin Services Dehradun,Dehradun,HoReCa,accounts@greentiffinservicesdehra.example.com,31/12/2023
3269,Nandi Bazaar Delhi,Delhi,RETAIL,accounts@nandibazaardelhi.example.com,2023-05-08
3270,Vijay General Store Hyderabad,Hyderabad,Retail,accounts@vijaygeneralstorehyderab.example.com,2024-04-20
3271,Crystal Trading Co,Chennai,Wholesale,accounts@crystaltradingco.example.com,2023-06-02
3272,Blue Stores Patna,Patna,Retail,accounts@bluestorespatna.example.com,2025-03-10
3273,Green Home Needs Thane,Thane,Retail,accounts@greenhomeneedsthane.example.com,2021-05-05
3274,Bharat Traders Visakhapatnam,Vizag,Retail,accounts@bharattradersvisakhapatn.example.com,2025-06-02
3275,Green Exports,Mumbai,wholesale,accounts@greenexports.example.com,2023-10-20
3276,Harbour Provisions Nagpur,Nagpur,Retail,accounts@harbourprovisionsnagpur.example.com,2024-12-27
3277,Harbour Exports Ludhiana,Ludhiana,Wholesale,accounts@harbourexportsludhiana.example.com,2020-07-23
3278,Nandi Home Needs Udaipur,Udaipur,Retail,accounts@nandihomeneedsudaipur.example.com,2022-04-29
3279,Jai Hind General Store Ahmedabad,Ahmedabad,Retail,accounts@jaihindgeneralstoreahmed.example.com,2025-02-08
3280,Blue Mart Bhubaneswar,Bhubaneswar,retail,accounts@bluemartbhubaneswar.example.com,2023-06-04
3281,City Stores Agra,Agra,Retail,accounts@citystoresagra.example.com,29/03/2020
3282,Nandi Hotels Thiruvananthapuram,Thiruvananthapuram,Hospitality,accounts@nandihotelsthiruvanantha.example.com,24/04/2025
3283,Lotus Tulsi Bazaar,Delhi,Retail,accounts@lotustulsibazaar.example.com,2021-07-04
3284,City Home Needs Mumbai,Mumbai,Retail,accounts@cityhomeneedsmumbai.example.com,06/03/2025
3285,United Inn Noida,Noida,Hospitality,accounts@unitedinnnoida.example.com,2022-01-03
3286,Modern Tiffin Services Gurugram,Gurgaon,Hospitality,accounts@moderntiffinservicesguru.example.com,2022-02-07
3287,Ganesh Provisions Gurugram,Gurugram,Retail,accounts@ganeshprovisionsgurugram.example.com,2021-03-21
3288,Star Banquets Surat,Surat,Hospitality,accounts@starbanquetssurat.example.com,2022-01-20
3289,Orchid Emporium Delhi,Delhi,Retail,accounts@orchidemporiumdelhi.example.com,2024-03-29
3290,Coconut Grove Kitchens Delhi,Delhi,Hospitality,accounts@coconutgrovekitchensdelh.example.com,2022-04-26
3291,United Stores Hyderabad,Hyderabad,Retail,accounts@unitedstoreshyderabad.example.com,2024-03-23
3292,Green Inn Mumbai,Mumbai,Hospitality,accounts@greeninnmumbai.example.com,2024-12-23
3293,Mahalaxmi Foods Thane,Thane,Hospitality,accounts@mahalaxmifoodsthane.example.com,2024-06-03
3294,Blue Banquets Mysuru,Mysuru,hospitality,accounts@bluebanquetsmysuru.example.com,18/02/2025
3295,Rainbow Suppliers Ahmedabad,Ahmedabad,Wholesale,accounts@rainbowsuppliersahmedaba.example.com,2020-03-08
3296,New Bazaar Ahmedabad,Ahmedabad,Retail,accounts@newbazaarahmedabad.example.com,2021-03-31
3297,River Side Kitchens Coimbatore,Coimbatore,hospitality,accounts@riversidekitchenscoimbat.example.com,2021-12-10
3298,National Wholesale,Madurai,Distributor,,2023-02-12
3299,Supreme Banquets,Kochi,Hospitality,accounts@supremebanquets.example.com,2025-06-15
3300,Balaji Supermarket Bhubaneswar,Bhubaneswar,Retail,accounts@balajisupermarketbhubane.example.com,2021-05-14
3301,Golden Prime Emporium,Chennai,Retail,accounts@goldenprimeemporium.example.com,29/11/2020
3302,Classic Depot Ludhiana,Ludhiana,Wholesale,accounts@classicdepotludhiana.example.com,2025-06-06
3303,Modern Provisions Delhi,Delhi,Retail,accounts@modernprovisionsdelhi.example.com,2020-09-16
3304,Metro Caterers,Kolkata,Hospitality,accounts@metrocaterers.example.com,2023-09-30
3305,Heritage Kitchenware,Indore,Retail,,2021-05-05
3306,Sapphire Distributors Coimbatore,Coimbatore,Wholesale,accounts@sapphiredistributorscoim.example.com,2025-02-05
3307,Palm Home Needs Dehradun,Dehradun,Retail,accounts@palmhomeneedsdehradun.example.com,2022-09-06
3308,Modern Bazaar Pune,Pune,Retail,accounts@modernbazaarpune.example.com,2024-07-08
3309,Spice Garden Bharat General Store,Chennai,Retail,accounts@spicegardenbharatgeneral.example.com,2022-08-28
3310,Balaji Stores Delhi,Delhi,Retail,accounts@balajistoresdelhi.example.com,2025-02-17
3311,Coastal Restaurant Jaipur,Jaipur,Hospitality,accounts@coastalrestaurantjaipur.example.com,2025-03-05
3312,Coastal Stores Visakhapatnam,Visakhapatnam,Retail,accounts@coastalstoresvisakhapatn.example.com,2025-09-09
3313,Silver Kitchenware Visakhapatnam,Visakhapatnam,Retail,accounts@silverkitchenwarevisakha.example.com,2023-11-03
3314,Classic Traders Guwahati,Guwahati,retail,accounts@classictradersguwahati.example.com,2024-08-15
3315,Jai Hind Exports,Poona,Wholesale,accounts@jaihindexports.example.com,2024-08-22
3316,Om Inn Madurai,Madurai,Hospitality,accounts@ominnmadurai.example.com,03/10/2023
3317,Palm Logistics,Chennai,Wholesale,accounts@palmlogistics.example.com,2020-10-13
3318,Tulsi Bazaar Delhi,Delhi,Retail,accounts@tulsibazaardelhi.example.com,17/04/2025
3319,Sunrise Hotels Guwahati,Guwahati,Hospitality,accounts@sunrisehotelsguwahati.example.com,2024-08-20
3320,Ganesh Mart Gurugram,Gurugram,Retail,accounts@ganeshmartgurugram.example.com,2022-08-10
3321,Urban Home Needs Chennai,Chennai,Retail,accounts@urbanhomeneedschennai.example.com,2020-09-12
3322,Silk Route Tiffin Services Kolkata,Kolkata,Hospitality,accounts@silkroutetiffinservicesk.example.com,2023-11-09
3323,River Side Inn Kochi,Kochi,Hospitality,accounts@riversideinnkochi.example.com,2021-06-05
3324,Silk Route Sunrise Traders,Dehradun,Retail,accounts@silkroutesunrisetraders.example.com,2022-11-18
3325,Spice Garden Provisions Chennai,Chennai,Retail,accounts@spicegardenprovisionsche.example.com,2020-09-17
3326,Hill View Enterprises,Pune,Wholesale,accounts@hillviewenterprises.example.com,2021-06-27
3327,National Caterers Bengaluru,Bengaluru,Hospitality,accounts@nationalcaterersbengalur.example.com,2020-02-20
3328,Mahalaxmi Stores Mumbai,Mumbai,Retail,accounts@mahalaxmistoresmumbai.example.com,2020-06-30
3329,Sunrise Supermarket Indore,Indore,Retail,accounts@sunrisesupermarketindore.example.com,2025-10-02
3330,City Traders Bengaluru,Bengaluru,Retail ,accounts@citytradersbengaluru.example.com,2020-10-30
3331,United Distributors,Aurangabad,Wholesale,accounts@uniteddistributors.example.com,2020-01-30
3332,Classic Banquets Hyderabad,Hyderabad ,Hospitality,accounts@classicbanquetshyderabad.example.com,2024-08-03
3333,Harbour Inn Kolkata,Kolkata,Hospitality,accounts.harbourinnkolkata.example.com,2024-02-20
3334,Lotus Cafe Pune,Pune,Hotel/Restaurant,accounts@lotuscafepune.example.com,2021-09-29
3335,Royal Hotels Pune,Pune,Hospitality,accounts@royalhotelspune.example.com,2022-02-08
3336,Modern Supermarket Kanpur,Kanpur,Retail,accounts@modernsupermarketkanpur.example.com,2021-02-27
3337,New Tiffin Services,Visakhapatnam,Hospitality,accounts.newtiffinservices.example.com,2023-04-21
3338,River Side Stores Surat,Surat,retail,accounts@riversidestoressurat.example.com,2025-02-01
3339,Lotus Stores Gurugram,Gurugram,Retail,accounts@lotusstoresgurugram.example.com,2020-05-09
3340,Palm Bazaar Delhi,Delhi,Retail,accounts@palmbazaardelhi.example.com,2020-01-15
3341,Maple Bazaar Kolkata,Kolkata,Retail,accounts@maplebazaarkolkata.example.com,2023-01-06
3342,Royal Mart Mumbai,Mumbai,Retail,accounts@royalmartmumbai.example.com,2020-11-01
3343,Coastal Traders Rajkot,Rajkot,Retail,accounts@coastaltradersrajkot.example.com,2024-02-10
3344,Nandi Restaurant Surat,Surat,Hospitality,,2020-01-18
3345,Lake View Inn Gurugram,Gurgaon,Hospitality,accounts@lakeviewinngurugram.example.com,2021-06-27
3346,Pearl Bazaar,Thiruvananthapuram,Retail ,accounts@pearlbazaar.example.com,2024-10-11
3347,Palm Enterprises Bhubaneswar,Bhubaneswar,Wholesale,accounts@palmenterprisesbhubanesw.example.com,2023-06-15
3348,Golden Mart Ludhiana,Ludhiana,Retail,accounts@goldenmartludhiana.example.com,2021-12-08
3349,Om Bazaar Patna,Patna,Retail,accounts@ombazaarpatna.example.com,2021-12-09
3350,Bharat Mart Thane,Thane,Retail,accounts@bharatmartthane.example.com,2024-07-09
3351,New Trading Co Mumbai,Mumbai,Wholesale,accounts@newtradingcomumbai.example.com,2021-09-22
3352,Krishna General Store Indore,Indore,Retail,accounts@krishnageneralstoreindor.example.com,2022-08-06
3353,Lotus Emporium Mumbai,Mumbai,RETAIL,accounts@lotusemporiummumbai.example.com,2021-04-05
3354,Urban Stores Kochi,Kochi,Retail,accounts@urbanstoreskochi.example.com,2025-08-02
3355,Tulsi Traders Ahmedabad,Ahmedabad,Retail,accounts@tulsitradersahmedabad.example.com,08/09/2023
3356,Silk Route Wholesale Delhi,Delhi,WHOLESALE,accounts@silkroutewholesaledelhi.example.com,07/02/2021
3357,Orchid Provisions Delhi,Delhi,Retail,accounts@orchidprovisionsdelhi.example.com,2020-06-14
3358,Balaji Supermarket Madurai,Madurai,Retail,accounts@balajisupermarketmadurai.example.com,2020-10-28
3359,Bharat General Store Bengaluru,bengaluru,Retail,accounts@bharatgeneralstorebengal.example.com,2020-08-04
3360,Hill View Traders Pune,pune,Retail,accounts@hillviewtraderspune.example.com,2020-12-15
3361,Nandi Logistics Nashik,Nashik,Wholesale,accounts@nandilogisticsnashik.example.com,2024-08-15
3362,Orchid Caterers Mumbai,MUMBAI,Hospitality,accounts@orchidcaterersmumbai.example.com,2020-03-17
3363,Coastal Traders Bengaluru,Bengaluru,Retail,accounts@coastaltradersbengaluru.example.com,2023-03-04
3364,Maple Kitchenware Kolkata,Kolkata,Retail,accounts@maplekitchenwarekolkata.example.com,2025-05-29
3365,Palm Stores Kolkata,Kolkata,Retail,accounts@palmstoreskolkata.example.com,2021-03-22
3366,Prime Mart Nagpur,Nagpur,Retail,accounts@primemartnagpur.example.com,2022-07-07
3367,Tulsi Home Needs Noida,Noida,Retail,accounts@tulsihomeneedsnoida.example.com,2021-01-18
3368,New General Store Udaipur,Udaipur,Retail,accounts@newgeneralstoreudaipur.example.com,17/07/2025
3369,Supreme Traders Kanpur,Kanpur,Retail,accounts@supremetraderskanpur.example.com,2023-03-16
3370,United Restaurant Kanpur,Kanpur,Hospitality,accounts@unitedrestaurantkanpur.example.com,2021-12-07
3371,Prime Traders Kanpur,Kanpur,Retail,accounts@primetraderskanpur.example.com,2024-06-07
3372,Sapphire Kitchenware Bengaluru,Bengaluru,Retail,accounts@sapphirekitchenwarebenga.example.com,2024-10-15
3373,Mahalaxmi Provisions Bengaluru,Bengaluru,Retail,accounts@mahalaxmiprovisionsbenga.example.com,2022-01-06
3374,Pearl Cafe,Mumbai,Hospitality,accounts@pearlcafe.example.com,2025-07-14
3375,Urban Supermarket Visakhapatnam,Visakhapatnam,Retail,accounts@urbansupermarketvisakhap.example.com,2025-08-01
3376,Metro Banquets Coimbatore,Coimbatore,Hospitality,accounts@metrobanquetscoimbatore.example.com,2024-11-20
3377,Mahalaxmi Traders Chennai,Chennai,Retail,accounts@mahalaxmitraderschennai.example.com,2021-03-04
3378,Maple Bazaar Ahmedabad,Ahmedabad,Retail,accounts@maplebazaarahmedabad.example.com,2020-06-02
3379,Mahalaxmi Kitchenware Noida,Noida,Retail,accounts@mahalaxmikitchenwarenoid.example.com,2023-08-19
3380,Balaji General Store Ranchi,Ranchi,Retail,accounts@balajigeneralstoreranchi.example.com,2020-05-01
3381,Coastal Foods Goa,Goa,Hospitality,accounts@coastalfoodsgoa.example.com,2022-07-15
3382,National Stores Chandigarh,Chandigarh,RETAIL,accounts@nationalstoreschandigarh.example.com,2022-05-30
3383,Urban Kitchenware Bengaluru,Bengaluru,Retail,accounts@urbankitchenwarebengalur.example.com,2020-02-05
3384,Heritage Green Kitchens,Kolkata,Hospitality,accounts@heritagegreenkitchens.example.com,2025-09-06
3385,Coconut Grove Bharat Kitchenware,Bengaluru,Retail,accounts@coconutgrovebharatkitche.example.com,2024-04-27
3386,Coastal Home Needs Delhi,Delhi,Retail,accounts@coastalhomeneedsdelhi.example.com,2024-02-04
3387,Coastal Caterers Kolkata,Kolkata,Hospitality,accounts@coastalcatererskolkata.example.com,2021-10-01
3388,Evergreen Kitchens Udaipur,Udaipur,Hospitality,accounts@evergreenkitchensudaipur.example.com,2020-01-20
3389,Galaxy Traders Bhubaneswar,Bhubaneswar,Retail,accounts@galaxytradersbhubaneswar.example.com,2023-12-25
3390,United Tiffin Services Delhi,Delhi,Hospitality,,2021-07-04
3391,Mahalaxmi Kitchens Indore,Indore,Hospitality,accounts@mahalaxmikitchensindore.example.com,2022-10-05
3392,Mahalaxmi Supermarket Chennai,Chennai,Retail,accounts@mahalaxmisupermarketchen.example.com,2024-08-08
3393,Sapphire Banquets,Mumbai,Hospitality,accounts@sapphirebanquets.example.com,2021-10-07
3394,Silver Hotels Hyderabad,Hyderabad,Hotel/Restaurant,accounts@silverhotelshyderabad.example.com,2024-08-18
3395,Krishna Bazaar Ahmedabad,Ahmedabad,Retail,accounts@krishnabazaarahmedabad.example.com,2025-10-25
3396,Lotus Inn Delhi,Delhi,Hospitality,accounts@lotusinndelhi.example.com,2021-10-09
3397,Star Foods Delhi,Delhi,Hospitality,accounts@starfoodsdelhi.example.com,2021-06-25
3398,Laxmi Logistics,Raipur,Wholesale,accounts@laxmilogistics.example.com,2022-11-01
3399,Lotus Home Needs Jaipur,Jaipur,RETAIL,accounts@lotushomeneedsjaipur.example.com,12/12/2023
3400,Classic Metro Home Needs,Indore,Retail,accounts@classicmetrohomeneeds.example.com,2021-07-19
3401,City Stores Hyderabad,Hyderabad,Retail,accounts@citystoreshyderabad.example.com,2022-01-03
3402,Supreme General Store Nashik,Nashik,Retail,accounts@supremegeneralstorenashi.example.com,16/08/2024
3403,Coastal Emporium Kolkata,Kolkata,Retail,,2020-06-07
3404,River Side Stores Kanpur,Kanpur,Retail,accounts@riversidestoreskanpur.example.com,2023-04-16
3405,Evergreen Stores Vadodara,Vadodara,Retail,accounts@evergreenstoresvadodara.example.com,2020-11-28
3406,Hill View Caterers Delhi,Delhi,Hospitality,accounts@hillviewcaterersdelhi.example.com,2020-12-07
3407,Ganesh Provisions Mumbai,Mumbai,Retail,accounts@ganeshprovisionsmumbai.example.com,2024-07-06
3408,Mahalaxmi Trading Co,Indore,Wholesale,accounts@mahalaxmitradingco.example.com,2024-08-27
3409,Pearl Kitchenware Mysuru,Mysuru,Retail,accounts@pearlkitchenwaremysuru.example.com,2022-02-22
3410,Crystal Provisions Agra,Agra,Retail,accounts@crystalprovisionsagra.example.com,2024-11-08
3411,Vijay Resorts,Rajkot,Hospitality,accounts@vijayresorts.example.com,2023-05-12
3412,Palm Kitchens Madurai,NULL,hospitality,accounts@palmkitchensmadurai.example.com,2023-03-02
3413,Nandi Foods,Hyderabad,Hospitality,accounts@nandifoods.example.com,2022-04-16
3414,Vijay Provisions Visakhapatnam,Visakhapatnam,Retail,accounts@vijayprovisionsvisakhapa.example.com,2024-05-01
3415,Green Logistics,Ranchi,Wholesale,accounts@greenlogistics.example.com,2021-10-23
3416,Jai Hind Bazaar Udaipur,Udaipur,Retail,accounts@jaihindbazaarudaipur.example.com,2021-12-12
3417,Harbour Traders Kochi,Kochi,Retail,accounts@harbourtraderskochi.example.com,2023-06-24
3418,Blue Provisions Jaipur,Jaipur,Retail ,accounts@blueprovisionsjaipur.example.com,2024-10-24
3419,Sunrise Trading Co,Mumbai,Wholesale,accounts@sunrisetradingco.example.com,2023-04-18
3420,Shree Supermarket Thiruvananthapuram,Thiruvananthapuram,Retail,accounts@shreesupermarketthiruvan.example.com,2024-04-24
3421,Evergreen Provisions Pune,Pune,RETAIL,accounts@evergreenprovisionspune.example.com,2021-02-04
3422,Blue City General Store,Bengaluru,Retail,accounts@bluecitygeneralstore.example.com,2020-07-30
3423,River Side General Store Hyderabad,Hyderabad,Retail,accounts@riversidegeneralstorehyd.example.com,2025-06-18
3424,Royal Hotels Jaipur,Jaipur,Hospitality,accounts@royalhotelsjaipur.example.com,2020-03-18
3425,Royal Exports Udaipur,Udaipur,Wholesale,accounts@royalexportsudaipur.example.com,2023-09-05
3426,Harbour Foods Rajkot,Rajkot,Hospitality,accounts@harbourfoodsrajkot.example.com,05/06/2023
3427,Prime Stores Madurai,Madurai,Retail,accounts@primestoresmadurai.example.com,2020-06-09
3428,Nandi Emporium Kanpur,Kanpur,Retail,accounts@nandiemporiumkanpur.example.com,2021-09-30
3429,Maple General Store Kanpur,Kanpur,Retail ,accounts@maplegeneralstorekanpur.example.com,2024-08-24
3430,Sai Wholesale Mysuru,Mysore,Wholesale,,2020-08-07
3431,Lotus Tiffin Services,Lucknow,Hospitality,accounts@lotustiffinservices.example.com,29/06/2020
3432,Hill View Emporium Nashik,Nashik,Retail,accounts@hillviewemporiumnashik.example.com,2024-03-19
3433,Harbour Bazaar,Delhi,RETAIL,accounts@harbourbazaar.example.com,2024-05-27
3434,United Orchid Provisions,Delhi,Retail,accounts@unitedorchidprovisions.example.com,26/02/2025
3435,Coconut Grove Bazaar Mumbai,Mumbai,Retail,accounts@coconutgrovebazaarmumbai.example.com,2022-06-22
3436,Bharat Wholesale Bengaluru,bengaluru,Wholesale,accounts@bharatwholesalebengaluru.example.com,2022-05-04
3437,Urban Tiffin Services Ahmedabad,Ahmedabad,Hospitality,accounts@urbantiffinservicesahmed.example.com,2023-09-11
3438,Lake View Exports Ahmedabad,Ahmedabad,Wholesale,accounts@lakeviewexportsahmedabad.example.com,03/03/2023
3439,Evergreen Banquets Mumbai,Mumbai,Hospitality,accounts@evergreenbanquetsmumbai.example.com,2022-04-23
3440,Evergreen Bazaar Vadodara,Vadodara,Retail,accounts@evergreenbazaarvadodara.example.com,2024-04-07
3441,New Tiffin Services Ahmedabad,Ahmedabad,Hospitality,accounts@newtiffinservicesahmedab.example.com,2024-12-16
3442,City City Supermarket,-,Retail,accounts@citycitysupermarket.example.com,01/10/2021
3443,City Mart Chennai,chennai,Retail,accounts@citymartchennai.example.com,2025-05-09
3444,Tulsi Provisions Pune,Pune,Retail,accounts@tulsiprovisionspune.example.com,2025-06-30
3445,Om Bazaar Thiruvananthapuram,Thiruvananthapuram,Retail,accounts@ombazaarthiruvananthapur.example.com,2024-01-21
3446,Spice Garden Traders,Nagpur,Retail,accounts@spicegardentraders.example.com,2023-11-27
3447,Spice Garden Stores Delhi,Delhi,Retail,accounts@spicegardenstoresdelhi.example.com,2021-02-22
3448,National Kitchens Goa,Goa,Hotel/Restaurant,accounts@nationalkitchensgoa.example.com,2025-05-20
3449,Balaji Hotels Nashik,Nashik,Hospitality,accounts@balajihotelsnashik.example.com,2024-03-16
3450,Urban Provisions Bengaluru,Bengaluru,Retail,accounts@urbanprovisionsbengaluru.example.com,2021-12-19
3451,Krishna Supermarket Ahmedabad,Ahmedabad,Retail,accounts@krishnasupermarketahmeda.example.com,14/05/2021
3452,Blue Inn Madurai,Madurai,Hospitality,accounts@blueinnmadurai.example.com,2024-11-03
3453,National Supermarket Raipur,Raipur,Retail,accounts@nationalsupermarketraipu.example.com,2022-09-06
3454,Galaxy Kitchens Patna,Patna,Hospitality,accounts@galaxykitchenspatna.example.com,2022-08-20
3455,Galaxy Banquets Ahmedabad,Ahmedabad,Hospitality,accounts@galaxybanquetsahmedabad.example.com,2023-03-24
3456,Prime Logistics Indore,Indore,Wholesale,accounts@primelogisticsindore.example.com,2022-01-02
3457,Sapphire General Store Raipur,Raipur,Retail,accounts@sapphiregeneralstoreraip.example.com,2023-02-02
3458,Sunrise Stores Mysuru,Mysuru,RETAIL,accounts@sunrisestoresmysuru.example.com,2022-01-24
3459,Mahalaxmi Provisions Kolkata,Kolkata,Retail,accounts@mahalaxmiprovisionskolka.example.com,2023-09-28
3460,Hill View Vijay General Store,Chandigarh,Retail,accounts@hillviewvijaygeneralstor.example.com,2020-09-07
3461,Urban Kitchens Madurai,Madurai,Hospitality,accounts@urbankitchensmadurai.example.com,2020-11-15
3462,Balaji Resorts Bhubaneswar,Bhubaneswar,Hospitality,accounts@balajiresortsbhubaneswar.example.com,2021-06-22
3463,City Exports Bengaluru,Bengaluru,Wholesale,accounts@cityexportsbengaluru.example.com,2022-09-24
3464,Metro Enterprises Patna,Patna,Wholesale,accounts@metroenterprisespatna.example.com,2025-06-16
3465,Sunrise Supermarket Aurangabad,Aurangabad,Retail,accounts@sunrisesupermarketaurang.example.com,2022-06-02
3466,Harbour Inn Hyderabad,Hyderabad,Hospitality,accounts@harbourinnhyderabad.example.com,2025-02-21
3467,Sai Agencies,Chennai,Wholesale,accounts@saiagencies.example.com,01/04/2022
3468,Coconut Grove Trading Co,Ranchi,Wholesale,accounts@coconutgrovetradingco.example.com,2025-01-10
3469,Green Blue Bazaar,Chandigarh,Retail,accounts@greenbluebazaar.example.com,2025-02-14
3470,Balaji Restaurant,Hyderabad,Hospitality,accounts@balajirestaurant.example.com,23/05/2021
3471,Maple Traders Raipur,Raipur,retail,accounts@mapletradersraipur.example.com,2021-07-19
3472,Nandi Emporium Chennai,Chennai,retail,accounts@nandiemporiumchennai.example.com,2021-01-04
3473,Ganesh Kitchenware Raipur,Raipur,Retail,accounts@ganeshkitchenwareraipur.example.com,2022-05-13
3474,Evergreen Foods Udaipur,Udaipur,Hospitality,accounts@evergreenfoodsudaipur.example.com,2020-10-22
3475,Star Stores Pune,Pune,Retail,accounts@starstorespune.example.com,2025-06-26
3476,Maple National General Store,Pune,Retail,accounts@maplenationalgeneralstor.example.com,2022-12-14
3477,Om Kitchens Bengaluru,Bengaluru,Hospitality,accounts@omkitchensbengaluru.example.com,2021-12-04
3478,Tulsi Bazaar Patna,Patna,Retail,accounts@tulsibazaarpatna.example.com,01/12/2021
3479,River Side Kitchens Visakhapatnam,Vizag,Hospitality,accounts@riversidekitchensvisakha.example.com,2021-02-20
3480,Classic Home Needs Kolkata,Kolkata,Retail,accounts@classichomeneedskolkata.example.com,2025-11-16
3481,Silver General Store Bengaluru,unknown,Retail,accounts@silvergeneralstorebengal.example.com,2023-10-12
3482,Shree Suppliers,Ahmedabad,wholesale,accounts@shreesuppliers.example.com,2020-07-02
3483,New Home Needs Chennai,Chennai,Retail,accounts@newhomeneedschennai.example.com,2024-05-20
3484,Modern General Store Surat,Surat,RETAIL,accounts@moderngeneralstoresurat.example.com,2021-06-02
3485,Hill View Bazaar Bengaluru,Bengaluru,Retail,accounts@hillviewbazaarbengaluru.example.com,2023-07-11
3486,Golden General Store Kochi,Kochi,Retail,accounts@goldengeneralstorekochi.example.com,2023-01-23
3487,Silver Caterers Kolkata,kolkata,Hospitality,accounts@silvercatererskolkata.example.com,2022-02-06
3488,Spice Garden Kitchenware Goa,Goa,Retail,accounts@spicegardenkitchenwarego.example.com,2020-12-21
3489,Hill View Logistics Bengaluru,Bengaluru,Wholesale,accounts@hillviewlogisticsbengalu.example.com,2021-02-06
3490,Crystal General Store Lucknow,Lucknow,Retail,accounts@crystalgeneralstoreluckn.example.com,2020-11-22
3491,Maple Resorts Kochi,Kochi,Hospitality,accounts@mapleresortskochi.example.com,2020-02-23
3492,Classic Restaurant,Trivandrum,Hospitality,accounts@classicrestaurant.example.com,2020-02-06
3493,New Home Needs Hyderabad,Hyderabad,Retail,accounts@newhomeneedshyderabad.example.com,02/09/2020
3494,City Stores Udaipur,Udaipur,Retail,accounts@citystoresudaipur.example.com,22/12/2024
3495,Hill View Stores Hyderabad,Hyderabad ,Retail,accounts@hillviewstoreshyderabad.example.com,2021-08-24
3496,Lotus Mart Hyderabad,Hyderabad,Retail,accounts@lotusmarthyderabad.example.com,2022-04-29
3497,Laxmi Depot Mysuru,Mysore,Wholesale,accounts@laxmidepotmysuru.example.com,2024-06-26
3498,Coconut Grove Bazaar Patna,Patna,Retail,accounts@coconutgrovebazaarpatna.example.com,2024-09-01
3499,Silver Wholesale Rajkot,Rajkot,Wholesale,accounts@silverwholesalerajkot.example.com,2023-10-08
3500,New Provisions Guwahati,Guwahati,Retail,accounts@newprovisionsguwahati.example.com,2025-03-30
3501,Silver Kitchens Ahmedabad,Ahmedabad,Hotel/Restaurant,accounts@silverkitchensahmedabad.example.com,2021-04-01
3502,Sapphire Bazaar Mumbai,mumbai,Retail,accounts@sapphirebazaarmumbai.example.com,04/12/2023
3503,Blue Wholesale,Nashik,Wholesale,accounts@bluewholesale.example.com,2024-04-15
3504,Sunrise General Store Madurai,Madurai,Retail,accounts@sunrisegeneralstoremadur.example.com,2025-07-29
3505,Blue Traders Patna,Patna,Retail,accounts@bluetraderspatna.example.com,2022-02-18
3506,Prime Traders Thane,Thane,Retail,accounts@primetradersthane.example.com,2020-01-15
3507,Vijay Kitchens Rajkot,Rajkot,Hospitality,accounts@vijaykitchensrajkot.example.com,2022-12-23
3508,Golden Depot,Bengaluru,Wholesale,accounts@goldendepot.example.com,2020-05-15
3509,Metro Home Needs Kanpur,Kanpur,Retail,accounts@metrohomeneedskanpur.example.com,2025-01-14
3510,National Distributors Coimbatore,Coimbatore,Wholesale,accounts@nationaldistributorscoim.example.com,2020-11-11
3511,Lake View Stores Mumbai,Mumbai,Retail,,2023-08-21
3512,Prime Mart Ludhiana,Ludhiana,Retail,accounts@primemartludhiana.example.com,2020-06-12
3513,Classic Home Needs Noida,Noida,Retail,accounts@classichomeneedsnoida.example.com,2022-03-16
3514,Sapphire Emporium Gurugram,Gurugram,Retail,accounts@sapphireemporiumgurugram.example.com,2024-10-04
3515,Golden Inn Ahmedabad,Ahmedabad,Hospitality,accounts@goldeninnahmedabad.example.com,2020-05-27
3516,Modern Kitchenware Mumbai,Mumbai,Retail,accounts@modernkitchenwaremumbai.example.com,2023-09-16
3517,Jai Hind Supermarket Coimbatore,Coimbatore,Retail,accounts@jaihindsupermarketcoimba.example.com,2023-03-06
3518,Lotus Restaurant Chennai,Chennai,Hospitality,accounts@lotusrestaurantchennai.example.com,2023-03-07
3519,Modern Restaurant Kanpur,Kanpur,Hospitality,accounts@modernrestaurantkanpur.example.com,2020-01-14
3520,Pearl Logistics,Raipur,Wholesale,accounts@pearllogistics.example.com,2022-05-20
3521,River Side Caterers Madurai,Madurai,Hospitality,accounts@riversidecaterersmadurai.example.com,2020-01-28
3522,Om Cafe Madurai,Madurai,Hospitality,accounts@omcafemadurai.example.com,2025-08-03
3523,Saffron Silver Restaurant,Ahmedabad,Hospitality,accounts@saffronsilverrestaurant.example.com,2023-11-14
3524,Golden Home Needs Chennai,Chennai,Retail,accounts@goldenhomeneedschennai.example.com,2020-02-13
3525,Supreme Stores,Chandigarh,Retail,accounts@supremestores.example.com,2020-07-29
3526,Om Caterers Nagpur,Nagpur,Hospitality,accounts@omcaterersnagpur.example.com,04/05/2024
3527,Mahalaxmi General Store Hyderabad,Hyderabad,Retail,accounts@mahalaxmigeneralstorehyd.example.com,2023-11-12
3528,River Side Home Needs Pune,Pune,Retail,accounts@riversidehomeneedspune.example.com,2023-05-13
3529,Royal Lake View Emporium,Mumbai,Retail ,accounts@royallakeviewemporium.example.com,2025-04-15
3530,Lake View General Store Mumbai,Mumbai,Retail,accounts@lakeviewgeneralstoremumb.example.com,2021-04-05
3531,Modern Kitchenware Rajkot,Rajkot,Retail,accounts@modernkitchenwarerajkot.example.com,2022-03-07
3532,Galaxy Home Needs Surat,Surat,RETAIL,accounts@galaxyhomeneedssurat.example.com,2020-02-04
3533,Coastal Kitchenware Indore,Indore,Retail,accounts@coastalkitchenwareindore.example.com,14/11/2020
3534,Lotus Restaurant Mumbai,Mumbai,Hospitality,accounts@lotusrestaurantmumbai.example.com,2022-02-25
3535,Golden Inn Rajkot,Rajkot,Hospitality,accounts@goldeninnrajkot.example.com,2023-09-07
3536,Golden General Store Pune,Pune,Retail,accounts@goldengeneralstorepune.example.com,2022-11-08
3537,Lake View Depot Kanpur,Kanpur,Wholesale,accounts@lakeviewdepotkanpur.example.com,2023-12-01
3538,Prime Home Needs Ahmedabad,Ahmedabad,Retail,accounts@primehomeneedsahmedabad.example.com,2022-04-03
3539,Galaxy Supermarket Nagpur,Nagpur,Retail,accounts@galaxysupermarketnagpur.example.com,29/12/2021
3540,Star Silk Route Provisions,Kolkata,Retail,accounts@starsilkrouteprovisions.example.com,2024-06-19
3541,Modern Provisions Udaipur,Udaipur,Retail,accounts@modernprovisionsudaipur.example.com,2023-01-07
3542,Orchid Emporium Gurugram,Gurugram,Retail,accounts@orchidemporiumgurugram.example.com,2020-10-09
3543,River Side General Store Delhi,delhi,Retail,accounts@riversidegeneralstoredel.example.com,2025-07-04
3544,River Side Emporium Vadodara,Vadodara,Retail,accounts@riversideemporiumvadodar.example.com,2021-10-02
3545,National Bazaar Mangaluru,Mangaluru,Retail,accounts@nationalbazaarmangaluru.example.com,2020-08-11
3546,Galaxy Depot,Coimbatore,Wholesale,accounts@galaxydepot.example.com,2025-07-28
3547,Om Home Needs Bhubaneswar,Bhubaneswar,Retail,accounts@omhomeneedsbhubaneswar.example.com,2024-12-31
3548,Ganesh United Traders,Mumbai,Retail,accounts@ganeshunitedtraders.example.com,14/02/2025
3549,Coastal Provisions Guwahati,Guwahati,Retail,accounts@coastalprovisionsguwahat.example.com,2024-12-18
3550,Ganesh Agencies Ranchi,Ranchi,Wholesale,accounts@ganeshagenciesranchi.example.com,2023-11-01
3551,Rainbow Mart Udaipur,Udaipur,Retail,accounts@rainbowmartudaipur.example.com,2022-06-13
3552,Lake View Mart Noida,Noida,Retail,accounts@lakeviewmartnoida.example.com,2021-09-08
3553,Coconut Grove Bazaar Udaipur,Udaipur,Retail,accounts@coconutgrovebazaarudaipu.example.com,2022-07-18
3554,Classic Provisions Guwahati,Guwahati,retail,accounts@classicprovisionsguwahat.example.com,2024-03-10
3555,Sunrise Supermarket Kolkata,Kolkata,RETAIL,accounts@sunrisesupermarketkolkat.example.com,2024-05-24
3556,Rainbow Enterprises Thane,Thane,Wholesale,accounts@rainbowenterprisesthane.example.com,2023-06-04
3557,Balaji Resorts Delhi,Delhi,Hospitality,accounts@balajiresortsdelhi.example.com,2021-10-18
3558,Bharat General Store Chennai,Chennai,Retail,accounts@bharatgeneralstorechenna.example.com,2021-11-29
3559,Shree Coastal Kitchenware,Mangaluru,Retail,accounts@shreecoastalkitchenware.example.com,2025-02-23
3560,Lotus Depot Thane,Thane,Wholesale,accounts@lotusdepotthane.example.com,2022-03-06
3561,Golden Bazaar Coimbatore,Coimbatore,Retail,accounts@goldenbazaarcoimbatore.example.com,2021-12-03
3562,River Side Caterers Gurugram,Gurugram,HoReCa,accounts@riversidecaterersgurugra.example.com,2024-12-25
3563,United Kitchenware Aurangabad,Aurangabad,Retail,accounts@unitedkitchenwareauranga.example.com,2023-09-28
3564,Coastal Emporium Pune,Poona,Retail ,accounts@coastalemporiumpune.example.com,2024-08-12
3565,Coconut Grove Harbour Cafe,Bengaluru,Hospitality,accounts@coconutgroveharbourcafe.example.com,2023-04-11
3566,Blue Provisions Bengaluru,Bengaluru,Retail,accounts@blueprovisionsbengaluru.example.com,2023-03-12
3567,Nandi Bazaar Thane,Thane,Retail,accounts@nandibazaarthane.example.com,2021-01-09
3568,Evergreen Kitchenware Mumbai,Mumbai,Retail,accounts@evergreenkitchenwaremumb.example.com,26/08/2023
3569,Bharat Suppliers Patna,Patna,Wholesale,accounts@bharatsupplierspatna.example.com,2022-01-27
3570,Shree Wholesale Noida,Noida,Wholesale,accounts@shreewholesalenoida.example.com,2025-08-11
3571,Hill View Home Needs Patna,Patna,Retail ,accounts@hillviewhomeneedspatna.example.com,2025-05-31
3572,Crystal Provisions Vadodara,Vadodara,Retail,accounts@crystalprovisionsvadodar.example.com,2025-03-29
3573,Golden Stores Jaipur,Jaipur,Retail,accounts@goldenstoresjaipur.example.com,14/03/2020
3574,Silver Cafe,Hyderabad,Hospitality,accounts@silvercafe.example.com,25/08/2024
3575,Coconut Grove Emporium Mumbai,Mumbai,Retail,accounts@coconutgroveemporiummumb.example.com,2023-09-22
3576,Spice Garden Supermarket Coimbatore,Coimbatore,Retail,accounts@spicegardensupermarketco.example.com,2025-06-19
3577,Bharat Bazaar Jaipur,Jaipur,Retail,accounts@bharatbazaarjaipur.example.com,2022-08-30
3578,Green Depot Chennai,Chennai,Wholesale,accounts@greendepotchennai.example.com,01/08/2024
3579,Royal Resorts Mumbai,Mumbai,Hospitality,accounts@royalresortsmumbai.example.com,2022-03-22
3580,Sai Mart Mumbai,Mumbai,Retail,accounts@saimartmumbai.example.com,2024-06-28
3581,Om Suppliers,Kolkata,Wholesale,accounts@omsuppliers.example.com,2020-01-24
3582,Lotus Hotels Patna,Patna,Hospitality,accounts@lotushotelspatna.example.com,2023-11-22
3583,Spice Garden Foods Pune,Pune,Hospitality,accounts@spicegardenfoodspune.example.com,2024-10-29
3584,Nandi Stores Ranchi,Ranchi,Retail,accounts@nandistoresranchi.example.com,2022-10-26
3585,Coastal Provisions Ahmedabad,Ahmedabad,Retail,accounts@coastalprovisionsahmedab.example.com,2024-03-08
3586,National Heritage Supermarket,Mumbai,Retail,accounts@nationalheritagesupermar.example.com,2022-01-05
3587,Palm Mart Kochi,Kochi,Retail,accounts@palmmartkochi.example.com,2022-05-31
3588,Sapphire Kitchenware Ahmedabad,Ahmedabad,Retail,accounts@sapphirekitchenwareahmed.example.com,2023-12-09
3589,National Home Needs Guwahati,Guwahati,Retail,accounts@nationalhomeneedsguwahat.example.com,2020-03-25
3590,Galaxy Stores Chennai,Chennai,Retail,accounts@galaxystoreschennai.example.com,2023-06-14
3591,Mahalaxmi Restaurant,unknown,Hospitality,accounts@mahalaxmirestaurant.example.com,2023-01-18
3592,Blue Banquets Bhubaneswar,Bhubaneswar,Hospitality,accounts@bluebanquetsbhubaneswar.example.com,2022-04-02
3593,Rainbow Suppliers Ludhiana,Ludhiana,WHOLESALE,accounts@rainbowsuppliersludhiana.example.com,2025-01-23
3594,Harbour Packaging Noida,Noida,Wholesale,accounts@harbourpackagingnoida.example.com,2025-03-07
3595,Modern Shree Supermarket,Hyderabad,Retail,accounts@modernshreesupermarket.example.com,2021-03-31
3596,Jai Hind Wholesale Bengaluru,Bengaluru,Wholesale,accounts@jaihindwholesalebengalur.example.com,2021-08-25
3597,Coconut Grove Foods Nashik,Nashik,Hospitality,accounts@coconutgrovefoodsnashik.example.com,2024-08-03
3598,Krishna Provisions Visakhapatnam,Visakhapatnam,Retail,accounts@krishnaprovisionsvisakha.example.com,2021-05-03
3599,Sai General Store Bengaluru,bengaluru,Retail,accounts@saigeneralstorebengaluru.example.com,29/08/2020
3600,Golden Supermarket Surat,Surat,Retail,accounts@goldensupermarketsurat.example.com,2020-02-11
3601,National Provisions Pune,Pune,Retail,accounts@nationalprovisionspune.example.com,2025-09-20
3602,Shree Bazaar Bengaluru,Bengaluru,Retail,accounts@shreebazaarbengaluru.example.com,2025-02-24
3603,Silver Bazaar Pune,Pune,Retail,accounts@silverbazaarpune.example.com,2025-07-09
3604,Coastal Traders Thiruvananthapuram,Thiruvananthapuram,retail,accounts@coastaltradersthiruvanan.example.com,2023-12-05
3605,Galaxy Traders Rajkot,Rajkot,Retail,accounts@galaxytradersrajkot.example.com,2024-03-16
3606,Ganesh Kitchenware Kanpur,Kanpur,Retail,accounts@ganeshkitchenwarekanpur.example.com,2021-08-17
3607,Ganesh Home Needs Pune,Pune,Retail,accounts@ganeshhomeneedspune.example.com,2022-10-09
3608,Crystal Stores Ludhiana,Ludhiana,Retail,,2021-07-05
3609,Golden Orchid General Store,Bengaluru,Retail,accounts@goldenorchidgeneralstore.example.com,2021-01-02
3610,Shree Emporium Aurangabad,Aurangabad,Retail,accounts@shreeemporiumaurangabad.example.com,2020-02-13
3611,City Traders Mumbai,Mumbai,Retail,accounts@citytradersmumbai.example.com,2022-10-04
3612,Royal Cafe Madurai,Madurai,Hospitality,accounts@royalcafemadurai.example.com,2024-03-07
3613,Pearl Provisions Noida,Noida,Retail,accounts@pearlprovisionsnoida.example.com,2020-08-06
3614,Mahalaxmi Inn Mumbai,unknown,Hospitality,accounts@mahalaxmiinnmumbai.example.com,2020-01-09
3615,Saffron Traders Thiruvananthapuram,Thiruvananthapuram,Retail,accounts@saffrontradersthiruvanan.example.com,2023-04-10
3616,Lotus Tiffin Services Bhubaneswar,Bhubaneswar,Hospitality,accounts@lotustiffinservicesbhuba.example.com,2021-01-09
3617,Harbour Home Needs Mangaluru,Mangaluru,Retail,accounts@harbourhomeneedsmangalur.example.com,2024-02-11
3618,Lotus Stores Mumbai,Bombay,RETAIL,accounts@lotusstoresmumbai.example.com,2025-11-06
3619,Shree Traders Dehradun,Dehradun,Retail,accounts@shreetradersdehradun.example.com,2021-11-13
3620,Lotus Caterers Ahmedabad,Ahmedabad,Hospitality,accounts@lotuscaterersahmedabad.example.com,2020-04-03
3621,Saffron Inn Bengaluru,Bengaluru,Hospitality,accounts@saffroninnbengaluru.example.com,2025-02-16
3622,Vijay Inn Ludhiana,Ludhiana,Hospitality,accounts@vijayinnludhiana.example.com,2021-09-06
3623,Orchid General Store Pune,Pune,Retail,accounts@orchidgeneralstorepune.example.com,2021-07-13
3624,Pearl Foods Jaipur,Jaipur,Hospitality,accounts@pearlfoodsjaipur.example.com,2020-11-29
3625,Sunrise Kitchens,Bengaluru,Hospitality,accounts@sunrisekitchens.example.com,2025-11-30
3626,Tulsi Exports Kolkata,Kolkata,Wholesale,accounts@tulsiexportskolkata.example.com,2021-06-26
3627,Star Provisions,Thiruvananthapuram,Retail,accounts@starprovisions.example.com,2023-06-12
3628,Supreme Stores Mangaluru,Mangaluru,Retail,accounts@supremestoresmangaluru.example.com,2022-08-10
3629,Rainbow Distributors Ahmedabad,Ahmedabad,Wholesale,accounts@rainbowdistributorsahmed.example.com,2025-06-15
3630,Sapphire Emporium Pune,Pune,Retail,accounts@sapphireemporiumpune.example.com,2023-02-10
3631,Spice Garden Provisions Rajkot,Rajkot,Retail,accounts@spicegardenprovisionsraj.example.com,2022-10-13
3632,Pearl Provisions Bhubaneswar,Bhubaneswar,Retail,accounts@pearlprovisionsbhubanesw.example.com,2024-12-28
3633,Royal Wholesale Delhi,Delhi,Wholesale,accounts@royalwholesaledelhi.example.com,2025-09-15
3634,Mahalaxmi Kitchens Gurugram,Gurugram,Hospitality,accounts@mahalaxmikitchensgurugra.example.com,2020-11-15
3635,Sunrise Tiffin Services Delhi,Delhi,Hospitality,accounts@sunrisetiffinservicesdel.example.com,2022-08-16
3636,Bharat Kitchenware Coimbatore,Coimbatore,Retail ,accounts@bharatkitchenwarecoimbat.example.com,2020-12-12
3637,Saffron Hotels Chennai,Chennai,Hospitality,accounts@saffronhotelschennai.example.com,2021-12-25
3638,Tulsi Emporium Aurangabad,Aurangabad,Retail,accounts@tulsiemporiumaurangabad.example.com,2021-03-27
3639,Heritage Agencies Lucknow,Lucknow,Wholesale,accounts@heritageagencieslucknow.example.com,2022-09-14
3640,Royal Bazaar Surat,Surat,Retail,accounts@royalbazaarsurat.example.com,2023-01-10
3641,Harbour Emporium Aurangabad,Aurangabad,Retail,accounts@harbouremporiumaurangaba.example.com,2021-04-04
3642,Shree Stores Lucknow,Lucknow,Retail,accounts@shreestoreslucknow.example.com,2021-06-29
3643,Ganesh Spice Garden Home Needs,Bengaluru,Retail,,2021-03-14
3644,Spice Garden Inn Hyderabad,Hyderabad,Hospitality,accounts@spicegardeninnhyderabad.example.com,2024-02-08
3645,Evergreen Tiffin Services Mumbai,MUMBAI,Hospitality,accounts@evergreentiffinservicesm.example.com,2024-02-10
3646,Galaxy Rainbow Foods,NULL,Hospitality,accounts@galaxyrainbowfoods.example.com,2021-07-08
3647,River Side Exports Thiruvananthapuram,Thiruvananthapuram,Wholesale,accounts@riversideexportsthiruvan.example.com,2023-10-27
3648,Golden Supermarket Kochi,N/A,retail,accounts@goldensupermarketkochi.example.com,2023-10-30
3649,New Provisions Delhi,Delhi,Retail,accounts@newprovisionsdelhi.example.com,2020-06-18
3650,Supreme Kitchenware Delhi,Delhi,Retail,accounts@supremekitchenwaredelhi.example.com,2022-08-24
3651,Silver Tiffin Services Thane,Thane,Hospitality,accounts@silvertiffinservicesthan.example.com,2021-08-08
3652,Coastal Stores Agra,Agra,Retail,accounts@coastalstoresagra.example.com,2022-09-20
3653,Evergreen Restaurant Kolkata,Kolkata,Hospitality,accounts@evergreenrestaurantkolka.example.com,2022-04-10
3654,Crystal Supermarket Ranchi,Ranchi,Retail,accounts@crystalsupermarketranchi.example.com,2020-11-21
3655,Nandi Traders Ahmedabad,Ahmedabad,Retail ,accounts@nanditradersahmedabad.example.com,2023-02-19
3656,Silver Mart Ranchi,Ranchi,Retail,accounts@silvermartranchi.example.com,2025-01-16
3657,Palm Supermarket Hyderabad,Hyderabad,Retail,accounts@palmsupermarkethyderabad.example.com,2020-09-27
3658,Silk Route Bazaar Bhubaneswar,Bhubaneswar,Retail,accounts@silkroutebazaarbhubanesw.example.com,2021-11-19
3659,United Mart Goa,Goa,Retail,accounts@unitedmartgoa.example.com,16/07/2023
3660,Coconut Grove Mart Kanpur,Kanpur,Retail,accounts@coconutgrovemartkanpur.example.com,2025-09-14
3661,New Depot,Mumbai,Wholesale,accounts@newdepot.example.com,2065-06-21
3662,Lake View Hotels Goa,Goa,Hospitality,accounts@lakeviewhotelsgoa.example.com,2023-07-30
3663,Golden Tiffin Services Thane,Thane,Hospitality,accounts@goldentiffinservicesthan.example.com,24/05/2021
3664,Galaxy Traders Hyderabad,Hyderabad,Retail,accounts@galaxytradershyderabad.example.com,2023-11-19
3665,Orchid Mart Nashik,Nashik,Retail,accounts@orchidmartnashik.example.com,2020-01-27
3666,Sapphire Tiffin Services Delhi,Delhi,Hospitality,accounts@sapphiretiffinservicesde.example.com,2024-10-31
3667,Modern Shree Home Needs,Mumbai,Retail,accounts.modernshreehomeneeds.example.com,2023-04-15
3668,River Side Stores Udaipur,Udaipur,Retail,accounts@riversidestoresudaipur.example.com,2023-04-11
3669,Pearl Kitchens Raipur,Raipur,Hotel/Restaurant,accounts@pearlkitchensraipur.example.com,2024-05-15
3670,Ganesh Foods,Mysuru,Hospitality,accounts@ganeshfoods.example.com,12/08/2023
3671,Evergreen Mart Vadodara,Vadodara,Retail,accounts@evergreenmartvadodara.example.com,2024-10-28
3672,Evergreen Traders Chandigarh,Chandigarh,Retail,accounts@evergreentraderschandiga.example.com,08/11/2021
3673,Urban Kitchenware Kolkata,kolkata,Retail,accounts@urbankitchenwarekolkata.example.com,12/02/2023
3674,Palm Emporium Chennai,Chennai,retail,accounts@palmemporiumchennai.example.com,2024-02-12
3675,Maple Foods Mangaluru,Mangaluru,Hospitality,accounts@maplefoodsmangaluru.example.com,01/12/2025
3676,Crystal Provisions Indore,Indore,Retail,accounts@crystalprovisionsindore.example.com,06/03/2022
3677,Prime Kitchens Mumbai,Mumbai,Hospitality,accounts@primekitchensmumbai.example.com,2023-04-25
3678,Sapphire General Store Agra,Agra,Retail,accounts@sapphiregeneralstoreagra.example.com,2023-12-31
3679,Ganesh Supermarket Patna,Patna,retail,accounts@ganeshsupermarketpatna.example.com,2023-06-15
3680,Mahalaxmi General Store Chennai,Chennai,Retail,accounts@mahalaxmigeneralstoreche.example.com,2022-01-13
3681,Crystal Wholesale Madurai,Madurai,Wholesale,accounts@crystalwholesalemadurai.example.com,2024-01-19
3682,Silk Route Provisions Delhi,Delhi,Retail ,accounts@silkrouteprovisionsdelhi.example.com,2025-02-13
3683,Sai Logistics Mysuru,Mysuru,Wholesale,accounts@sailogisticsmysuru.example.com,2025-03-13
3684,Evergreen Restaurant Aurangabad,Aurangabad,Hospitality,accounts@evergreenrestaurantauran.example.com,2025-05-13
3685,Modern Depot,Mangaluru,Wholesale,accounts@moderndepot.example.com,2020-02-13
3686,Sunrise Bazaar Surat,Surat,Retail,accounts@sunrisebazaarsurat.example.com,2023-04-22
3687,Star Stores Goa,Goa,Retail,accounts@starstoresgoa.example.com,2020-03-21
3688,Blue Modern Bazaar,Poona,Retail,accounts@bluemodernbazaar.example.com,2025-05-13
3689,Bharat Emporium Mumbai,Mumbai,Retail,accounts@bharatemporiummumbai.example.com,2023-05-17
3690,Tulsi Supermarket Bengaluru,Bengaluru,Retail,accounts@tulsisupermarketbengalur.example.com,2020-07-25
3691,Saffron Cafe Delhi,Delhi,Hospitality,accounts@saffroncafedelhi.example.com,2022-03-06
3692,Balaji Emporium Mumbai,Mumbai,Retail,accounts@balajiemporiummumbai.example.com,2023-08-14
3693,Metro Banquets Kolkata,kolkata,Hospitality,accounts@metrobanquetskolkata.example.com,2023-04-21
3694,Vijay Depot,Patna,Wholesale,accounts@vijaydepot.example.com,2024-12-13
3695,Mahalaxmi General Store Gurugram,-,Retail,accounts@mahalaxmigeneralstoregur.example.com,2024-09-23
3696,Classic Hotels Chandigarh,Chandigarh,Hospitality,accounts@classichotelschandigarh.example.com,2020-08-17
3697,Coconut Grove Mart Jaipur,Jaipur,Retail,,2022-02-13
3698,Royal Kitchenware Aurangabad,Aurangabad,Retail,accounts@royalkitchenwareaurangab.example.com,2023-04-11
3699,United Agencies Mumbai,N/A,Wholesale,accounts@unitedagenciesmumbai.example.com,2022-07-29
3700,United United Mart,Kolkata,Retail,accounts@unitedunitedmart.example.com,2021-08-08
3701,Laxmi Banquets Agra,Agra,hospitality,accounts@laxmibanquetsagra.example.com,2024-09-10
3702,Prime Resorts Nagpur,Nagpur,Hospitality,accounts@primeresortsnagpur.example.com,2023-07-09
3703,Royal Emporium Agra,Agra,Retail,accounts@royalemporiumagra.example.com,2024-11-15
3704,Supreme Tiffin Services,Chennai,Hospitality,accounts@supremetiffinservices.example.com,2020-01-19
3705,Sai Resorts Raipur,Raipur,Hospitality,accounts.sairesortsraipur.example.com,2023-01-02
3706,Krishna Emporium Visakhapatnam,Visakhapatnam,Retail,accounts@krishnaemporiumvisakhapa.example.com,2022-09-23
3707,Harbour Kitchens Chennai,Chennai,Hospitality,accounts@harbourkitchenschennai.example.com,2022-09-14
3708,Jai Hind Home Needs Bengaluru,Bengaluru,Retail,accounts@jaihindhomeneedsbengalur.example.com,2023-12-02
3709,Golden Traders Agra,Agra,Retail,accounts@goldentradersagra.example.com,2021-03-02
3710,Sai Foods Ranchi,Ranchi,Hospitality,accounts@saifoodsranchi.example.com,2024-10-04
3711,Harbour Agencies,Mumbai,Wholesale,accounts@harbouragencies.example.com,2025-07-30
3712,Evergreen Mart Raipur,Raipur,Retail,accounts@evergreenmartraipur.example.com,2023-02-13
3713,Sunrise Home Needs Bengaluru,Bengaluru,Retail,accounts@sunrisehomeneedsbengalur.example.com,2025-06-22
3714,Om Mart Ludhiana,Ludhiana,Retail,accounts@ommartludhiana.example.com,2025-08-21
3715,Hill View Distributors Hyderabad,Hyderabad,Wholesale,accounts@hillviewdistributorshyde.example.com,2021-10-08
3716,Blue Kitchens Kochi,Kochi,Hospitality,accounts@bluekitchenskochi.example.com,13/08/2024
3717,Rainbow Wholesale,Udaipur,Wholesale,accounts@rainbowwholesale.example.com,2023-08-18
3718,Shree Inn,Delhi,Hospitality,accounts@shreeinn.example.com,2023-08-10
3719,Pearl Kitchenware Delhi,Delhi,Retail,accounts@pearlkitchenwaredelhi.example.com,2024-08-10
3720,Silk Route General Store Mangaluru,Mangaluru,Retail,accounts@silkroutegeneralstoreman.example.com,2025-04-01
3721,Rainbow Kitchenware Delhi,delhi,Retail,accounts@rainbowkitchenwaredelhi.example.com,2020-01-18
3722,Spice Garden Provisions Kanpur,Kanpur,Retail,accounts@spicegardenprovisionskan.example.com,2023-12-13
3723,Saffron Caterers Ranchi,Ranchi,Hospitality,accounts@saffroncaterersranchi.example.com,2021-02-22
3724,Ganesh Tiffin Services,Nagpur,Hospitality,accounts@ganeshtiffinservices.example.com,2025-06-17
3725,Coconut Grove Traders Mumbai,Mumbai,Retail,accounts@coconutgrovetradersmumba.example.com,2024-12-26
3726,Lotus Inn Chennai,Chennai,Hospitality,accounts@lotusinnchennai.example.com,2023-06-17
3727,Krishna Foods Indore,Indore,Hospitality,accounts@krishnafoodsindore.example.com,2025-11-02
3728,Hill View Foods,Nashik,Hospitality,accounts@hillviewfoods.example.com,2022-07-30
3729,Om Stores,Nashik,Retail,accounts@omstores.example.com,2023-12-19
3730,Crystal Maple Mart,Mumbai,Retail,accounts@crystalmaplemart.example.com,2021-03-12
3731,United Mart Ludhiana,Ludhiana,Retail,accounts@unitedmartludhiana.example.com,2020-07-29
3732,Lotus Provisions Delhi,Delhi,Retail,accounts@lotusprovisionsdelhi.example.com,09/05/2023
3733,Spice Garden Enterprises,Guwahati,Wholesale,accounts@spicegardenenterprises.example.com,2025-11-16
3734,National Bazaar Hyderabad,Hyderabad,Retail,accounts@nationalbazaarhyderabad.example.com,2023-09-11
3735,Silver Mart Mumbai,Mumbai,Retail,accounts@silvermartmumbai.example.com,2022-02-23
3736,Maple Tiffin Services Lucknow,Lucknow,Hospitality,accounts@mapletiffinservicesluckn.example.com,2025-01-20
3737,River Side Supermarket Nagpur,Nagpur,Retail,accounts@riversidesupermarketnagp.example.com,2025-03-15
3738,Pearl Foods Nashik,Nashik,HoReCa,accounts@pearlfoodsnashik.example.com,2024-02-18
3739,Ganesh Stores Ranchi,Ranchi,Retail ,accounts@ganeshstoresranchi.example.com,2020-03-14
3740,Coastal Laxmi General Store,Bengaluru,Retail,accounts@coastallaxmigeneralstore.example.com,2023-09-29
3741,Palm Provisions Ahmedabad,Ahmedabad,Retail,accounts@palmprovisionsahmedabad.example.com,2022-03-21
3742,Blue Home Needs Hyderabad,Hyderabad,Retail,accounts@bluehomeneedshyderabad.example.com,2022-08-10
3743,Vijay Agencies Ahmedabad,Ahmedabad,Wholesale,accounts@vijayagenciesahmedabad.example.com,2024-05-23
3744,Tulsi Inn Aurangabad,Aurangabad,Hospitality,accounts@tulsiinnaurangabad.example.com,2020-11-21
3745,Shree General Store Nashik,Nashik,Retail ,accounts@shreegeneralstorenashik.example.com,2023-07-04
3746,Jai Hind Emporium Aurangabad,Aurangabad,Retail,accounts@jaihindemporiumaurangaba.example.com,16/04/2023
3747,Metro Kitchenware Raipur,Raipur,retail,accounts@metrokitchenwareraipur.example.com,2023-01-25
3748,Tulsi Bazaar Nagpur,Nagpur,Retail,accounts@tulsibazaarnagpur.example.com,2020-11-11
3749,Jai Hind Home Needs Mumbai,Mumbai,Retail,accounts@jaihindhomeneedsmumbai.example.com,2025-03-17
3750,Mahalaxmi Home Needs Nashik,Nashik,Retail,accounts@mahalaxmihomeneedsnashik.example.com,2020-05-06
3751,Maple Inn,Ahmedabad,hospitality,accounts@mapleinn.example.com,2024-05-26
3752,Rainbow Bazaar Indore,Indore,Retail,accounts@rainbowbazaarindore.example.com,2024-08-26
3753,Galaxy Mart Kanpur,Kanpur,Retail ,accounts@galaxymartkanpur.example.com,2022-09-13
3754,Om Packaging Noida,Noida,Wholesale,accounts@ompackagingnoida.example.com,2022-10-30
3755,Royal General Store Nagpur,Nagpur,Retail,accounts@royalgeneralstorenagpur.example.com,2023-01-19
3756,National Supermarket Delhi,Delhi,Retail,accounts@nationalsupermarketdelhi.example.com,14/02/2020
3757,Modern Tiffin Services Noida,Noida,Hospitality,accounts@moderntiffinservicesnoid.example.com,2021-08-27
3758,Lake View General Store Gurugram,Gurugram,Retail,accounts@lakeviewgeneralstoreguru.example.com,2020-09-01
3759,Krishna Home Needs Bengaluru,Bengaluru,Retail,accounts.krishnahomeneedsbengalur.example.com,2022-04-27
3760,Prime Depot Bhubaneswar,Bhubaneswar,Wholesale,accounts@primedepotbhubaneswar.example.com,2024-09-01
3761,Ganesh Agencies Coimbatore,Coimbatore,Wholesale,accounts.ganeshagenciescoimbatore.example.com,26/01/2020
3762,Sunrise Traders Pune,Pune,Retail,accounts@sunrisetraderspune.example.com,2023-01-14
3763,Tulsi General Store Mumbai,Mumbai,Retail,accounts@tulsigeneralstoremumbai.example.com,2021-09-23
3764,Maple Inn Ahmedabad,Ahmedabad,Hospitality,accounts@mapleinnahmedabad.example.com,2021-06-18
3765,Prime Bazaar Mumbai,Mumbai,Retail,accounts@primebazaarmumbai.example.com,09/08/2025
3766,Palm Bazaar Gurugram,Gurugram,Retail,accounts@palmbazaargurugram.example.com,2022-11-15
3767,Sunrise Distributors Mumbai,Bombay,Wholesale,accounts@sunrisedistributorsmumba.example.com,2023-04-09
3768,Jai Hind Inn Pune,Pune,Hospitality,accounts@jaihindinnpune.example.com,2025-09-17
3769,Nandi Stores Ahmedabad,Ahmedabad,Retail ,accounts@nandistoresahmedabad.example.com,2021-09-01
3770,Spice Garden Emporium Kochi,Kochi,Retail ,accounts@spicegardenemporiumkochi.example.com,2021-03-18
3771,Palm Tiffin Services Kolkata,Kolkata,Hospitality,accounts@palmtiffinserviceskolkat.example.com,29/11/2022
3772,Prime Bazaar Pune,Pune,Retail,,2023-03-02
3773,Coconut Grove General Store Ahmedabad,Ahmedabad,Retail,accounts@coconutgrovegeneralstore.example.com,2022-11-21
3774,Green Provisions Delhi,Delhi,Retail,accounts@greenprovisionsdelhi.example.com,2021-07-27
3775,Coastal Traders Delhi,New Delhi,Retail,,2025-08-16
3776,Urban Kitchens Kanpur,Kanpur,Hospitality,accounts@urbankitchenskanpur.example.com,2024-08-09
3777,Vijay Emporium Ludhiana,Ludhiana,Retail,accounts@vijayemporiumludhiana.example.com,2021-08-24
3778,National Traders Goa,Goa,Retail,accounts@nationaltradersgoa.example.com,06/05/2023
3779,Pearl Orchid Supermarket,Mysuru,Retail,accounts@pearlorchidsupermarket.example.com,2020-04-18
3780,Golden Traders Pune,Pune,RETAIL,accounts@goldentraderspune.example.com,2023-11-18
3781,Coastal Logistics Pune,Pune,Wholesale,accounts@coastallogisticspune.example.com,2023-06-19
3782,City Home Needs Hyderabad,Hyderabad,Retail,accounts@cityhomeneedshyderabad.example.com,2025-03-31
3783,Golden Kitchenware Mumbai,Mumbai,Retail,accounts@goldenkitchenwaremumbai.example.com,2023-11-19
3784,City Depot Surat,Surat,Wholesale,accounts@citydepotsurat.example.com,2025-06-30
3785,Maple Hotels Pune,Pune,Hospitality,accounts@maplehotelspune.example.com,2022-09-14
3786,Vijay Hotels Hyderabad,Hyderabad,Hospitality,accounts@vijayhotelshyderabad.example.com,2020-02-08
3787,Krishna Supermarket Mumbai,Mumbai,Retail,accounts@krishnasupermarketmumbai.example.com,2024-03-05
3788,Royal Traders Mangaluru,Mangaluru,Retail,accounts@royaltradersmangaluru.example.com,2021-07-20
3789,Palm General Store Noida,Noida,Retail,accounts@palmgeneralstorenoida.example.com,2020-12-04
3790,Lake View Inn Surat,Surat,Hospitality,accounts@lakeviewinnsurat.example.com,2025-02-13
3791,Mahalaxmi General Store Patna,Patna,Retail,accounts@mahalaxmigeneralstorepat.example.com,15/11/2020
3792,Lotus General Store Bhubaneswar,Bhubaneswar,Retail,accounts@lotusgeneralstorebhubane.example.com,2024-12-08
3793,United General Store Raipur,Raipur,Retail,accounts@unitedgeneralstoreraipur.example.com,2023-11-11
3794,United United Kitchens,Hyderabad,Hospitality,accounts@unitedunitedkitchens.example.com,2024-07-02
3795,Krishna Enterprises,Guwahati,Wholesale,accounts@krishnaenterprises.example.com,2020-02-26
3796,Tulsi Emporium Kolkata,Kolkata,Retail,accounts@tulsiemporiumkolkata.example.com,2024-10-03
3797,Ganesh Supermarket Delhi,Delhi,Retail,accounts@ganeshsupermarketdelhi.example.com,2022-10-05
3798,Harbour Banquets Thane,Thane,Hotel/Restaurant,accounts@harbourbanquetsthane.example.com,2023-09-13
3799,Galaxy Distributors Goa,Goa,Wholesale,accounts@galaxydistributorsgoa.example.com,2021-03-13
3800,Shree Provisions Bhubaneswar,Bhubaneswar,RETAIL,accounts@shreeprovisionsbhubanesw.example.com,2023-08-05
3801,Bharat Wholesale Chennai,Madras,Wholesale,accounts@bharatwholesalechennai.example.com,2020-01-08
3802,Star Bazaar Kanpur,Kanpur,Retail,accounts@starbazaarkanpur.example.com,2023-06-03
3803,Om Emporium Rajkot,Rajkot,Retail,accounts@omemporiumrajkot.example.com,2021-07-18
3804,Coastal Hotels Gurugram,Gurugram,Hospitality,accounts@coastalhotelsgurugram.example.com,2024-05-21
3805,Sai Emporium Delhi,Delhi,RETAIL,accounts@saiemporiumdelhi.example.com,2020-04-21
3806,United Banquets Bengaluru,Bengaluru,Hospitality,accounts@unitedbanquetsbengaluru.example.com,2024-06-21
3807,National Stores Pune,Pune,Retail,accounts@nationalstorespune.example.com,2023-07-15
3808,United Caterers Vadodara,Vadodara,Hospitality,accounts@unitedcaterersvadodara.example.com,31/10/2025
3809,Nandi Emporium Agra,Agra,Retail,,2021-02-21
3810,Royal Bazaar Chennai,chennai,Retail,accounts@royalbazaarchennai.example.com,2024-09-12
3811,Golden Banquets Udaipur,Udaipur,Hospitality,accounts@goldenbanquetsudaipur.example.com,2020-12-11
3812,Laxmi Home Needs Mangaluru,Mangaluru,Retail,accounts@laxmihomeneedsmangaluru.example.com,2025-06-23
3813,Pearl Stores Bengaluru,Bengaluru,Retail,accounts@pearlstoresbengaluru.example.com,2025-10-24
3814,Pearl Bazaar Patna,Patna,RETAIL,accounts@pearlbazaarpatna.example.com,2021-10-16
3815,Galaxy Kitchenware Pune,Pune,Retail,accounts@galaxykitchenwarepune.example.com,2023-09-13
3816,Krishna Bazaar Delhi,New Delhi,Retail,accounts@krishnabazaardelhi.example.com,2024-09-07
3817,Laxmi Green Foods,Bengaluru,Hospitality,accounts@laxmigreenfoods.example.com,18/12/2024
3818,Lake View Distributors,Kanpur,Wholesale,accounts@lakeviewdistributors.example.com,2023-11-01
3819,United Resorts Kolkata,Kolkata,Hospitality,accounts@unitedresortskolkata.example.com,2023-08-25
3820,United Emporium Mysuru,Mysuru,Retail,accounts@unitedemporiummysuru.example.com,2023-10-15
3821,Coconut Grove Tiffin Services,Nagpur,Hospitality,accounts@coconutgrovetiffinservic.example.com,2023-07-03
3822,Pearl Balaji Kitchens,Delhi,Hospitality,accounts@pearlbalajikitchens.example.com,2024-03-31
3823,Sapphire Tiffin Services Mangaluru,Mangaluru,Hospitality,accounts@sapphiretiffinservicesma.example.com,2024-05-11
3824,Shree Banquets Mumbai,Mumbai,Hospitality,accounts@shreebanquetsmumbai.example.com,2023-01-15
3825,Supreme Kitchens Noida,Noida,Hospitality,accounts@supremekitchensnoida.example.com,2023-12-15
3826,Nandi Mart Ludhiana,Ludhiana,Retail,accounts@nandimartludhiana.example.com,2022-01-21
3827,Urban Inn Ahmedabad,Ahmedabad,Hospitality,accounts@urbaninnahmedabad.example.com,2023-10-02
3828,Sunrise Provisions Chennai,Madras,Retail,accounts@sunriseprovisionschennai.example.com,2025-04-16
3829,Blue General Store Gurugram,Gurgaon,Retail,accounts@bluegeneralstoregurugram.example.com,2021-04-28
3830,Rainbow Home Needs Noida,Noida,Retail,accounts@rainbowhomeneedsnoida.example.com,2021-07-09
3831,Hill View Suppliers Ahmedabad,Ahmedabad,Wholesale,accounts@hillviewsuppliersahmedab.example.com,2024-10-27
3832,Sapphire Suppliers Surat,Surat,Wholesale,accounts@sapphiresupplierssurat.example.com,2024-08-18
3833,Tulsi Kitchens Bengaluru,Bengaluru,Hospitality,accounts@tulsikitchensbengaluru.example.com,2023-02-26
3834,Lotus Stores Ahmedabad,Ahmedabad,Retail,accounts@lotusstoresahmedabad.example.com,2025-04-11
3835,Silver Exports Guwahati,Guwahati,WHOLESALE,,2025-08-12
3836,Pearl Trading Co Jaipur,Jaipur,Wholesale,accounts@pearltradingcojaipur.example.com,2023-04-15
3837,Palm Caterers Vadodara,Vadodara,HoReCa,accounts@palmcaterersvadodara.example.com,2020-04-28
3838,Prime Caterers Dehradun,Dehradun,Hospitality,accounts@primecaterersdehradun.example.com,2024-12-17
3839,Blue Depot,Guwahati,Wholesale,accounts@bluedepot.example.com,2024-10-10
3840,Maple Bazaar Chandigarh,Chandigarh,Retail,accounts@maplebazaarchandigarh.example.com,2023-09-03
3841,Coastal Kitchenware Rajkot,Rajkot,Retail,accounts@coastalkitchenwarerajkot.example.com,2020-07-19
3842,Bharat Caterers Madurai,Madurai,Hospitality,accounts@bharatcaterersmadurai.example.com,2024-11-14
3843,Harbour General Store Delhi,Delhi,Retail,accounts@harbourgeneralstoredelhi.example.com,2021-08-28
3844,Maple Kitchenware Ranchi,Ranchi,Retail,accounts@maplekitchenwareranchi.example.com,2024-08-16
3845,Silk Route Logistics Hyderabad,Hyderabad,Wholesale,accounts@silkroutelogisticshydera.example.com,2021-11-14
3846,Shree Agencies Chennai,Chennai,Wholesale,accounts@shreeagencieschennai.example.com,2024-12-09
3847,Coconut Grove Restaurant Delhi,Delhi,Hospitality,accounts@coconutgroverestaurantde.example.com,2022-05-04
3848,Mahalaxmi Caterers Thiruvananthapuram,Thiruvananthapuram,Hospitality,accounts@mahalaxmicaterersthiruva.example.com,2022-02-07
3849,Om Inn Bengaluru,Bengaluru ,Hospitality,accounts@ominnbengaluru.example.com,2025-07-23
3850,New Provisions Nashik,Nashik,Retail,accounts@newprovisionsnashik.example.com,2021-04-17
3851,Sunrise Logistics,Chennai,Wholesale,accounts@sunriselogistics.example.com,2021-02-01
3852,Mahalaxmi Emporium Mumbai,Mumbai,Retail,accounts@mahalaxmiemporiummumbai.example.com,2025-06-09
3853,Mahalaxmi Kitchenware Vadodara,Vadodara,Retail,accounts@mahalaxmikitchenwarevado.example.com,2022-02-16
3854,Prime Wholesale Mysuru,Mysuru,Wholesale,accounts@primewholesalemysuru.example.com,2021-07-22
3855,Blue Enterprises Madurai,Madurai,Wholesale,accounts@blueenterprisesmadurai.example.com,2020-06-26
3856,Harbour Stores Chennai,-,Retail,accounts@harbourstoreschennai.example.com,2021-11-03
3857,Modern Caterers,Rajkot,Hospitality,accounts@moderncaterers.example.com,2020-11-03
3858,Saffron Cafe Kanpur,Kanpur,Hospitality,accounts@saffroncafekanpur.example.com,2025-08-27
3859,Harbour Supermarket Ludhiana,Ludhiana,Retail,accounts@harboursupermarketludhia.example.com,2022-03-23
3860,Sunrise Caterers Mumbai,Mumbai,Hospitality,accounts@sunrisecaterersmumbai.example.com,2024-01-30
3861,National Provisions Dehradun,Dehradun,Retail ,accounts@nationalprovisionsdehrad.example.com,2020-01-23
3862,Rainbow Provisions Delhi,Delhi,Retail,accounts@rainbowprovisionsdelhi.example.com,2020-06-25
3863,Bharat Emporium Rajkot,Rajkot,Retail,accounts@bharatemporiumrajkot.example.com,2025-03-31
3864,Silk Route Depot Mumbai,Mumbai,Wholesale,accounts@silkroutedepotmumbai.example.com,2023-01-21
3865,Coastal Traders Chennai,Chennai,Retail,accounts@coastaltraderschennai.example.com,2021-08-22
3866,Saffron Restaurant Gurugram,Gurgaon,Hospitality,accounts@saffronrestaurantgurugra.example.com,21/07/2020
3867,New Bazaar Nagpur,Nagpur,Retail,accounts@newbazaarnagpur.example.com,2023-08-03
3868,Heritage Restaurant Mysuru,Mysuru,Hospitality,accounts@heritagerestaurantmysuru.example.com,2025-07-28
3869,New Resorts Madurai,Madurai,Hospitality,accounts@newresortsmadurai.example.com,2022-05-02
3870,Sai Cafe,Mumbai,Hospitality,accounts@saicafe.example.com,2022-11-12
3871,Shree Inn Mysuru,Mysore,Hospitality,accounts@shreeinnmysuru.example.com,2024-11-22
3872,Royal Mart Pune,Pune,Retail,accounts@royalmartpune.example.com,2022-06-13
3873,Classic Distributors Delhi,New Delhi,Wholesale,accounts@classicdistributorsdelhi.example.com,2024-11-17
3874,Bharat Silk Route Home Needs,Mumbai,Retail,accounts@bharatsilkroutehomeneeds.example.com,2024-06-01
3875,New Trading Co Delhi,Delhi,Wholesale,accounts@newtradingcodelhi.example.com,2023-01-11
3876,Coconut Grove Tiffin Services Delhi,Delhi,Hospitality,accounts@coconutgrovetiffinservic.example.com,2025-06-03
3877,Balaji Supermarket Gurugram,Gurugram,Retail,accounts@balajisupermarketgurugra.example.com,2023-07-15
3878,Green Supermarket,Bengaluru,Retail,accounts@greensupermarket.example.com,2021-09-18
3879,Om Kitchenware Mumbai,Mumbai,Retail,accounts@omkitchenwaremumbai.example.com,2021-07-29
3880,Hill View Stores Ahmedabad,Ahmedabad,Retail,accounts@hillviewstoresahmedabad.example.com,2023-03-04
3881,Coastal Stores Aurangabad,Aurangabad,Retail,accounts@coastalstoresaurangabad.example.com,2021-03-07
3882,Blue Caterers Agra,Agra,Hospitality,accounts@bluecaterersagra.example.com,2022-08-07
3883,Classic Om Mart,Mumbai,Retail,accounts@classicommart.example.com,2023-02-05
3884,United Home Needs Nashik,Nashik,Retail,,2020-05-19
3885,Metro Traders Thane,Thane,Retail,accounts@metrotradersthane.example.com,2021-09-09
3886,Hill View Stores Delhi,Delhi,Retail,accounts@hillviewstoresdelhi.example.com,2023-06-04
3887,Bharat Trading Co Thane,Thane,Wholesale,accounts@bharattradingcothane.example.com,2023-09-20
3888,Balaji Emporium Surat,Surat,Retail,accounts@balajiemporiumsurat.example.com,2023-06-19
3889,Spice Garden Foods Chandigarh,Chandigarh,Hospitality,accounts@spicegardenfoodschandiga.example.com,2023-04-15
3890,Balaji Mart Jaipur,Jaipur,Retail,accounts@balajimartjaipur.example.com,2025-01-18
3891,Blue Banquets Thane,Thane,Hospitality,accounts@bluebanquetsthane.example.com,16/06/2023
3892,Orchid Traders Patna,Patna,Retail,accounts@orchidtraderspatna.example.com,2020-09-21
3893,Om Traders Mumbai,Mumbai,Retail,accounts@omtradersmumbai.example.com,11/02/2022
3894,New Trading Co Thiruvananthapuram,Thiruvananthapuram,Wholesale,accounts@newtradingcothiruvananth.example.com,2023-07-11
3895,Shree Mart Chennai,Chennai,Retail,accounts@shreemartchennai.example.com,2020-02-29
3896,Golden Mart Agra,Agra,Retail,accounts@goldenmartagra.example.com,2021-12-25
3897,Mahalaxmi Agencies Rajkot,Rajkot,Wholesale,accounts@mahalaxmiagenciesrajkot.example.com,2024-01-29
3898,Urban Cafe Mumbai,Mumbai,Hospitality,accounts@urbancafemumbai.example.com,2022-05-16
3899,Silk Route Resorts,Jaipur,Hospitality,accounts@silkrouteresorts.example.com,2021-09-27
3900,Mahalaxmi Resorts Indore,Indore,Hospitality,accounts@mahalaxmiresortsindore.example.com,2025-06-22
3901,Sapphire Emporium Agra,NULL,Retail,accounts@sapphireemporiumagra.example.com,2021-05-27
3902,Green Traders Indore,Indore,Retail,accounts@greentradersindore.example.com,2023-06-28
3903,Crystal Foods Hyderabad,hyderabad,Hospitality,accounts@crystalfoodshyderabad.example.com,2024-02-07
3904,Balaji Traders Hyderabad,Hyderabad,Retail,accounts@balajitradershyderabad.example.com,2020-09-23
3905,Prime Restaurant,Ranchi,Hospitality,accounts@primerestaurant.example.com,2025-02-15
3906,Saffron Resorts Mumbai,Mumbai,Hospitality,accounts@saffronresortsmumbai.example.com,2022-01-17
3907,Royal Supermarket Bengaluru,Bengaluru,Retail,accounts@royalsupermarketbengalur.example.com,2020-05-15
3908,Coastal Traders Raipur,Raipur,Retail,accounts@coastaltradersraipur.example.com,2024-04-07
3909,United Inn Dehradun,Dehradun,Hospitality,,2022-09-17
3910,River Side Wholesale,Visakhapatnam,Wholesale,accounts@riversidewholesale.example.com,2021-11-17
3911,New General Store Chennai,chennai,Retail,accounts@newgeneralstorechennai.example.com,2023-04-30
3912,Evergreen Banquets Nashik,Nashik,Hospitality,accounts@evergreenbanquetsnashik.example.com,2024-08-19
3913,Supreme Traders Udaipur,Udaipur,Retail,accounts@supremetradersudaipur.example.com,2021-03-15
3914,Crystal Tiffin Services,Kochi,Hospitality,accounts@crystaltiffinservices.example.com,2022-03-09
3915,City Banquets Coimbatore,Coimbatore,Hospitality,accounts@citybanquetscoimbatore.example.com,2025-07-24
3916,Harbour Restaurant Nagpur,Nagpur,Hospitality,accounts@harbourrestaurantnagpur.example.com,2022-10-10
3917,Shree Stores Indore,Indore,Retail,accounts@shreestoresindore.example.com,2024-10-05
3918,Sai Stores Hyderabad,Hyderabad,Retail,accounts@saistoreshyderabad.example.com,2020-01-11
3919,Star Blue Kitchenware,Dehradun,Retail,accounts@starbluekitchenware.example.com,10/03/2020
3920,United Exports,Visakhapatnam,Wholesale,accounts@unitedexports.example.com,2025-04-24
3921,Star Kitchenware Ahmedabad,Ahmedabad,Retail,accounts@starkitchenwareahmedabad.example.com,2020-05-24
3922,Silk Route Foods Hyderabad,Hyderabad,Hospitality,accounts@silkroutefoodshyderabad.example.com,2024-12-06
3923,Coastal General Store Delhi,Delhi,Retail,accounts@coastalgeneralstoredelhi.example.com,2023-03-12
3924,Saffron Bazaar Guwahati,Guwahati,Retail,accounts@saffronbazaarguwahati.example.com,2020-12-15
3925,Coastal Emporium Raipur,N/A,Retail,accounts@coastalemporiumraipur.example.com,2021-11-04
3926,Bharat Cafe,NULL,Hospitality,accounts@bharatcafe.example.com,2023-10-27
3927,City Cafe Hyderabad,Hyderabad ,Hospitality,accounts@citycafehyderabad.example.com,2022-11-09
3928,Silk Route Stores Bengaluru,Bengaluru,Retail,accounts@silkroutestoresbengaluru.example.com,2021-02-27
3929,Green Foods Thane,Thane,Hospitality,accounts@greenfoodsthane.example.com,2025-07-07
3930,Spice Garden Trading Co Hyderabad,Hyderabad ,Wholesale,accounts@spicegardentradingcohyde.example.com,2023-08-06
3931,Golden Trading Co Indore,Indore,Wholesale,accounts@goldentradingcoindore.example.com,2024-11-01
3932,Modern Restaurant Ahmedabad,Ahmedabad,Hospitality,accounts@modernrestaurantahmedaba.example.com,22/06/2020
3933,Om Wholesale Bhubaneswar,Bhubaneswar,Wholesale,accounts@omwholesalebhubaneswar.example.com,2023-11-06
3934,Lotus Home Needs Bhubaneswar,Bhubaneswar,Retail,accounts@lotushomeneedsbhubaneswa.example.com,2023-12-04
3935,Ganesh Banquets Bengaluru,Bengaluru,Hospitality,accounts@ganeshbanquetsbengaluru.example.com,2022-08-15
3936,Saffron Bazaar Chennai,Chennai,Retail,accounts@saffronbazaarchennai.example.com,2025-10-15
3937,Classic Mart Thane,Thane,Retail,accounts@classicmartthane.example.com,2023-09-03
3938,Prime Silver Mart,Dehradun,Retail,accounts@primesilvermart.example.com,2023-06-13
3939,Tulsi Resorts Bengaluru,Bengaluru,Hospitality,accounts@tulsiresortsbengaluru.example.com,2025-05-09
3940,Blue Resorts,Ludhiana,Hospitality,accounts@blueresorts.example.com,2024-08-16
3941,Coconut Grove New Home Needs,Bhubaneswar,Retail,accounts@coconutgrovenewhomeneeds.example.com,2024-10-24
3942,Supreme Provisions Kolkata,Kolkata,Retail,accounts@supremeprovisionskolkata.example.com,2020-04-01
3943,Modern Balaji Supermarket,Aurangabad,Retail,accounts@modernbalajisupermarket.example.com,04/08/2020
3944,Metro Kitchenware Udaipur,Udaipur,retail,accounts@metrokitchenwareudaipur.example.com,2022-03-28
3945,Prime Provisions Mangaluru,Mangaluru,retail,accounts@primeprovisionsmangaluru.example.com,2021-07-18
3946,Sunrise Provisions Dehradun,Dehradun,Retail,accounts@sunriseprovisionsdehradu.example.com,2021-06-30
3947,Coastal Distributors Bengaluru,N/A,WHOLESALE,accounts@coastaldistributorsbenga.example.com,2023-06-06
3948,Royal Hotels Delhi,Delhi,Hospitality,accounts@royalhotelsdelhi.example.com,2025-11-26
3949,Blue Kitchenware Coimbatore,Coimbatore,Retail,accounts@bluekitchenwarecoimbator.example.com,2024-05-30
3950,Om Home Needs Hyderabad,Hyderabad,Retail,accounts@omhomeneedshyderabad.example.com,2025-04-09
3951,City Pearl Hotels,Thiruvananthapuram,Hospitality,accounts@citypearlhotels.example.com,2025-07-31
3952,Maple Stores Ahmedabad,Ahmedabad,Retail,accounts@maplestoresahmedabad.example.com,2020-04-01
3953,Crystal Home Needs Thane,Thane,Retail,accounts@crystalhomeneedsthane.example.com,2024-08-29
3954,Crystal Supermarket Chandigarh,Chandigarh,Retail,accounts@crystalsupermarketchandi.example.com,2025-10-30
3955,Green Resorts,Ahmedabad,Hospitality,accounts@greenresorts.example.com,2022-05-22
3956,Modern Traders Thane,Thane,Retail,accounts@moderntradersthane.example.com,2022-11-03
3957,Saffron Home Needs Kochi,Kochi,Retail,accounts@saffronhomeneedskochi.example.com,2023-09-02
3958,Heritage Provisions Kochi,Kochi,Retail,accounts@heritageprovisionskochi.example.com,2021-08-22
3959,Vijay General Store Mumbai,Mumbai,Retail ,accounts@vijaygeneralstoremumbai.example.com,2021-11-06
3960,Bharat Inn Visakhapatnam,Visakhapatnam,Hospitality,accounts@bharatinnvisakhapatnam.example.com,2024-05-21
3961,Om Exports,Madurai,Wholesale,accounts@omexports.example.com,2020-02-19
3962,Spice Garden Traders Jaipur,Jaipur,Retail,accounts@spicegardentradersjaipur.example.com,2025-01-12
3963,Ganesh Shree Resorts,Bhubaneswar,Hospitality,accounts@ganeshshreeresorts.example.com,2021-01-09
3964,Sunrise Tiffin Services Noida,Noida,Hospitality,accounts@sunrisetiffinservicesnoi.example.com,2021-04-11
3965,River Side Agencies Ahmedabad,Ahmedabad,Wholesale,accounts@riversideagenciesahmedab.example.com,2023-02-11
3966,Bharat Kitchens Jaipur,Jaipur,Hospitality,accounts@bharatkitchensjaipur.example.com,2023-01-10
3967,Pearl Jai Hind Caterers,Chennai,Hospitality,accounts@pearljaihindcaterers.example.com,2023-04-26
3968,Hill View General Store Hyderabad,Hyderabad,Retail,accounts@hillviewgeneralstorehyde.example.com,2021-12-14
3969,Prime Distributors,Bhubaneswar,Wholesale,accounts@primedistributors.example.com,2022-03-24
3970,City General Store Visakhapatnam,NULL,Retail,accounts@citygeneralstorevisakhap.example.com,2021-11-12
3971,Silk Route Mart Dehradun,Dehradun,Retail,accounts@silkroutemartdehradun.example.com,2020-05-21
3972,New Resorts Patna,Patna,Hospitality,accounts@newresortspatna.example.com,2025-02-18
3973,Crystal Supermarket Hyderabad,hyderabad,Retail,accounts@crystalsupermarkethydera.example.com,2020-07-25
3974,Golden Emporium Mumbai,Mumbai,Retail,accounts@goldenemporiummumbai.example.com,2024-01-17
3975,Modern Inn Patna,Patna,Hospitality,accounts@moderninnpatna.example.com,2024-12-03
3976,Pearl Emporium Chennai,Chennai,Retail,accounts@pearlemporiumchennai.example.com,2023-05-31
3977,Hill View Wholesale,Delhi,Wholesale,accounts@hillviewwholesale.example.com,2023-10-11
3978,Pearl Foods Ahmedabad,Ahmedabad,Hospitality,accounts@pearlfoodsahmedabad.example.com,2025-04-22
3979,United Restaurant Chennai,Chennai,Hospitality,accounts@unitedrestaurantchennai.example.com,22/12/2021
3980,Shree Bazaar Delhi,New Delhi,Retail,accounts@shreebazaardelhi.example.com,2023-11-08
3981,Pearl Resorts Chennai,Chennai,Hospitality,accounts@pearlresortschennai.example.com,2023-04-21
3982,Sapphire Emporium Guwahati,N/A,Retail ,accounts@sapphireemporiumguwahati.example.com,2021-01-15
3983,Urban Traders Raipur,Raipur,Retail,accounts@urbantradersraipur.example.com,2021-04-03
3984,Modern Emporium Raipur,Raipur,Retail,accounts@modernemporiumraipur.example.com,2025-06-22
3985,Galaxy Hotels,Madurai,Hospitality,accounts@galaxyhotels.example.com,2025-10-27
3986,Saffron General Store Mumbai,Mumbai,Retail,accounts@saffrongeneralstoremumba.example.com,2020-02-28
3987,Mahalaxmi Stores Coimbatore,Coimbatore,Retail,accounts@mahalaxmistorescoimbator.example.com,2023-08-07
3988,Rainbow Stores Thane,Thane,Retail,accounts@rainbowstoresthane.example.com,2024-06-14
3989,Saffron Hotels Hyderabad,Hyderabad,Hospitality,accounts@saffronhotelshyderabad.example.com,2020-01-28
3990,Spice Garden Traders Pune,Pune,Retail,accounts@spicegardentraderspune.example.com,2023-07-17
3991,Balaji Foods Surat,Surat,Hospitality,accounts@balajifoodssurat.example.com,2020-11-27
3992,Harbour New Logistics,Delhi,Wholesale,accounts@harbournewlogistics.example.com,2022-05-25
3993,National Foods,Delhi,Hospitality,accounts@nationalfoods.example.com,2022-12-07
3994,Classic Mart Kolkata,Kolkata,Retail,accounts@classicmartkolkata.example.com,2025-02-18
3995,Mahalaxmi Mart Kanpur,Kanpur,Retail,accounts@mahalaxmimartkanpur.example.com,2024-07-07
3996,Supreme Home Needs Bengaluru,Bengaluru,Retail,,2025-09-08
3997,Metro Inn Agra,Agra,Hospitality,accounts@metroinnagra.example.com,2025-08-25
3998,Silver Restaurant,Surat,Hospitality,accounts@silverrestaurant.example.com,2020-07-09
3999,Modern Wholesale,Ludhiana,Wholesale,accounts@modernwholesale.example.com,2024-04-08
4000,Bharat Distributors,Bhubaneswar,WHOLESALE,accounts@bharatdistributors.example.com,2025-03-25
4001,National Stores Mysuru,Mysuru,Retail,accounts@nationalstoresmysuru.example.com,2021-07-09
4002,Shree Provisions Mumbai,Mumbai,Retail,accounts@shreeprovisionsmumbai.example.com,2023-11-13
4003,Prime Bazaar Chennai,Chennai,Retail,accounts@primebazaarchennai.example.com,2023-12-15
4004,Sai Hotels Kolkata,Kolkata,Hospitality,accounts@saihotelskolkata.example.com,2025-10-02
4005,Ganesh Kitchenware Mumbai,Mumbai,Retail,accounts@ganeshkitchenwaremumbai.example.com,2024-06-17
4006,Shree Coconut Grove Provisions,Delhi,Retail,accounts@shreecoconutgroveprovisi.example.com,2022-08-24
4007,Golden Bazaar Thane,Thane,Retail,accounts@goldenbazaarthane.example.com,2020-08-01
4008,City Foods Indore,Indore,hospitality,accounts@cityfoodsindore.example.com,2020-05-25
4009,Coastal Hotels Thiruvananthapuram,Trivandrum,Hospitality,accounts@coastalhotelsthiruvanant.example.com,2023-04-15
4010,New Kitchenware Goa,Goa,Retail,accounts@newkitchenwaregoa.example.com,2021-12-11
4011,Tulsi Resorts Thiruvananthapuram,Thiruvananthapuram,Hospitality,accounts@tulsiresortsthiruvananth.example.com,2023-06-28
4012,Nandi Foods Mumbai,Mumbai,Hospitality,accounts@nandifoodsmumbai.example.com,2024-02-17
4013,Evergreen Home Needs Ahmedabad,Ahmedabad,Retail,accounts@evergreenhomeneedsahmeda.example.com,2022-09-02
4014,Palm Provisions Mysuru,Mysuru,Retail,accounts@palmprovisionsmysuru.example.com,2021-03-04
4015,Heritage Emporium Mangaluru,Mangaluru,Retail,accounts@heritageemporiummangalur.example.com,22/02/2023
4016,Maple Lotus Mart,Bengaluru,Retail,accounts@maplelotusmart.example.com,2025-07-04
4017,Urban Foods Delhi,Delhi,Hospitality,accounts@urbanfoodsdelhi.example.com,2020-03-28
4018,Harbour Tiffin Services Chennai,Madras,Hospitality,accounts@harbourtiffinservicesche.example.com,2021-02-15
4019,Balaji Stores Jaipur,Jaipur,RETAIL,accounts@balajistoresjaipur.example.com,21/03/2025
4020,Spice Garden Emporium Udaipur,Udaipur,Retail,accounts@spicegardenemporiumudaip.example.com,2023-04-25
4021,Laxmi Emporium Chennai,Chennai,Retail,accounts@laxmiemporiumchennai.example.com,2023-05-29
4022,Star Restaurant,Mumbai ,Hospitality,accounts@starrestaurant.example.com,29/01/2023
4023,Palm Restaurant Mangaluru,Mangaluru,Hospitality,accounts.palmrestaurantmangaluru.example.com,2020-11-11
4024,Vijay Stores Hyderabad,Hyderabad,Retail,accounts@vijaystoreshyderabad.example.com,2022-03-26
4025,Sunrise Depot Kanpur,Kanpur,Wholesale,accounts@sunrisedepotkanpur.example.com,2024-10-22
4026,Bharat Banquets Hyderabad,Hyderabad,Hospitality,accounts.bharatbanquetshyderabad.example.com,2024-06-04
4027,Coconut Grove Home Needs Hyderabad,Hyderabad ,Retail,accounts@coconutgrovehomeneedshyd.example.com,2020-09-05
4028,Jai Hind Logistics Mysuru,Mysuru,Wholesale,accounts@jaihindlogisticsmysuru.example.com,2023-06-27
4029,Laxmi Foods Aurangabad,Aurangabad,Hospitality,accounts@laxmifoodsaurangabad.example.com,2023-09-08
4030,Harbour Crystal Supermarket,Delhi,Retail,accounts@harbourcrystalsupermarke.example.com,2023-08-28
4031,Palm Enterprises Coimbatore,Coimbatore,Wholesale,,2025-02-12
4032,Green Mart Mysuru,Mysuru,Retail,accounts@greenmartmysuru.example.com,2025-06-30
4033,Green Bazaar Ahmedabad,Ahmedabad,Retail,accounts@greenbazaarahmedabad.example.com,2025-06-17
4034,Balaji Trading Co Delhi,Delhi,Wholesale,accounts@balajitradingcodelhi.example.com,2021-01-12
4035,Green Wholesale,Gurugram,WHOLESALE,accounts@greenwholesale.example.com,2020-11-08
4036,Green Distributors Hyderabad,Hyderabad,Wholesale,,2022-07-03
4037,Pearl Restaurant Bengaluru,Bengaluru,Hospitality,accounts@pearlrestaurantbengaluru.example.com,2023-07-10
4038,Lake View Foods Mumbai,Mumbai,Hospitality,accounts@lakeviewfoodsmumbai.example.com,2022-07-20
4039,Sapphire General Store Mumbai,Mumbai,Retail,accounts@sapphiregeneralstoremumb.example.com,2023-01-03
4040,Mahalaxmi Cafe Ludhiana,Ludhiana,Hospitality,accounts@mahalaxmicafeludhiana.example.com,2024-12-16
4041,United United Provisions,Ahmedabad,Retail,accounts@unitedunitedprovisions.example.com,2021-07-13
4042,Sapphire Traders Guwahati,unknown,Retail,accounts@sapphiretradersguwahati.example.com,2025-04-10
4043,Tulsi Depot Chandigarh,Chandigarh,WHOLESALE,,2022-03-29
4044,Silver Kitchenware Mumbai,Mumbai,Retail,accounts@silverkitchenwaremumbai.example.com,2023-11-13
4045,Laxmi Packaging Ahmedabad,N/A,Wholesale,accounts@laxmipackagingahmedabad.example.com,2022-10-09
4046,Spice Garden Sai Bazaar,Pune,Retail,accounts@spicegardensaibazaar.example.com,2022-05-17
4047,Urban Hotels,Pune,Hospitality,accounts@urbanhotels.example.com,2022-11-07
4048,New Home Needs Ahmedabad,Ahmedabad,Retail,accounts@newhomeneedsahmedabad.example.com,2023-12-05
4049,Sai Mart Vadodara,Vadodara,RETAIL,accounts@saimartvadodara.example.com,2023-03-30
4050,Orchid General Store Mumbai,Mumbai,Retail ,accounts@orchidgeneralstoremumbai.example.com,2023-03-23
4051,Classic Caterers Mumbai,Mumbai,Hospitality,accounts@classiccaterersmumbai.example.com,2025-04-13
4052,Blue Emporium Thane,Thane,Retail,accounts@blueemporiumthane.example.com,2023-10-03
4053,Krishna Kitchenware Nagpur,Nagpur,Retail,accounts@krishnakitchenwarenagpur.example.com,20/12/2021
4054,Spice Garden Traders Visakhapatnam,Visakhapatnam,RETAIL,accounts@spicegardentradersvisakh.example.com,29/05/2020
4055,Heritage Supermarket Chennai,Chennai,Retail,accounts@heritagesupermarketchenn.example.com,2024-06-14
4056,Mahalaxmi Supermarket Kanpur,Kanpur,Retail,accounts@mahalaxmisupermarketkanp.example.com,2025-10-18
4057,Silk Route Home Needs Nagpur,Nagpur,Retail,accounts@silkroutehomeneedsnagpur.example.com,2023-05-25
4058,Vijay Kitchens Coimbatore,Coimbatore,Hospitality,accounts@vijaykitchenscoimbatore.example.com,2024-02-07
4059,Shree Kitchens Kolkata,Kolkata,Hospitality,accounts@shreekitchenskolkata.example.com,2024-09-13
4060,United Supermarket Kochi,Kochi,Retail,accounts@unitedsupermarketkochi.example.com,2023-12-11
4061,Laxmi Provisions Bengaluru,Bengaluru,Retail,accounts@laxmiprovisionsbengaluru.example.com,2021-05-24
4062,Royal Packaging,Hyderabad,Wholesale,accounts@royalpackaging.example.com,2023-04-26
4063,Sapphire Restaurant Ahmedabad,Ahmedabad,Hospitality,accounts@sapphirerestaurantahmeda.example.com,2023-11-14
4064,Crystal Hotels Bengaluru,Bengaluru,Hospitality,accounts@crystalhotelsbengaluru.example.com,2021-11-24
4065,Maple Restaurant,Madurai,Hospitality,accounts@maplerestaurant.example.com,2024-11-15
4066,Crystal Exports Noida,Noida,Wholesale,accounts@crystalexportsnoida.example.com,2024-02-20
4067,Galaxy Cafe Bengaluru,Bengaluru,Hospitality,accounts@galaxycafebengaluru.example.com,07/04/2024
4068,Classic Stores Mysuru,Mysore,Retail,accounts@classicstoresmysuru.example.com,2020-03-09
4069,Urban Lake View Traders,Raipur,Retail,accounts@urbanlakeviewtraders.example.com,30/08/2024
4070,Saffron Home Needs Noida,Noida,Retail,accounts@saffronhomeneedsnoida.example.com,2022-11-03
4071,Krishna Stores Kanpur,Kanpur,retail,accounts@krishnastoreskanpur.example.com,2023-07-13
4072,Urban Supermarket Noida,Noida,retail,accounts@urbansupermarketnoida.example.com,2025-05-19
4073,Ganesh Banquets Surat,Surat,Hospitality,accounts@ganeshbanquetssurat.example.com,2023-01-30
4074,Coastal Tiffin Services,Kolkata,Hospitality,accounts@coastaltiffinservices.example.com,2025-09-12
4075,Balaji Provisions Kanpur,Kanpur,RETAIL,accounts@balajiprovisionskanpur.example.com,2024-02-23
4076,Hill View Enterprises Mysuru,Mysuru,Wholesale,accounts@hillviewenterprisesmysur.example.com,2023-03-29
4077,Bharat Suppliers Chennai,NULL,Distributor,accounts@bharatsupplierschennai.example.com,2025-07-05
4078,Galaxy Stores Pune,Pune,Retail,accounts@galaxystorespune.example.com,20/11/2023
4079,Palm Kitchenware Dehradun,Dehradun,Retail,accounts@palmkitchenwaredehradun.example.com,2023-09-10
4080,Vijay Stores Kanpur,Kanpur,Retail,accounts@vijaystoreskanpur.example.com,2025-02-17
4081,Ganesh Provisions Kanpur,Kanpur,Retail,accounts@ganeshprovisionskanpur.example.com,2020-02-24
4082,Spice Garden Bazaar Raipur,Raipur,Retail,accounts@spicegardenbazaarraipur.example.com,2020-06-30
4083,Krishna Supermarket Surat,Surat,Retail,accounts@krishnasupermarketsurat.example.com,2020-01-16
4084,Royal Stores Noida,Noida,RETAIL,accounts@royalstoresnoida.example.com,2021-03-11
4085,Silk Route Caterers Mumbai,Mumbai,Hospitality,accounts@silkroutecaterersmumbai.example.com,2022-01-30
4086,Silk Route Logistics Udaipur,Udaipur,Wholesale,accounts@silkroutelogisticsudaipu.example.com,2021-04-08
4087,Palm Traders Raipur,Raipur,Retail,accounts@palmtradersraipur.example.com,2024-10-20
4088,Mahalaxmi Home Needs Dehradun,Dehradun,Retail,accounts@mahalaxmihomeneedsdehrad.example.com,2020-05-15
4089,Coconut Grove Cafe Mumbai,Mumbai,Hospitality,accounts@coconutgrovecafemumbai.example.com,2024-07-17
4090,Bharat Logistics Delhi,Delhi,Wholesale,accounts@bharatlogisticsdelhi.example.com,2023-02-13
4091,Sunrise Depot Bengaluru,Bengaluru,Wholesale,accounts@sunrisedepotbengaluru.example.com,2020-01-06
4092,Harbour United Traders,Ahmedabad,Retail,accounts@harbourunitedtraders.example.com,2023-12-13
4093,New Depot Aurangabad,Aurangabad,Wholesale,,2021-06-28
4094,Sunrise Trading Co Hyderabad,Hyderabad,Wholesale,,2020-07-24
4095,Balaji Foods Thane,Thane,HoReCa,accounts@balajifoodsthane.example.com,2021-08-07
4096,Supreme Supermarket Jaipur,Jaipur,Retail,accounts@supremesupermarketjaipur.example.com,2020-06-28
4097,Classic Sai Kitchenware,Mumbai,Retail,accounts@classicsaikitchenware.example.com,2024-02-21
4098,Classic Krishna Foods,Lucknow,Hospitality,accounts@classickrishnafoods.example.com,2025-02-20
4099,Pearl Suppliers Kolkata,Kolkata,Wholesale,accounts@pearlsupplierskolkata.example.com,16/08/2020
4100,River Side Mart Noida,Noida,Retail,accounts@riversidemartnoida.example.com,2025-10-15
4101,Modern Traders Ludhiana,Ludhiana,Retail,accounts@moderntradersludhiana.example.com,09/09/2020
4102,Golden General Store Gurugram,Gurgaon,Retail,accounts@goldengeneralstoregurugr.example.com,2022-03-21
4103,Prime Suppliers Lucknow,,Wholesale,accounts@primesupplierslucknow.example.com,2022-06-05
4104,Modern Caterers Agra,Agra,Hospitality,accounts@moderncaterersagra.example.com,2024-01-14
4105,Galaxy Home Needs Thiruvananthapuram,Thiruvananthapuram,Retail,accounts@galaxyhomeneedsthiruvana.example.com,2025-03-06
4106,Laxmi Kitchenware Ranchi,Ranchi,Retail,accounts@laxmikitchenwareranchi.example.com,2024-03-06
4107,Heritage Classic Inn,Lucknow,Hospitality,accounts@heritageclassicinn.example.com,2025-03-13
4108,Coconut Grove Home Needs Nagpur,Nagpur,Retail,accounts@coconutgrovehomeneedsnag.example.com,2021-06-06
4109,Green Banquets Mumbai,Mumbai,Hospitality,accounts@greenbanquetsmumbai.example.com,2020-01-16
4110,Ganesh Supermarket Pune,Pune,Retail,accounts@ganeshsupermarketpune.example.com,2024-04-19
4111,Heritage Provisions Pune,Pune,Retail,accounts@heritageprovisionspune.example.com,2025-07-24
4112,Nandi Modern Mart,Delhi,Retail,accounts@nandimodernmart.example.com,2022-04-28
4113,Lake View Evergreen Packaging,Mumbai,Wholesale,accounts@lakeviewevergreenpackagi.example.com,2023-07-14
4114,Jai Hind Resorts Visakhapatnam,Visakhapatnam,Hospitality,accounts@jaihindresortsvisakhapat.example.com,2022-05-28
4115,Silk Route Kitchenware Goa,Goa,Retail ,accounts@silkroutekitchenwaregoa.example.com,2023-04-18
4116,Bharat Banquets Lucknow,Lucknow,Hospitality,accounts@bharatbanquetslucknow.example.com,2020-10-16
4117,Ganesh Tiffin Services Surat,Surat,Hospitality,accounts@ganeshtiffinservicessura.example.com,2024-02-05
4118,Blue Cafe Noida,Noida,Hotel/Restaurant,accounts@bluecafenoida.example.com,14/04/2022
4119,Lake View Kitchenware Delhi,Delhi,Retail,accounts@lakeviewkitchenwaredelhi.example.com,2021-01-21
4120,Sai Inn Indore,Indore,Hospitality,accounts@saiinnindore.example.com,2023-04-01
4121,Jai Hind New Cafe,Mumbai,Hospitality,accounts@jaihindnewcafe.example.com,05/02/2025
4122,Om Kitchens Kanpur,Kanpur,hospitality,accounts@omkitchenskanpur.example.com,2022-03-19
4123,Harbour Resorts Agra,Agra,Hospitality,accounts@harbourresortsagra.example.com,2025-04-11
4124,Pearl Bazaar Mumbai,Mumbai,Retail ,accounts@pearlbazaarmumbai.example.com,2020-09-24
4125,Galaxy Suppliers Raipur,Raipur,Wholesale,accounts@galaxysuppliersraipur.example.com,2024-12-11
4126,Evergreen Provisions Agra,Agra,Retail,accounts@evergreenprovisionsagra.example.com,13/06/2023
4127,Rainbow Saffron Emporium,Chennai,Retail,accounts@rainbowsaffronemporium.example.com,2021-08-04
4128,Prime Emporium Dehradun,Dehradun,Retail,accounts@primeemporiumdehradun.example.com,08/03/2024
4129,Spice Garden Supermarket Aurangabad,unknown,Retail,accounts@spicegardensupermarketau.example.com,2020-09-29
4130,Bharat Home Needs Ranchi,Ranchi,Retail,accounts@bharathomeneedsranchi.example.com,10/03/2020
4131,Classic Kitchenware Visakhapatnam,unknown,Retail,accounts@classickitchenwarevisakh.example.com,2025-06-28
4132,Harbour Packaging Pune,Pune,Wholesale,accounts@harbourpackagingpune.example.com,2023-09-04
4133,Mahalaxmi Home Needs Visakhapatnam,Visakhapatnam,Retail,accounts@mahalaxmihomeneedsvisakh.example.com,2025-08-04
4134,Orchid Mart Coimbatore,Coimbatore,Retail,accounts@orchidmartcoimbatore.example.com,2020-12-29
4135,City Tiffin Services Delhi,Delhi,Hospitality,accounts@citytiffinservicesdelhi.example.com,26/02/2025
4136,Supreme Emporium Mumbai,Mumbai,Retail,accounts@supremeemporiummumbai.example.com,2021-10-23
4137,Blue General Store Mumbai,Mumbai ,Retail,,2022-12-10
4138,Saffron Stores Bengaluru,Bengaluru,Retail,accounts@saffronstoresbengaluru.example.com,2024-07-12
4139,Nandi Inn Delhi,Delhi,Hospitality,accounts@nandiinndelhi.example.com,2021-10-06
4140,Pearl Exports Delhi,Delhi,Wholesale,accounts@pearlexportsdelhi.example.com,2025-07-21
4141,Jai Hind Hotels Goa,Goa,Hospitality,accounts@jaihindhotelsgoa.example.com,2023-10-05
4142,Bharat Stores Kolkata,Kolkata,Retail,accounts@bharatstoreskolkata.example.com,2022-11-04
4143,Spice Garden Provisions Goa,Goa,Retail,accounts@spicegardenprovisionsgoa.example.com,2025-01-05
4144,Mahalaxmi Distributors,Gurugram,Wholesale,accounts@mahalaxmidistributors.example.com,2023-12-15
4145,Nandi Traders Visakhapatnam,Visakhapatnam,Retail,accounts@nanditradersvisakhapatna.example.com,2025-01-01
4146,Blue Shree Hotels,pune,Hospitality,accounts@blueshreehotels.example.com,2024-03-13
4147,Modern Tiffin Services Agra,Agra,Hospitality,accounts@moderntiffinservicesagra.example.com,2025-01-04
4148,Pearl Traders Gurugram,Gurugram,Retail,accounts@pearltradersgurugram.example.com,2021-06-11
4149,Rainbow Blue Bazaar,Chennai,Retail,accounts@rainbowbluebazaar.example.com,2024-11-30
4150,Krishna Enterprises Nagpur,Nagpur,Wholesale,accounts@krishnaenterprisesnagpur.example.com,2020-12-17
4151,Supreme Kitchens Ahmedabad,Ahmedabad,Hospitality,accounts@supremekitchensahmedabad.example.com,2020-03-21
4152,Tulsi Traders Bhubaneswar,Bhubaneswar,Retail,accounts@tulsitradersbhubaneswar.example.com,2020-09-25
4153,Classic Restaurant Agra,Agra,Hospitality,accounts@classicrestaurantagra.example.com,19/07/2023
4154,Golden Mart Madurai,Madurai,Retail,accounts@goldenmartmadurai.example.com,2023-06-01
4155,Lake View Provisions,Delhi,Retail ,accounts@lakeviewprovisions.example.com,2022-01-26
4156,Palm Caterers Ranchi,Ranchi,Hospitality,accounts@palmcaterersranchi.example.com,2024-07-07
4157,Lotus Cafe Kolkata,Kolkata,Hospitality,accounts@lotuscafekolkata.example.com,2023-10-23
4158,Laxmi Traders Mumbai,Mumbai,Retail,accounts@laxmitradersmumbai.example.com,2022-03-18
4159,Palm Enterprises Rajkot,Rajkot,Wholesale,accounts@palmenterprisesrajkot.example.com,2023-09-20
4160,Sai Traders Hyderabad,hyderabad,Retail,accounts@saitradershyderabad.example.com,24/03/2020
4161,Prime Restaurant Visakhapatnam,Visakhapatnam,Hospitality,accounts@primerestaurantvisakhapa.example.com,2020-09-09
4162,Silver Provisions Thane,Thane,Retail,accounts@silverprovisionsthane.example.com,18/03/2025
4163,United Caterers Agra,Agra,Hospitality,accounts@unitedcaterersagra.example.com,2023-04-09
4164,Shree Emporium Delhi,Delhi,Retail,accounts@shreeemporiumdelhi.example.com,2023-07-28
4165,Spice Garden Kitchenware Bhubaneswar,Bhubaneswar,Retail,accounts@spicegardenkitchenwarebh.example.com,2023-12-05
4166,Bharat Emporium Delhi,Delhi,Retail,accounts@bharatemporiumdelhi.example.com,2025-03-29
4167,Lotus Mart Vadodara,Vadodara,Retail,accounts@lotusmartvadodara.example.com,2022-07-29
4168,Heritage Traders Agra,Agra,Retail,accounts@heritagetradersagra.example.com,2020-09-19
4169,Supreme Home Needs Madurai,Madurai,Retail,accounts@supremehomeneedsmadurai.example.com,2021-11-01
4170,Krishna Kitchens Visakhapatnam,Visakhapatnam,Hospitality,accounts@krishnakitchensvisakhapa.example.com,2022-06-17
4171,Royal Enterprises,Patna,Wholesale,accounts@royalenterprises.example.com,2020-03-28
4172,Silk Route Provisions Ludhiana,Ludhiana,Retail,accounts@silkrouteprovisionsludhi.example.com,18/05/2021
4173,Bharat Provisions Bengaluru,Bengaluru,Retail,accounts@bharatprovisionsbengalur.example.com,09/08/2022
4174,Heritage Distributors Madurai,Madurai,Wholesale,accounts@heritagedistributorsmadu.example.com,2020-08-31
4175,National Caterers Delhi,Delhi,Hospitality,accounts@nationalcaterersdelhi.example.com,2022-03-17
4176,Heritage Banquets Rajkot,Rajkot,Hospitality,accounts@heritagebanquetsrajkot.example.com,2025-05-07
4177,Ganesh Hotels Ahmedabad,Ahmedabad,Hospitality,accounts@ganeshhotelsahmedabad.example.com,2021-08-30
4178,Nandi Supermarket Madurai,Madurai,Retail,accounts@nandisupermarketmadurai.example.com,2022-08-25
4179,Sai Restaurant Udaipur,Udaipur,Hospitality,accounts@sairestaurantudaipur.example.com,01/02/2023
4180,Heritage General Store Bengaluru,Bengaluru,Retail,accounts@heritagegeneralstorebeng.example.com,2021-10-24
4181,Coconut Grove Provisions Kochi,unknown,Retail,accounts@coconutgroveprovisionsko.example.com,2023-12-18
4182,City Home Needs Mysuru,Mysore,Retail,accounts@cityhomeneedsmysuru.example.com,2022-12-09
4183,Coastal Banquets Jaipur,Jaipur,Hotel/Restaurant,accounts@coastalbanquetsjaipur.example.com,2021-07-12
4184,United Distributors Mumbai,Bombay,Wholesale,accounts@uniteddistributorsmumbai.example.com,2020-01-10
4185,Silver Mart Chandigarh,Chandigarh,Retail,accounts@silvermartchandigarh.example.com,2020-08-30
4186,Royal Packaging Delhi,Delhi,Wholesale,accounts@royalpackagingdelhi.example.com,2023-07-05
4187,Vijay Bazaar,Vadodara,Retail,accounts@vijaybazaar.example.com,2021-01-11
4188,Lake View Supermarket Pune,Pune,Retail,accounts@lakeviewsupermarketpune.example.com,2023-04-16
4189,Green Kitchens Mumbai,Bombay,Hospitality,accounts@greenkitchensmumbai.example.com,07/11/2025
4190,Om Caterers Dehradun,Dehradun,Hospitality,accounts@omcaterersdehradun.example.com,2021-10-25
4191,Galaxy Logistics Indore,Indore,Wholesale,accounts@galaxylogisticsindore.example.com,2023-06-27
4192,National Coconut Grove Home Needs,Kolkata,Retail,accounts@nationalcoconutgrovehome.example.com,2021-01-18
4193,Lotus General Store Hyderabad,Hyderabad,Retail,accounts@lotusgeneralstorehyderab.example.com,2023-09-19
4194,Silk Route Tiffin Services Pune,Pune,Hospitality,accounts@silkroutetiffinservicesp.example.com,08/11/2020
4195,Nandi Stores Delhi,Delhi,Retail,accounts@nandistoresdelhi.example.com,2023-10-29
4196,Sai Foods Dehradun,Dehradun,Hospitality,accounts@saifoodsdehradun.example.com,2022-11-26
4197,Blue Provisions Delhi,Delhi,Retail,accounts@blueprovisionsdelhi.example.com,2024-01-03
4198,Metro Traders Delhi,Delhi,retail,accounts@metrotradersdelhi.example.com,2021-02-07
4199,National Tiffin Services Bengaluru,Bengaluru,Hospitality,accounts@nationaltiffinservicesbe.example.com,2022-02-20
4200,Tulsi Lake View Traders,Delhi,Retail,accounts@tulsilakeviewtraders.example.com,2021-07-06
4201,Jai Hind Foods Chennai,Chennai,Hospitality,accounts@jaihindfoodschennai.example.com,2020-12-08
4202,Lotus Supermarket Coimbatore,Coimbatore,Retail,accounts@lotussupermarketcoimbato.example.com,01/10/2025
4203,Modern Supermarket Bhubaneswar,Bhubaneswar,Retail,accounts@modernsupermarketbhubane.example.com,2020-11-12
4204,Bharat Kitchenware Bengaluru,Bengaluru,Retail,accounts@bharatkitchenwarebengalu.example.com,2023-02-16
4205,Mahalaxmi Hotels Thane,Thane,Hospitality,accounts@mahalaxmihotelsthane.example.com,2023-02-10
4206,Star Restaurant Kolkata,Kolkata,Hospitality,,2022-02-09
4207,Sai Banquets Kolkata,Kolkata,Hospitality,accounts@saibanquetskolkata.example.com,2021-11-20
4208,Modern General Store Ranchi,Ranchi,Retail,accounts@moderngeneralstoreranchi.example.com,2022-01-16
4209,Sapphire General Store Ahmedabad,Ahmedabad,Retail,accounts@sapphiregeneralstoreahme.example.com,2024-07-03
4210,Classic Mart Ahmedabad,Ahmedabad,Retail,accounts@classicmartahmedabad.example.com,2024-08-08
4211,New River Side Home Needs,Bengaluru,Retail,accounts@newriversidehomeneeds.example.com,2024-02-26
4212,Urban Supermarket Goa,Goa,retail,accounts@urbansupermarketgoa.example.com,28/12/2024
4213,Ganesh Foods Bengaluru,Bengaluru,Hospitality,accounts@ganeshfoodsbengaluru.example.com,2020-12-14
4214,Sunrise Foods,Nagpur,Hospitality,accounts@sunrisefoods.example.com,2021-11-06
4215,Shree Provisions Kochi,Kochi,Retail,,2023-05-08
4216,Saffron Inn Mumbai,Mumbai,Hospitality,accounts@saffroninnmumbai.example.com,2023-05-01
4217,Green Distributors Thane,Thane,Wholesale,accounts@greendistributorsthane.example.com,2020-06-05
4218,Coconut Grove Supreme Kitchenware,Delhi,Retail,accounts@coconutgrovesupremekitch.example.com,2025-09-09
4219,United Sunrise Emporium,Delhi,Retail,accounts@unitedsunriseemporium.example.com,2023-12-17
4220,Spice Garden Provisions Pune,Pune,Retail,accounts@spicegardenprovisionspun.example.com,2022-04-19
4221,Spice Garden Traders Hyderabad,Hyderabad,Retail,accounts@spicegardentradershydera.example.com,2024-01-03
4222,Mahalaxmi Trading Co Guwahati,Guwahati,Wholesale,accounts@mahalaxmitradingcoguwaha.example.com,2021-11-04
4223,Coconut Grove Emporium Madurai,Madurai,Retail,accounts@coconutgroveemporiummadu.example.com,2020-08-30
4224,Laxmi Galaxy Home Needs,Delhi,Retail,accounts@laxmigalaxyhomeneeds.example.com,2024-01-15
4225,Royal Cafe Coimbatore,Coimbatore,Hospitality,accounts@royalcafecoimbatore.example.com,2022-02-09
4226,Bharat Inn Delhi,Delhi,Hospitality,accounts@bharatinndelhi.example.com,2022-10-22
4227,Classic Restaurant Pune,Pune,Hospitality,accounts@classicrestaurantpune.example.com,2020-09-22
4228,Laxmi Foods Kanpur,Kanpur,Hospitality,accounts@laxmifoodskanpur.example.com,2023-07-28
4229,Coconut Grove Kitchenware Mangaluru,Mangaluru,Retail,accounts@coconutgrovekitchenwarem.example.com,2022-05-27
4230,Royal Kitchenware Rajkot,Rajkot,Retail,accounts@royalkitchenwarerajkot.example.com,2025-08-31
4231,Sunrise Foods Gurugram,Gurugram,Hospitality,accounts@sunrisefoodsgurugram.example.com,2023-12-29
4232,New Caterers Kolkata,Calcutta,Hospitality,accounts@newcatererskolkata.example.com,2020-04-30
4233,Metro Kitchens Lucknow,Lucknow,Hospitality,accounts@metrokitchenslucknow.example.com,2020-08-02
4234,Lotus Supermarket Raipur,Raipur,Retail,accounts@lotussupermarketraipur.example.com,2020-08-28
4235,Star Mart Thane,Thane,Retail,accounts@starmartthane.example.com,2020-06-16
4236,Mahalaxmi Urban Provisions,Poona,Retail,accounts@mahalaxmiurbanprovisions.example.com,2024-12-28
4237,Crystal Kitchenware Ahmedabad,Ahmedabad,Retail,accounts@crystalkitchenwareahmeda.example.com,2023-05-16
4238,National Restaurant Nagpur,Nagpur,Hospitality,accounts@nationalrestaurantnagpur.example.com,2022-11-03
4239,Mahalaxmi Suppliers Ranchi,Ranchi,Wholesale,accounts@mahalaxmisuppliersranchi.example.com,2024-04-21
4240,Silk Route Metro Inn,Mumbai,Hospitality,accounts@silkroutemetroinn.example.com,2023-12-02
4241,Silk Route Kitchenware Madurai,Madurai,Retail,accounts@silkroutekitchenwaremadu.example.com,2020-11-02
4242,Coconut Grove Banquets Aurangabad,Aurangabad,Hospitality,,20/12/2023
4243,Heritage Kitchenware Delhi,Delhi,Retail,accounts@heritagekitchenwaredelhi.example.com,2022-03-05
4244,Classic Supermarket Mumbai,Mumbai,Retail,accounts@classicsupermarketmumbai.example.com,2021-09-25
4245,Silk Route Foods Ahmedabad,Ahmedabad,Hospitality,accounts@silkroutefoodsahmedabad.example.com,2024-05-04
4246,Lake View Home Needs Mangaluru,Mangaluru,Retail,accounts@lakeviewhomeneedsmangalu.example.com,20/08/2020
4247,Palm Mart Patna,Patna,Retail,accounts@palmmartpatna.example.com,2024-08-06
4248,Harbour Caterers Lucknow,Lucknow,hospitality,accounts@harbourcatererslucknow.example.com,2025-05-30
4249,City General Store Chennai,chennai,Retail,,2022-05-21
4250,Metro Emporium Kolkata,Kolkata,RETAIL,accounts@metroemporiumkolkata.example.com,2025-10-13
4251,United Hotels Mumbai,Mumbai,Hospitality,accounts@unitedhotelsmumbai.example.com,2025-07-29
4252,Hill View Resorts Delhi,Delhi,hospitality,accounts@hillviewresortsdelhi.example.com,2024-12-16
4253,City Bazaar Gurugram,Gurugram,Retail,accounts@citybazaargurugram.example.com,2020-07-01
4254,Shree Bazaar Nashik,Nashik,Retail,accounts@shreebazaarnashik.example.com,2022-12-29
4255,Shree Caterers,Mumbai,Hospitality,accounts@shreecaterers.example.com,2022-05-23
4256,Evergreen Krishna Resorts,Pune,Hospitality,accounts@evergreenkrishnaresorts.example.com,2025-09-12
4257,Prime Home Needs Delhi,Delhi,Retail,accounts@primehomeneedsdelhi.example.com,2020-12-14
4258,Om Distributors Kolkata,Kolkata,Wholesale,accounts@omdistributorskolkata.example.com,2021-06-03
4259,Nandi Banquets Mumbai,Mumbai,Hospitality,accounts@nandibanquetsmumbai.example.com,2022-09-17
4260,Urban Stores Agra,Agra,Retail,accounts@urbanstoresagra.example.com,2020-03-15
4261,Palm New Traders,Bengaluru,Retail,accounts@palmnewtraders.example.com,2025-05-24
4262,Jai Hind General Store Mumbai,Mumbai,Retail ,accounts@jaihindgeneralstoremumba.example.com,2020-01-01
4263,Bharat Banquets Pune,Pune,Hospitality,accounts@bharatbanquetspune.example.com,27/08/2021
4264,Bharat Provisions Gurugram,Gurugram,Retail,,2023-04-15
4265,Sunrise Emporium,Lucknow,Retail,accounts@sunriseemporium.example.com,2023-05-07
4266,Krishna Supermarket Kolkata,Kolkata,Retail,accounts@krishnasupermarketkolkat.example.com,2021-02-26
4267,Harbour Distributors Mumbai,Mumbai,Wholesale,accounts@harbourdistributorsmumba.example.com,2023-07-29
4268,Pearl Supermarket Thane,Thane,Retail,accounts@pearlsupermarketthane.example.com,2022-04-26
4269,Metro General Store Kochi,Kochi,Retail,accounts@metrogeneralstorekochi.example.com,2022-12-10
4270,Lake View Stores Ahmedabad,Ahmedabad,Retail,accounts@lakeviewstoresahmedabad.example.com,2022-08-16
4271,Prime Supermarket Raipur,Raipur,Retail,accounts@primesupermarketraipur.example.com,2021-07-19
4272,New Balaji Emporium,Poona,Retail,accounts@newbalajiemporium.example.com,2022-12-18
4273,Rainbow Home Needs Surat,Surat,Retail,accounts@rainbowhomeneedssurat.example.com,2025-01-02
4274,Crystal Emporium Chennai,Chennai,Retail,accounts@crystalemporiumchennai.example.com,2024-01-22
4275,Rainbow Packaging Ahmedabad,Ahmedabad,Wholesale,accounts@rainbowpackagingahmedaba.example.com,2023-02-15
4276,Sapphire Foods Delhi,Delhi,Hospitality,accounts@sapphirefoodsdelhi.example.com,2022-03-24
4277,Jai Hind Banquets Jaipur,Jaipur,Hospitality,accounts@jaihindbanquetsjaipur.example.com,2020-08-29
4278,Heritage Foods Ludhiana,Ludhiana,Hotel/Restaurant,accounts@heritagefoodsludhiana.example.com,2020-11-10
4279,Shree Inn Hyderabad,Hyderabad,Hospitality,accounts@shreeinnhyderabad.example.com,2022-01-21
4280,Evergreen Tiffin Services Nagpur,Nagpur,Hospitality,accounts@evergreentiffinservicesn.example.com,2020-09-04
4281,Sapphire Kitchenware Kanpur,Kanpur,Retail,accounts@sapphirekitchenwarekanpu.example.com,2021-10-24
4282,Galaxy Resorts,Delhi,Hospitality,accounts@galaxyresorts.example.com,2022-11-27
4283,Supreme Banquets Visakhapatnam,Visakhapatnam,Hospitality,accounts@supremebanquetsvisakhapa.example.com,2020-01-21
4284,Om Banquets Kanpur,Kanpur,Hospitality,,2023-01-29
4285,Saffron Emporium Thiruvananthapuram,Thiruvananthapuram,Retail,accounts@saffronemporiumthiruvana.example.com,2022-03-28
4286,Tulsi Distributors,Goa,wholesale,accounts@tulsidistributors.example.com,2025-10-22
4287,Modern Resorts,Chennai,Hospitality,accounts@modernresorts.example.com,2023-12-01
4288,Modern Stores Bengaluru,Bengaluru,Retail,accounts@modernstoresbengaluru.example.com,2025-02-03
4289,Nandi Resorts Kolkata,Kolkata,Hospitality,accounts@nandiresortskolkata.example.com,2023-12-21
4290,Krishna Bazaar Dehradun,Dehradun,Retail,accounts@krishnabazaardehradun.example.com,2020-01-13
4291,Palm Packaging Delhi,delhi,Wholesale,accounts@palmpackagingdelhi.example.com,2023-12-02
4292,Ganesh Tiffin Services Ranchi,Ranchi,Hospitality,accounts@ganeshtiffinservicesranc.example.com,2023-10-31
4293,Sapphire Supermarket Ludhiana,Ludhiana,Retail,accounts@sapphiresupermarketludhi.example.com,2021-09-22
4294,Saffron Stores Thane,Thane,Retail,accounts@saffronstoresthane.example.com,2022-04-15
4295,Palm General Store Mumbai,Mumbai ,Retail,accounts@palmgeneralstoremumbai.example.com,2024-07-01
4296,Om Emporium Bengaluru,Bengaluru,Retail,accounts@omemporiumbengaluru.example.com,2023-07-22
4297,Laxmi Wholesale,Mumbai,Wholesale,accounts@laxmiwholesale.example.com,2021-08-22
4298,Maple Cafe Raipur,Raipur,Hospitality,accounts@maplecaferaipur.example.com,01/03/2024
4299,New Provisions Nagpur,Nagpur,Retail,accounts@newprovisionsnagpur.example.com,2023-02-04
4300,Royal General Store Guwahati,Guwahati,Retail,accounts@royalgeneralstoreguwahat.example.com,2021-06-02
4301,Crystal Prime Traders,Hyderabad,Retail,accounts@crystalprimetraders.example.com,2020-06-26
4302,Metro Rainbow Resorts,Mumbai,Hospitality,accounts@metrorainbowresorts.example.com,2021-04-18
4303,City Cafe Delhi,Delhi,Hospitality,accounts@citycafedelhi.example.com,2022-07-05
4304,Lake View Kitchenware Pune,Pune,Retail,accounts@lakeviewkitchenwarepune.example.com,2022-02-26
4305,Supreme Stores Bengaluru,Bengaluru,Retail,,2022-10-01
4306,Lake View Emporium,hyderabad,retail,accounts@lakeviewemporium.example.com,2023-12-10
4307,River Side Exports Ranchi,Ranchi,Wholesale,accounts@riversideexportsranchi.example.com,2024-10-11
4308,Crystal Stores Nagpur,Nagpur,Retail,accounts@crystalstoresnagpur.example.com,2022-06-07
4309,Spice Garden General Store Delhi,Delhi,Retail,accounts@spicegardengeneralstored.example.com,2021-11-21
4310,Jai Hind General Store Ludhiana,Ludhiana,Retail ,accounts@jaihindgeneralstoreludhi.example.com,2022-08-05
4311,Lotus Depot Bengaluru,Bengaluru,Wholesale,accounts@lotusdepotbengaluru.example.com,2025-02-03
4312,Hill View Traders Coimbatore,Coimbatore,Retail,accounts@hillviewtraderscoimbator.example.com,2021-08-24
4313,New Emporium Nagpur,Nagpur,Retail,accounts@newemporiumnagpur.example.com,2025-01-25
4314,River Side Foods Chennai,Chennai,Hospitality,accounts@riversidefoodschennai.example.com,20/12/2020
4315,Royal Mart Hyderabad,Hyderabad,Retail,accounts@royalmarthyderabad.example.com,2025-05-26
4316,Bharat Enterprises,Bengaluru,Wholesale,accounts@bharatenterprises.example.com,2022-01-01
4317,Galaxy General Store Surat,Surat,Retail,accounts@galaxygeneralstoresurat.example.com,2022-01-18
4318,Supreme Classic Provisions,Bengaluru,Retail,accounts@supremeclassicprovisions.example.com,2025-04-26
4319,Balaji Hotels Chennai,Chennai,Hospitality,accounts@balajihotelschennai.example.com,2023-08-11
4320,Orchid Banquets Bengaluru,Bengaluru,Hospitality,accounts@orchidbanquetsbengaluru.example.com,2020-02-10
4321,Rainbow Mart Thiruvananthapuram,Thiruvananthapuram,Retail,accounts@rainbowmartthiruvanantha.example.com,2021-12-24
4322,Green Coastal Traders,Hyderabad,Retail,accounts@greencoastaltraders.example.com,2023-04-19
4323,Saffron Tiffin Services Kolkata,Kolkata,Hospitality,accounts@saffrontiffinserviceskol.example.com,2024-10-12
4324,Lake View Emporium Mangaluru,Mangaluru,Retail,accounts@lakeviewemporiummangalur.example.com,05/05/2024
4325,United Kitchenware Coimbatore,Coimbatore,Retail,accounts@unitedkitchenwarecoimbat.example.com,2025-01-02
4326,Rainbow Bazaar Hyderabad,Hyderabad,Retail,accounts@rainbowbazaarhyderabad.example.com,2025-06-07
4327,Galaxy Mart Mumbai,Mumbai,Retail,accounts@galaxymartmumbai.example.com,2020-09-17
4328,Palm Laxmi Provisions,hyderabad,Retail,accounts@palmlaxmiprovisions.example.com,01/04/2023
4329,Saffron Stores Ranchi,Ranchi,Retail,accounts@saffronstoresranchi.example.com,2023-10-14
4330,Ganesh Resorts Hyderabad,Hyderabad,Hospitality,accounts@ganeshresortshyderabad.example.com,2021-04-17
4331,River Side Hotels Delhi,Delhi,Hospitality,accounts@riversidehotelsdelhi.example.com,16/08/2023
4332,Saffron Traders Guwahati,Guwahati,Retail,accounts@saffrontradersguwahati.example.com,2020-11-12
4333,Tulsi Home Needs Delhi,Delhi,Retail,accounts@tulsihomeneedsdelhi.example.com,11/01/2023
4334,Sapphire Wholesale Coimbatore,Coimbatore,Wholesale,accounts@sapphirewholesalecoimbat.example.com,2020-01-07
4335,Balaji Bazaar Pune,Poona,Retail,accounts@balajibazaarpune.example.com,2023-10-14
4336,Laxmi Cafe Hyderabad,Hyderabad,Hospitality,,10/02/2020
4337,Ganesh Provisions Lucknow,Lucknow,Retail,accounts@ganeshprovisionslucknow.example.com,2023-06-11
4338,Shree Resorts Gurugram,Gurugram,Hospitality,accounts@shreeresortsgurugram.example.com,2022-08-30
4339,City General Store Raipur,Raipur,Retail,accounts@citygeneralstoreraipur.example.com,04/07/2021
4340,Coconut Grove Mart Delhi,Delhi,Retail,accounts@coconutgrovemartdelhi.example.com,2020-04-10
4341,Nandi Exports,Mysuru,Wholesale,accounts@nandiexports.example.com,2023-04-28
4342,Sapphire Restaurant Mangaluru,Mangaluru,Hospitality,accounts@sapphirerestaurantmangal.example.com,2024-08-19
4343,United Kitchens Chandigarh,Chandigarh,Hospitality,accounts@unitedkitchenschandigarh.example.com,2022-08-09
4344,Rainbow Caterers Kochi,Kochi,HoReCa,accounts@rainbowcatererskochi.example.com,2023-02-15
4345,Laxmi Kitchenware Kochi,Kochi,Retail,accounts@laxmikitchenwarekochi.example.com,2022-05-02
4346,Jai Hind Cafe Madurai,Madurai,Hospitality,accounts@jaihindcafemadurai.example.com,2024-02-16
4347,Evergreen Suppliers Jaipur,Jaipur,Wholesale,accounts@evergreensuppliersjaipur.example.com,2024-06-02
4348,Coastal Mart Hyderabad,Hyderabad,Retail,accounts@coastalmarthyderabad.example.com,2021-10-22
4349,Golden Supermarket Patna,Patna,Retail,accounts@goldensupermarketpatna.example.com,2024-01-15
4350,Spice Garden General Store Thane,Thane,Retail,accounts@spicegardengeneralstoret.example.com,2023-06-06
4351,Star General Store Chennai,Chennai,Retail,accounts@stargeneralstorechennai.example.com,2023-03-06
4352,Blue Trading Co,Bengaluru,Wholesale,accounts@bluetradingco.example.com,2022-06-17
4353,Sunrise Home Needs Ahmedabad,Ahmedabad,Retail,accounts@sunrisehomeneedsahmedaba.example.com,2021-12-28
4354,Lotus Hotels Delhi,Delhi,Hospitality,accounts@lotushotelsdelhi.example.com,09/06/2020
4355,National Exports Noida,Noida,Wholesale,accounts@nationalexportsnoida.example.com,2025-07-07
4356,Vijay Caterers Noida,Noida,Hospitality,accounts@vijaycaterersnoida.example.com,2020-07-03
4357,Galaxy Hotels Ahmedabad,Ahmedabad,Hospitality,accounts@galaxyhotelsahmedabad.example.com,2022-03-03
4358,Maple Cafe Agra,Agra,Hospitality,accounts@maplecafeagra.example.com,2020-03-18
4359,Star Bazaar Agra,Agra,Retail,accounts@starbazaaragra.example.com,2024-05-27
4360,Coconut Grove Enterprises Delhi,Delhi,Wholesale,accounts@coconutgroveenterprisesd.example.com,2023-02-22
4361,Rainbow General Store Jaipur,Jaipur,Retail,accounts@rainbowgeneralstorejaipu.example.com,2024-02-25
4362,City Kitchenware Pune,Pune,Retail,accounts@citykitchenwarepune.example.com,2024-03-03
4363,Prime Mart Mumbai,Mumbai,Retail,accounts@primemartmumbai.example.com,2025-03-18
4364,Star Inn Ludhiana,Ludhiana,Hospitality,accounts@starinnludhiana.example.com,2025-11-26
4365,Ganesh Blue Restaurant,delhi,Hospitality,accounts@ganeshbluerestaurant.example.com,22/06/2025
4366,Rainbow Hotels Guwahati,Guwahati,Hospitality,,2025-01-23
4367,Sunrise Enterprises Kolkata,Kolkata,Wholesale,accounts@sunriseenterpriseskolkat.example.com,2022-08-03
4368,Evergreen Bazaar Mumbai,Mumbai,Retail,accounts@evergreenbazaarmumbai.example.com,2024-08-12
4369,Green Hotels Mysuru,Mysuru,Hospitality,accounts@greenhotelsmysuru.example.com,2024-09-30
4370,Galaxy Green Provisions,Ahmedabad,Retail,accounts@galaxygreenprovisions.example.com,2025-03-04
4371,Bharat Restaurant Kochi,Kochi,Hospitality,accounts@bharatrestaurantkochi.example.com,2024-11-16
4372,Orchid General Store Indore,Indore,Retail,accounts@orchidgeneralstoreindore.example.com,2024-05-31
4373,Heritage Cafe Thane,Thane,Hospitality,accounts@heritagecafethane.example.com,2024-04-28
4374,Laxmi Trading Co Mysuru,Mysuru,Wholesale,accounts@laxmitradingcomysuru.example.com,2021-07-04
4375,Golden Suppliers,Ranchi,Wholesale,accounts@goldensuppliers.example.com,2024-09-03
4376,Coconut Grove Hotels Visakhapatnam,Visakhapatnam,Hospitality,accounts@coconutgrovehotelsvisakh.example.com,2020-05-24
4377,Coconut Grove Wholesale,Agra,Wholesale,accounts@coconutgrovewholesale.example.com,2022-11-08
4378,Palm Banquets,MUMBAI,Hospitality,accounts@palmbanquets.example.com,2021-06-01
4379,Palm Stores Mumbai,Mumbai,Retail,accounts@palmstoresmumbai.example.com,2025-01-11
4380,Metro Distributors Rajkot,Rajkot,Wholesale,accounts@metrodistributorsrajkot.example.com,2020-05-05
4381,Modern Kitchens Ahmedabad,Ahmedabad,Hospitality,accounts@modernkitchensahmedabad.example.com,2020-06-16
4382,Supreme Cafe Kolkata,Kolkata,Hospitality,accounts@supremecafekolkata.example.com,2020-05-04
4383,Ganesh Agencies Lucknow,Lucknow,Wholesale,accounts@ganeshagencieslucknow.example.com,2023-03-02
4384,Shree Kitchenware Nagpur,Nagpur,Retail,accounts@shreekitchenwarenagpur.example.com,2024-10-20
4385,Harbour Kitchenware Indore,Indore,Retail,accounts@harbourkitchenwareindore.example.com,2023-11-17
4386,National Palm Banquets,Bengaluru,Hospitality,accounts@nationalpalmbanquets.example.com,24/05/2024
4387,Lotus Provisions Pune,Pune,Retail ,accounts@lotusprovisionspune.example.com,2022-04-17
4388,Evergreen Caterers Nagpur,Nagpur,HoReCa,accounts@evergreencaterersnagpur.example.com,2025-02-28
4389,Heritage Provisions Aurangabad,Aurangabad,Retail,accounts.heritageprovisionsaurang.example.com,2020-10-12
4390,Urban Foods Aurangabad,Aurangabad,Hospitality,accounts@urbanfoodsaurangabad.example.com,2025-06-08
4391,Nandi Supermarket Hyderabad,Hyderabad,Retail,accounts@nandisupermarkethyderaba.example.com,2024-07-29
4392,Palm Supermarket Chennai,Chennai,Retail,accounts@palmsupermarketchennai.example.com,2023-11-03
4393,Vijay Emporium Ahmedabad,Ahmedabad,Retail,accounts@vijayemporiumahmedabad.example.com,2021-02-10
4394,Balaji Kitchenware Kolkata,Kolkata,Retail,accounts@balajikitchenwarekolkata.example.com,2025-06-10
4395,Heritage Modern Emporium,Delhi,Retail,accounts@heritagemodernemporium.example.com,2021-01-09
4396,Royal Foods,Delhi,Hospitality,accounts@royalfoods.example.com,2025-04-12
4397,Coastal Mart Bhubaneswar,Bhubaneswar,Retail,accounts@coastalmartbhubaneswar.example.com,2024-11-11
4398,Harbour Resorts Ahmedabad,Ahmedabad,HoReCa,accounts@harbourresortsahmedabad.example.com,2025-05-25
4399,River Side Logistics,Udaipur,Wholesale,accounts@riversidelogistics.example.com,2022-09-02
4400,Sapphire Inn Delhi,Delhi,Hospitality,accounts@sapphireinndelhi.example.com,2025-10-13
4401,Om Stores Surat,Surat,Retail,accounts@omstoressurat.example.com,2023-05-15
4402,Supreme Resorts Kolkata,Kolkata,Hospitality,accounts@supremeresortskolkata.example.com,2021-02-13
4403,Coconut Grove Distributors,New Delhi,Wholesale,accounts@coconutgrovedistributors.example.com,2022-08-06
4404,Maple General Store Delhi,Delhi,Retail,accounts@maplegeneralstoredelhi.example.com,2024-09-11
4405,New Cafe Mumbai,Mumbai,Hospitality,accounts@newcafemumbai.example.com,2021-10-06
4406,Pearl Wholesale Mumbai,NULL,Wholesale,accounts@pearlwholesalemumbai.example.com,2025-02-03
4407,Palm Kitchenware Hyderabad,NULL,Retail,accounts@palmkitchenwarehyderabad.example.com,2022-07-17
4408,Lake View Kitchenware Mumbai,Mumbai,Retail,accounts@lakeviewkitchenwaremumba.example.com,2025-04-25
4409,Shree Classic Kitchenware,Delhi,Retail,accounts@shreeclassickitchenware.example.com,2023-04-23
4410,Shree Resorts Madurai,Madurai,hospitality,accounts@shreeresortsmadurai.example.com,2025-07-19
4411,Mahalaxmi Emporium Madurai,Madurai,Retail,accounts@mahalaxmiemporiummadurai.example.com,2020-12-10
4412,Rainbow Bazaar Kolkata,Kolkata,Retail,accounts@rainbowbazaarkolkata.example.com,2021-01-23
4413,Harbour Caterers Chandigarh,Chandigarh,Hospitality,accounts@harbourcatererschandigar.example.com,2025-07-19
4414,Lake View Pearl Inn,Mysuru,Hospitality,accounts@lakeviewpearlinn.example.com,2020-08-13
4415,Vijay Traders Raipur,Raipur,Retail,accounts@vijaytradersraipur.example.com,2023-03-07
4416,Golden Bazaar Delhi,Delhi,Retail,,2024-02-11
4417,Pearl Resorts Bengaluru,Bengaluru ,Hospitality,accounts@pearlresortsbengaluru.example.com,2024-06-17
4418,Heritage Hotels,Mysuru,Hospitality,accounts@heritagehotels.example.com,2025-05-17
4419,Maple Inn Rajkot,Rajkot,Hospitality,,2023-11-18
4420,Galaxy Enterprises Madurai,Madurai,Wholesale,accounts@galaxyenterprisesmadurai.example.com,2025-05-16
4421,Green Distributors Nashik,Nashik,Wholesale,accounts@greendistributorsnashik.example.com,2025-05-05
4422,Golden General Store Guwahati,Guwahati,Retail,accounts@goldengeneralstoreguwaha.example.com,2025-09-26
4423,Modern Home Needs Delhi,Delhi,Retail ,accounts@modernhomeneedsdelhi.example.com,2023-12-23
4424,Sunrise Krishna Emporium,Bengaluru,Retail,accounts@sunrisekrishnaemporium.example.com,2021-06-01
4425,Blue Stores Ahmedabad,Ahmedabad,Retail,accounts@bluestoresahmedabad.example.com,2023-04-01
4426,Ganesh General Store Guwahati,Guwahati,Retail,accounts@ganeshgeneralstoreguwaha.example.com,2020-05-19
4427,United Inn Pune,Pune,Hospitality,accounts@unitedinnpune.example.com,2021-06-01
4428,Blue General Store Surat,Surat,Retail,accounts@bluegeneralstoresurat.example.com,2022-04-04
4429,Sunrise Banquets Mumbai,Mumbai,Hospitality,accounts@sunrisebanquetsmumbai.example.com,2025-11-26
4430,Blue Mart Agra,Agra,Retail,accounts@bluemartagra.example.com,2023-06-17
4431,Galaxy Depot Hyderabad,Hyderabad,WHOLESALE,accounts@galaxydepothyderabad.example.com,2021-08-07
4432,Nandi Tiffin Services Aurangabad,Aurangabad,Hospitality,accounts@nanditiffinservicesauran.example.com,2024-02-16
4433,New Enterprises,Surat,Distributor,accounts@newenterprises.example.com,2025-03-17
4434,Classic Cafe,Vizag,Hospitality,accounts@classiccafe.example.com,2022-06-15
4435,Silk Route Resorts Pune,pune,Hospitality,accounts@silkrouteresortspune.example.com,2025-09-14
4436,Krishna General Store Chennai,Chennai,Retail,accounts@krishnageneralstorechenn.example.com,2020-10-07
4437,Palm Tiffin Services Bengaluru,Bengaluru,Hospitality,accounts@palmtiffinservicesbengal.example.com,2022-11-21
4438,Metro Supermarket Indore,Indore,Retail,accounts@metrosupermarketindore.example.com,2025-06-15
4439,Ganesh Home Needs Rajkot,Rajkot,Retail,accounts@ganeshhomeneedsrajkot.example.com,2020-05-04
4440,Shree General Store Ahmedabad,Ahmedabad,Retail,,2023-07-12
4441,Sai Bazaar Hyderabad,Hyderabad ,Retail,accounts@saibazaarhyderabad.example.com,2024-10-02
4442,Jai Hind Lotus General Store,Ranchi,Retail,accounts@jaihindlotusgeneralstore.example.com,2023-10-08
4443,Coconut Grove Exports Ahmedabad,Ahmedabad,Wholesale,accounts@coconutgroveexportsahmed.example.com,2021-12-19
4444,Tulsi Hotels Bengaluru,Bengaluru,Hospitality,,2025-04-06
4445,Blue Banquets Rajkot,Rajkot,hospitality,accounts@bluebanquetsrajkot.example.com,2022-11-08
4446,Rainbow Foods Pune,Poona,Hospitality,accounts@rainbowfoodspune.example.com,2020-06-02
4447,Mahalaxmi Supreme Mart,Gurugram,Retail,accounts@mahalaxmisuprememart.example.com,2020-08-31
4448,Modern Mart Mangaluru,Mangaluru,Retail,accounts@modernmartmangaluru.example.com,2023-03-01
4449,Sai Kitchenware Chandigarh,Chandigarh,Retail,accounts@saikitchenwarechandigarh.example.com,2024-07-11
4450,National Crystal Bazaar,Delhi,Retail,accounts@nationalcrystalbazaar.example.com,2021-08-06
4451,Classic Mart Vadodara,Vadodara,Retail,accounts@classicmartvadodara.example.com,2025-01-28
4452,Silver United Traders,Indore,Retail,accounts@silverunitedtraders.example.com,2020-11-06
4453,Maple Logistics Coimbatore,Coimbatore,Wholesale,accounts@maplelogisticscoimbatore.example.com,2022-06-24
4454,Crystal Stores Kolkata,Kolkata,Retail,accounts@crystalstoreskolkata.example.com,2024-11-12
4455,Saffron Kitchens Bengaluru,Bengaluru,Hospitality,accounts@saffronkitchensbengaluru.example.com,2025-03-26
4456,Modern Hotels Rajkot,Rajkot,Hospitality,,2021-09-09
4457,Heritage Cafe Bhubaneswar,Bhubaneswar,Hospitality,accounts@heritagecafebhubaneswar.example.com,2023-02-25
4458,Saffron Cafe Thane,N/A,Hospitality,accounts@saffroncafethane.example.com,2025-06-09
4459,Orchid Provisions Hyderabad,Hyderabad,Retail,accounts@orchidprovisionshyderaba.example.com,18/06/2023
4460,Silver Supermarket Rajkot,Rajkot,Retail,accounts@silversupermarketrajkot.example.com,2021-06-28
4461,Om General Store Raipur,Raipur,Retail,accounts@omgeneralstoreraipur.example.com,2020-10-26
4462,Saffron Kitchenware Aurangabad,Aurangabad,Retail,accounts@saffronkitchenwareaurang.example.com,2024-06-27
4463,Laxmi Caterers Ahmedabad,Ahmedabad,Hospitality,accounts@laxmicaterersahmedabad.example.com,2023-01-28
4464,Mahalaxmi Distributors Indore,Indore,Wholesale,accounts@mahalaxmidistributorsind.example.com,2024-03-06
4465,Bharat Hotels Ahmedabad,Ahmedabad,Hospitality,accounts@bharathotelsahmedabad.example.com,2022-12-06
4466,Sunrise Pearl Supermarket,Bengaluru,Retail,accounts@sunrisepearlsupermarket.example.com,2022-09-10
4467,Lotus Banquets Bengaluru,bengaluru,Hospitality,accounts@lotusbanquetsbengaluru.example.com,2020-02-17
4468,United Home Needs Patna,Patna,Retail,accounts@unitedhomeneedspatna.example.com,2020-01-29
4469,Shree Prime Caterers,Lucknow,Hospitality,accounts@shreeprimecaterers.example.com,2022-10-09
4470,Harbour Hill View Supermarket,Chennai,Retail,accounts@harbourhillviewsupermark.example.com,2023-03-17
4471,City Traders Dehradun,Dehradun,Retail,accounts@citytradersdehradun.example.com,2024-12-21
4472,Rainbow Hotels Pune,unknown,Hospitality,accounts@rainbowhotelspune.example.com,2023-06-05
4473,Galaxy Hotels Thane,Thane,Hospitality,accounts@galaxyhotelsthane.example.com,2024-05-27
4474,Shree Inn Delhi,Delhi,Hospitality,accounts@shreeinndelhi.example.com,2024-08-14
4475,Spice Garden General Store Thiruvananthapuram,Thiruvananthapuram,Retail,accounts@spicegardengeneralstoret.example.com,2024-11-20
4476,Sunrise Bazaar Mumbai,Mumbai,Retail,accounts@sunrisebazaarmumbai.example.com,2024-06-26
4477,Hill View Provisions Patna,Patna,RETAIL,accounts@hillviewprovisionspatna.example.com,2024-01-08
4478,Laxmi Suppliers Thane,Thane,Wholesale,accounts@laxmisuppliersthane.example.com,2025-11-25
4479,Lake View Bharat Mart,Bengaluru,Retail,accounts@lakeviewbharatmart.example.com,17/07/2020
4480,Sunrise Foods Pune,Pune,Hospitality,accounts@sunrisefoodspune.example.com,2023-01-17
4481,Harbour Mart Hyderabad,Hyderabad,Retail,accounts@harbourmarthyderabad.example.com,2021-03-10
4482,Metro Lake View Home Needs,Delhi,Retail,accounts@metrolakeviewhomeneeds.example.com,2020-02-01
4483,Hill View General Store Chennai,Chennai,Retail,accounts@hillviewgeneralstorechen.example.com,2023-09-25
4484,Green General Store Agra,Agra,Retail,accounts@greengeneralstoreagra.example.com,26/01/2021
4485,New Banquets Mumbai,Mumbai,hospitality,accounts@newbanquetsmumbai.example.com,2021-09-27
4486,Royal Emporium Ahmedabad,Ahmedabad,Retail,accounts@royalemporiumahmedabad.example.com,2021-08-19
4487,Nandi General Store Mumbai,Mumbai,Retail,accounts@nandigeneralstoremumbai.example.com,2023-10-25
4488,Blue Traders Chennai,Chennai,Retail,accounts@bluetraderschennai.example.com,2021-04-08
4489,Golden Silver Restaurant,Delhi,Hospitality,accounts@goldensilverrestaurant.example.com,2020-02-21
4490,Sunrise Traders Aurangabad,Aurangabad,Retail,accounts.sunrisetradersaurangabad.example.com,25/04/2020
4491,Nandi Caterers Goa,Goa,Hospitality,accounts@nandicaterersgoa.example.com,2022-11-24
4492,Prime Depot Mumbai,Mumbai,Wholesale,accounts@primedepotmumbai.example.com,2024-11-26
4493,Ganesh Tiffin Services Lucknow,Lucknow,Hospitality,accounts@ganeshtiffinservicesluck.example.com,2021-11-08
4494,Classic Home Needs Guwahati,Guwahati,Retail,accounts@classichomeneedsguwahati.example.com,2022-09-21
4495,City Kitchenware Madurai,NULL,RETAIL,,2023-08-27
4496,Galaxy Foods Pune,Pune,Hospitality,accounts@galaxyfoodspune.example.com,2020-05-27
4497,Mahalaxmi Stores Pune,Pune,Retail,accounts@mahalaxmistorespune.example.com,2025-10-14
4498,Saffron Traders Rajkot,Rajkot,Retail,accounts@saffrontradersrajkot.example.com,2023-06-18
4499,United General Store Kochi,Kochi,Retail,accounts@unitedgeneralstorekochi.example.com,2023-04-23
4500,Evergreen Jai Hind General Store,Lucknow,Retail ,accounts@evergreenjaihindgenerals.example.com,2024-10-19
4501,Vijay Bharat General Store,Bengaluru,Retail,accounts@vijaybharatgeneralstore.example.com,2024-05-24
4502,Palm Emporium Pune,Pune,Retail,accounts@palmemporiumpune.example.com,2023-09-25
4503,City Ganesh Resorts,Mumbai,Hospitality,accounts@cityganeshresorts.example.com,2023-03-17
4504,Om Caterers Surat,Surat,Hospitality,accounts@omcatererssurat.example.com,2023-02-01
4505,Coastal Kitchenware Mumbai,Mumbai,Retail,accounts@coastalkitchenwaremumbai.example.com,2022-03-07
4506,Rainbow General Store Kochi,Kochi,Retail,accounts@rainbowgeneralstorekochi.example.com,2023-06-02
4507,Shree Supermarket Delhi,Delhi,Retail,accounts@shreesupermarketdelhi.example.com,2024-02-29
4508,Modern Om Mart,Pune,Retail,accounts@modernommart.example.com,2023-08-09
4509,Royal Kitchenware Visakhapatnam,Vizag,Retail,accounts@royalkitchenwarevisakhap.example.com,2024-01-28
4510,River Side Traders Ludhiana,Ludhiana,Retail,accounts@riversidetradersludhiana.example.com,2024-02-10
4511,Golden Home Needs Mumbai,mumbai,Retail,accounts@goldenhomeneedsmumbai.example.com,2025-07-05
4512,Metro Stores Coimbatore,Coimbatore,Retail,accounts@metrostorescoimbatore.example.com,2021-07-26
4513,Palm Coconut Grove Traders,Delhi,Retail,accounts@palmcoconutgrovetraders.example.com,2022-04-26
4514,Blue Tiffin Services Delhi,Delhi,Hospitality,accounts@bluetiffinservicesdelhi.example.com,2022-02-28
4515,Metro Supermarket Ahmedabad,Ahmedabad,RETAIL,accounts@metrosupermarketahmedaba.example.com,2022-10-03
4516,Spice Garden Traders Goa,Goa,Retail,accounts@spicegardentradersgoa.example.com,2022-11-19
4517,Ganesh Supermarket Hyderabad,Hyderabad,Retail,accounts@ganeshsupermarkethyderab.example.com,2021-12-13
4518,Lotus Home Needs Chandigarh,Chandigarh,Retail,accounts@lotushomeneedschandigarh.example.com,2021-11-13
4519,United Enterprises,Pune,Wholesale,accounts@unitedenterprises.example.com,2020-12-30
4520,Modern Agencies Kochi,Kochi,Wholesale,accounts@modernagencieskochi.example.com,2023-11-15
4521,Nandi Logistics Kochi,Kochi,Wholesale,accounts@nandilogisticskochi.example.com,2021-03-16
4522,Sapphire Bharat Enterprises,Hyderabad ,Wholesale,accounts@sapphirebharatenterprise.example.com,2020-02-10
4523,Shree Cafe Pune,Pune,Hospitality,accounts@shreecafepune.example.com,2021-02-11
4524,Maple Emporium Udaipur,Udaipur,Retail,accounts@mapleemporiumudaipur.example.com,2025-04-02
4525,Maple Traders Delhi,Delhi,Retail,accounts@mapletradersdelhi.example.com,2023-02-21
4526,Saffron Resorts Agra,Agra,Hospitality,accounts@saffronresortsagra.example.com,2023-07-11
4527,Shree Foods,Chennai,Hospitality,accounts@shreefoods.example.com,2024-09-04
4528,Sai Stores Patna,Patna,Retail,accounts@saistorespatna.example.com,2020-01-06
4529,Urban Restaurant Hyderabad,Hyderabad,Hospitality,accounts@urbanrestauranthyderabad.example.com,2025-11-08
4530,Supreme Emporium Noida,Noida,Retail ,accounts@supremeemporiumnoida.example.com,2022-09-03
4531,Om General Store Indore,Indore,Retail,accounts@omgeneralstoreindore.example.com,2024-06-23
4532,Maple Caterers Chennai,Chennai,Hospitality,accounts@maplecatererschennai.example.com,2022-09-18
4533,Laxmi Supermarket Bhubaneswar,Bhubaneswar,Retail,accounts@laxmisupermarketbhubanes.example.com,11/04/2022
4534,Mahalaxmi Inn Thiruvananthapuram,Thiruvananthapuram,Hotel/Restaurant,accounts@mahalaxmiinnthiruvananth.example.com,2024-12-24
4535,Rainbow Provisions Surat,NULL,Retail,accounts@rainbowprovisionssurat.example.com,2024-02-13
4536,Sai Stores Mysuru,Mysuru,Retail,accounts@saistoresmysuru.example.com,2023-07-27
4537,Shree Wholesale Delhi,Delhi,Wholesale,accounts@shreewholesaledelhi.example.com,2025-09-02
4538,Evergreen Emporium Dehradun,Dehradun,Retail,accounts@evergreenemporiumdehradu.example.com,2023-06-27
4539,Silver General Store Patna,Patna,Retail,accounts@silvergeneralstorepatna.example.com,2024-07-20
4540,Lake View Provisions Ahmedabad,-,Retail,accounts@lakeviewprovisionsahmeda.example.com,2025-01-09
4541,Star Kitchens Patna,Patna,Hospitality,accounts@starkitchenspatna.example.com,2023-07-28
4542,Blue Kitchenware Thane,Thane,Retail,accounts@bluekitchenwarethane.example.com,2021-02-28
4543,Silk Route Distributors,Agra,Wholesale,accounts@silkroutedistributors.example.com,2024-04-26
4544,Krishna Mart Ahmedabad,Ahmedabad,Retail,accounts@krishnamartahmedabad.example.com,2022-07-21
4545,Vijay Foods,Madras,Hospitality,accounts@vijayfoods.example.com,2024-01-27
4546,Lotus Home Needs Bengaluru,Bengaluru ,Retail,accounts@lotushomeneedsbengaluru.example.com,2023-02-03
4547,Silver Mart Bengaluru,Bengaluru,Retail,accounts@silvermartbengaluru.example.com,2022-11-09
4548,Green Supermarket Ludhiana,Ludhiana,Retail,accounts@greensupermarketludhiana.example.com,2021-12-15
4549,Green Supermarket Hyderabad,Hyderabad,Retail,accounts@greensupermarkethyderaba.example.com,2023-07-12
4550,Classic Traders Thiruvananthapuram,Thiruvananthapuram,Retail,accounts@classictradersthiruvanan.example.com,2021-08-11
4551,Sapphire Mart Bengaluru,bengaluru,Retail,accounts@sapphiremartbengaluru.example.com,2024-03-06
4552,Prime Kitchenware Thiruvananthapuram,Trivandrum,Retail,accounts@primekitchenwarethiruvan.example.com,2024-07-05
4553,Blue Bazaar Goa,Goa,Retail,accounts@bluebazaargoa.example.com,2024-11-19
4554,Tulsi Home Needs Hyderabad,Hyderabad,Retail,accounts@tulsihomeneedshyderabad.example.com,2023-06-16
4555,Metro Caterers Kolkata,Kolkata,Hospitality,accounts@metrocatererskolkata.example.com,19/08/2024
4556,Galaxy Home Needs Thane,Thane,Retail,accounts@galaxyhomeneedsthane.example.com,2020-04-08
4557,Bharat Depot Delhi,Delhi,Wholesale,accounts@bharatdepotdelhi.example.com,2024-04-01
4558,Nandi Distributors,Hyderabad,Wholesale,accounts@nandidistributors.example.com,2024-11-14
4559,Palm Silk Route Emporium,MUMBAI,Retail,accounts@palmsilkrouteemporium.example.com,2024-07-07
4560,Saffron New Inn,Delhi,Hospitality,accounts@saffronnewinn.example.com,2020-03-03
4561,Maple General Store Hyderabad,Hyderabad ,Retail,accounts@maplegeneralstorehyderab.example.com,2021-12-04
4562,Lotus Traders Ranchi,Ranchi,RETAIL,accounts@lotustradersranchi.example.com,21/11/2024
4563,Heritage Traders Rajkot,Rajkot,Retail,accounts@heritagetradersrajkot.example.com,05/12/2024
4564,Classic Agencies Coimbatore,Coimbatore,Wholesale,accounts@classicagenciescoimbator.example.com,2020-04-19
4565,Spice Garden Tiffin Services Hyderabad,Hyderabad,Hospitality,accounts@spicegardentiffinservice.example.com,2024-10-29
4566,New Mahalaxmi Tiffin Services,Thiruvananthapuram,Hospitality,accounts@newmahalaxmitiffinservic.example.com,2021-08-06
4567,Ganesh Depot,Hyderabad,Wholesale,accounts@ganeshdepot.example.com,2024-01-23
4568,Saffron Provisions Pune,Pune,Retail,accounts@saffronprovisionspune.example.com,06/07/2023
4569,Sunrise Heritage Emporium,Pune,Retail,accounts@sunriseheritageemporium.example.com,2021-02-10
4570,Hill View Kitchens Bengaluru,Bengaluru,Hospitality,accounts@hillviewkitchensbengalur.example.com,2023-03-03
4571,Urban Restaurant Kolkata,Kolkata,Hospitality,accounts@urbanrestaurantkolkata.example.com,2023-05-23
4572,Supreme Suppliers Raipur,Raipur,Wholesale,accounts@supremesuppliersraipur.example.com,2025-08-05
4573,Vijay Kitchenware Hyderabad,Hyderabad,Retail,accounts.vijaykitchenwarehyderaba.example.com,2023-06-13
4574,Star Provisions Chennai,Chennai,Retail,accounts@starprovisionschennai.example.com,2024-06-22
4575,City Enterprises,Kolkata,Wholesale,accounts@cityenterprises.example.com,2020-09-11
4576,Spice Garden Krishna Cafe,Delhi,Hospitality,accounts@spicegardenkrishnacafe.example.com,2024-06-09
4577,Bharat Supermarket Bhubaneswar,Bhubaneswar,Retail,accounts@bharatsupermarketbhubane.example.com,2021-06-01
4578,Pearl Logistics Chennai,Chennai,Wholesale,accounts@pearllogisticschennai.example.com,2023-09-16
4579,Ganesh General Store Delhi,Delhi,Retail,accounts@ganeshgeneralstoredelhi.example.com,2025-10-31
4580,Laxmi General Store Nagpur,Nagpur,retail,accounts@laxmigeneralstorenagpur.example.com,2020-02-03
4581,Saffron Restaurant Ludhiana,Ludhiana,Hospitality,accounts@saffronrestaurantludhian.example.com,21/11/2024
4582,Laxmi Mart Kolkata,Kolkata,Retail,accounts@laxmimartkolkata.example.com,2020-11-06
4583,Krishna General Store Ludhiana,Ludhiana,retail,accounts@krishnageneralstoreludhi.example.com,2022-10-05
4584,Prime Tiffin Services Mysuru,Mysuru,Hospitality,accounts@primetiffinservicesmysur.example.com,2020-07-04
4585,Maple Suppliers Raipur,Raipur,Wholesale,accounts@maplesuppliersraipur.example.com,2020-04-11
4586,Maple Supermarket Mumbai,Mumbai,Retail,accounts@maplesupermarketmumbai.example.com,02/05/2023
4587,Bharat Traders Nagpur,Nagpur,Retail,accounts@bharattradersnagpur.example.com,2023-08-30
4588,Balaji Cafe Hyderabad,Hyderabad,Hospitality,accounts@balajicafehyderabad.example.com,2023-02-27
4589,Rainbow Traders Bengaluru,Bengaluru,Retail,accounts@rainbowtradersbengaluru.example.com,2025-08-09
4590,Golden Caterers Kolkata,Kolkata,Hospitality,accounts@goldencatererskolkata.example.com,2022-07-17
4591,Heritage United Bazaar,Hyderabad,Retail,accounts@heritageunitedbazaar.example.com,2025-10-16
4592,Heritage Mart Ranchi,Ranchi,Retail,accounts@heritagemartranchi.example.com,2022-10-10
4593,Green Supermarket Mangaluru,Mangaluru,Retail,accounts@greensupermarketmangalur.example.com,2025-02-23
4594,New Distributors Chennai,Chennai,Wholesale,accounts@newdistributorschennai.example.com,11/01/2020
4595,Blue Home Needs Chennai,Chennai,Retail,accounts@bluehomeneedschennai.example.com,2024-11-07
4596,River Side Classic Foods,Bengaluru,Hospitality,accounts@riversideclassicfoods.example.com,2023-08-27
4597,Vijay Banquets Kolkata,Kolkata,Hospitality,accounts@vijaybanquetskolkata.example.com,2023-03-08
4598,Spice Garden Mart Nagpur,Nagpur,Retail,accounts@spicegardenmartnagpur.example.com,2021-04-07
4599,Heritage Mart Ahmedabad,Ahmedabad,Retail,accounts@heritagemartahmedabad.example.com,2023-01-30
4600,City Mart Bengaluru,Bengaluru,Retail,accounts@citymartbengaluru.example.com,17/12/2023
4601,Mahalaxmi Tulsi Hotels,Pune,Hospitality,accounts@mahalaxmitulsihotels.example.com,2020-09-12
4602,Ganesh Supermarket Thiruvananthapuram,Trivandrum,Retail,accounts@ganeshsupermarketthiruva.example.com,2022-07-06
4603,Nandi Sunrise General Store,Pune,Retail,accounts@nandisunrisegeneralstore.example.com,2024-06-09
4604,Supreme Restaurant Ludhiana,Ludhiana,Hospitality,accounts@supremerestaurantludhian.example.com,2020-09-09
4605,Crystal Supermarket Aurangabad,Aurangabad,Retail,accounts@crystalsupermarketaurang.example.com,2022-01-13
4606,Pearl Bazaar Ahmedabad,Ahmedabad,Retail,accounts@pearlbazaarahmedabad.example.com,2024-03-28
4607,Pearl Tiffin Services Kolkata,kolkata,Hospitality,accounts@pearltiffinserviceskolka.example.com,2023-03-28
4608,Silk Route Foods Delhi,Delhi,Hospitality,accounts@silkroutefoodsdelhi.example.com,2024-04-11
4609,Bharat Bazaar Surat,Surat,Retail,,2021-01-09
4610,Sai Home Needs Agra,Agra,Retail,accounts@saihomeneedsagra.example.com,2023-05-12
4611,Laxmi General Store Ranchi,Ranchi,Retail,accounts@laxmigeneralstoreranchi.example.com,2023-10-31
4612,Laxmi General Store Noida,Noida,Retail,accounts@laxmigeneralstorenoida.example.com,2023-12-12
4613,United Provisions Hyderabad,Hyderabad,Retail,accounts@unitedprovisionshyderaba.example.com,2021-06-27
4614,Sapphire General Store Madurai,Madurai,Retail,,2020-06-13
4615,Classic Hill View Provisions,Raipur,Retail,accounts@classichillviewprovision.example.com,2025-09-13
4616,Sunrise Wholesale,Madurai,Wholesale,accounts@sunrisewholesale.example.com,2024-08-26
4617,Sunrise Supermarket Rajkot,Rajkot,Retail,accounts@sunrisesupermarketrajkot.example.com,2021-06-15
4618,Sapphire Pearl General Store,Mumbai,Retail,accounts@sapphirepearlgeneralstor.example.com,25/06/2021
4619,Vijay Metro General Store,Bangalore,RETAIL,accounts@vijaymetrogeneralstore.example.com,2020-02-06
4620,Laxmi Kitchens Mumbai,Mumbai,Hospitality,accounts@laxmikitchensmumbai.example.com,2021-09-09
4621,Metro Resorts Kolkata,Kolkata,Hospitality,accounts@metroresortskolkata.example.com,2021-06-07
4622,Silver Cafe Nagpur,Nagpur,Hospitality,accounts@silvercafenagpur.example.com,2025-08-14
4623,Spice Garden Trading Co Mumbai,Mumbai,Wholesale,accounts@spicegardentradingcomumb.example.com,2020-03-17
4624,River Side Kitchenware Gurugram,Gurugram,Retail,accounts@riversidekitchenwareguru.example.com,2025-06-10
4625,Sunrise General Store Kolkata,Kolkata,Retail,accounts@sunrisegeneralstorekolka.example.com,09/04/2022
4626,Hill View Inn,Lucknow,Hospitality,accounts@hillviewinn.example.com,2025-03-09
4627,Pearl Maple Inn,Udaipur,Hospitality,accounts@pearlmapleinn.example.com,2025-03-10
4628,Lotus Cafe Jaipur,Jaipur,Hospitality,accounts@lotuscafejaipur.example.com,2024-07-10
4629,Balaji Bazaar Indore,Indore,Retail,accounts@balajibazaarindore.example.com,2022-12-24
4630,Sai Saffron Mart,Mumbai,Retail,,2023-02-04
4631,Balaji Inn Bengaluru,Bengaluru,Hospitality,accounts@balajiinnbengaluru.example.com,2022-05-01
4632,Coastal Traders Lucknow,Lucknow,Retail,accounts@coastaltraderslucknow.example.com,2023-06-10
4633,Harbour Supermarket Thiruvananthapuram,Thiruvananthapuram,Retail,accounts@harboursupermarketthiruv.example.com,2025-06-25
4634,Silk Route Resorts Surat,Surat,Hospitality,,2025-09-15
4635,Galaxy Supermarket Udaipur,Udaipur,retail,accounts@galaxysupermarketudaipur.example.com,2024-02-22
4636,Tulsi Mart Mangaluru,Mangaluru,Retail,accounts@tulsimartmangaluru.example.com,08/10/2020
4637,Krishna Home Needs Dehradun,Dehradun,Retail,accounts@krishnahomeneedsdehradun.example.com,2021-09-06
4638,Silver Tiffin Services Lucknow,Lucknow,Hospitality,accounts@silvertiffinservicesluck.example.com,2023-08-10
4639,Heritage Traders Chandigarh,Chandigarh,Retail,accounts@heritagetraderschandigar.example.com,2022-03-09
4640,Green Krishna Kitchenware,Delhi,Retail,accounts@greenkrishnakitchenware.example.com,2022-09-23
4641,Om Kitchens Surat,Surat,Hospitality,accounts@omkitchenssurat.example.com,2024-08-07
4642,New Cafe Hyderabad,hyderabad,Hospitality,accounts@newcafehyderabad.example.com,2023-03-20
4643,Palm Bharat Resorts,Kanpur,Hospitality,accounts@palmbharatresorts.example.com,2024-01-19
4644,Silver Provisions Indore,Indore,Retail,accounts@silverprovisionsindore.example.com,2022-08-28
4645,Galaxy Banquets Patna,Patna,hospitality,accounts@galaxybanquetspatna.example.com,2025-11-25
4646,Royal Emporium Delhi,Delhi,Retail,accounts@royalemporiumdelhi.example.com,2022-12-25
4647,Tulsi Suppliers Pune,Pune,Wholesale,accounts@tulsisupplierspune.example.com,2021-09-19
4648,Om Enterprises Indore,Indore,Wholesale,accounts@omenterprisesindore.example.com,2021-06-15
4649,Mahalaxmi Resorts Udaipur,Udaipur,Hospitality,accounts.mahalaxmiresortsudaipur.example.com,2021-07-27
4650,Silver Enterprises Hyderabad,Hyderabad,Distributor,accounts@silverenterpriseshyderab.example.com,2021-05-03
4651,Om Supermarket Thiruvananthapuram,Thiruvananthapuram,Retail,accounts@omsupermarketthiruvanant.example.com,2020-07-16
4652,United General Store Chennai,Chennai,Retail,accounts@unitedgeneralstorechenna.example.com,2022-01-16
4653,Pearl Golden Kitchenware,Mumbai,Retail,accounts@pearlgoldenkitchenware.example.com,2024-06-20
4654,Classic Distributors Visakhapatnam,Visakhapatnam,Wholesale,accounts@classicdistributorsvisak.example.com,2024-09-22
4655,Bharat Evergreen Cafe,Guwahati,Hospitality,accounts@bharatevergreencafe.example.com,30/07/2024
4656,Blue Green Emporium,Delhi,Retail,accounts@bluegreenemporium.example.com,2021-03-03
4657,City Mart Pune,Pune,Retail,accounts@citymartpune.example.com,2025-10-26
4658,Modern Home Needs Kanpur,Kanpur,Retail,accounts@modernhomeneedskanpur.example.com,2024-08-06
4659,Star Stores Dehradun,Dehradun,Retail,accounts@starstoresdehradun.example.com,2023-10-12
4660,Sapphire Banquets Kochi,Kochi,Hospitality,accounts@sapphirebanquetskochi.example.com,06/03/2025
4661,Tulsi Stores Kolkata,Kolkata,Retail,accounts@tulsistoreskolkata.example.com,2020-06-04
4662,Nandi Nandi General Store,New Delhi,Retail,accounts@nandinandigeneralstore.example.com,2021-07-07
4663,Jai Hind Tiffin Services,Bhubaneswar,Hospitality,accounts@jaihindtiffinservices.example.com,2020-03-03
4664,Coconut Grove Kitchenware Bengaluru,Bengaluru,Retail,accounts@coconutgrovekitchenwareb.example.com,2021-06-09
4665,Balaji Home Needs Goa,Goa,Retail,accounts@balajihomeneedsgoa.example.com,2023-09-30
4666,Pearl Hotels Pune,pune,Hospitality,accounts@pearlhotelspune.example.com,2022-12-29
4667,Harbour Resorts Chennai,Chennai,Hospitality,accounts@harbourresortschennai.example.com,2022-06-11
4668,Spice Garden Provisions Agra,Agra,Retail ,accounts@spicegardenprovisionsagr.example.com,2023-03-27
4669,United Resorts Bhubaneswar,Bhubaneswar,Hospitality,accounts@unitedresortsbhubaneswar.example.com,2025-07-30
4670,Coconut Grove Tiffin Services Bengaluru,Bangalore,Hospitality,accounts@coconutgrovetiffinservic.example.com,2023-01-19
4671,Heritage Home Needs Aurangabad,Aurangabad,Retail,accounts@heritagehomeneedsauranga.example.com,2022-08-13
4672,Tulsi Crystal Emporium,Kolkata,Retail,,2025-10-21
4673,Lotus General Store Delhi,Delhi,Retail,accounts@lotusgeneralstoredelhi.example.com,2020-09-29
4674,Balaji Inn Indore,Indore,Hospitality,accounts@balajiinnindore.example.com,2022-12-06
4675,Palm Enterprises Bengaluru,Bengaluru,Wholesale,accounts@palmenterprisesbengaluru.example.com,2022-04-08
4676,City Mahalaxmi Cafe,Kolkata,Hospitality,accounts@citymahalaxmicafe.example.com,2021-01-27
4677,Silk Route Emporium Ahmedabad,Ahmedabad,Retail,accounts@silkrouteemporiumahmedab.example.com,2022-05-26
4678,Bharat Spice Garden Supermarket,Chandigarh,Retail,accounts@bharatspicegardensuperma.example.com,2022-04-22
4679,Sunrise Hotels Udaipur,Udaipur,Hotel/Restaurant,accounts@sunrisehotelsudaipur.example.com,2023-10-28
4680,Bharat Traders Madurai,Madurai,Retail,accounts@bharattradersmadurai.example.com,2021-06-04
4681,National Wholesale Kolkata,Kolkata,Wholesale,accounts@nationalwholesalekolkata.example.com,2023-08-04
4682,Lake View Trading Co Nagpur,Nagpur,Wholesale,accounts@lakeviewtradingconagpur.example.com,2024-11-11
4683,Balaji Kitchens,Pune,Hospitality,accounts@balajikitchens.example.com,2023-02-04
4684,Prime Emporium Kolkata,Kolkata,Retail,accounts@primeemporiumkolkata.example.com,2022-11-09
4685,City Traders Chennai,Chennai,Retail,accounts@citytraderschennai.example.com,2022-10-26
4686,Harbour Depot Noida,Noida,Wholesale,accounts@harbourdepotnoida.example.com,2025-02-24
4687,Harbour Kitchenware Chennai,Chennai,Retail,accounts@harbourkitchenwarechenna.example.com,2023-04-22
4688,Mahalaxmi Emporium Lucknow,Lucknow,Retail,accounts@mahalaxmiemporiumlucknow.example.com,2024-09-24
4689,Shree Kitchenware Goa,Goa,Retail,accounts@shreekitchenwaregoa.example.com,2021-02-15
4690,Orchid Silk Route Kitchenware,Delhi,Retail,accounts@orchidsilkroutekitchenwa.example.com,2020-07-11
4691,Golden Rainbow Home Needs,Delhi,retail,accounts@goldenrainbowhomeneeds.example.com,2020-08-16
4692,Hill View Kitchenware Bengaluru,Bengaluru,Retail,accounts@hillviewkitchenwarebenga.example.com,2023-09-19
4693,Heritage Bazaar Mumbai,,Retail,,2021-03-16
4694,Lotus Caterers Pune,Pune,Hospitality,accounts@lotuscatererspune.example.com,2023-12-13
4695,Spice Garden Hotels Mumbai,Mumbai,Hospitality,accounts@spicegardenhotelsmumbai.example.com,2021-08-01
4696,Lake View Enterprises Ranchi,Ranchi,Distributor,accounts@lakeviewenterprisesranch.example.com,2023-05-23
4697,Coastal Tiffin Services Aurangabad,Aurangabad,Hospitality,accounts@coastaltiffinservicesaur.example.com,2025-11-26
4698,Silver Emporium Rajkot,Rajkot,Retail,accounts@silveremporiumrajkot.example.com,2021-07-05
4699,Ganesh General Store Mysuru,Mysuru,Retail,accounts@ganeshgeneralstoremysuru.example.com,2021-12-01
4700,City Cafe Aurangabad,Aurangabad,Hospitality,accounts@citycafeaurangabad.example.com,2020-09-14
4701,Urban Stores Thiruvananthapuram,Thiruvananthapuram,Retail,accounts@urbanstoresthiruvanantha.example.com,2023-11-01
4702,Silver Resorts Dehradun,Dehradun,Hospitality,accounts@silverresortsdehradun.example.com,2021-11-17
4703,Mahalaxmi Kitchenware Delhi,Delhi,Retail,accounts@mahalaxmikitchenwaredelh.example.com,2025-03-20
4704,Maple Sapphire Kitchenware,Mumbai,Retail,accounts@maplesapphirekitchenware.example.com,2020-09-28
4705,Galaxy Traders Mumbai,Mumbai,Retail,accounts@galaxytradersmumbai.example.com,2025-04-03
4706,Royal Traders Pune,Pune,Retail,accounts@royaltraderspune.example.com,2022-02-27
4707,Ganesh Packaging Indore,Indore,Wholesale,accounts@ganeshpackagingindore.example.com,2024-08-23
4708,Coconut Grove Mart Gurugram,Gurugram,Retail,accounts@coconutgrovemartgurugram.example.com,2025-07-10
4709,Maple Exports,Hyderabad,Wholesale,accounts@mapleexports.example.com,2025-01-30
4710,Coastal Bazaar Hyderabad,Hyderabad,Retail,accounts@coastalbazaarhyderabad.example.com,02/08/2021
4711,City Bazaar Mumbai,Mumbai,Retail,accounts@citybazaarmumbai.example.com,2020-08-03
4712,Galaxy Restaurant Ludhiana,Ludhiana,Hospitality,accounts@galaxyrestaurantludhiana.example.com,2020-02-09
4713,Coconut Grove Stores Mumbai,Mumbai,Retail,accounts@coconutgrovestoresmumbai.example.com,2021-12-03
4714,Jai Hind Emporium Agra,Agra,Retail,accounts@jaihindemporiumagra.example.com,2021-09-24
4715,Bharat Provisions Ahmedabad,Ahmedabad,Retail,accounts@bharatprovisionsahmedaba.example.com,2022-11-27
4716,Shree Trading Co,Ahmedabad,Wholesale,accounts@shreetradingco.example.com,2025-10-19
4717,Galaxy Enterprises Nashik,Nashik,Wholesale,accounts@galaxyenterprisesnashik.example.com,2025-03-14
4718,Coconut Grove Restaurant Thiruvananthapuram,Thiruvananthapuram,Hospitality,accounts@coconutgroverestaurantth.example.com,2020-08-07
4719,Metro Trading Co,Madurai,Wholesale,accounts@metrotradingco.example.com,2024-11-25
4720,Prime Stores Goa,Goa,Retail,accounts@primestoresgoa.example.com,2021-09-05
4721,Golden Caterers Bhubaneswar,Bhubaneswar,Hospitality,accounts@goldencaterersbhubaneswa.example.com,2020-11-11
4722,Shree Kitchens Hyderabad,hyderabad,hospitality,,2024-07-12
4723,New Bazaar Indore,Indore,Retail,accounts@newbazaarindore.example.com,2021-03-18
4724,Royal Supermarket Rajkot,Rajkot,Retail,accounts@royalsupermarketrajkot.example.com,2024-09-30
4725,Supreme Foods Chandigarh,Chandigarh,Hospitality,accounts@supremefoodschandigarh.example.com,2022-10-03
4726,Green Caterers Aurangabad,Aurangabad,Hospitality,accounts@greencaterersaurangabad.example.com,2023-12-17
4727,Galaxy Provisions Kolkata,Kolkata,Retail,accounts@galaxyprovisionskolkata.example.com,2020-10-30
4728,Spice Garden Traders Mumbai,Mumbai,Retail,accounts@spicegardentradersmumbai.example.com,2024-01-13
4729,Sapphire Cafe Ahmedabad,Ahmedabad,Hospitality,accounts@sapphirecafeahmedabad.example.com,2021-06-01
4730,Laxmi Mart Visakhapatnam,Visakhapatnam,Retail,accounts@laxmimartvisakhapatnam.example.com,2020-03-30
4731,Supreme Home Needs Chandigarh,Chandigarh,RETAIL,accounts.supremehomeneedschandiga.example.com,2022-02-20
4732,Maple Logistics Goa,,Wholesale,accounts@maplelogisticsgoa.example.com,2023-04-04
4733,Metro Bazaar Pune,Poona,Retail,accounts@metrobazaarpune.example.com,2020-11-29
4734,Tulsi Resorts Lucknow,NULL,Hospitality,accounts@tulsiresortslucknow.example.com,2022-06-06
4735,Mahalaxmi General Store Ranchi,Ranchi,Retail,accounts@mahalaxmigeneralstoreran.example.com,2025-08-06
4736,Nandi Foods Nashik,Nashik,Hospitality,accounts@nandifoodsnashik.example.com,2020-10-30
4737,Prime Traders Jaipur,Jaipur,Retail,accounts@primetradersjaipur.example.com,2025-10-16
4738,Tulsi Supermarket Agra,Agra,Retail,accounts@tulsisupermarketagra.example.com,04/05/2020
4739,Star Supermarket Rajkot,Rajkot,Retail ,accounts@starsupermarketrajkot.example.com,2024-01-20
4740,Golden Banquets Nashik,Nashik,Hospitality,accounts@goldenbanquetsnashik.example.com,2023-09-17
4741,Harbour Emporium Goa,Goa,Retail,accounts@harbouremporiumgoa.example.com,2021-06-03
4742,City Stores Dehradun,Dehradun,Retail,accounts@citystoresdehradun.example.com,2021-06-28
4743,River Side Stores Chennai,Chennai,retail,accounts@riversidestoreschennai.example.com,2020-01-28
4744,Golden Distributors Coimbatore,Coimbatore,Wholesale,accounts@goldendistributorscoimba.example.com,2025-11-12
4745,Prime Mart Pune,Pune,Retail,accounts@primemartpune.example.com,2022-07-07
4746,Blue Provisions Mumbai,Mumbai,Retail,,14/10/2020
4747,Lotus Exports Ahmedabad,Ahmedabad,Wholesale,accounts@lotusexportsahmedabad.example.com,2024-03-02
4748,Silk Route Supreme Banquets,Chandigarh,Hospitality,accounts@silkroutesupremebanquets.example.com,2020-08-30
4749,Om Cafe Rajkot,Rajkot,Hospitality,accounts@omcaferajkot.example.com,2021-08-04
4750,Maple General Store Udaipur,Udaipur,Retail,accounts@maplegeneralstoreudaipur.example.com,2022-01-04
4751,New Banquets Raipur,Raipur,Hospitality,accounts@newbanquetsraipur.example.com,2022-02-02
4752,National Emporium Chennai,Chennai,Retail,accounts@nationalemporiumchennai.example.com,2022-03-14
4753,Green Traders Dehradun,Dehradun,Retail,accounts@greentradersdehradun.example.com,2023-12-16
4754,City Depot Ranchi,Ranchi,Wholesale,accounts@citydepotranchi.example.com,2023-04-22
4755,Supreme Foods Hyderabad,Hyderabad,Hospitality,accounts@supremefoodshyderabad.example.com,2020-03-11
4756,Silver Emporium Ranchi,Ranchi,Retail,accounts@silveremporiumranchi.example.com,2025-04-03
4757,Hill View Inn Mumbai,Mumbai,Hospitality,accounts@hillviewinnmumbai.example.com,2024-12-08
4758,Maple Provisions Mysuru,Mysuru,Retail,accounts@mapleprovisionsmysuru.example.com,2022-07-01
4759,Supreme General Store Pune,Poona,Retail,accounts@supremegeneralstorepune.example.com,2024-05-08
4760,Galaxy Emporium,Chandigarh,Retail,accounts@galaxyemporium.example.com,2020-07-04
4761,Prime Emporium Ahmedabad,Ahmedabad,retail,accounts@primeemporiumahmedabad.example.com,2021-05-09
4762,Krishna Kitchenware Visakhapatnam,Visakhapatnam,Retail,accounts@krishnakitchenwarevisakh.example.com,2020-05-26
4763,Balaji Kitchens Ludhiana,Ludhiana,Hospitality,accounts@balajikitchensludhiana.example.com,2023-04-05
4764,Crystal Inn,Indore,HoReCa,accounts@crystalinn.example.com,01/12/2021
4765,Coastal Caterers Chennai,Chennai,HoReCa,accounts@coastalcatererschennai.example.com,2023-05-29
4766,River Side General Store Mangaluru,Mangaluru,Retail,accounts@riversidegeneralstoreman.example.com,2025-08-17
4767,Blue Restaurant Chandigarh,Chandigarh,Hospitality,accounts@bluerestaurantchandigarh.example.com,2024-04-28
4768,Hill View Emporium Ahmedabad,Ahmedabad,Retail,accounts@hillviewemporiumahmedaba.example.com,2021-07-11
4769,Prime Bazaar Ludhiana,Ludhiana,Retail,accounts@primebazaarludhiana.example.com,2024-03-29
4770,Royal Cafe Delhi,New Delhi,Hospitality,accounts@royalcafedelhi.example.com,2023-11-26
4771,Silver Resorts Delhi,New Delhi,Hospitality,accounts@silverresortsdelhi.example.com,2024-02-27
4772,Laxmi Cafe Patna,Patna,Hospitality,accounts@laxmicafepatna.example.com,2023-01-23
4773,Heritage Wholesale Ludhiana,Ludhiana,Wholesale,accounts@heritagewholesaleludhian.example.com,2020-09-11
4774,Palm Provisions Ranchi,Ranchi,Retail,accounts@palmprovisionsranchi.example.com,2024-05-25
4775,Crystal Resorts Chandigarh,Chandigarh,Hospitality,accounts@crystalresortschandigarh.example.com,2020-07-23
4776,Shree Restaurant Dehradun,Dehradun,Hospitality,accounts@shreerestaurantdehradun.example.com,2022-08-02
4777,River Side Provisions Kolkata,Kolkata,retail,accounts@riversideprovisionskolka.example.com,2022-10-04
4778,Crystal Traders Noida,Noida,Retail,accounts@crystaltradersnoida.example.com,2020-10-24
4779,Spice Garden Provisions Coimbatore,Coimbatore,Retail,accounts@spicegardenprovisionscoi.example.com,2021-12-07
4780,Silk Route Mart Hyderabad,Hyderabad,Retail,accounts@silkroutemarthyderabad.example.com,2023-01-17
4781,Shree Supermarket Bengaluru,Bengaluru,Retail,accounts@shreesupermarketbengalur.example.com,2023-11-15
4782,Om Stores Visakhapatnam,Visakhapatnam,Retail,accounts@omstoresvisakhapatnam.example.com,2025-10-28
4783,Supreme Restaurant Kolkata,Kolkata,hospitality,accounts@supremerestaurantkolkata.example.com,2020-10-01
4784,Royal Traders Bengaluru,Bengaluru,Retail,accounts@royaltradersbengaluru.example.com,2025-10-12
4785,River Side Cafe,Chandigarh,Hospitality,accounts@riversidecafe.example.com,2024-04-05
4786,Rainbow Kitchenware Mumbai,MUMBAI,Retail,accounts@rainbowkitchenwaremumbai.example.com,2023-12-03
4787,Star Emporium Pune,Poona,Retail ,accounts@staremporiumpune.example.com,2021-06-18
4788,Coastal Hotels Mumbai,Bombay,Hospitality,accounts@coastalhotelsmumbai.example.com,2023-11-01
4789,Coconut Grove Hotels Thiruvananthapuram,Thiruvananthapuram,Hospitality,accounts@coconutgrovehotelsthiruv.example.com,2023-08-30
4790,Harbour Exports Jaipur,Jaipur,Wholesale,,2024-10-11
4791,Om Shree Stores,Kolkata,Retail,accounts@omshreestores.example.com,08/09/2025
4792,Shree Emporium Coimbatore,Coimbatore,Retail,accounts@shreeemporiumcoimbatore.example.com,2020-11-10
4793,Laxmi Mart Chennai,Chennai,Retail,accounts@laxmimartchennai.example.com,2025-06-14
4794,Laxmi Kitchenware Mysuru,Mysuru,Retail ,accounts@laxmikitchenwaremysuru.example.com,2020-05-08
4795,Shree Enterprises Mangaluru,Mangaluru,Wholesale,accounts@shreeenterprisesmangalur.example.com,2022-03-01
4796,Heritage Packaging Bengaluru,Bengaluru,wholesale,accounts@heritagepackagingbengalu.example.com,2025-02-25
4797,Sunrise Home Needs Noida,Noida,Retail,accounts@sunrisehomeneedsnoida.example.com,2021-07-28
4798,Lotus Classic Kitchenware,Hyderabad,Retail,accounts@lotusclassickitchenware.example.com,2023-05-29
4799,Palm General Store Pune,Pune,Retail,accounts@palmgeneralstorepune.example.com,2021-06-15
4800,Sai Mart Chennai,chennai,Retail,accounts@saimartchennai.example.com,2020-02-16
4801,Lotus General Store Jaipur,Jaipur,Retail,accounts@lotusgeneralstorejaipur.example.com,2023-08-19
4802,Lake View Foods Aurangabad,Aurangabad,Hospitality,accounts@lakeviewfoodsaurangabad.example.com,2021-03-27
4803,Blue Orchid General Store,Mumbai,Retail,accounts@blueorchidgeneralstore.example.com,2021-08-11
4804,Laxmi Kitchenware Rajkot,Rajkot,Retail,accounts@laxmikitchenwarerajkot.example.com,2023-05-27
4805,Om General Store Delhi,Delhi,Retail,accounts@omgeneralstoredelhi.example.com,2022-06-17
4806,Metro Resorts Patna,Patna,Hospitality,accounts@metroresortspatna.example.com,2025-03-19
4807,Om Restaurant Bengaluru,bengaluru,Hospitality,accounts@omrestaurantbengaluru.example.com,2020-01-17
4808,Lake View Mart Mumbai,Mumbai,Retail,accounts@lakeviewmartmumbai.example.com,2024-02-19
4809,Urban Home Needs Nagpur,Nagpur,Retail,accounts@urbanhomeneedsnagpur.example.com,2025-02-11
4810,Rainbow Supermarket Thiruvananthapuram,Thiruvananthapuram,Retail,accounts@rainbowsupermarketthiruv.example.com,2024-07-24
4811,Shree Packaging Kochi,Kochi,Wholesale,accounts@shreepackagingkochi.example.com,2025-04-05
4812,Evergreen Kitchenware Kanpur,Kanpur,Retail,accounts@evergreenkitchenwarekanp.example.com,26/07/2022
4813,Krishna Distributors,Mumbai,Wholesale,accounts@krishnadistributors.example.com,2022-04-11
4814,Mahalaxmi Hotels Noida,Noida,Hospitality,,2020-11-28
4815,Vijay Golden Bazaar,Thane,Retail,accounts@vijaygoldenbazaar.example.com,2024-10-16
4816,Sai Logistics Jaipur,Jaipur,Wholesale,accounts@sailogisticsjaipur.example.com,2022-06-05
4817,Sapphire Restaurant Hyderabad,Hyderabad,Hospitality,accounts@sapphirerestauranthydera.example.com,2023-08-17
4818,Lotus Coconut Grove Bazaar,Mumbai,Retail,accounts@lotuscoconutgrovebazaar.example.com,2022-08-18
4819,Crystal Packaging,Mysuru,Wholesale,accounts@crystalpackaging.example.com,2021-02-11
4820,Jai Hind Supermarket Thiruvananthapuram,Thiruvananthapuram,Retail,accounts@jaihindsupermarketthiruv.example.com,2025-10-08
4821,National Spice Garden Home Needs,Kolkata,Retail,,2022-01-07
4822,Silver Provisions Dehradun,Dehradun,Retail,accounts@silverprovisionsdehradun.example.com,2022-07-03
4823,Spice Garden Suppliers Kolkata,Kolkata,Wholesale,accounts@spicegardensupplierskolk.example.com,2023-06-08
4824,United Logistics,Patna,Distributor,accounts@unitedlogistics.example.com,2023-07-04
4825,City Shree Emporium,Agra,Retail,accounts@cityshreeemporium.example.com,2022-08-12
4826,Vijay Home Needs Indore,Indore,Retail,accounts@vijayhomeneedsindore.example.com,2021-03-15
4827,Jai Hind Emporium Dehradun,Dehradun,Retail,accounts@jaihindemporiumdehradun.example.com,2021-01-11
4828,Coastal Provisions Agra,Agra,Retail,accounts@coastalprovisionsagra.example.com,2025-07-13
4829,Ganesh Mart Lucknow,Lucknow,RETAIL,accounts@ganeshmartlucknow.example.com,2025-03-11
4830,United General Store Bengaluru,Bengaluru,Retail,accounts@unitedgeneralstorebengal.example.com,2022-04-29
4831,National Bazaar Pune,Pune,Retail,accounts@nationalbazaarpune.example.com,2025-04-26
4832,Jai Hind Restaurant Ranchi,Ranchi,Hospitality,accounts@jaihindrestaurantranchi.example.com,2023-02-02
4833,Urban Banquets,Ludhiana,Hotel/Restaurant,accounts@urbanbanquets.example.com,2021-04-13
4834,Pearl Inn,Patna,Hospitality,accounts@pearlinn.example.com,2024-10-25
4835,Silver Kitchenware Bengaluru,Bengaluru,Retail,accounts@silverkitchenwarebengalu.example.com,08/05/2021
4836,Classic Logistics Mysuru,Mysuru,Wholesale,accounts@classiclogisticsmysuru.example.com,2025-08-14
4837,Ganesh Bazaar Chandigarh,Chandigarh,Retail,accounts@ganeshbazaarchandigarh.example.com,2023-08-14
4838,Green Stores Pune,Pune,Retail,accounts@greenstorespune.example.com,2023-10-19
4839,Blue Kitchens Mumbai,Mumbai,Hospitality,accounts@bluekitchensmumbai.example.com,2021-07-19
4840,Lotus Inn Goa,Goa,Hospitality,accounts@lotusinngoa.example.com,2025-11-18
4841,City Traders Gurugram,Gurugram,Retail,accounts@citytradersgurugram.example.com,2022-04-10
4842,Balaji Traders Bengaluru,Bengaluru ,Retail,accounts@balajitradersbengaluru.example.com,2020-09-16
4843,Spice Garden Caterers Hyderabad,Hyderabad,Hospitality,accounts@spicegardencaterershyder.example.com,2023-08-31
4844,Sai Traders Kochi,Kochi,Retail,accounts@saitraderskochi.example.com,2020-04-05
4845,Harbour Kitchenware Ranchi,Ranchi,Retail ,accounts@harbourkitchenwareranchi.example.com,2021-12-02
4846,Rainbow Traders Mysuru,Mysuru,Retail,accounts@rainbowtradersmysuru.example.com,2024-03-05
4847,Heritage General Store Nashik,Nashik,Retail,accounts@heritagegeneralstorenash.example.com,2023-04-13
4848,Coconut Grove Traders Chennai,Chennai,Retail,accounts@coconutgrovetraderschenn.example.com,2020-01-04
4849,Urban Stores Coimbatore,Coimbatore,Retail,accounts@urbanstorescoimbatore.example.com,2021-07-07
4850,Coastal Supermarket Madurai,Madurai,Retail,accounts@coastalsupermarketmadura.example.com,23/01/2024
4851,Coastal Kitchenware Ahmedabad,Ahmedabad,Retail,accounts@coastalkitchenwareahmeda.example.com,2022-05-23
4852,Hill View Depot Udaipur,Udaipur,Wholesale,accounts@hillviewdepotudaipur.example.com,2020-05-08
4853,New Foods Madurai,Madurai,Hospitality,accounts@newfoodsmadurai.example.com,2025-01-04
4854,Rainbow Emporium Noida,Noida,RETAIL,accounts@rainbowemporiumnoida.example.com,07/12/2020
4855,Urban Mart Hyderabad,Hyderabad,Retail,accounts@urbanmarthyderabad.example.com,2021-09-20
4856,Nandi Mart Aurangabad,Aurangabad,Retail,accounts@nandimartaurangabad.example.com,2023-07-04
4857,Prime Foods Pune,Poona,Hospitality,accounts@primefoodspune.example.com,2025-06-28
4858,Star Kitchenware Mysuru,Mysuru,Retail,accounts@starkitchenwaremysuru.example.com,2024-08-12
4859,Metro Inn Bhubaneswar,Bhubaneswar,Hospitality,accounts@metroinnbhubaneswar.example.com,2020-10-11
4860,Rainbow Distributors Chandigarh,Chandigarh,Wholesale,accounts@rainbowdistributorschand.example.com,2020-11-05
4861,Maple Metro Hotels,Mumbai,Hospitality,accounts@maplemetrohotels.example.com,2023-12-09
4862,Sapphire Restaurant Lucknow,Lucknow,Hospitality,accounts@sapphirerestaurantluckno.example.com,2020-06-23
4863,Star Traders Bengaluru,Bengaluru,Retail,accounts@startradersbengaluru.example.com,2023-10-08
4864,Om Home Needs Delhi,Delhi,RETAIL,accounts@omhomeneedsdelhi.example.com,2023-09-17
4865,Om General Store Aurangabad,Aurangabad,Retail,accounts@omgeneralstoreaurangabad.example.com,2023-03-30
4866,Saffron Emporium Vadodara,Vadodara,Retail,accounts@saffronemporiumvadodara.example.com,09/03/2020
4867,Sunrise Banquets Patna,Patna,Hospitality,accounts@sunrisebanquetspatna.example.com,2024-02-29
4868,Laxmi Kitchens Dehradun,Dehradun,Hospitality,accounts@laxmikitchensdehradun.example.com,2022-10-14
4869,Blue Coconut Grove Kitchenware,Delhi,RETAIL,accounts@bluecoconutgrovekitchenw.example.com,2022-05-30
4870,Rainbow Packaging Surat,Surat,Wholesale,accounts@rainbowpackagingsurat.example.com,2023-04-12
4871,Krishna Traders Hyderabad,Hyderabad ,Retail,accounts@krishnatradershyderabad.example.com,2025-04-11
4872,Spice Garden Cafe Rajkot,Rajkot,Hospitality,accounts@spicegardencaferajkot.example.com,09/06/2021
4873,Supreme Emporium Chennai,Chennai,Retail,accounts@supremeemporiumchennai.example.com,2023-03-31
4874,National Supermarket Thane,Thane,Retail ,accounts@nationalsupermarketthane.example.com,2021-08-16
4875,Pearl Home Needs Indore,Indore,Retail ,accounts@pearlhomeneedsindore.example.com,2025-08-09
4876,Silver Emporium Hyderabad,Hyderabad,Retail,accounts@silveremporiumhyderabad.example.com,2020-11-10
4877,Metro Enterprises Noida,Noida,Wholesale,accounts@metroenterprisesnoida.example.com,2020-10-20
4878,Sunrise Foods Surat,Surat,Hospitality,accounts@sunrisefoodssurat.example.com,2023-08-12
4879,Om Supermarket Hyderabad,hyderabad,Retail,accounts@omsupermarkethyderabad.example.com,2021-10-09
4880,Spice Garden Crystal Stores,Pune,Retail,accounts@spicegardencrystalstores.example.com,2023-10-10
4881,Supreme Mart Raipur,Raipur,Retail,accounts@suprememartraipur.example.com,2022-01-26
4882,River Side Supermarket Pune,Pune,Retail,accounts@riversidesupermarketpune.example.com,2023-09-15
4883,Urban Banquets Ludhiana,Ludhiana,Hospitality,accounts@urbanbanquetsludhiana.example.com,2023-06-17
4884,Om Mart Chandigarh,Chandigarh,Retail,accounts@ommartchandigarh.example.com,2020-09-17
4885,Silver General Store Kolkata,Kolkata,Retail,accounts@silvergeneralstorekolkat.example.com,2021-02-15
4886,River Side Hotels Chennai,Chennai,Hospitality,accounts@riversidehotelschennai.example.com,2025-05-14
4887,Green Sai Home Needs,Chandigarh,Retail,accounts@greensaihomeneeds.example.com,01/01/2025
4888,Urban Bazaar Goa,N/A,Retail,accounts@urbanbazaargoa.example.com,2022-05-23
4889,City Hotels Delhi,delhi,Hospitality,accounts@cityhotelsdelhi.example.com,07/11/2021
4890,Pearl Emporium Rajkot,Rajkot,RETAIL,accounts@pearlemporiumrajkot.example.com,2021-08-05
4891,Maple Green General Store,pune,Retail,accounts@maplegreengeneralstore.example.com,2023-03-13
4892,Spice Garden General Store Gurugram,Gurugram,Retail,accounts@spicegardengeneralstoreg.example.com,2021-12-18
4893,Ganesh Trading Co Pune,Pune,Wholesale,accounts@ganeshtradingcopune.example.com,2024-05-30
4894,Balaji Cafe Dehradun,Dehradun,Hospitality,accounts@balajicafedehradun.example.com,2023-12-30
4895,Laxmi Foods Gurugram,Gurgaon,Hospitality,accounts@laxmifoodsgurugram.example.com,2022-06-25
4896,Silk Route Exports,Delhi,Wholesale,accounts@silkrouteexports.example.com,2020-09-07
4897,Evergreen Kitchenware Chennai,chennai,Retail,accounts@evergreenkitchenwarechen.example.com,2020-11-21
4898,Blue Inn Lucknow,Lucknow,Hospitality,accounts@blueinnlucknow.example.com,2022-05-02
4899,Coastal Hotels Dehradun,Dehradun,Hospitality,accounts@coastalhotelsdehradun.example.com,2024-11-11
4900,United Mart Ahmedabad,Ahmedabad,Retail,accounts@unitedmartahmedabad.example.com,2023-01-02
4901,Om Caterers Gurugram,Gurugram,Hospitality,accounts@omcaterersgurugram.example.com,2022-03-09
4902,Supreme Distributors Hyderabad,Hyderabad,Wholesale,accounts.supremedistributorshyder.example.com,2025-07-06
4903,New Exports Hyderabad,Hyderabad,Wholesale,accounts@newexportshyderabad.example.com,2021-07-10
4904,Pearl Traders Thiruvananthapuram,Thiruvananthapuram,Retail,accounts@pearltradersthiruvananth.example.com,31/08/2022
4905,Nandi Supermarket Agra,Agra,Retail,accounts@nandisupermarketagra.example.com,2025-10-19
4906,Om Hotels,Ahmedabad,Hospitality,accounts@omhotels.example.com,2024-07-19
4907,Maple Tiffin Services Kolkata,Kolkata,Hospitality,accounts@mapletiffinserviceskolka.example.com,2025-11-16
4908,Galaxy Stores Guwahati,Guwahati,Retail,accounts@galaxystoresguwahati.example.com,2021-07-04
4909,Lotus Hotels Chandigarh,Chandigarh,Hospitality,accounts@lotushotelschandigarh.example.com,2020-06-04
4910,Green Restaurant Guwahati,Guwahati,Hospitality,accounts@greenrestaurantguwahati.example.com,2022-09-30
4911,Om Foods Pune,Pune,Hospitality,accounts@omfoodspune.example.com,24/10/2024
4912,Balaji General Store Mumbai,Mumbai,Retail,accounts@balajigeneralstoremumbai.example.com,2025-01-27
4913,City Cafe Coimbatore,Coimbatore,HoReCa,accounts@citycafecoimbatore.example.com,2024-06-10
4914,Rainbow General Store Patna,Patna,Retail,accounts@rainbowgeneralstorepatna.example.com,2021-07-02
4915,Tulsi Emporium Guwahati,Guwahati,Retail,accounts@tulsiemporiumguwahati.example.com,2024-01-20
4916,Laxmi Inn Hyderabad,Hyderabad,Hospitality,accounts@laxmiinnhyderabad.example.com,20/06/2023
4917,Ganesh Inn Dehradun,Dehradun,Hospitality,accounts@ganeshinndehradun.example.com,2024-11-02
4918,Urban Enterprises,Ahmedabad,Wholesale,accounts@urbanenterprises.example.com,2023-07-17
4919,Ganesh Traders Mumbai,Mumbai,Retail,accounts@ganeshtradersmumbai.example.com,2025-03-09
4920,Maple Resorts Hyderabad,Hyderabad,Hospitality,accounts@mapleresortshyderabad.example.com,2020-03-30
4921,Prime Bharat Emporium,bengaluru,Retail,,2023-11-23
4922,Star General Store Raipur,Raipur,Retail,accounts@stargeneralstoreraipur.example.com,2021-05-27
4923,Jai Hind Stores Hyderabad,Hyderabad,Retail,accounts@jaihindstoreshyderabad.example.com,2023-02-07
4924,Coastal General Store Mumbai,Mumbai,Retail,accounts@coastalgeneralstoremumba.example.com,2024-04-22
4925,City Hotels Chennai,Chennai,Hospitality,accounts@cityhotelschennai.example.com,2022-06-05
4926,River Side Agencies Hyderabad,hyderabad,Wholesale,accounts@riversideagencieshyderab.example.com,2024-10-01
4927,Om Caterers Mumbai,Mumbai,Hospitality,accounts@omcaterersmumbai.example.com,14/10/2023
4928,Metro Agencies Aurangabad,Aurangabad,Wholesale,accounts@metroagenciesaurangabad.example.com,2021-06-13
4929,Coastal Mart Mumbai,Mumbai,retail,accounts.coastalmartmumbai.example.com,2023-03-04
4930,Coconut Grove Bazaar Hyderabad,Hyderabad,Retail,accounts@coconutgrovebazaarhydera.example.com,2021-12-23
4931,Orchid General Store Madurai,Madurai,Retail,accounts@orchidgeneralstoremadura.example.com,2022-09-17
4932,Urban Caterers Kolkata,Kolkata,Hospitality,accounts@urbancatererskolkata.example.com,2020-08-18
4933,Supreme Inn Nashik,N/A,Hospitality,accounts@supremeinnnashik.example.com,2023-05-05
4934,Spice Garden City Stores,Delhi,Retail,accounts@spicegardencitystores.example.com,2022-04-05
4935,Maple Cafe Delhi,New Delhi,Hospitality,accounts@maplecafedelhi.example.com,2020-03-20
4936,Maple Bharat Provisions,Mumbai,Retail,accounts@maplebharatprovisions.example.com,2022-02-20
4937,Saffron Sapphire Wholesale,Kolkata,Wholesale,accounts@saffronsapphirewholesale.example.com,2022-11-08
4938,Palm General Store Bengaluru,bengaluru,Retail,accounts@palmgeneralstorebengalur.example.com,2024-01-18
4939,Prime Restaurant Surat,Surat,Hospitality,accounts@primerestaurantsurat.example.com,2022-10-04
4940,Golden Supermarket Kolkata,Kolkata,Retail,accounts@goldensupermarketkolkata.example.com,2023-02-07
4941,Palm Caterers Kolkata,Kolkata,Hospitality,accounts@palmcatererskolkata.example.com,2020-06-22
4942,Jai Hind Emporium Delhi,Delhi,Retail,accounts@jaihindemporiumdelhi.example.com,2022-01-20
4943,National Bazaar Rajkot,Rajkot,Retail,accounts@nationalbazaarrajkot.example.com,2025-05-30
4944,Urban Star Bazaar,Bengaluru,Retail,accounts@urbanstarbazaar.example.com,2020-06-11
4945,Coastal Resorts Mysuru,Mysuru,Hospitality,accounts@coastalresortsmysuru.example.com,2023-04-28
4946,Krishna Trading Co,Chandigarh,Wholesale,accounts@krishnatradingco.example.com,22/01/2022
4947,City Mart Agra,Agra,Retail,accounts@citymartagra.example.com,11/05/2023
4948,Saffron Supermarket Nashik,Nashik,Retail,accounts@saffronsupermarketnashik.example.com,2025-04-09
4949,Laxmi Foods Bengaluru,Bengaluru,Hospitality,accounts@laxmifoodsbengaluru.example.com,2021-05-19
4950,Krishna Supermarket Thiruvananthapuram,Thiruvananthapuram,RETAIL,accounts@krishnasupermarketthiruv.example.com,2023-08-11
4951,Sapphire Laxmi Emporium,Dehradun,Retail,accounts@sapphirelaxmiemporium.example.com,25/03/2024
4952,Royal Resorts Ahmedabad,Ahmedabad,Hospitality,accounts@royalresortsahmedabad.example.com,2021-11-23
4953,Shree Emporium Goa,Goa,Retail,accounts@shreeemporiumgoa.example.com,2024-06-12
4954,Tulsi Home Needs Pune,,Retail,,2022-11-06
4955,Supreme Traders Coimbatore,Coimbatore,Retail,accounts@supremetraderscoimbatore.example.com,2025-10-30
4956,Maple Traders Visakhapatnam,Visakhapatnam,Retail,accounts@mapletradersvisakhapatna.example.com,2022-10-06
4957,Krishna Inn Chennai,Chennai,Hospitality,accounts@krishnainnchennai.example.com,2021-01-24
4958,Blue Banquets Kanpur,Kanpur,Hospitality,accounts@bluebanquetskanpur.example.com,2023-07-25
4959,Classic Agencies Pune,Pune,Wholesale,accounts@classicagenciespune.example.com,2020-01-28
4960,Coastal General Store Aurangabad,Aurangabad,Retail,accounts@coastalgeneralstoreauran.example.com,2025-06-30
4961,Maple Resorts Nashik,Nashik,Hospitality,accounts@mapleresortsnashik.example.com,2024-06-26
4962,Evergreen Mart Ahmedabad,Ahmedabad,RETAIL,accounts@evergreenmartahmedabad.example.com,2021-01-18
4963,Silver Cafe Pune,Pune,Hospitality,accounts@silvercafepune.example.com,2024-11-25
4964,Urban Supermarket Udaipur,Udaipur,Retail,accounts@urbansupermarketudaipur.example.com,2023-03-28
4965,Metro Wholesale Chennai,Chennai,Wholesale,accounts@metrowholesalechennai.example.com,2023-11-18
4966,Hill View Kitchens Bhubaneswar,Bhubaneswar,Hospitality,accounts@hillviewkitchensbhubanes.example.com,2024-03-18
4967,Coastal Provisions Surat,Surat,Retail,accounts@coastalprovisionssurat.example.com,2021-12-06
4968,Nandi Provisions Kolkata,Kolkata,Retail,accounts@nandiprovisionskolkata.example.com,2023-02-12
4969,Vijay Banquets Agra,Agra,Hospitality,accounts@vijaybanquetsagra.example.com,26/12/2024
4970,Golden Emporium Guwahati,Guwahati,Retail,accounts@goldenemporiumguwahati.example.com,2024-09-26
4971,Sai Caterers Madurai,Madurai,Hospitality,accounts@saicaterersmadurai.example.com,2021-01-17
4972,Metro Foods,Nashik,Hospitality,accounts@metrofoods.example.com,2023-12-12
4973,Blue Agencies Mumbai,NULL,Wholesale,accounts@blueagenciesmumbai.example.com,2022-09-13
4974,Saffron Hotels Delhi,Delhi,Hospitality,accounts@saffronhotelsdelhi.example.com,2023-08-26
4975,Classic Mart Chennai,Chennai,Retail,accounts@classicmartchennai.example.com,2025-06-23
4976,Green Banquets Kochi,Kochi,Hospitality,accounts@greenbanquetskochi.example.com,2023-08-07
4977,River Side Stores Nashik,Nashik,Retail,accounts@riversidestoresnashik.example.com,2025-07-19
4978,Palm General Store Bhubaneswar,Bhubaneswar,Retail,,02/06/2020
4979,Sapphire Bazaar Kochi,Kochi,Retail,accounts@sapphirebazaarkochi.example.com,2022-07-30
4980,GREEN HOTELS,Ahmedabad,Hospitality,accounts@greenhotels.example.com,2025-03-07
4981,Classic Emporium Pune ,-,Retail,accounts@classicemporiumpune.example.com,2024-03-13
4982,Bharat  General Store Thane,Thane,Retail,accounts@bharatgeneralstorethane.example.com,2025-04-09
4983,Modern Banquets Gurugram Pvt Ltd,Gurugram,Hospitality,accounts@modernbanquetsgurugrampv.example.com,2023-09-18
4984,Metro Resorts Nashik,Nashik,Hospitality,accounts@metroresortsnashik.example.com,2023-04-15
4985,MAHALAXMI HOTELS PUNE,Pune,Hospitality,accounts@mahalaxmihotelspune.example.com,2021-03-14
4986,Sunrise Kitchenware ,Aurangabad,Retail,accounts@sunrisekitchenware.example.com,2024-03-14
4987,Coconut  Grove Mart Kanpur,Kanpur,Retail,accounts@coconutgrovemartkanpur.example.com,2025-11-30
4988,Palm Supermarket Kolkata Pvt Ltd,Kolkata,Retail,,2022-12-25
4989,Harbour Provisions Nagpur,Nagpur,Retail,accounts@harbourprovisionsnagpur.example.com,2025-02-16
4990,COASTAL PROVISIONS AHMEDABAD,Ahmedabad,Retail,accounts@coastalprovisionsahmedab.example.com,2024-12-28
4991,Silk Route Foods Ahmedabad ,Ahmedabad,HoReCa,accounts@silkroutefoodsahmedabad.example.com,2025-03-14
4992,Rainbow  Traders Bhubaneswar,Bhubaneswar,Retail,accounts@rainbowtradersbhubaneswa.example.com,2022-03-23
4993,Crystal Prime Traders Pvt Ltd,Hyderabad,Retail,accounts@crystalprimetraderspvtlt.example.com,2020-11-27
4994,River Side Supermarket Mumbai,Mumbai ,Retail,accounts@riversidesupermarketmumb.example.com,2022-02-09
4995,NEW PROVISIONS PUNE,Pune,Retail,,2025-11-30
4996,Bharat Logistics Delhi ,Delhi,Wholesale,accounts@bharatlogisticsdelhi.example.com,2023-09-22
4997,Spice  Garden Home Needs Hyderabad,Hyderabad,Retail,accounts@spicegardenhomeneedshyde.example.com,2020-11-15
4998,Saffron Agencies Pvt Ltd,Ahmedabad,Wholesale,accounts@saffronagenciespvtltd.example.com,2025-07-08
4999,Harbour Distributors Mumbai,Mumbai,Wholesale,accounts@harbourdistributorsmumba.example.com,2024-03-01
5000,LAKE VIEW GENERAL STORE GURUGRAM,Gurugram,Retail,accounts@lakeviewgeneralstoreguru.example.com,2020-11-14
5001,Urban Restaurant Madurai ,Madurai,Hospitality,accounts@urbanrestaurantmadurai.example.com,2022-11-15
5002,Coastal  Kitchenware Nashik,Nashik,Retail,accounts@coastalkitchenwarenashik.example.com,2021-09-18
5003,River Side Mart Dehradun Pvt Ltd,Dehradun,Retail,accounts@riversidemartdehradunpvt.example.com,2022-11-12
5004,River Side Tiffin Services,Hyderabad,Hospitality,accounts@riversidetiffinservices.example.com,2025-11-30
5005,MODERN KITCHENWARE RAJKOT,Rajkot,Retail,accounts@modernkitchenwarerajkot.example.com,2022-11-22
5006,Metro Stores ,Thiruvananthapuram,Retail,accounts@metrostores.example.com,2021-05-24
5007,New  Bazaar,Lucknow,Retail,accounts@newbazaar.example.com,2025-10-09
5008,Classic Supermarket Kanpur Pvt Ltd,Kanpur,Retail,accounts@classicsupermarketkanpur.example.com,2020-10-07
5009,Spice Garden General Store Ahmedabad,Ahmedabad,Retail ,accounts@spicegardengeneralstorea.example.com,2020-06-20
5010,BALAJI DISTRIBUTORS,Delhi,Wholesale,accounts@balajidistributors.example.com,2025-04-04
5011,Maple Bazaar Nagpur ,Nagpur,Retail,accounts@maplebazaarnagpur.example.com,2020-10-31
5012,Tulsi  Traders Kochi,Kochi,Retail,accounts@tulsitraderskochi.example.com,2025-05-16
5013,Ganesh Provisions Lucknow Pvt Ltd,Lucknow,Retail,accounts@ganeshprovisionslucknowp.example.com,2023-10-13
5014,Sai Trading Co,Trivandrum,Wholesale,accounts@saitradingco.example.com,2022-02-23
5015,PRIME SILVER MART,Dehradun,Retail,accounts@primesilvermart.example.com,2023-08-25
5016,Bharat Traders Pune ,Pune,Retail,accounts@bharattraderspune.example.com,2023-09-18
5017,Crystal  Provisions Ahmedabad,Ahmedabad,Retail,accounts@crystalprovisionsahmedab.example.com,2025-11-15
5018,Sunrise Traders Pvt Ltd,Nagpur,Retail,accounts@sunrisetraderspvtltd.example.com,2023-12-01
5019,Modern General Store Hyderabad,Hyderabad,Retail,accounts@moderngeneralstorehydera.example.com,2025-11-30
5020,BHARAT STORES AGRA,Agra,Retail,accounts@bharatstoresagra.example.com,2025-11-30
5021,Bharat Supermarket Visakhapatnam ,Vizag,Retail,accounts@bharatsupermarketvisakha.example.com,2024-08-15
5022,Vijay  Kitchens Coimbatore,Coimbatore,Hospitality,accounts@vijaykitchenscoimbatore.example.com,2024-08-29
5023,Bharat Silk Route Home Needs Pvt Ltd,Mumbai,Retail,accounts@bharatsilkroutehomeneeds.example.com,2025-03-05
5024,Classic Provisions Guwahati,Guwahati,Retail,accounts@classicprovisionsguwahat.example.com,2025-02-13
5025,NANDI GENERAL STORE BHUBANESWAR,Bhubaneswar,Retail,accounts@nandigeneralstorebhubane.example.com,14/12/2024
5026,Ganesh Home Needs Mumbai ,Mumbai,Retail,accounts@ganeshhomeneedsmumbai.example.com,2025-11-30
5027,Ganesh  Traders Delhi,New Delhi,Retail,accounts@ganeshtradersdelhi.example.com,2025-07-05
